ticker,title,date,content,url
ABBV,AbbVie (ABBV) Wins EU Approval for Rinvoq in Children. Why a Small Indication Still Matters - Insider Monkey,2026-09-22 22:44:45,"AbbVie won EU approval for Rinvoq in children as young as two, an eleventh indication that adds little revenue now but locks in decades of treatment per patient, which is how AbbVie is trying to outrun Humira's decline. AbbVie Inc. (NYSE:ABBV) said on September 22 that the European Commission has approved Rinvoq for children aged two and older with active polyarticular juvenile idiopathic arthritis. The approval covers patients who did not respond to, or could not tolerate, standard disease-modifying drugs. It is the eleventh indication Rinvoq holds in Europe. The Commission also cleared a new oral solution dosed by weight, alongside the existing tablet. A weight-dosed liquid is what makes the drug usable in a two-year-old at all. About 126,000 children in Europe have juvenile idiopathic arthritis, which AbbVie describes as the most common rheumatic disease of childhood. The polyarticular form is one subtype of it. Rinvoq and Skyrizi are the two drugs AbbVie is counting on to replace Humira, whose sales have fallen sharply since biosimilars arrived. The way Rinvoq grows is by collecting indications. Each approval opens another patient group without the cost of inventing a new medicine. The count is the story, because a child who starts Rinvoq at two has far more years of treatment ahead than an adult starting at fifty. No adult indication buys that kind of duration. Rheumatoid arthritis, psoriatic arthritis, ulcerative colitis, Crohn’s disease, and atopic dermatitis are the large ones. Paediatric arthritis adds a smaller group but a much longer one. The data was strong enough that regulators approved it down to age two. In the single-arm SELECT-YOUTH study, 79.5% of children had reached a 70% improvement in disease activity by 48 weeks. That study was small and had no comparator group, which is why regulators also leaned on AbbVie’s adult data. Durable results give paediatric rheumatologists a reason to prescribe, though the class warnings below will shape how quickly they do. Nothing about this approval changes AbbVie’s revenue arithmetic this year. The whole of European juvenile arthritis is small next to Rinvoq’s adult indications, and only a subset has the polyarticular form. Revenue per patient in paediatrics is lower than in adult rheumatology. Rinvoq also belongs to a drug class regulators have watched closely. JAK inhibitors carry warnings on serious infections, blood clots and cardiovascular events. Those came from a safety study of a different drug in the class, in patients aged 50 and over who already had heart risk factors. Prescribing one to a two-year-old means parents and paediatricians read those warnings first. The wording is also not fixed, and a regulator reopening it would hit every Rinvoq indication at once. The core problem is unchanged, which is that Rinvoq and Skyrizi together must outrun Humira’s decline. Skyrizi is doing the heavy lifting, and Rinvoq is doing the widening. Skyrizi brought in $5.5 billion last quarter against Rinvoq’s $2.5 billion. An eleventh indication adds volume, not weight. Skyrizi is still the drug carrying AbbVie’s post-Humira transition. AbbVie has added another indication to one of the two drugs replacing Humira, with strong trial results and a formulation designed for young children. However, the patient group is small, revenue per patient is lower in paediatrics, and the safety warnings attached to JAK inhibitors will slow how quickly doctors reach for it. The number to watch is Rinvoq’s growth rate when AbbVie reports in late October. If indications keep stacking while that rate fades, the strategy is a treadmill rather than a moat. AbbVie Inc. was held by 88 hedge funds with a combined stake value of about $8.6 billion at the end of Q2 2026 in the Insider Monkey database. This is up from 87 hedge fund holders with a cumulative investment value of around $4.3 billion in the previous quarter. While we acknowledge the risk and potential of ABBV as an investment, our conviction lies in the belief that some AI stocks hold greater promise for delivering higher returns and doing so within a shorter time frame. If you are looking for an AI stock that is more promising than ABBV and that has massive upside potential, check out our report about this cheapest AI stock. READ NEXT: Oracle (ORCL) Cloud Revenue Jumps 121% and its Backlog Hits $664 Billion. Can it Actually Deliver? and Vicor (VICR) Licenses its Power Patents to Another AI System Maker. Shares Jump 18% This article is originally published at Insider Monkey. Suraj Santlani is a financial writer at Insider Monkey, covering corporate developments and market-moving news. He has spent five years as a writer and editor, producing hundreds of articles across business, technology and consumer media, and more recently researched and wrote on mergers and acquisitions, private equity and venture funding, working from primary sources such as SEC filings and earnings transcripts. He previously led a team of ten writers as editor-in-chief. Suraj holds a Bachelor of Commerce in Accounting and is based in Ahmedabad, India. Author disclosure:
        No author disclosure was provided for this article. This article is provided for informational purposes only and does not constitute financial, investment, legal, or tax advice.
        Read our Disclosure Policy. Returns since its inception in May 2014 (through June 2, 2026) Past performance does not guarantee future returns. Click to see how the portfolio is constructed.",https://www.insidermonkey.com/news/abbvie-abbv-wins-eu-approval-for-rinvoq-in-children-why-a-small-indication-still-matters-1842428/?amp=1
ABBV,"MMM: 3M - Stock Price, Quote and News | NYSE - TechGraph",2026-09-22 21:51:00,"Industrials · Conglomerates · Maplewood · United States · Founded 1902 · 85,000 employees The 3M Company (originally the Minnesota Mining and Manufacturing Company) is an American multinational conglomerate operating in the fields of industry, worker safety, and consumer goods. Based in the Saint Paul suburb of Maplewood, the company produces over 60,000 products, including adhesives, abrasives, laminates, passive fire protection, personal protective equipment,… Financial statement fields will appear when the market-data feed provides usable fundamentals for this instrument. Price quotes and the 1D chart refresh every few seconds while this page stays open — no reload needed. Last trade is taken from the exchange feed where available; some venues delay 0–15 minutes. When the market is closed, the last recorded session price is shown. Fundamentals refresh on a slower schedule.",https://techgraph.co/stock-market/quote/mmm/
ABBV,AbbVie’s Rinvoq Wins 11th EU Approval in Pediatric Arthritis - AskTraders,2026-09-22 20:37:11,"AbbVie’s Rinvoq has picked up its 11th European Union approval, this time for pediatric arthritis, extending the drug’s expansion as AbbVie leans on it to replace lost Humira sales. AbbVie (NYSE: ABBV), the pharmaceutical group, said the European Commission has approved its drug Rinvoq for active polyarticular juvenile idiopathic arthritis, a form of childhood arthritis, in patients aged two and older. The shares closed at $265.32 on Tuesday, up 0.33% from the previous close of $264.48. That close sits near the top of ABBV’s 52-week range of $189.40 to $267.47, though the approval itself produced no discernible price reaction, consistent with a label expansion of modest standalone financial weight rather than a stock-moving event. The approval covers Rinvoq’s 15mg tablet and a new weight-based oral solution, for patients who have had an inadequate response to, or are intolerant of, DMARDs, a class of disease-modifying drugs. It can be used alone or with methotrexate. Regulators based the decision on the open-label SELECT-YOUTH study together with adult rheumatoid arthritis data; at week 48, 79.5% of patients achieved an ACR Pediatric 70 response, a standard measure of improvement in juvenile arthritis symptoms, and 43.4% reached clinical remission. Try IG’s platform with £10,000 in virtual funds and practise trading
without putting your own money at risk. Spread bets and CFDs are complex instruments and come with a high risk of losing money rapidly due to leverage. 69% of retail investor accounts lose money when trading spread bets and CFDs with this provider. Rinvoq has become AbbVie’s key growth driver since Humira, once the group’s top-selling drug, lost US patent protection. Sales of Rinvoq rose 22.2% year-on-year to $4.64 billion in the first half of 2026, and AbbVie is guiding to roughly $10.2 billion for the full year. Juvenile idiopathic arthritis affects an estimated 126,000 children in Europe, a modest addressable population next to Rinvoq’s existing indications, which is why this approval adds to the growth story without acting as a standalone catalyst. Roopal Thakkar, AbbVie’s Executive Vice President of Research and Development and Chief Scientific Officer, said the approval matters for patients as much as for the label count. The European Commission’s approval of RINVOQ for pJIA expands the treatment options available to pediatric patients and their families, offering the potential for remission, improvements in pain and physical function. RINVOQ’s new indication continues to build on our differentiated immunology portfolio with breadth and depth across therapeutic areas and patient populations. The approval is Rinvoq’s 11th in the European Union, another sign of the immunology drug’s steady expansion across immune-mediated diseases as AbbVie builds its case that the Rinvoq-and-Skyrizi combination can carry the group’s growth beyond Humira. The AskTraders Analyst Team features experts in technical and fundamental analysis, as well as traders specializing in stocks, forex, and cryptocurrency. Sign up free for AskTraders’ market newsletters — Morning Markets every weekday, plus our new weekly Catalyst. FTSE, overnight moves and what matters before the open. Trading financial products carries a high risk to your capital, particularly when engaging in leveraged transactions such as CFDs. It is important to note that between 74-89% of retail investors lose money when trading CFDs. These products may not be suitable for everyone, and it is crucial that you fully comprehend the risks involved. Prior to making any decisions, carefully assess your financial situation and determine whether you can afford the potential risk of losing your money. Asktraders is a free website that is supported by our advertising partners. As such we may earn a commision when you make a purchase after following a link from our website.",https://www.asktraders.com/analysis/abbvies-rinvoq-wins-11th-eu-approval-in-pediatric-arthritis/
ABBV,Congressman with $11.5 Million in Trades Keeps Selling Stocks: Here’s the Latest Moves - benzinga.com,2026-09-22 20:10:20,"This website is using a security service to protect itself from online attacks. The action you just performed triggered the security solution. There are several actions that could trigger this block including submitting a certain word or phrase, a SQL command or malformed data. You can email the site owner to let them know you were blocked. Please include what you were doing when this page came up and the Cloudflare Ray ID found at the bottom of this page. Cloudflare Ray ID: a3f6256fffa43443
•

        Your IP:
        Click to reveal
172.212.169.153
•

Performance & security by Cloudflare",https://www.benzinga.com/news/politics/26/09/61934074/congressman-with-11-5-million-in-trades-keeps-selling-stocks-heres-the-latest-moves
ABBV,AbbVie's Rinvoq Wins EU Approval in Juvenile Idiopathic Arthritis - Yahoo Finance,2026-09-22 16:17:00,"Tip: Try a valid symbol or a specific company name for relevant results The above button links to Coinbase. Yahoo Finance is not a broker-dealer or investment adviser and does not offer securities or cryptocurrencies for sale or facilitate trading. Coinbase pays us for certain activity generated through this link. Prices displayed are informational. AbbVie ABBV announced that the European Commission (""EC"") has approved its blockbuster immunology drug, Rinvoq (upadacitinib), for a new indication. The drug is approved in the European Union for the treatment of active polyarticular juvenile idiopathic arthritis (pJIA) in patients aged two years and older who have had an inadequate response or intolerance to disease-modifying antirheumatic drugs (DMARDs). The approval marks the 11th indication for Rinvoq in the European Union, further expanding the drug's use across chronic inflammatory diseases. For pJIA, Rinvoq can be used either as monotherapy or in combination with methotrexate. Rinvoq is already approved in the United States for the treatment of pJIA. In the European Union, the drug is approved across several other chronic inflammatory conditions, including ulcerative colitis, Crohn's disease, rheumatoid arthritis, psoriatic arthritis, ankylosing spondylitis, non-radiographic axial spondyloarthritis, giant cell arteritis and atopic dermatitis. In July, the EC approved Rinvoq for alopecia areata and vitiligo. Regulatory applications for both indications are currently under review in the United States. Juvenile idiopathic arthritis is the most common rheumatic disease in children, affecting an estimated 126,000 children in Europe. pJIA is a subtype that causes inflammation in joints, including the hands, feet, knees, hips and ankles, lasting for at least six weeks. Year to date, ABBV's shares have rallied 18.5% compared with the industry's 14.2% growth. The EC approval for pJIA was supported by results from the open-label phase I SELECT-YOUTH study, along with data from adult patients with rheumatoid arthritis. The study showed meaningful improvements in disease activity as early as week 12, with responses continuing to improve through week 48. At week 12, 66.4% of patients achieved an ACR Pediatric 70 response, which increased to 79.5% by week 48. The proportion of patients achieving clinical remission increased from 23% at week 12 to 43.4% at week 48. Patients additionally reported improvements in physical functioning and pain, supporting the potential benefits of Rinvoq in children with pJIA. The treatment response in children with pJIA was generally similar to that seen in adults with rheumatoid arthritis. Rinvoq is a key growth driver for AbbVie. Sales of the drug soared 22.2% year over year to $4.64 billion in the first half of 2026, driven by strong demand for all approved indications. In 2026, AbbVie expects Rinvoq revenues to be around $10.2 billion. The drug is being evaluated in late-stage studies for hidradenitis suppurativa, Takayasu arteritis and systemic lupus erythematosus. It is also being studied in children with systemic juvenile idiopathic arthritis, atopic dermatitis, ulcerative colitis and Crohn's disease. Phase III data for Rinvoq in hidradenitis suppurativa and systemic lupus erythematosus are expected in 2026. In a separate press release, the company announced a multi-year collaboration with Iambic to accelerate the discovery and development of small-molecule therapies. The partnership will focus on potential first-in-class and best-in-class treatments in immunology, neuroscience and oncology. Per the deal, AbbVie will use Iambic's AI-powered drug discovery platform, including its next-generation Enchant v3 model, to improve the design and selection of promising drug candidates. Iambic will receive an upfront payment and is eligible for milestone payments and tiered royalties on net sales of products developed through the collaboration. Some better-ranked stocks in the biotech sector are Precigen PGEN, currently sporting a Zacks Rank #1 (Strong Buy), AC Immune ACIU and Aldeyra Therapeutics ALDX, carrying a Zacks Rank #2 (Buy) each. You can see the complete list of today's Zacks #1 Rank stocks here. Over the past 60 days, estimates for Precigen's 2026 bottom line have improved from a loss of 2 cents to earnings of 25 cents. Over the same period, earnings estimates for 2027 have risen from 25 cents to 86 cents per share. PGEN's shares have gained 84.2% year to date. Precigen's earnings beat estimates in three of the trailing four quarters and missed in the remaining one, with the average surprise being 108.96%. Over the past 60 days, estimates for AC Immune's 2026 loss per share have narrowed from 84 cents to 60 cents. Over the same period, earnings estimates for 2027 remained unchanged at 17 cents per share. ACIU's shares have lost 15.5% year to date. AC Immune's earnings beat estimates in each of the trailing four quarters, with the average surprise being 33.25%. Over the past 60 days, loss per share estimates for Aldeyra Therapeuticshave narrowed from 43 cents to 39 cents for 2026. Over the same period, estimates for 2027 loss per share have narrowed from 22 cents to 16 cents. ALDX's shares have plunged 74% year to date. Aldeyra Therapeutics' earnings beat estimates in each of the trailing four quarters, delivering an average surprise of 29.25%. Want the latest recommendations from Zacks Investment Research? Today, you can download 7 Best Stocks for the Next 30 Days. Click to get this free report Aldeyra Therapeutics, Inc. (ALDX) : Free Stock Analysis Report Precigen, Inc. (PGEN) : Free Stock Analysis Report This article originally published on Zacks Investment Research (zacks.com). Tip: Try a valid symbol or a specific company name for relevant results",https://finance.yahoo.com/healthcare/articles/abbvies-rinvoq-wins-eu-approval-161700534.html
ABBV,Reflecting On Therapeutics Stocks’ Q2 Earnings: AbbVie (NYSE:ABBV) - Yahoo Finance,2026-09-22 13:41:46,"Tip: Try a valid symbol or a specific company name for relevant results The above button links to Coinbase. Yahoo Finance is not a broker-dealer or investment adviser and does not offer securities or cryptocurrencies for sale or facilitate trading. Coinbase pays us for certain activity generated through this link. Prices displayed are informational. Earnings results often indicate what direction a company will take in the months ahead. With Q2 behind us, let's have a look at AbbVie (NYSE:ABBV) and its peers. Over the next few years, therapeutic companies, which develop a wide variety of treatments for diseases and disorders, face strong tailwinds from advancements in precision medicine (including the use of AI to improve hit rates) and growing demand for treatments targeting rare diseases. However, headwinds such as rising scrutiny over drug pricing, regulatory unknowns, and competition from larger, more resourced pharmaceutical companies could weigh on growth. What factors could impact therapeutics companies' future growth? Which therapeutics company had the strongest Q2 results? The 11 therapeutics stocks we track reported a very strong Q2. As a group, revenues beat analysts' consensus estimates by 8%. Luckily, therapeutics stocks have performed well with share prices up 24.8% on average since the latest earnings results. Born from a 2013 spinoff of Abbott Laboratories' pharmaceutical business, AbbVie (NYSE:ABBV) is a biopharmaceutical company that develops and markets medications for autoimmune diseases, cancer, neurological disorders, and other complex health conditions. AbbVie reported revenues of $16.99 billion, up 10.2% year on year. This print exceeded analysts' expectations by 1.2%. Despite the top-line beat, it was still a mixed quarter for the company with a narrow beat of analysts' EPS estimates but a slight miss of analysts' full-year EPS guidance estimates. Interestingly, the stock is up 2.9% since reporting and currently trades at $264.79. Is now the time to buy AbbVie? Access our full analysis of the earnings results here, it's free. Founded in 1978 and pioneering treatments for some of medicine's most complex challenges, Biogen (NASDAQ:BIIB) develops and markets therapies for neurological conditions, including multiple sclerosis, Alzheimer's disease, spinal muscular atrophy, and rare diseases. Biogen reported revenues of $2.74 billion, up 3.4% year on year, outperforming analysts' expectations by 12.1%. The business had an incredible quarter with a solid beat of analysts' full-year EPS guidance estimates. The market seems happy with the results as the stock is up 6.6% since reporting. It currently trades at $219.17. Is now the time to buy Biogen? Access our full analysis of the earnings results here, it's free. Founded in 1991 as one of the pioneers in translating genetic discoveries into clinical applications, Myriad Genetics (NASDAQ:MYGN) develops genetic tests that assess disease risk, guide treatment decisions, and provide insights across oncology, women's health, and mental health. Myriad Genetics reported revenues of $190.7 million, down 10.5% year on year, falling short of analysts' expectations by 8.2%. It was a disappointing quarter as it posted full-year revenue guidance missing analysts' expectations and a significant miss of analysts' EPS estimates. Myriad Genetics delivered the weakest performance against analyst estimates and weakest full-year guidance update in the group. As expected, the stock is down 25.3% since the results and currently trades at $4.01. Read our full analysis of Myriad Genetics's results here. From its groundbreaking work in developing the first single-tablet regimens for HIV treatment, Gilead Sciences (NASDAQ:GILD) develops and markets innovative medicines for life-threatening diseases including HIV, viral hepatitis, COVID-19, and cancer. Gilead Sciences reported revenues of $7.80 billion, up 10.2% year on year. This print beat analysts' expectations by 6.2%. Overall, it was a very strong quarter as it also logged a solid beat of analysts' full-year EPS guidance estimates and a beat of analysts' EPS estimates. The stock is up 10.4% since reporting and currently trades at $149.30. Read our full, actionable report on Gilead Sciences here, it's free. Rising to global prominence during the COVID-19 pandemic with one of the first effective vaccines, Moderna (NASDAQ:MRNA) develops messenger RNA (mRNA) medicines that direct the body's cells to produce proteins with therapeutic or preventive benefits for various diseases. Moderna reported revenues of $145 million, up 2.1% year on year. This result surpassed analysts' expectations by 35.8%. Overall, it was an exceptional quarter as it also produced a beat of analysts' EPS estimates. Moderna delivered the biggest analyst estimate beat of the whole group. The stock is up 199% since reporting and currently trades at $172.89. Read our full, actionable report on Moderna here, it's free. Over the past year, investors have been forced to repeatedly answer the same question: what is the market's biggest risk? The answer has changed several times, and each shift has reshaped market leadership. Late in 2025 and early 2026, artificial intelligence became the market's primary uncertainty. Investors questioned whether AI would erode software pricing power and weaken competitive moats as AI made it easier to replicate once-differentiated products. By the spring, technology took a back seat to geopolitics. The U.S. conflict with Iran briefly became the market's dominant narrative, raising concerns about oil prices, inflation, and global growth. But as energy markets remained orderly and fears of a prolonged supply disruption faded, investors quickly turned their focus back to fundamentals. Want to invest in winners with rock-solid fundamentals? Check out our Top 6 Stocks and add them to your watchlist. These companies are poised for growth regardless of the political or macroeconomic climate. Tip: Try a valid symbol or a specific company name for relevant results",https://finance.yahoo.com/healthcare/articles/reflecting-therapeutics-stocks-q2-earnings-134146017.html
ABBV,"Allergan Aesthetics Debuts AA Signature in the United States with SKIN360, Its First Multimodal Consultation Approach - Investing News Network",2026-09-22 13:16:52,"Allergan Aesthetics, an AbbVie company (NYSE: ABBV), the global industry leader in aesthetics, today announced the U.S. launch of AA Signature™. Building on the program's successful international rollout and strong support from health care providers (HCPs), AA Signature is a collection of patient-centric, multimodal consultation approaches that leverage Allergan Medical Institute (AMI) resources and Allergan Aesthetics products. The program will launch with AA Signature™: SKIN360, its first patient-centric consultation approach featuring SKINVIVE by JUVÉDERM®, SkinMedica® HA5® Hydra Collagen Hydrator with Vegan Collagen, and BOTOX® Cosmetic (onabotulinumtoxinA). ""At Allergan Aesthetics, we believe leadership means not only advancing science and innovation but also equipping providers with the tools they need to succeed in a rapidly evolving market,"" said Nicole Mowad-Nassar, senior vice president, AbbVie and president, Global Allergan Aesthetics. ""AA Signature represents a new approach to treatment planning, helping HCPs deliver personalized, multimodal assessments backed by Allergan Aesthetics' robust product portfolio. By enabling more meaningful patient consultations and individualized treatment journeys, we are helping shape the future of aesthetic medicine."" AA Signature is grounded in the art of consultation and provides HCPs with guidance on how to conduct structured, comprehensive facial assessments. Research shows that 96% of patients are interested in a comprehensive assessment and at the same time, practices that take a comprehensive, multimodal approach to treatment planning see 68% higher patient retention than those treating a single concern.1-4,* Thorough consultations are critical to informing treatment plans that level set expectations to help patients achieve their individual aesthetic goals. Allergan Aesthetics conducted a brand-agnostic, category-wide study to examine the need for deeper patient education about the value of comprehensive consultations. The findings showed eight out of 10 patients move forward with aesthetic treatment after receiving a comprehensive assessment and aligning with their provider on a treatment plan incorporating two or more in-office products or procedures.5 AA Signature: SKIN360 is tailored for patients who desire smoother, more hydrated skin. This assessment approach is designed to support HCPs as they explore different types of treatments to achieve patients' aesthetic goals with products in the Allergan Aesthetics portfolio. As part of the consultation process, aesthetic specialists may consider three products in an AA Signature: SKIN360 assessment†: ""Since implementing the AA Signature: SKIN360 assessment in my practice, I've been able to take a more holistic approach to my patient consultations, extending them to assess concerns across the face, neck, and décolleté,"" said Emily Schultz, RN, CANS, board-certified aesthetic nurse specialist based in Ontario, Canada. ""The program provides practical clinical tools that enhance consultation quality, support individualized treatment planning, and help patients better understand their aesthetic options."" Subsequent aesthetic consultation protocols will debut through 2027 and will address key patient concerns, including lift, structure, skin firmness, and facial definition. Providers interested in additional resources and training materials may speak with their Allergan Aesthetics business development representative for more information. Patients interested in learning more about the Allergan Aesthetics portfolio are encouraged to book a consultation with a licensed aesthetic specialist. *According to a 2024 online survey of 155 patients. Includes filler patients who said they were ""extremely, very, or somewhat interested.""2†The safety and efficacy of these products for combined use have not been studied. At Allergan Aesthetics, an AbbVie company, we develop, manufacture, and market a portfolio of leading aesthetics brands and products. Our aesthetics portfolio includes facial injectables, body contouring, plastics, skin care, and more. Our goal is to consistently provide our customers with innovation, education, exceptional service, and a commitment to excellence, all with a personal touch. For more information, visit www.allerganaesthetics.com. AbbVie's mission is to discover and deliver innovative medicines and solutions that solve serious health issues today and address the medical challenges of tomorrow. We strive to have a remarkable impact on people's lives across several key therapeutic areas including immunology, neuroscience and oncology – and products and services in our Allergan Aesthetics portfolio. For more information about AbbVie, please visit us at www.abbvie.com. Follow @AbbVie on LinkedIn, Facebook, Instagram, X and YouTube. BOTOX® Cosmetic (onabotulinumtoxinA) Important Information BOTOX® Cosmetic is a prescription medicine that is injected into muscles and used to temporarily improve the look of moderate to severe forehead lines, crow's feet lines, frown lines between the eyebrows, and vertical bands connecting the jaw and neck (platysma bands) in adults. BOTOX® Cosmetic may cause serious side effects that can be life threatening. Get medical help right away if you have any of these problems any time (hours to weeks) after injection of BOTOX® Cosmetic: BOTOX® Cosmetic dosing units are not the same as, or comparable to, any other botulinum toxin product. There has not been a confirmed serious case of spread of toxin effect when BOTOX® Cosmetic has been used at the recommended dose to treat frown lines, crow's feet lines, forehead lines, and/or platysma bands. BOTOX® Cosmetic may cause loss of strength or general muscle weakness, vision problems, or dizziness within hours to weeks of receiving BOTOX® Cosmetic. If this happens, do not drive a car, operate machinery, or do other dangerous activities. Serious and/or immediate allergic reactions have been reported, including itching, rash, red itchy welts, wheezing, asthma symptoms, or dizziness or feeling faint. Get medical help right away if you are wheezing or have asthma symptoms, or if you become dizzy or faint. Do not receive BOTOX® Cosmetic if you are allergic to any of the ingredients in BOTOX® Cosmetic (see Medication Guide for ingredients); had an allergic reaction to any other botulinum toxin product such as Myobloc (rimabotulinumtoxinB), Dysport (abobotulinumtoxinA), Xeomin (incobotulinumtoxinA), Jeuveau (prabotulinumtoxinA-xvfs), Daxxify (daxibotulinumtoxinA-lanm), or Letybo (letibotulinumtoxinA-wlbg); or have a skin infection at the planned injection site. This list may not include all available botulinum toxin products. Tell your doctor about all your muscle or nerve conditions, such as ALS or Lou Gehrig's disease, myasthenia gravis, or Lambert-Eaton syndrome, as you may be at increased risk of serious side effects, including difficulty swallowing and difficulty breathing, from standard doses of BOTOX® Cosmetic. Tell your doctor about all your medical conditions, including surgery or plans to have surgery on your face, trouble raising your eyebrows, drooping eyelids, any other abnormal facial change, are pregnant or plan to become pregnant (it is not known if BOTOX® Cosmetic can harm your unborn baby), or are breastfeeding or plan to (it is not known if BOTOX® Cosmetic passes into breast milk). Tell your doctor about all the medicines you take, including prescription and over-the-counter medicines, vitamins, and herbal supplements. Using BOTOX® Cosmetic with certain other medicines may cause serious side effects. Do not start any new medicines until you have told your doctor that you have received BOTOX® Cosmetic in the past. Tell your doctor if you have received any other botulinum toxin product in the last 4 months; have received injections of botulinum toxin such as Myobloc, Dysport, Xeomin, Jeuveau, Daxxify, or Letybo in the past (tell your doctor exactly which product you received); have recently received an antibiotic by injection; take muscle relaxants; take an allergy or cold medicine; take a sleep medicine; or take aspirin-like products or blood thinners. Other side effects of BOTOX® Cosmetic include dry mouth; discomfort or pain at the injection site; tiredness; headache; neck pain; and eye problems, including double vision, blurred vision, decreased eyesight, drooping eyelids and eyebrows, swelling of eyelids, and dry eyes. For more information, refer to the Medication Guide or talk with your doctor. To report a side effect, please call Allergan Aesthetics at 1-800-678-1605. See BOTOX® Cosmetic full Product Information, including Boxed Warning and Medication Guide. SKINVIVE by JUVÉDERM® Injectable Gel Important Information SKINVIVE by JUVÉDERM® injectable gel is an injection to improve skin smoothness of the cheeks in adults over the age of 21. SKINVIVE by JUVÉDERM® injectable gel is an injection to reduce neck lines for improvement of neck appearance in adults over the age of 21. Are there any reasons why I should not receive SKINVIVE by JUVÉDERM® treatment?Do not use this product if you have a history of multiple severe allergies or severe allergic reactions (anaphylaxis), if you are allergic to lidocaine or the Gram-positive bacterial proteins used in this product, or if you have had previous allergic reactions to hyaluronic acid fillers. What Warnings should my specialist advise me about? What Precautions should my specialist advise me about? What are the possible side effects of treatment?The most commonly reported side effects were redness, lumps/bumps, swelling, bruising, pain, tenderness, firmness, discoloration and itching. Most side effects will resolve within 2 weeks. If they persist longer, your physician may choose to treat them with medications, such as antibiotics, steroids, or hyaluronidase. Additionally, there have been reports of inflammation, nodules, unsatisfactory result, loss or lack of improvement, allergic reaction, anxiety, blood vessel blockage, infection, dry skin, increase or decrease in sensation, and abscess. Delayed-onset inflammation near the site of dermal filler injections is one of the known adverse events associated with dermal fillers. As with all skin injection procedures, there is a risk of infection. To report a side effect, please call the Allergan® Product Support Department at 1-877-345-5372. Please also visit www.skinvive.com or talk to your specialist for more information. SKINVIVE by JUVÉDERM® is available only by a licensed physician or properly licensed practitioner. See future update to be directed to the SKINVIVE by JUVÉDERM® Directions for Use and Patient Label. Most SkinMedica® products are intended to meet the FDA's definition of a cosmetic product, an article applied to the human body to cleanse, beautify, promote attractiveness, and alter appearances. These SkinMedica® products are not intended to be drug products that diagnose, treat, cure, or prevent any disease or condition. These products have not been approved by the FDA, and the statements have not been evaluated by the FDA. © 2026 AbbVie. All rights reserved. BOTOX, JUVÉDERM, SKINVIVE, SkinMedica, and its designs are trademarks of Allergan, Inc., an AbbVie company, or its affiliates. Some statements in this news release are, or may be considered, forward-looking statements for purposes of the Private Securities Litigation Reform Act of 1995. The words ""believe,"" ""expect,"" ""anticipate,"" ""project"" and similar expressions and uses of future or conditional verbs, generally identify forward-looking statements. AbbVie cautions that these forward-looking statements are subject to risks and uncertainties that may cause actual results to differ materially from those expressed or implied in the forward-looking statements. Such risks and uncertainties include, but are not limited to, challenges to intellectual property, competition from other products, difficulties inherent in the research and development process, adverse litigation or government action, changes to laws and regulations applicable to our industry, the impact of global macroeconomic factors, such as economic downturns or uncertainty, international conflict, trade disputes and tariffs, and other uncertainties and risks associated with global business operations. Additional information about the economic, competitive, governmental, technological and other factors that may affect AbbVie's operations is set forth in Item 1A, ""Risk Factors,"" of AbbVie's 2025 Annual Report on Form 10-K, which has been filed with the Securities and Exchange Commission, as updated by its Quarterly Reports on Form 10-Q and in other documents that AbbVie subsequently files with the Securities and Exchange Commission that update, supplement or supersede such information. AbbVie undertakes no obligation, and specifically declines, to release publicly any revisions to forward-looking statements as a result of subsequent events or developments, except as required by law. View original content to download multimedia:https://www.prnewswire.com/news-releases/allergan-aesthetics-debuts-aa-signature-in-the-united-states-with-skin360-its-first-multimodal-consultation-approach-302885577.html You will be
                    notified when this event occurs. No additional settings needed.",https://investingnews.com/allergan-aesthetics-debuts-aa-signature-in-the-united-states-with-skin360-its-first-multimodal-consultation-approach/
ABBV,Is AbbVie (NYSE:ABBV) Stock Worth Watching Today? - Kalkine Media,2026-09-22 13:07:00,"Hey ! We have sent you a verification e-mail. Please follow the instructions on the e-mail to complete your registration. If you can't find it,
                    Please check your spam folder Atlanticus (NASDAQ:ATLC): What's Driving Its Latest Rating Update Toda... Is Duke Energy (NYSE:DUK) Stock Worth Watching Today? Is Southern Company (NYSE:SO) Stock Worth Watching Today? Is American Electric Power (NASDAQ:AEP) Stock Worth Watching Today? Make Kalkine Media

                                       My Trusted Source Monday trading begins with market attention divided between interest rates, energy prices, global trade discussions and company execution. AbbVie 
(NYSE:ABBV)

Healthcare

            AbbVie Inc (NYSE:ABBV)
        


                        265.21
                                                    USD


                        +0.730
                    

↑
                        0.276%
                    

Last Updated at: 2026-09-22T20:04:00Z


 enters that setting through the lens of defensive healthcare demand as the sector starts the week firm. The broader tape remains selective, making business quality, operating consistency and sector-specific demand more important than broad enthusiasm. The latest cross-market signals show technology interest alongside defensive participation, while energy pricing has eased from recent tension-driven levels. That combination creates a nuanced setting for healthcare stocks, where company-specific execution can matter as much as broad index direction across the Nasdaq Composite. AbbVie therefore begins the session as a useful name for tracking how sector fundamentals interact with the wider American market backdrop. A useful way to frame AbbVie is through the durability of the activities that support its core franchise. The company competes through a mix of customer relationships, distribution, product capability, service quality and operating scale that is specific to its field. Those elements can shape day-to-day market attention without requiring a dramatic corporate announcement. In the present environment, steady execution can carry particular weight because financing conditions remain restrictive and market participants are distinguishing between businesses with clear operational priorities and those facing greater uncertainty. The central theme for AbbVie is therefore how the existing business model responds to the same macro forces now influencing the broader market. Another consideration is the pace of decision-making among customers and corporate clients. Elevated financing costs can delay discretionary spending or project approvals, while essential services and mission-critical products can display steadier activity. AbbVie operates within this broader decision cycle, and the quality of demand can matter as much as the headline volume of activity. For healthcare stocks, signs of repeat usage, contracted work, recurring service relationships or sustained customer engagement can provide a more grounded picture than broad sentiment alone. The same framework can help interpret later company updates without overstating short-term market moves. Demand conditions remain central to the AbbVie story. The most relevant indicators vary by industry, but common themes include customer activity, order flow, service usage, recurring demand and the pace at which clients commit spending. The current macro backdrop can make those signals more uneven because higher borrowing costs affect capital decisions and household behavior in different ways. At the same time, easing energy prices can provide some relief to cost-sensitive parts of the economy. For healthcare stocks, reading demand through operating evidence rather than broad market mood can provide a clearer view of business conditions. That makes the next set of company communications especially important for confirming whether recent trends are extending or changing. From an editorial perspective, AbbVie is most relevant today because the business offers a clear way to connect company execution with the larger themes moving American equities. The current backdrop is not defined by one dominant factor. Rates remain high, oil has eased, trade discussions have improved in tone, and artificial intelligence remains a source of both enthusiasm and debate. Those forces affect industries differently. For healthcare stocks, the useful story is how business fundamentals interact with that mix. The focus stays on verified operating themes rather than promotional language or market calls, keeping attention on what the company does and what the external environment may change. AbbVie enters the session with attention centered on defensive healthcare demand as the sector starts the week firm. The broader American market, alongside the NYSE Composite, is balancing restrictive financial conditions with improved energy supply signals and continuing technology interest. That mix can create uneven sector performance and place extra weight on company execution. For healthcare stocks, the relevant indicators remain demand quality, operating discipline, competitive position and clear corporate communication. The next meaningful update from AbbVie can help establish whether current themes are translating into lasting business changes or simply reflecting the market backdrop of the day. The content, including but not limited to any articles, news, quotes, information, data, text, reports, ratings, opinions, images, photos, graphics, graphs, charts, animations and video (Content) is a service of Kalkine Media LLC (Kalkine Media, we or us) and is available for personal and non-commercial use only. The principal purpose of the Content is to educate and inform.  The Content does not contain or imply any recommendation or opinion intended to influence your financial decisions and must not be relied upon by you as such. Some of the Content on this website may be sponsored/non-sponsored, as applicable, but is NOT a solicitation or recommendation to buy, sell or hold the stocks of the company(s) or engage in any investment activity under discussion. Kalkine Media is neither licensed nor qualified to provide investment advice through this platform. Users should make their own enquiries about any investments and Kalkine Media strongly suggests the users to seek advice from a financial adviser, stockbroker or other professional (including taxation and legal advice), as necessary. Kalkine Media hereby disclaims any and all the liabilities to any user for any direct, indirect, implied, punitive, special, incidental or other consequential damages arising from any use of the Content on this website, which is provided without warranties.
The views expressed in the Content by the guests, if any, are their own and do not necessarily represent the views or opinions of Kalkine Media. Some of the images/music that may be used on this website are copyright to their respective owner(s). Kalkine Media does not claim ownership of any of the pictures/music displayed/used on this website unless stated otherwise. The images/music that may be used on this website are taken from various sources on the internet, including paid subscriptions or are believed to be in public domain. We have used reasonable efforts to accredit the source (public domain/CC0 status) to where it was found and indicated it, as necessary. Space Exploration Technologies Corp. Class A Common Stock Welcome to Kalkine Media Pty Ltd. website. Your website access and usage is governed by the
                    applicable  Terms of Use
                    & Privacy Policy. Welcome to Kalkine Media LLC website. Your website access and usage is governed by the applicable Terms and Conditions &
                    Privacy Policy. Welcome to Kalkine Media New Zealand Limited website. Your website access and usage is governed by
                    the applicable Terms and
                        Conditions & Privacy
                        Policy. Welcome to Kalkine Media Incorporated website. Your website access and usage is governed by the
                    applicable Terms and
                        Conditions & Privacy
                        Policy. Welcome to Kalkine Media Limited website. Your website access and usage is governed by the
                    applicable Terms of Use &
                    Privacy Policy. Welcome to Kalkine Media Limited website. Your website access and usage is governed by the
                    applicable Terms of Use &
                    Privacy Policy. Welcome to Kalkine Media Limited website. Your website access and usage is governed by the
                    applicable Terms of Use &
                    Privacy Policy. Welcome to Kalkine Media Limited website. Your website access and usage is governed by the
                    applicable Terms of Use &
                    Privacy Policy. Welcome to Kalkine Media Limited website. Your website access and usage is governed by the
                    applicable Terms of Use &
                    Privacy Policy. Welcome to Kalkine Media Limited website. Your website access and usage is governed by the
                    applicable Terms of Use &
                    Privacy Policy. Welcome to Kalkine Media Limited website. Your website access and usage is governed by the
                    applicable Terms of Use &
                    Privacy Policy. Welcome to Kalkine Media Limited website. Your website access and usage is governed by the
                    applicable Terms of Use &
                    Privacy Policy. Welcome to Kalkine Media Limited website. Your website access and usage is governed by the
                    applicable Terms of Use &
                    Privacy Policy. Welcome to Kalkine Media Limited website. Your website access and usage is governed by the
                    applicable Terms of Use &
                    Privacy Policy. Welcome to Kalkine Media Limited website. Your website access and usage is governed by the
                    applicable Terms of Use
                    & Privacy Policy. Welcome to Kalkine Media Limited website. Your website access and usage is governed by the
                    applicable Terms of Use &
                    Privacy Policy. Welcome to Kalkine Media Limited website. Your website access and usage is governed by the
                    applicable Terms of Use &
                    Privacy Policy. Welcome to Kalkine Media Limited website. Your website access and usage is governed by the
                    applicable Terms of Use &
                    Privacy Policy. Welcome to Kalkine Media Limited website. Your website access and usage is governed by the
                    applicable Terms of Use &
                    Privacy Policy. Welcome to Kalkine Media Limited website. Your website access and usage is governed by the
                    applicable Terms of Use &
                    Privacy Policy. مرحبًا بكم في موقع Kalkine Media Limited. يخضع الوصول إلى موقع الويب الخاص بك واستخدامه لما هو معمول
                    بهشروط الاستخدام & سياسة الخصوصية. Bienvenue sur le site Web de Kalkine Media Limited. L'accès et l'utilisation de votre site Web sont
                    régis par les Conditions
                        d'utilisation & Politique
                        de confidentialité. Bienvenido al sitio web de Kalkine Media Limited. El acceso y el uso de su sitio web se rigen por
                    los Términos de uso y Política de privacidad. Willkommen auf der Website von Kalkine Media Limited. Der Zugriff und die Nutzung Ihrer Website
                    unterliegen den geltenden Nutzungsbedingungen & Datenschutzerklärung. Willkommen auf der Website von Kalkine Media Limited. Der Zugriff und die Nutzung Ihrer Website
                    unterliegen den geltenden Nutzungsbedingungen & Datenschutzerklärung.",https://kalkinemedia.com/us/stocks/healthcare/is-abbvie-nyseabbv-stock-worth-watching-today
ABBV,AbbVie receives EU approval for RINVOQ juvenile arthritis treatment - grafa.com,2026-09-22 12:56:00,"AbbVie (NYSE:ABBV) announced that the European Commission has approved RINVOQ® (upadacitinib) 15 mg tablets and 1 mg/mL oral solution for the treatment of active polyarticular juvenile idiopathic arthritis (pJIA). The approval applies to patients aged two years and older who have experienced an inadequate response or intolerance to at least one disease-modifying antirheumatic drug (DMARD). RINVOQ may be used as a monotherapy or in combination with methotrexate. The expanded indication is supported by data from the open-label Phase 1 SELECT-YOUTH study, along with established efficacy and safety data from adult rheumatoid arthritis studies. In SELECT-YOUTH, which enrolled 122 patients, RINVOQ demonstrated improvements across multiple measures of disease activity. The American College of Rheumatology pediatric 70 response rate reached 66.4% at Week 12 and increased to 79.5% at Week 48. Disease remission, measured by Juvenile Arthritis Disease Activity Score using C-reactive protein (JADAS27-CRP ≤1), was achieved by 23.0% of patients at Week 12 and 43.4% at Week 48. Patients also experienced improvements in physical function and pain. Mean Childhood Health Assessment Questionnaire (C-HAQ) scores improved by −0.46 at Week 12 and −0.64 at Week 48, while pain scores improved by −26.2 and −30.8 points at the respective time points. AbbVie reported that no new safety risks were identified in the study. No major cardiovascular events, thrombotic events, malignancies, deaths or impacts on growth and development were observed. With this approval, RINVOQ is now authorized in the European Union for 11 different indications. Does your company have news to share? Contact our Editorial desk at our editorial contact page. AbbVie (NYSE:ABBV) said the CHMP has issued a positive opinion recommending approval of upadacitinib (RINVOQ) 15 mg and 30 mg once daily for adults and adolescents with severe alopecia areata in the EU. AbbVie (NYSE:ABBV) completed its acquisition of Apogee Therapeutics (NASDAQ:APGE), paying $135.11 per share in cash for an equity value of approximately $10.9 billion as of September 3, 2026. AbbVie (NYSE:ABBV) submitted a regulatory application to the European Medicines Agency for subcutaneous SKYRIZI (risankizumab) induction treatment in adults with moderately to severely active Crohn’s disease. AbbVie (NYSE:ABBV) announced a multi-year collaboration with Iambic Therapeutics to apply artificial intelligence technologies to discover and develop small molecule therapies. Grafa is not a financial advisor. You should seek independent, legal, financial, taxation or other advice that relate to your unique circumstances. Grafa is not liable for any loss caused, whether due to negligence or otherwise arising from the use of or reliance on the information provided directly or indirectly, by use of this platform. Got a second for a cookie? 🍪Essential cookies keep Grafa running smoothly. A few optional ones help us see what's working so we can make it better. You're in control — change your mind any time. Cookie policy · Privacy policy",https://grafa.com/en/news/united-states/abbvie-rinvoq-eu-approval-polyarticular-juvenile-idiopathic-arthritis
ABBV,ABBV Looks 19.8% Overvalued on GF Value™ Amid Dividend Strength - GuruFocus,2026-09-22 10:54:53,"This website is using a security service to protect itself from online attacks. The action you just performed triggered the security solution. There are several actions that could trigger this block including submitting a certain word or phrase, a SQL command or malformed data. You can email the site owner to let them know you were blocked. Please include what you were doing when this page came up and the Cloudflare Ray ID found at the bottom of this page. Cloudflare Ray ID: a3f6247e5bc29126
•

        Your IP:
        Click to reveal
172.212.169.153
•

Performance & security by Cloudflare",https://www.gurufocus.com/news/9091279/abbv-looks-198-overvalued-on-gf-value-amid-dividend-strength
ABBV,AbbVie Secures EU Approval for Rinvoq in Juvenile Arthritis - Yahoo Finance,2026-09-22 10:48:34,"Tip: Try a valid symbol or a specific company name for relevant results President Trump said Tuesday that he would support banning exports of diesel fuel amid Republicans calls ahead of midterms. Richmond Fed's Barkin says supply shocks aren't proving short-lived, leaves door open to further rate hikes Anthropic launches Opus 5.5, its first model since CEO Amodei called for AI slowdown Here's a check of the markets in the first few minutes of trading. The Dow, S&P 500, and Nasdaq drifted higher as oil prices continued to retreat The Nasdaq led the Dow and S&P 500 higher as falling oil prices boosted stocks Meta stock rockets more than 10% on price target increase and Muse AI agent downloads Tech stocks are rallying as AI enthusiasm returns to markets AMD stock soars to new record as semiconductors bounce Warner Bros. and Paramount stock rallied on reports that Paramount's talks with California officials have been finalized. Stocks gained at the open as investors eyed the upcoming Trump-Xi summit A state visit from Chinese leader Xi Jinping, conferences from Meta and Qualcomm, and a lot of FedSpeak form the last full week of September. Here's a new data-powered forecast of mortgage rate predictions through 2031 'This could be something more substantial': Wall Street braces for more Fed rate hikes 3 notable business takes that flew under the radar this week Stock market shrugs off geopolitical risk as UBS says drawdowns are short-lived Caregiving for kids and parents is the financial squeeze kneecapping more millennials as time goes on Bitcoin is back at $80,000 as rest of crypto joins the rally On Holding's Kylian Mbappé bet 'a direct challenge to Nike and Adidas' Stocks closed mixed on Friday as the 10-year Treasury yield hovered near 5% Record diesel prices are hitting the West Coast the hardest The Dow, S&P 500, and Nasdaq wavered as oil prices and bond yields rose Coinbase CEO Brian Armstrong is moving past the Clarity Act's failure The Dow, S&P 500, and Nasdaq rose as bond yields slipped and oil prices retreated The New York Times claims OpenAI staff knew the ""existential threat"" AI posed to publishers (FT) Polls show Trump is out of step with Americans on AI. It might not matter in this fall's elections. The Dow, S&P 500, and Nasdaq rebounded after the Fed's rate hike as oil prices eased Oil prices remain close to $100 per barrel , with no indication of a resolution in the Middle East. That has raised speculation that the Trump administration may be tempted to impose an export fuel ban ahead of the mid-term elections to force fuel prices lower. Trump slams the Fed rate hike, says he told Warsh 'you might as well vote with the board' ""Interest Rates in the United States should be 1%, or less,"" President Trump posted after the Fed rose rates to 3.75%-4%. The Dow dropped 600 points as bond yields surged following the Fed's decision to raise rates The Federal Reserve hikes interest rates for the first time in 3 years Federal Reserve interest rate hikes usually pound stocks, but then something surprising happens The S&P 500 and Nasdaq rose in anticipation of a crucial Fed decision Software stocks have outperformed over the past three months as the sector. Investors braced for the Federal Reserve's interest rate decision on Wednesday and monitored the fallout from Anthropic CEO Dario Amodei's essay on AI safety fears. Wall Street pushed back against bleak warnings from AI developer titans, arguing that companies are not slowing development or spending. 82% of the Trump administration's corporate bets are now in the red Why a weak Wall Street fee forecast is pulling BofA and peers lower Stocks slipped as chip stocks sold off and AI worries mounted Stocks could have a tough road ahead if the Fed hikes rates The Nasdaq led indexes lower after AI model fears sent tech stocks tumbling OpenAI CEO Sam Altman suddenly seems so disturbed by the nightmare-inducing AI monster he has helped create that he is having a hard time sleeping. Pay is back on the rise for job switchers, even in low-hire job market The truck that put Kia on the map has a luxe new look, and it's still a winner Apple's iPhone Duo event should put the bears to rest The above button links to Coinbase. Yahoo Finance is not a broker-dealer or investment adviser and does not offer securities or cryptocurrencies for sale or facilitate trading. Coinbase pays us for certain activity generated through this link. Prices displayed are informational. AbbVie (NYSE:ABBV) announced on Tuesday that the European Commission has approved Rinvoq (upadacitinib) for the treatment of active polyarticular juvenile idiopathic arthritis. The approval covers children aged two years and older who have had an inadequate response to one or more disease-modifying antirheumatic drugs (DMARDs). The decision extends Rinvoq's approved indications in the European Union to include polyarticular juvenile idiopathic arthritis, a form of inflammatory arthritis affecting children. Rinvoq is already authorised in the EU for several inflammatory conditions, including rheumatoid arthritis, psoriatic arthritis and atopic dermatitis. The latest approval broadens the treatment options available to eligible children whose condition has not responded adequately to previous disease-modifying therapies. Tip: Try a valid symbol or a specific company name for relevant results",https://finance.yahoo.com/healthcare/articles/abbvie-secures-eu-approval-rinvoq-104834646.html
ABBV,AbbVie vs. Pfizer: Which Dividend Stock Is the Better Buy in September? - The Globe and Mail,2026-09-22 10:25:09,"Dividend payments offer you security in difficult markets -- and extra growth in better times. These pharma companies offer dividend yields that beat the dividend yield of the S&P 500. Dividend stocks are always great additions to a portfolio, as they offer investors the opportunity to earn passive income during any economic or market environment. This may compensate for weakness in your portfolio during tough market times and supercharge performance during better days -- so you'll always be happy to hold onto at least a few of these players. Where to find dividend stocks? They're present throughout industries, but you'll notice many in the healthcare space. Generally, dividend players are well-established companies -- such as some of the world's top pharma names -- that don't have to pour every dollar into growth. They can afford to reward shareholders regularly. And two that fall into this category are AbbVie(NYSE: ABBV) and Pfizer(NYSE: PFE). Missed Nvidia in 2009? This Rare Signal Is Flashing Again.In 2009, a ""Double Down"" signal flashed for a little-known chipmaker called Nvidia. For the first time in years, that same ""Total Conviction"" signal is flashing for a company 1/100th the size of Nvidia. Continue » These companies are both committed to sharing their winnings with investors. But which of these two is the better buy in September? Let's find out. It's important to note that AbbVie is a Dividend King, meaning the company has raised its dividend for more than 50 consecutive years. This shows that dividend growth is a priority for this pharma giant, and with such a streak, it's likely AbbVie will continue along this path. And with free cash flow of $18 billion, it has the financial strength to do so. Today, AbbVie pays a dividend of $6.92, representing a dividend yield of 2.6%, which is higher than the 1.06% dividend yield of the S&P 500. So all of this is positive. On top of this, AbbVie has proven that it can continue to generate growth after losing exclusivity on one of the world's best-selling drugs, immunology blockbuster Humira. AbbVie prepared by developing its immunology portfolio, and today, two other immunology products are delivering double-digit quarterly gains into the billions of dollars. In the recent quarter, Rinvoq and Skyrizi together brought in $8 billion -- that's on the company's total of $16 billion in net revenue. Meanwhile, AbbVie has a full portfolio of treatments across specialty areas, from neuroscience to oncology. All of this is driving growth in revenue and profit. Pfizer is in the middle of an exciting recovery story. The pharma giant saw earnings soar after the release of its coronavirus vaccine and treatment -- revenue even reached a peak of more than $100 billion back in 2022. But as the pandemic reached its later stages, demand for these products declined, and that resulted in much lower revenue for Pfizer. The company shifted its investments and costs to account for this and has made major efforts to boost its pipeline internally and through acquisitions. And all of this is powering revenue higher. For example, in the recent quarter, Pfizer said its focused execution resulted in an 18% operational revenue gain for a selection of top recently launched and acquired products. Pfizer has reported profits as well as losses periodically in recent quarters as it continues its recovery. Meanwhile, strength in its oncology platform and the potential of its late-stage pipeline could drive future growth. As for dividends, Pfizer's has remained stable in recent times, at $1.72 with a 6.2% yield, and though some investors have worried that the company could suspend this payment, Pfizer has confirmed its commitment to maintaining it. ""We feel extremely confident that we will -- even the most stretched scenarios that we are running, we will be able to maintain our dividend,"" chief Albert Bourla said during the recent earnings call. AbbVie and Pfizer both make interesting pharma investments -- and if you're looking for a turnaround story, you might favor Pfizer as the company is making significant progress. But here, I'm focused on the strongest dividend player to buy right now, and with that in mind, I would go for AbbVie. Though Pfizer clearly is committed to maintaining its dividend, AbbVie has the free cash flow to keep its payments growing year after year -- as it's done for decades. Meanwhile, AbbVie has proven its ability to grow following the Humira loss of exclusivity. That's why right now in September, this Dividend King is the better buy. The Motley Fool Stock Advisor analyst team just identified what they believe are the 10 best stocks for investors to buy now… and AbbVie wasn’t one of them. The 10 stocks that made the cut could produce monster returns in the coming years. Consider when Netflix made this list on December 17, 2004... if you invested $1,000 at the time of our recommendation, you’d have $387,158!* Or when Nvidia made this list on April 15, 2005... if you invested $1,000 at the time of our recommendation, you’d have $1,365,749!* Now, it’s worth noting Stock Advisor’s total average return is 932% — a market-crushing outperformance compared to 211% for the S&P 500. Don't miss the latest top 10 list, available with Stock Advisor, and join an investing community built by individual investors for individual investors. Adria Cimino has no position in any of the stocks mentioned. The Motley Fool has positions in and recommends AbbVie and Pfizer. The Motley Fool has a disclosure policy. © Copyright 2026 The Globe and Mail Inc. All rights reserved.",https://www.theglobeandmail.com/investing/markets/stocks/ABBV-N/pressreleases/4727374/abbvie-vs-pfizer-which-dividend-stock-is-the-better-buy-in-september/
ABBV,3 Dividend Stocks to Buy Before September Ends and Hold Forever - 24/7 Wall St.,2026-09-22 10:00:00,"Three recession-resilient blue chips with decades of unbroken dividend raises are trading at levels that rarely appear at the same time, and the window before Q3 earnings close narrows by the day. The professional research desk has always been the part of Wall Street that retail investors could not buy. AlphaSpace by Yahoo Finance opens one for $39.95 a month, and the first seven days cost nothing.1 (Sponsor) This post may contain links from our sponsors and affiliates, and Flywheel Publishing may receive compensation for actions taken through them. With the third quarter closing out, income investors have a narrow window to lock in three cash-generative blue chips before Q3 earnings reset expectations. The shared hook: recession-resilient franchises, multi-decade dividend histories, and reaffirmed or raised 2026 guidance. Coca-Cola alone just lifted its full-year outlook to organic revenue growth of ~5% and comparable EPS growth of 9-10%, a rare combination of visibility and pricing power in the current market. PepsiCo (NASDAQ:PEP | PEP Price Prediction) is the highest-yielder in the group at 4.31%, with the stock down 6.96% year to date and trading around $129.59. That drawdown is the entry the ""buy before September ends"" thesis is built on. Dividend safety looks solid. PepsiCo announced a 4% increase in annualized dividend per share beginning with the June 2026 payment, representing its 54th consecutive annual increase, which places it firmly in Dividend King territory. The most recent quarterly payout is $1.48 per share, payable September 30, 2026, with an annualized forward dividend of $5.92. Management guided 2026 total cash returns to shareholders of ~$8.9B, split between $7.9B in dividends and $1.0B in buybacks, with free cash flow conversion of at least 80% and capex below 5% of net revenue. Interest coverage of 12.03x leaves ample cushion. The bull case: Q2 26 delivered revenue of $24.18B (+6.4% YoY), core EPS of $2.20, and organic volume growth at the highest rate since 2022, with international engines firing (LatAm Foods +15%, EMEA +10%, Asia Pacific Foods +12%). At a P/E of 21, investors are paying a reasonable price for a global snack and beverage machine that has raised the payout every year for more than five decades. Risk: the North American snacks business is still soft. PFNA revenue fell 2% and core operating margin contracted 40 basis points in Q2. If US consumer weakness persists, near-term margin recovery will lag international growth. AbbVie (NYSE:ABBV) yields 2.49%, with growth rate and coverage doing the real work for a forever hold. The quarterly dividend now sits at $1.73 per share, versus $1.64 in 2025 and $1.55 in 2024, with the next payment on November 16, 2026. On the surface, AbbVie’s trailing P/E of 75 and EPS of just $3.54 against a $6.83 annual dividend make the payout look mathematically impossible on GAAP earnings alone. GAAP net income is depressed by acquisition-related amortization, IPR&D charges, and other non-cash items tied to a long deal history. The economic reality is very different: free cash flow yield is 3.81%, comfortably above the dividend yield, and the forward P/E is just 16. In plain language: AbbVie generates far more cash than its GAAP earnings suggest, and that cash is what funds the dividend. Also worth flagging: the company’s book value is negative because of aggressive buybacks, a balance-sheet quirk rather than a distress signal, with interest coverage of 6.94x. Bull case: Q2 26 revenue rose 10.2% to nearly $17 billion, adjusted EPS of $3.65 came in six cents above the guidance midpoint, and Skyrizi and Rinvoke are each growing above 20%. Management raised full-year revenue guidance and now sees FY26 adjusted EPS of $13.87-$14.07. AbbVie’s CEO said the ""long-term outlook remains very strong,"" and the recently closed Apogee Therapeutics acquisition adds pipeline depth in immunology. The quote page in one tab. Filings in another. A chart you rebuilt from scratch, a transcript you never went back and found, a screener whose settings you will redo next week. Nothing you built yesterday is still there. AlphaSpace replaces all of it with one screen you arrange yourself. Earnings calendar, estimate versus actual, the call transcript, live news, your own charts, every panel wired to whatever ticker you click. Close the browser and it is all still sitting there tomorrow. Risk: Humira sales fell 35.9% to $756M on biosimilar erosion and Imbruvica dropped 29.4%. If Skyrizi and Rinvoke growth ever stalls before Humira finishes bleeding out, the growth math tightens quickly. Coca-Cola (NYSE:KO) yields 2.34% at a recent price of $87.13. The stock is up 27.05% year to date and 34.65% over the past year, though it has pulled back 3.8% over the last month from recent multi-year highs. The verified dividend history covers quarterly payments from March 1999 through September 2026, with the quarterly amount rising every year in that window, consistent with Coca-Cola’s broadly documented Dividend King status of more than 60 consecutive annual increases. Dividend safety: the current quarterly payout is $0.53 per share, up from $0.51 in 2025 and $0.485 in 2024, with an annualized forward dividend of $2.12. Coca-Cola runs on operating margins of 28.71%, net margins of 27.34%, ROE of 45.97%, and interest coverage of 8.32x. Q2 26 operating margin actually expanded to 34.9% from 34.1%. FCF yield of 1.41% is thinner than PEP’s, but management now guides FCF of ~$12.4B for 2026. Bull case: Q2 26 revenue of $13.38B (+6.7% YoY) beat by 1.56%, adjusted EPS of $0.97 beat $0.93, and global unit case volume grew 5% led by India, China, US, and Brazil. Coca-Cola Zero Sugar volumes rose 16%, and Trademark Coca-Cola +5% got a lift from FIFA World Cup 2026 activation. Management raised the full-year outlook across every headline metric. Risk: Asia Pacific price/mix fell 9%, Q4 26 will have six fewer selling days versus Q4 25, and pending IRS tax litigation remains an overhang. At a P/E of 29, the stock is not cheap, so future returns will lean heavily on execution rather than multiple expansion. These three names share the traits that make a ""buy and forget"" portfolio actually work: pricing power in recessions, cash flow that visibly covers the dividend, and multi-decade histories of raising the payout through every macro cycle. PepsiCo offers the highest current yield and a clean discount to its recent trading range; AbbVie provides the fastest dividend growth once you look past GAAP noise; Coca-Cola brings the most globally durable brand and just raised guidance on every line that matters. For income investors building a September shopping list, this trio is as close to a set-and-hold consumer and pharma sleeve as the market currently offers (if you want more names in the same vein, we ranked ten Dividend Kings by valuation right now in a free report here). AlphaSpace is a powerful new research platform that is democratizing investing and trading for individuals today. It brings insights and data that previously would have been the stuff of Wall St traders, or hedge funds. But that's not all. Every AlphaSpace view has an AI analyst wired into it. Yahoo Scout pulls the numbers behind a move, sets up the panels for a company you have never researched before, and turns a vague question into something you can actually look at. Access runs $39.95 a month or $479.40 for the year, and the first seven days are free.Start the trial and look around. (Sponsor) Contact editorial@247wallst.com for any questions or corrections. Joel South covers large-cap stocks, dividend investing, and major market trends, with a focus on earnings analysis, valuation, and turning complex data into actionable insights for investors. He brings more than 15 years of experience as an investor and financial journalist, including 12 years at The Motley Fool, where he served as an investment analyst, Bureau Chief, and later led the Fool.com investing news desk. He has also co-hosted an investing podcast and appeared across TV and radio discussing market trends. Dividend stocks can be a pillar for long-term investing, generating passive income and offering stability even during tough environments. The current market volatility and geopolitical unrest have attracted investors to dividend stocks. However, not… A Roth IRA can strip the tax burden from even the highest-yielding dividends, but only if you put the right stocks inside it. Five blue chips with records stretching back decades make a compelling… Schwab U.S. Dividend Equity ETF (NYSEARCA:SCHD) pays a quarterly distribution from roughly 100 quality-screened U.S. dividend stocks. The fund holds $71.6 billion in assets at an expense ratio of just 0.06%, and it tracks… Dividend investors entering July 2026 have a rare setup: Three of the market’s most reliable income stocks all delivered beat-and-raise first-quarter reports, all hiked their payouts in the past 12 months and all three… Income investors keep coming back to the same playbook in choppy markets: own businesses that have raised their payouts every single year, no matter what the economy is doing. June is a natural moment… Healthcare stocks have lagged the broader market for the past three years, weighed down by post-COVID earnings volatility, policy uncertainties around drug pricing, and a surge in tech-driven gains from the AI boom. The… Market volatility in 2026 has reminded investors that earned income alone is fragile. When tariff fears rattle equities and economic uncertainty clouds the outlook, dividend investors sleep better. Passive income from dividend stocks requires… Pharmaceutical companies AbbVie (NYSE:ABBV | ABBV Price Prediction) and Pfizer (NYSE:PFE) both reported fourth-quarter earnings in early February, revealing two very different pharmaceutical stories. AbbVie is riding a post-Humira reinvention, while Pfizer is still… With 10-year Treasuries near 4.62%, VYM's $94.6 billion portfolio faces a real test from risk-free yields, and two familiar names inside the fund are quietly raising red flags about future income growth. This post may contain links from our sponsors and affiliates, and Flywheel Publishing may receive compensation for actions taken through them.				© 2026 24/7 Wall St.",https://247wallst.com/investing/2026/09/22/3-dividend-stocks-to-buy-before-september-ends-and-hold-forever/
ABBV,"Key facts: AbbVie, Inc. $600M China outlay; House seeks trial files; 4.9% ADARx - TradingView",2026-09-22 07:15:23,"This is an AI-generated summary and may contain inaccuracies. Please verify any important information with the original sources. Select market data provided by ICE Data Services. Select reference data provided by FactSet. Copyright © 2026 FactSet Research Systems Inc.Copyright © 2026, American Bankers Association. CUSIP Database provided by FactSet Research Systems Inc. All rights reserved. SEC filings and other documents provided by Quartr.© 2026 TradingView, Inc.",https://www.tradingview.com/news/tradingview:de8a5c119598b:0-key-facts-abbvie-inc-600m-china-outlay-house-seeks-trial-files-4-9-adarx/
ABBV,ABBV Looks 19.8% Overvalued on GF Value™ as Dividend Sustainabil - GuruFocus,2026-09-22 07:10:21,"This website is using a security service to protect itself from online attacks. The action you just performed triggered the security solution. There are several actions that could trigger this block including submitting a certain word or phrase, a SQL command or malformed data. You can email the site owner to let them know you were blocked. Please include what you were doing when this page came up and the Cloudflare Ray ID found at the bottom of this page. Cloudflare Ray ID: a3f624d4cd569126
•

        Your IP:
        Click to reveal
172.212.169.153
•

Performance & security by Cloudflare",https://www.gurufocus.com/news/9091170/abbv-looks-198-overvalued-on-gf-value-as-dividend-sustainability-remains-a-key-focus
ABBV,EU approves RINVOQ for treating active polyarti... - Pluang,2026-09-22 06:13:23,"The European Commission has approved RINVOQ (upadacitinib) for treating active polyarticular juvenile idiopathic arthritis (pJIA) in patients aged two years and older who have not responded well or are intolerant to other treatments. This approval is based on positive results from the Phase 1 SELECT-YOUTH study and adult rheumatoid arthritis data, showing significant improvements in disease activity, pain, and physical function with a favorable safety profile. RINVOQ offers a new oral treatment option for this debilitating condition, potentially improving remission rates and quality of life for pediatric patients. AbbVie continues to expand RINVOQ's use across multiple immune-mediated diseases in the EU. AbbVie Inc holds a substantial market cap of $466.45 billion and offers a dividend yield of 2.62%, reflecting its strong position in the health sector. As of September 22, 2026, 13:11 WIB, AbbVie's stock price on Pluang is USD 263.98 with a slight 1-day decline of 0.21%. The recent European Commission approval of RINVOQ for pediatric arthritis adds to AbbVie's expanding portfolio in immune-mediated diseases, potentially influencing investor interest despite the current modest selling pressure on the platform. PepsiCo, AbbVie, and Coca-Cola are highlighted as top dividend stocks to buy before the third quarter ends due to their recession resilience, strong dividend histories, and positive 2026 outlooks. PepsiCo offers the highest yield at 4.31% with steady... AbbVie and Iambic have entered a multi-year collaboration to accelerate the discovery of small molecule drugs using Iambic's AI-driven platform. This partnership aims to improve the efficiency and success rate of identifying new drug candidates in im... AbbVie presented new data from real-world studies showing VRAYLAR (cariprazine) significantly improves depressive symptoms, functioning, and quality of life in adults with major depressive disorder (MDD) and bipolar I (BP-I) depression. These studies...",https://pluang.com/en/news-feed/abbvie-dapat-persetujuan-komisi-eropa-rinvoq-untuk-pengobatan-arthritis-anak
ABBV,Nvidia-backed AI drugmaker Iambic Therapeutics seeks U.S. listing - TradingView,2026-09-22 04:44:00,"Iambic Therapeutics, an AI-driven drug discovery company backed by Nvidia NVDA, filed for a U.S. initial public offering on Monday, seeking to list on the Nasdaq under the ticker IAM. The San Diego-based biotech said it plans to use the IPO proceeds and existing cash to advance three cancer drug candidates through clinical development, with the remaining funds earmarked for general corporate purposes. The filing did not disclose an offering price range or number of shares, while Renaissance Capital reported a proposed deal size of up to $100M. Iambic's lead candidate, IAM1363, is an experimental oral HER2 inhibitor being evaluated in an early-stage Phase 1/1b trial for solid tumors. Two additional programs, IAM217 and IAM-C1, are in preclinical development. Iambic, founded in 2019, uses AI and automated chemistry and biology to discover small-molecule drugs. It has raised about $461.8M from backers including Nvidia NVDA, Qatar Investment Authority, Catalio, Nexus Ventures, and Coatue Management. The company has collaborations with AbbVie ABBV, Takeda, Lundbeck, Revolution Medicines RVMD, Jazz Pharmaceuticals JAZZ and Bayer. DisclaimerContent provided by Seeking Alpha is intended for information purposes only, and that Seeking Alpha does not offer any personalist investment advice and is not a licensed securities dealer, broker, US investment adviser or investment bank. Select market data provided by ICE Data Services. Select reference data provided by FactSet. Copyright © 2026 FactSet Research Systems Inc.Copyright © 2026, American Bankers Association. CUSIP Database provided by FactSet Research Systems Inc. All rights reserved. SEC filings and other documents provided by Quartr.© 2026 TradingView, Inc.",https://www.tradingview.com/news/seekingalpha:ec79a19cc094b:0-nvidia-backed-ai-drugmaker-iambic-therapeutics-seeks-u-s-listing/
ABBV,Reflecting On Therapeutics Stocks’ Q2 Earnings: AbbVie (NYSE:ABBV) - TradingView,2026-09-22 03:31:00,"Earnings results often indicate what direction a company will take in the months ahead. With Q2 behind us, let’s have a look at AbbVie ABBV and its peers. Over the next few years, therapeutic companies, which develop a wide variety of treatments for diseases and disorders, face strong tailwinds from advancements in precision medicine (including the use of AI to improve hit rates) and growing demand for treatments targeting rare diseases. However, headwinds such as rising scrutiny over drug pricing, regulatory unknowns, and competition from larger, more resourced pharmaceutical companies could weigh on growth. The 11 therapeutics stocks we track reported a very strong Q2. As a group, revenues beat analysts’ consensus estimates by 8%. Luckily, therapeutics stocks have performed well with share prices up 24.8% on average since the latest earnings results. Born from a 2013 spinoff of Abbott Laboratories' pharmaceutical business, AbbVie ABBV is a biopharmaceutical company that develops and markets medications for autoimmune diseases, cancer, neurological disorders, and other complex health conditions. AbbVie reported revenues of $16.99 billion, up 10.2% year on year. This print exceeded analysts’ expectations by 1.2%. Despite the top-line beat, it was still a mixed quarter for the company with a narrow beat of analysts’ EPS estimates but a slight miss of analysts’ full-year EPS guidance estimates. Interestingly, the stock is up 2.9% since reporting and currently trades at $264.79. Founded in 1978 and pioneering treatments for some of medicine's most complex challenges, Biogen BIIB develops and markets therapies for neurological conditions, including multiple sclerosis, Alzheimer's disease, spinal muscular atrophy, and rare diseases. Biogen reported revenues of $2.74 billion, up 3.4% year on year, outperforming analysts’ expectations by 12.1%. The business had an incredible quarter with a solid beat of analysts’ full-year EPS guidance estimates. The market seems happy with the results as the stock is up 6.6% since reporting. It currently trades at $219.17. Founded in 1991 as one of the pioneers in translating genetic discoveries into clinical applications, Myriad Genetics MYGN develops genetic tests that assess disease risk, guide treatment decisions, and provide insights across oncology, women's health, and mental health. Myriad Genetics reported revenues of $190.7 million, down 10.5% year on year, falling short of analysts’ expectations by 8.2%. It was a disappointing quarter as it posted full-year revenue guidance missing analysts’ expectations and a significant miss of analysts’ EPS estimates. Myriad Genetics delivered the weakest performance against analyst estimates and weakest full-year guidance update in the group. As expected, the stock is down 25.3% since the results and currently trades at $4.01. Read our full analysis of Myriad Genetics’s results here. From its groundbreaking work in developing the first single-tablet regimens for HIV treatment, Gilead Sciences GILD develops and markets innovative medicines for life-threatening diseases including HIV, viral hepatitis, COVID-19, and cancer. Gilead Sciences reported revenues of $7.80 billion, up 10.2% year on year. This print beat analysts’ expectations by 6.2%. Overall, it was a very strong quarter as it also logged a solid beat of analysts’ full-year EPS guidance estimates and a beat of analysts’ EPS estimates. The stock is up 10.4% since reporting and currently trades at $149.30. Read our full, actionable report on Gilead Sciences here, it’s free. Rising to global prominence during the COVID-19 pandemic with one of the first effective vaccines, Moderna MRNA develops messenger RNA (mRNA) medicines that direct the body's cells to produce proteins with therapeutic or preventive benefits for various diseases. Moderna reported revenues of $145 million, up 2.1% year on year. This result surpassed analysts’ expectations by 35.8%. Overall, it was an exceptional quarter as it also produced a beat of analysts’ EPS estimates. Moderna delivered the biggest analyst estimate beat of the whole group. The stock is up 199% since reporting and currently trades at $172.89. Read our full, actionable report on Moderna here, it’s free. Select market data provided by ICE Data Services. Select reference data provided by FactSet. Copyright © 2026 FactSet Research Systems Inc.Copyright © 2026, American Bankers Association. CUSIP Database provided by FactSet Research Systems Inc. All rights reserved. SEC filings and other documents provided by Quartr.© 2026 TradingView, Inc.",https://www.tradingview.com/news/stockstory:72412aecf094b:0-reflecting-on-therapeutics-stocks-q2-earnings-abbvie-nyse-abbv/
ABBV,Nvidia-Backed AI Drug Startup Iambic Therapeutics Files For IPO - NVIDIA (NASDAQ:NVDA) - benzinga.com,2026-09-22 02:00:43,"This website is using a security service to protect itself from online attacks. The action you just performed triggered the security solution. There are several actions that could trigger this block including submitting a certain word or phrase, a SQL command or malformed data. You can email the site owner to let them know you were blocked. Please include what you were doing when this page came up and the Cloudflare Ray ID found at the bottom of this page. Cloudflare Ray ID: a3f625a0a82f3443
•

        Your IP:
        Click to reveal
172.212.169.153
•

Performance & security by Cloudflare",https://www.benzinga.com/markets/ipos/26/09/61911445/nvidia-backed-ai-drug-discovery-startup-iambic-therapeutics-files-for-ipo
ABBV,RNA therapy company Adarx Pharmaceuticals (ADRX.US) plans to raise up to $372 million in a U.S. IPO; pharmaceutical giant AbbVie (ABBV.US) has agreed to invest up to $100 million - Bitget,2026-09-21 23:48:07,"According to Market Watch, late-stage clinical RNA therapy company Adarx Pharmaceuticals is planning to raise up to $371.9 million through its initial public offering (IPO) in the United States. Based on the upper end of the proposed price range, the company's market capitalization after listing is expected to reach around $1.74 billion. According to documents filed by Adarx with the U.S. Securities and Exchange Commission (SEC) on Monday, the San Diego-based biotech company plans to issue 21.875 million shares at a price range of $15 to $17 per share. Based on investor presentation materials, the IPO is expected to be priced on September 24, and the company plans to list on the Nasdaq Global Market under the ticker symbol ""ADRX"". Adarx is backed by several well-known biopharmaceutical and institutional investors, including OrbiMed Advisors. Meanwhile, pharmaceutical giant AbbVie (ABBV.US), which has established a collaboration with Adarx, also plans to further become a shareholder. According to the prospectus, AbbVie has agreed to purchase Adarx shares through a private placement at the IPO price, with an investment not exceeding $100 million. Upon completion of the transaction, AbbVie is expected to hold approximately 4.9% of Adarx's shares. Adarx primarily develops small interfering RNA (siRNA) drugs targeting a range of indications including ophthalmic diseases, kidney diseases, obesity, and Alzheimer's disease. siRNA therapies work by intervening in the expression of specific genes, addressing diseases at the genetic level, without causing permanent changes to the patient’s genome or DNA. With the continuous advancement of RNA-based drug technologies, this field has become one of the primary areas of focus for major global pharmaceutical and biotech companies in recent years. Currently, Adarx has three candidate therapies in clinical development and two more projects in the preclinical stage. However, like most biotech companies still in the R&D phase, Adarx is not yet profitable. According to the prospectus, the company recorded a net loss of $48.4 million and collaboration revenue of $2.9 million for the six months ended June 30; in the same period last year, net loss was $33.6 million and collaboration revenue was only $208,000. AbbVie not only plans to participate in this IPO, but has also previously established a significant R&D partnership with Adarx. In May 2025, Adarx reached a collaboration agreement with AbbVie, receiving a $335 million upfront payment. Under the relevant cooperation terms, Adarx is also eligible for billions in potential additional payments including option fees, R&D and commercialization milestone payments, as well as tiered royalties based on sales. AbbVie's plan to further invest in Adarx concurrent with the IPO also means the relationship between the two parties will extend from R&D collaboration to the equity level. The shareholder line-up behind Adarx is also drawing market attention. According to the prospectus, after the IPO, OrbiMed’s shareholding is expected to drop from 31% to 23%, but will still make it a major shareholder. LAV’s shareholding is expected to decrease from 16% to 12%; Adarx CEO Zhen Li’s stake will fall from 13% to 10%; SR One’s holding will drop from 11% to 8.2%. In addition, Adarx’s previous fundraising has also attracted many major Wall Street investment institutions. In 2023, Bain Capital Life Sciences and TCGX co-led Adarx’s $200 million Series C financing round, while BlackRock, Invus, Marshall Wace, and T. Rowe Price joined as new investors. This IPO is co-led by J.P. Morgan, Morgan Stanley, TD Securities, UBS Group, and LifeSci Capital. If priced at the upper end of the range at $17 per share, Adarx could raise about $371.9 million through the issuance of 21.875 million shares and achieve an estimated listing value of $1.74 billion. Meanwhile, AbbVie’s concurrent private investment of up to $100 million will further provide funding for R&D. U.S. President Donald Trump disclosed in a document released on Tuesday that over 1,100 securities transactions were conducted on his behalf in July. After Berkshire Hathaway acquired nearly 10% of the troubled homebuilder Lennar Corporation, Lennar's stock price soared.",https://www.bitget.com/amp/news/detail/12560605853213
ABBV,What’s Really Driving AbbVie (NYSE:ABBV) Beyond Healthcare Demand? - Kalkine Media,2026-09-21 21:20:00,"Hey ! We have sent you a verification e-mail. Please follow the instructions on the e-mail to complete your registration. If you can't find it,
                    Please check your spam folder Atlanticus (NASDAQ:ATLC): What's Driving Its Latest Rating Update Toda... Is Duke Energy (NYSE:DUK) Stock Worth Watching Today? Is Southern Company (NYSE:SO) Stock Worth Watching Today? Is American Electric Power (NASDAQ:AEP) Stock Worth Watching Today? Make Kalkine Media

                                       My Trusted Source The current tape is being pulled between bond yields, energy costs, trade headlines and individual company results. AbbVie 
(NYSE:ABBV)

Healthcare

            AbbVie Inc (NYSE:ABBV)
        


                        265.21
                                                    USD


                        +0.730
                    

↑
                        0.276%
                    

Last Updated at: 2026-09-22T20:04:00Z


 is positioned within that backdrop through Defensive healthcare demand as the sector starts the week firm. The wider market remains discerning, rewarding demonstrated execution over sweeping narratives. That mix leaves room for company-level detail to matter as much as the wider market tape. Borrowing costs are back in focus as yields stay elevated. Persistent yield pressure shapes discount rates and shifts appeal across business types. For AbbVie, the practical impact runs through its financing needs and how exposed its customers are to higher rates. Indirect pressure builds as elevated rates work their way through consumer and business budgets alike. Demand trends remain the key thread running through the AbbVie narrative. The specific markers vary across industries, yet order activity and client commitment timelines remain widely relevant. Current conditions can blur these signals, as elevated financing costs hit different customer segments unevenly. A focus on disclosed operating detail beats relying on broad sentiment when judging demand. Trade developments add another layer to the current market setting. Recent discussions between American and Chinese officials have touched on commerce and technology access. AbbVie sits apart from the direct headlines, but broader trade conditions can still shape sourcing and demand indirectly. Businesses with diversified supplier networks and clear procurement processes tend to be better placed to manage disruption. AbbVie's competitive setting involves more than a simple rivalry with its closest peers. Customers can change preferences, suppliers can gain or lose bargaining power, and new technology can alter established workflows. This period offers a useful point for judging whether the business is positioned around durable needs or shorter-lived themes. Sources of advantage differ by business, yet disciplined execution tends to matter across all of them. Digital capability continues to matter as an operating theme across many industries, not just tech-labeled ones. Data tools and automation are steadily woven into service delivery, planning and productivity. For AbbVie, what counts is technology that measurably improves operations rather than technology as branding. Firms that can show technology translating into real operating gains tend to attract attention in a selective market. Upcoming company communications can clarify several themes without requiring guesswork about market direction. Relevant themes to track: demand commentary, strategic priorities, cost management and environmental change. For AbbVie 
(NYSE:ABBV)

Healthcare

            AbbVie Inc (NYSE:ABBV)
        


                        265.21
                                                    USD


                        +0.730
                    

↑
                        0.276%
                    

Last Updated at: 2026-09-22T20:04:00Z


, fresh disclosures can indicate whether Defensive healthcare demand as the sector starts the week firm is gaining or losing weight within the broader operating picture. A quieter reporting stretch elsewhere in the market means company-specific news here may carry extra weight. Editorially speaking, AbbVie provides a clean case study in how business execution meets larger market currents. The current backdrop is not defined by a single dominant factor, since rates, energy and trade tone are all moving at once. Different industries feel these forces differently, making the interaction between fundamentals and backdrop the real story. A useful frame for AbbVie is the durability of the activities behind its core franchise, built on customer relationships and operating scale specific to its field. How costs are managed continues to matter for the broader picture. Businesses broadly are weighing labor, technology, logistics and financing costs against the need to protect service quality. AbbVie is exposed to that same balancing act through its own operating structure. Strong execution often shows in disciplined prioritization rather than dependence on a favorable external backdrop. Uneven rotation across sectors continues to be a relevant part of the broader picture. Attention has stayed with technology, healthcare has held its defensive appeal, and energy continues to move with crude. That mixed pattern means a company such as AbbVie can trade on a blend of sector forces and company-specific expectations. Relying only on a broad marker such as the S&P 500 can obscure company-specific factors that carry more weight long term. Separating durable business trends from short-term price swings matters, especially in a fast-moving news cycle. Price action can follow the sector regardless of whether the company has released new information. For AbbVie, that gap is relevant because its narrative is closely bound to Defensive healthcare demand as the sector starts the week firm. Anchoring any view in confirmed operating detail, rather than sentiment alone, tends to produce a steadier read  a discipline worth applying across the wider Healthcare Stocks group as well. AbbVie approaches the period with Defensive healthcare demand as the sector starts the week firm as the defining focus. The combination of steady rates, energy shifts and trade developments will affect companies unevenly. For AbbVie, the key signals to watch remain demand strength, disciplined execution and transparent communication. The next meaningful update can help establish whether current themes are translating into lasting business change or simply reflecting the backdrop of this particular stretch. The content, including but not limited to any articles, news, quotes, information, data, text, reports, ratings, opinions, images, photos, graphics, graphs, charts, animations and video (Content) is a service of Kalkine Media LLC (Kalkine Media, we or us) and is available for personal and non-commercial use only. The principal purpose of the Content is to educate and inform.  The Content does not contain or imply any recommendation or opinion intended to influence your financial decisions and must not be relied upon by you as such. Some of the Content on this website may be sponsored/non-sponsored, as applicable, but is NOT a solicitation or recommendation to buy, sell or hold the stocks of the company(s) or engage in any investment activity under discussion. Kalkine Media is neither licensed nor qualified to provide investment advice through this platform. Users should make their own enquiries about any investments and Kalkine Media strongly suggests the users to seek advice from a financial adviser, stockbroker or other professional (including taxation and legal advice), as necessary. Kalkine Media hereby disclaims any and all the liabilities to any user for any direct, indirect, implied, punitive, special, incidental or other consequential damages arising from any use of the Content on this website, which is provided without warranties.
The views expressed in the Content by the guests, if any, are their own and do not necessarily represent the views or opinions of Kalkine Media. Some of the images/music that may be used on this website are copyright to their respective owner(s). Kalkine Media does not claim ownership of any of the pictures/music displayed/used on this website unless stated otherwise. The images/music that may be used on this website are taken from various sources on the internet, including paid subscriptions or are believed to be in public domain. We have used reasonable efforts to accredit the source (public domain/CC0 status) to where it was found and indicated it, as necessary. Space Exploration Technologies Corp. Class A Common Stock Welcome to Kalkine Media Pty Ltd. website. Your website access and usage is governed by the
                    applicable  Terms of Use
                    & Privacy Policy. Welcome to Kalkine Media LLC website. Your website access and usage is governed by the applicable Terms and Conditions &
                    Privacy Policy. Welcome to Kalkine Media New Zealand Limited website. Your website access and usage is governed by
                    the applicable Terms and
                        Conditions & Privacy
                        Policy. Welcome to Kalkine Media Incorporated website. Your website access and usage is governed by the
                    applicable Terms and
                        Conditions & Privacy
                        Policy. Welcome to Kalkine Media Limited website. Your website access and usage is governed by the
                    applicable Terms of Use &
                    Privacy Policy. Welcome to Kalkine Media Limited website. Your website access and usage is governed by the
                    applicable Terms of Use &
                    Privacy Policy. Welcome to Kalkine Media Limited website. Your website access and usage is governed by the
                    applicable Terms of Use &
                    Privacy Policy. Welcome to Kalkine Media Limited website. Your website access and usage is governed by the
                    applicable Terms of Use &
                    Privacy Policy. Welcome to Kalkine Media Limited website. Your website access and usage is governed by the
                    applicable Terms of Use &
                    Privacy Policy. Welcome to Kalkine Media Limited website. Your website access and usage is governed by the
                    applicable Terms of Use &
                    Privacy Policy. Welcome to Kalkine Media Limited website. Your website access and usage is governed by the
                    applicable Terms of Use &
                    Privacy Policy. Welcome to Kalkine Media Limited website. Your website access and usage is governed by the
                    applicable Terms of Use &
                    Privacy Policy. Welcome to Kalkine Media Limited website. Your website access and usage is governed by the
                    applicable Terms of Use &
                    Privacy Policy. Welcome to Kalkine Media Limited website. Your website access and usage is governed by the
                    applicable Terms of Use &
                    Privacy Policy. Welcome to Kalkine Media Limited website. Your website access and usage is governed by the
                    applicable Terms of Use
                    & Privacy Policy. Welcome to Kalkine Media Limited website. Your website access and usage is governed by the
                    applicable Terms of Use &
                    Privacy Policy. Welcome to Kalkine Media Limited website. Your website access and usage is governed by the
                    applicable Terms of Use &
                    Privacy Policy. Welcome to Kalkine Media Limited website. Your website access and usage is governed by the
                    applicable Terms of Use &
                    Privacy Policy. Welcome to Kalkine Media Limited website. Your website access and usage is governed by the
                    applicable Terms of Use &
                    Privacy Policy. Welcome to Kalkine Media Limited website. Your website access and usage is governed by the
                    applicable Terms of Use &
                    Privacy Policy. مرحبًا بكم في موقع Kalkine Media Limited. يخضع الوصول إلى موقع الويب الخاص بك واستخدامه لما هو معمول
                    بهشروط الاستخدام & سياسة الخصوصية. Bienvenue sur le site Web de Kalkine Media Limited. L'accès et l'utilisation de votre site Web sont
                    régis par les Conditions
                        d'utilisation & Politique
                        de confidentialité. Bienvenido al sitio web de Kalkine Media Limited. El acceso y el uso de su sitio web se rigen por
                    los Términos de uso y Política de privacidad. Willkommen auf der Website von Kalkine Media Limited. Der Zugriff und die Nutzung Ihrer Website
                    unterliegen den geltenden Nutzungsbedingungen & Datenschutzerklärung. Willkommen auf der Website von Kalkine Media Limited. Der Zugriff und die Nutzung Ihrer Website
                    unterliegen den geltenden Nutzungsbedingungen & Datenschutzerklärung.",https://kalkinemedia.com/us/stocks/healthcare/whats-really-driving-abbvie-nyseabbv-beyond-healthcare-demand
ABBV,"RNA therapeutics company Adarx Pharmaceuticals (ADRX.US) plans to raise up to $372 million in a U.S. initial public offering (IPO), with pharmaceutical giant AbbVie (ABBV.US) having agreed to invest up to $100 million. - Moomoo",2026-09-21 18:00:44,"We use cookies and other tracking technologies to improve your experience, analyse site performance, show customised ads, and measure the effectiveness of our ads. By accepting, you are agreeing to our and our partners’ use of these technologies. Some of these technologies are essential for our site to work, but you can control how we use non-essential technologies. To opt out of non-essential marketing cookies, click the button ""Reject Non-essential"" position. You can manage your preferences at any time through settings. For more information, see our Privacy Policy and Your Privacy Choices. Adarx Pharmaceuticals, an RNA‑therapeutics company in the late stages of clinical development, plans to raise up to $371.9 million through an initial public offering (IPO) in the United States. Zhitong Finance APP learned that Adarx Pharmaceuticals, an RNA‑therapeutics company in late‑stage clinical development, plans to raise up to $371.9 million through a U.S. initial public offering (IPO). Based on the upper end of the proposed price range, the company's post‑IPO market capitalization is expected to reach approximately $1.74 billion. According to documents filed with the U.S. Securities and Exchange Commission (SEC) on Monday, the San Diego–based biotechnology company plans to issue 21.875 million shares at a price range of $15 to $17 per share. Based on investor presentation materials, the IPO is expected to be priced on September 24, with the company planning to list on the Nasdaq Global Market under the ticker symbol ""ADRX."" Adarx is backed by several prominent biopharmaceutical companies and institutional investors, including OrbiMed Advisors. Meanwhile, AbbVie (ABBV.US), a pharmaceutical giant that has partnered with Adarx, also plans to become an additional shareholder. According to the prospectus, AbbVie has agreed to purchase Adarx shares through a private placement at the IPO offering price, with an investment cap of up to $100 million. Upon completion of the transaction, AbbVie is expected to hold approximately 4.9% of Adarx's shares. Adarx primarily develops small interfering RNA (siRNA) therapeutics, with target indications spanning ophthalmic diseases, kidney disorders, obesity, Alzheimer's disease, and more. SiRNA-based therapies modulate the expression of specific genes, addressing disease mechanisms at the genetic level without inducing permanent alterations to the patient's genome or DNA. As RNA‑based drug technologies continue to mature, this field has emerged in recent years as one of the key strategic priorities for major pharmaceutical companies and biotechnology firms worldwide. Currently, Adarx has three candidate therapies in clinical development and two additional programs in the preclinical stage. However, like most biotech companies still in the R&D phase, Adarx remains unprofitable. According to its prospectus, for the six months ended June 30, the company reported a net loss of $48.4 million and collaboration revenue of $2.9 million; in the same period last year, the net loss was $33.6 million, with collaboration revenue of only $208,000. AbbVie not only plans to participate in this IPO but has also previously established a substantial R&D collaboration with Adarx. In May 2025, Adarx entered into a collaboration agreement with AbbVie and received an upfront payment of $335 million. Under the terms of the agreement, Adarx is eligible to receive additional potential payments totaling several billion dollars, including option‑related fees, R&D and commercialization milestone payments, as well as tiered royalties based on sales. AbbVie's plan to make an additional investment in Adarx concurrently with its IPO also signals that the two parties' relationship will expand beyond R&D collaboration to encompass equity‑level engagement. The shareholder lineup behind Adarx has also drawn significant market attention. According to the prospectus, following the IPO, OrbiMed's stake is expected to decline from its current 31% to 23%, though it will remain a major shareholder. LAV's holding is projected to fall from 16% to 12%; Adarx CEO Zhen Li's shareholding will decrease from 13% to 10%; and SR One's stake will drop from 11% to 8.2%. In addition, Adarx's previous funding rounds have also attracted numerous major Wall Street investment firms. In 2023, Bain Capital Life Sciences and TCGX co-led Adarx's $200 million Series C financing, with Blackrock, Invus, Marshall Wace, and T. Rowe Price among the new investors at the time. This IPO is being underwritten by JPMorgan, Morgan Stanley, The Toronto-Dominion Bank, UBS Group, and LifeSci Capital. If priced at the top end of the $17-per-share range, Adarx could raise approximately $371.9 million by issuing 21.875 million shares, valuing the company at about $1.74 billion. Meanwhile, a concurrent private placement of up to $100 million from AbbVie will further provide the company with R&D funding. Illegal and Violation Use the share button in your browser  to share the page with your friends Investment products and services are offered through Moomoo Financial Inc., Member SIPC./FINRA. For further information about Moomoo Financial Inc., please visit Financial Industry Regulatory Authority (FINRA)’s BrokerCheck. Options trading entails significant risk and is not appropriate for all customers. It is important that investors read Characteristics and Risks of Standardized Options before engaging in any options trading strategies. Options transactions are often complex and may involve the potential of losing the entire investment in a relatively short period of time. Certain complex options strategies carry additional risk, including the potential for losses that may exceed the original investment amount. Supporting documentation for any claims, if applicable, will be furnished upon request. $0 commission trading is available only to U.S. residents trading in the U.S. markets through Moomoo Financial Inc. Other fees may apply. For more info, visit moomoo.com/us/pricing Investing involves risk and the potential to lose principal. Electronic trading also involves risks. The responsiveness of the trading system may vary due to market conditions, system performance, and other factors. Account access and trade execution may be affected by factors such as market volatility. Investment products are not insured by the FDIC, not a deposit, and may decline in value. The services and products offered on the website are subject to applicable laws and regulations, as well as relevant service terms and policies. The services and products are not available to all customers or in all geographic areas or in any jurisdiction where it is unlawful for us to offer such services and products. Company Address：Moomoo Financial Inc. and Moomoo Technologies Inc, 185 Hudson St Ste. 2600, Jersey City, NJ 07302 Copyright © 2026 Moomoo Technologies Inc. All Rights Reserved.",https://www.moomoo.com/news/post/76544193/rna-therapeutics-company-adarx-pharmaceuticals-adrxus-plans-to-raise-up?level=1&data_ticket=1790129064340805
ABBV,Rep. Pete Sessions Has Sold Up to $100K Worth Of AbbVie Stock: Here’s What You Should Know - benzinga.com,2026-09-21 15:00:18,"This website is using a security service to protect itself from online attacks. The action you just performed triggered the security solution. There are several actions that could trigger this block including submitting a certain word or phrase, a SQL command or malformed data. You can email the site owner to let them know you were blocked. Please include what you were doing when this page came up and the Cloudflare Ray ID found at the bottom of this page. Cloudflare Ray ID: a3f62532cbd03443
•

        Your IP:
        Click to reveal
172.212.169.153
•

Performance & security by Cloudflare",https://www.benzinga.com/government/26/09/61899099/rep-pete-sessions-has-sold-100k-worth-abbvie-stock-here-s-what-you-should-know
ABBV,ABBV Looks 19.5% Overvalued on GF Value™ - GuruFocus,2026-09-21 14:39:05,"This website is using a security service to protect itself from online attacks. The action you just performed triggered the security solution. There are several actions that could trigger this block including submitting a certain word or phrase, a SQL command or malformed data. You can email the site owner to let them know you were blocked. Please include what you were doing when this page came up and the Cloudflare Ray ID found at the bottom of this page. Cloudflare Ray ID: a3f624ebdfa09126
•

        Your IP:
        Click to reveal
172.212.169.153
•

Performance & security by Cloudflare",https://www.gurufocus.com/news/9089772/abbv-looks-195-overvalued-on-gf-value
ABBV,ABBV Looks 19.5% Overvalued on GF Value™ as Dividend Sustainabil - GuruFocus,2026-09-21 13:08:43,"This website is using a security service to protect itself from online attacks. The action you just performed triggered the security solution. There are several actions that could trigger this block including submitting a certain word or phrase, a SQL command or malformed data. You can email the site owner to let them know you were blocked. Please include what you were doing when this page came up and the Cloudflare Ray ID found at the bottom of this page. Cloudflare Ray ID: a3f625055a359126
•

        Your IP:
        Click to reveal
172.212.169.153
•

Performance & security by Cloudflare",https://www.gurufocus.com/news/9089822/abbv-looks-195-overvalued-on-gf-value-as-dividend-sustainability-remains-key
ABBV,AbbVie and Iambic Announce Collaboration to Accelerate AI-driven Drug Discovery - Investing News Network,2026-09-21 13:04:18,"AbbVie (NYSE: ABBV) and Iambic, a clinical-stage life sciences and technology company developing novel medicines through its AI-driven discovery and development platform, today announced a multi-year collaboration to accelerate the discovery and development of small molecule therapies with first-in-class and best-in-class potential across immunology, neuroscience and oncology. The companies will leverage Iambic's AI platform to improve the efficiency and success of identifying promising new drug candidates. ""We are excited about the purpose-built AI capabilities Iambic is bringing to our Discovery scientists,"" said Nicholas Donoghoe, M.D., executive vice president and chief business and strategy officer, AbbVie. ""We believe AI will be a powerful catalyst for scientific innovation across AbbVie. By equipping our teams with fit-for-purpose AI solutions, we can accelerate discovery, expand what is possible in R&D and significantly advance our commitment to making a remarkable impact for patients."" ""Combining Iambic's platform with the drug-hunting expertise of AbbVie scientists can help us make more precise decisions about the molecules we pursue,"" said Jonathon Sedgwick, Ph.D., senior vice president and global head of discovery research, AbbVie. ""The goal of our collaboration with Iambic is to design better molecules more efficiently and improve our probability of success, ultimately to deliver breakthrough medicines for patients sooner."" In traditional small molecule discovery, scientists evaluate dozens of properties for each candidate individually. Iambic's molecular superintelligence platform is powered by Enchant and NeuralPLexer, technologies designed to optimize the full range of candidate properties simultaneously, increasing the chance of making better molecules while reducing drug discovery timelines. The collaboration will utilize Enchant v3, Iambic's next-generation multimodal transformer model that combines biomedical data modalities from across the drug discovery process and enables many drug design hypotheses to be tested in parallel and at scale. Enchant v3 is designed to achieve industry-leading prediction accuracy across drug discovery and development and is trained on over 6,000 molecular properties. ""Iambic's mission is to make better technology for better medicines — in our own hands and with partners,"" said Tom Miller, Ph.D., Co-Founder and CEO, Iambic. ""We are eager to bring Iambic's molecular superintelligence platform to bear alongside AbbVie's world-class team to address unmet patient need. We anticipate an impactful collaboration — for Iambic, for AbbVie, and for the patients we serve."" Under the terms of the collaboration, Iambic will receive an upfront payment and is eligible to receive success-based milestone payments and tiered royalties on net sales from products generated from the collaboration. AI@AbbVie is AbbVie's enterprise approach to using artificial intelligence (AI) to advance scientific innovation, strengthen business outcomes and improve how medicines are discovered, developed and delivered to patients. AI is an important enabler of our mission, helping employees enhance productivity, strengthen decision-making and accelerate progress across R&D, operations and other core business functions. Guided by human expertise, responsible governance and a commitment to meaningful impact, we are embedding AI across the enterprise to accelerate innovation and help improve patients' lives. AbbVie's mission is to discover and deliver innovative medicines and solutions that solve serious health issues today and address the medical challenges of tomorrow. We strive to have a remarkable impact on people's lives across several key therapeutic areas including immunology, neuroscience and oncology – and products and services in our Allergan Aesthetics portfolio. For more information about AbbVie, please visit us at www.abbvie.com. Follow @AbbVie on LinkedIn, Facebook, Instagram, X and YouTube. Iambic's mission is to make better technology for better medicines. By utilizing molecular superintelligence — integrating proprietary AI with automated, scalable chemistry and biology experimentation — our platform is designed to address the totality of drug discovery and development. The utility of our platform has been demonstrated by the discovery of a novel drug candidate advanced to clinic in approximately two years, along with a diverse preclinical pipeline. Our leading AI technologies include Enchant and NeuralPLexer for multimodal endpoint prediction designed to improve the speed, precision, and success rates of drug discovery and clinical development. At Iambic, we are building an engine that is designed to power the future of medicine. | iambic.ai Some statements in this news release are, or may be considered, forward-looking statements for purposes of the Private Securities Litigation Reform Act of 1995. The words ""believe,"" ""expect,"" ""anticipate,"" ""project"" and similar expressions and uses of future or conditional verbs, generally identify forward-looking statements. AbbVie cautions that these forward-looking statements are subject to risks and uncertainties that may cause actual results to differ materially from those expressed or implied in the forward-looking statements. Such risks and uncertainties include, but are not limited to, challenges to intellectual property, competition from other products, difficulties inherent in the research and development process, adverse litigation or government action, changes to laws and regulations applicable to our industry, the impact of global macroeconomic factors, such as economic downturns or uncertainty, international conflict, trade disputes and tariffs, and other uncertainties and risks associated with global business operations. Additional information about the economic, competitive, governmental, technological and other factors that may affect AbbVie's operations is set forth in Item 1A, ""Risk Factors,"" of AbbVie's 2025 Annual Report on Form 10-K, which has been filed with the Securities and Exchange Commission, as updated by its Quarterly Reports on Form 10-Q and in other documents that AbbVie subsequently files with the Securities and Exchange Commission that update, supplement or supersede such information. AbbVie undertakes no obligation, and specifically declines, to release publicly any revisions to forward-looking statements as a result of subsequent events or developments, except as required by law. View original content:https://www.prnewswire.com/news-releases/abbvie-and-iambic-announce-collaboration-to-accelerate-ai-driven-drug-discovery-302883724.html You will be
                    notified when this event occurs. No additional settings needed.",https://investingnews.com/abbvie-and-iambic-announce-collaboration-to-accelerate-ai-driven-drug-discovery/
ABBV,"AbbVie, Iambic Sign Multiyear Drug Discovery Deal - Bitget",2026-09-21 12:47:00,"Royal Caribbean is close to finalizing a 3 billion dollar deal to acquire a 50% stake in Sandals. HSBC analyst Mohamed Kalouf downgraded the rating of streaming giant Netflix (NFLX.US) from ""Buy"" to ""Hold,"" and lowered the target price by 21% to $76.",https://www.bitget.com/amp/news/detail/12560605852364
ABBV,AbbVie announces collaboration agreement with Iambic: Can ABBV break above $266.24? - tradersunion.com,2026-09-21 12:25:33,"This website is using a security service to protect itself from online attacks. The action you just performed triggered the security solution. There are several actions that could trigger this block including submitting a certain word or phrase, a SQL command or malformed data. You can email the site owner to let them know you were blocked. Please include what you were doing when this page came up and the Cloudflare Ray ID found at the bottom of this page. Cloudflare Ray ID: a3f626070935da7a
•

        Your IP:
        Click to reveal
172.212.169.153
•

Performance & security by Cloudflare",https://tradersunion.com/news/companies/show/3411052-abbvie-stock-is-little-changed/
ABBV,Novo Nordisk Stock Drops 5.6% as 2030 Goals Match Peers - TradingView,2026-09-21 12:20:29,"Novo Nordisk A/S NVO shares fell 5.96% in Copenhagen trading, as the Danish drugmaker used its London Capital Markets Day to lay out 2030 strategic ambitions, the first full reset under new CEO Mike Doustdar. The company said it wants revenue from 2026 to 2030 to grow at a compound annual rate ""in line with industry peers,"" a group it defined to include Eli Lilly LLY, AstraZeneca, Gilead GILD, Johnson & Johnson JNJ, AbbVie ABBV, among others. On the product side, Novo wants to launch more than five drugs with blockbuster potential by 2030 and generate over DKK 150 billion in risk-adjusted pipeline sales by 2035, backed by at least five Phase 3 programs each in obesity and diabetes and in other therapeutic areas. It also plans to scale oral GLP-1 manufacturing capacity tenfold and serve more than 60 million obesity patients globally by 2030, while keeping operating margin broadly stable and the dividend attractive. Select market data provided by ICE Data Services. Select reference data provided by FactSet. Copyright © 2026 FactSet Research Systems Inc.Copyright © 2026, American Bankers Association. CUSIP Database provided by FactSet Research Systems Inc. All rights reserved. SEC filings and other documents provided by Quartr.© 2026 TradingView, Inc.",https://www.tradingview.com/news/gurufocus:f13861ee9094b:0-novo-nordisk-stock-drops-5-6-as-2030-goals-match-peers/
ABBV,AbbVie partners with Iambic to use AI for faste... - Pluang,2026-09-21 12:18:59,"AbbVie and Iambic have entered a multi-year collaboration to accelerate the discovery of small molecule drugs using Iambic's AI-driven platform. This partnership aims to improve the efficiency and success rate of identifying new drug candidates in immunology, neuroscience, and oncology. Iambic's advanced AI technology, including its Enchant v3 model, will help test multiple drug design hypotheses simultaneously, reducing timelines and increasing precision. The collaboration supports AbbVie's commitment to innovation and delivering breakthrough medicines to patients faster. AbbVie shares trade at USD 262.53 on Pluang as of Sep 21, 2026 19:02 WIB, showing a slight 0.47% decrease in one day. The company holds a substantial market cap of $466.45 billion and offers a dividend yield of 2.62%. This collaboration announcement aligns with AbbVie's ongoing innovation efforts in the health sector, where it maintains a strong market presence. PepsiCo, AbbVie, and Coca-Cola are highlighted as top dividend stocks to buy before the third quarter ends due to their recession resilience, strong dividend histories, and positive 2026 outlooks. PepsiCo offers the highest yield at 4.31% with steady... The European Commission has approved RINVOQ (upadacitinib) for treating active polyarticular juvenile idiopathic arthritis (pJIA) in patients aged two years and older who have not responded well or are intolerant to other treatments. This approval is... AbbVie presented new data from real-world studies showing VRAYLAR (cariprazine) significantly improves depressive symptoms, functioning, and quality of life in adults with major depressive disorder (MDD) and bipolar I (BP-I) depression. These studies...",https://pluang.com/en/news-feed/kerjasama-abbvie-iambic-percepat-penemuan-obat-dengan-ai
ABBV,AbbVie Inc. (ABBV) Enters Multi‑Year AI Drug Discovery Collaboration With Iambic - TradingView,2026-09-21 12:00:00,"AbbVie announced a multi-year collaboration with Iambic to use its AI platform, including Enchant v3, to accelerate small-molecule discovery across immunology, neuroscience and oncology. Iambic will receive an upfront payment, milestones, and tiered royalties. This extends AbbVie's ongoing push to embed AI across R&D, an early-to-mid stage strategic trend rather than an immediate revenue event. For a larger catalyst, watch for disclosed milestones, program nominations, or clinical entries attributable to this collaboration. Based on the original press release from AbbVie Inc. distributed by PR Newswire. Select market data provided by ICE Data Services. Select reference data provided by FactSet. Copyright © 2026 FactSet Research Systems Inc.Copyright © 2026, American Bankers Association. CUSIP Database provided by FactSet Research Systems Inc. All rights reserved. SEC filings and other documents provided by Quartr.© 2026 TradingView, Inc.",https://www.tradingview.com/news/tradingview:ff898c47c87eb:0-abbvie-inc-abbv-enters-multi-year-ai-drug-discovery-collaboration-with-iambic/
ABBV,"HDB: HDFC Bank Limited - Stock Price, Quote and News | NYSE - TechGraph",2026-09-21 11:13:08,"Financials · Private Bank · Mumbai · India · Founded 1994 · 177,000 employees HDFC Bank Limited is an Indian banking and financial services company headquartered in Mumbai. Incorporated in August 1994, it officially commenced operations in January 1995 upon receiving its banking license from Reserve Bank of India. It is India's largest private sector bank by assets and market capitalisation. In 2025 HDFC… Financial statement fields will appear when the market-data feed provides usable fundamentals for this instrument. Price quotes and the 1D chart refresh every few seconds while this page stays open — no reload needed. Last trade is taken from the exchange feed where available; some venues delay 0–15 minutes. When the market is closed, the last recorded session price is shown. Fundamentals refresh on a slower schedule.",https://techgraph.co/stock-market/quote/hdb/
ABBV,AbbVie’s Bet on Biology: Why One Modality Is Never Enough in Lung Cancer - The Clinical Trial Vanguard,2026-09-20 19:01:58,"Adaptive Clinical Trial Design
Adaptive Trial Design
Addiction Psychiatry
AI in Clinical Trials
Alzheimer's Disease
Article
Artificial Intelligence in Clinical Trials
Clinical Operations
Clinical Research
Clinical Trial Design
Clinical Trial Operations
Clinical Trial Ops Brief
Clinical Trials
CLINOPS WATCHDOG
CNS Drug Development
CNS Trials
Conference Coverage
Decentralized Clinical Trials
Digital Health Technologies
dual diagnosis
eClinical Tech News
eClinical Technology
EMA
Executive Interviews
FDA Enforcement
FDA Guidance
FDA Real-World Evidence
FDA Regulation
FDA Regulatory Strategy
FDA Warning Letter
GCP Compliance
GLP-1 Receptor Agonists
Ketamine Therapy
Oncology Trials
Opinion
Parkinson's Disease
Platform Trials
Psilocybin MDMA
Psychedelic Clinical Trials
PSYCH PULSE
Real-World Evidence
site activation
Site Operations
study startup
Treatment-Resistant Depression Lung cancer remains one of the hardest cancers to treat, despite major advances in targeted therapy and immunotherapy. At WCLC 2026, AbbVie is presenting new clinical and translational research across its lung cancer pipeline, including first-line Phase 1b data for the investigational PD-1/VEGF bispecific ABBV-1480 and new research around the SEZ6-targeted antibody-drug conjugate (ADC) ABBV-706. Daejin Abidoye: What we’ve seen over the last decade, as our understanding of the biology of non-small cell lung cancer has evolved, is that this is a very heterogeneous disease. You have different oncogenic drivers, in addition to multiple mechanisms of resistance. So, for us, the question isn’t really which modality is better. It’s which biological problem each modality is best placed to address. ADCs give us a way to deliver targeted tumor-cell killing, while immunotherapies allow us to act on the immune mechanisms and tumor microenvironment around the cancer. Multimodality therapy has emerged as an important approach not only for achieving a response, but for trying to maintain durable remissions in patients with locally advanced or metastatic disease. We already see the foundation for that with chemotherapy and PD-1 checkpoint inhibitors in non-small cell lung cancer. Where we think we can go further is by using ADCs to bring more targeted cytotoxic activity and then layering that with next-generation immunotherapies. We think those complementary approaches hold a lot of promise for patients. Daejin Abidoye: The 90% response rate was very encouraging, but we didn’t look at that number in isolation. What gave us confidence to move into Phase 3 was the combination of the activity we were seeing across both squamous and non-squamous disease, the durability we were beginning to observe, and the dose-optimization work. At the recommended Phase 3 dose of 10 mg/kg, we saw an ORR of 90.0% in squamous NSCLC and 75.9% in non-squamous NSCLC. Progression-free survival was 11.8 months in squamous and 11.1 months in non-squamous NSCLC, and median overall survival had not been reached. We also evaluated both 10 mg/kg and 20 mg/kg. At the lower dose of 10 mg/kg, we were seeing strong responses alongside a manageable safety profile, and that allowed us to feel very confident selecting it as the recommended dose for Phase 3. What excites us about ABBV-1480 itself also comes down to some of its structural features. It’s built on what we believe is a potent PD-1 backbone. It has a silent Fc effector function, which we believe may help mitigate some of the immune-related effects we typically see with checkpoint inhibitors. And it has a unique VEGF epitope that we believe provides strong signal-blocking properties with regard to the anti-angiogenic interaction. So, it wasn’t simply, “we saw a 90% response rate, let’s go to Phase 3.” It was the totality of what we were seeing around activity, durability, dose, and the profile of the molecule that gave us that confidence. Daejin Abidoye: ABBV-706 is our investigational SEZ6-directed ADC with a Top1 inhibitor payload. What excites us about it are two things: the activity we’ve seen with our proprietary Top1 payload, and what we’re learning about SEZ6 itself as a potential therapeutic target in small cell lung cancer (SCLC). At WCLC, real-world research showed SEZ6 expression in 91% of patients with SCLC overall, and in more than 96% of patients with brain or liver metastases. What’s interesting to us about that is the breadth. It suggests SEZ6 may be relevant across a broad SCLC population rather than being confined to a very small subgroup. We’ve also previously presented data from patients treated at 1.8 mg/kg, the recommended Phase 3 dose. In a second-line-only patient population, we saw response rates of more than 80%, with overall survival of 14.3 months. The next question is where we can take it. We’ve already shared early data with ABBV-706 in combination with a PD-1 checkpoint inhibitor in a heavily pretreated population. That starts to give us a rationale for thinking about the molecule in earlier lines of therapy, where checkpoint inhibition is already part of the treatment landscape. Daejin Abidoye: In the second-line-plus patient population, we showed a confirmed objective response rate of 56%. But when we looked specifically at the second-line-only population, we saw a response rate of 82%. To see that level of activity with a single-agent ADC in patients who have already been through treatment gives us a lot of confidence in thinking about what an ADC could potentially do earlier in the treatment pathway. The way we think about it is that the ADC could drive a high level of tumor control and tumor reduction, and then when you combine that with an immunotherapy, the immunotherapy component may help extend the durability of those responses. That’s been our strategy, we’ve been vocal about it, and it’s encouraging to see data now being generated that give us confidence in the direction we’re taking. Daejin Abidoye: Tolerability has been key in our thinking from the start. It’s not just about putting patients on highly active therapies. It’s about whether patients can tolerate those therapies over time and stay on treatment long enough to benefit. With traditional chemotherapy in NSCLC, the current paradigm often involves an induction phase followed by maintenance. The induction phase is designed to maximize the initial cytotoxic response, but one of the reasons you then move to a gentler maintenance regimen is that those more intensive therapies can be difficult for patients to stay on long term. Now imagine if you could have a therapy that provides strong antitumor activity, but that patients can also tolerate for longer. For the patient, that potentially means fewer interruptions or dose modifications and more opportunity to remain on a treatment that is controlling their disease. And when we talk about improving outcomes, we also have to think about what treatment asks of the patient and the impact it has on their quality of life. That’s one of the reasons we’ve thought so carefully about both molecular design and biomarker selection with our ADCs. With Temab-A, for example, we have seen response rates of 51% to 60% in c-Met-expressing patients with EGFR wild-type disease, depending on the c-Met expression threshold, and 70% in c-Met-expressing patients with EGFR-mutant disease. For us, finding the right drug for the right patient is only part of the equation. We also want to develop treatments patients can remain on and potentially derive durable benefit from. Daejin Abidoye: I think where this field evolves over time is toward much more individualized care, and we’re already getting at that through biomarker selection. With traditional chemotherapy, you can treat a broad population, but not every patient responds, while every patient can potentially be exposed to toxicity. If you can use a biomarker to better identify the population most likely to benefit, you have an opportunity to improve that benefit-risk profile. We’ve done that already with our first-generation c-Met-directed ADC by identifying a high c-Met-expressing patient population, and we’re building on that experience with Temab-A. It also changes the way you can think about clinical trials. Rather than designing a very large study and then trying to work out afterward which patients benefited, you can increasingly use biomarkers at the front end to focus development on the patients you believe are most likely to respond. That has the potential to make development much more efficient. And this isn’t just about targeted therapies. We’ve already seen in NSCLC that PD-L1 expression can help us understand the likelihood of benefit from checkpoint inhibitors. As we get better at bringing those pieces of information together, I think we’re going to become much more sophisticated about matching treatment to individual tumor biology. The vision is a patient coming into the doctor’s office and the doctor being able to look at that patient’s biology and say, based on what we see in your tumor, this is the therapeutic approach that is most likely to benefit you. Daejin Abidoye: In the era of AI and machine learning, how we think about patient treatment, patient management and drug development will continue to evolve. One piece of that is identifying the right patient for the right drug at the right time, which we’ve already touched on. But another piece is predictability. The more near-term question is how we get better at predicting patterns of resistance. If a patient is treated with a drug and then loses response, what is the next therapy that patient should go on? This is an area of active research across the field. Our understanding of the underlying biomarker can give us a better sense of what that patient may benefit from next. Then there’s the broader drug-development timeline. Using targeted information, algorithms and machine learning to help us predict toxicity, safety, and the right dose more quickly. That could accelerate the path into Phase 3, where ultimately you have to answer whether a treatment can improve on the standard of care. There’s also the potential to use aggregated real-world data and machine learning to better understand how the current standard of care performs outside a clinical trial. If we can use those tools appropriately, there is an opportunity to get to answers faster, make development more efficient and ultimately bring medicines to patients sooner. Moe Alsumidaie is Chief Editor of The Clinical Trial Vanguard. Moe holds decades of experience in the clinical trials industry. Moe also serves as Head of Research at CliniBiz and Chief Data Scientist at Annex Clinical Corporation.",https://www.clinicaltrialvanguard.com/executiveinterviews/abbvies-bet-on-biology-why-one-modality-is-never-enough-in-lung-cancer/
ABBV,AbbVie expands biologics manufacturing capacity with a $223 million investment in Singapore manufacturing site - Singapore Economic Development Board (EDB),2026-09-20 07:00:00,"This website uses cookies to make sure you get the best experience on our website. You can find more information under our Privacy policy. By continuing to use our site, you accept our use of cookies and Privacy policy. For full details and to manage your preferences by category, click ""Manage preferences'. Necessary cookies help make a website usable by enabling basic functions like page navigation and access to secure areas of the website. The website cannot function properly without these cookies. Some of the data collected by this provider is for the purposes of personalization and measuring advertising effectiveness. The provider may use the IP Addresses for ads measurement and ads personalization. Functional cookies enable a website to remember information that changes the way the website behaves or looks, like your preferred language or the region that you are in. Statistic cookies help website owners to understand how visitors interact with websites by collecting and reporting information anonymously. Marketing cookies are used to track visitors across websites. The intention is to display ads that are relevant and engaging for the individual user and thereby more valuable for publishers and third party advertisers. Some of the data collected by this provider is for the purposes of personalization and measuring advertising effectiveness. The provider may use the IP Addresses for ads measurement and ads personalization. When you visit any website, it may store or retrieve information on your browser, mostly in the form of cookies. This information might be about you, your preferences or your device and is mostly used to make the site work as you expect it to. The information does not usually directly identify you, but it can give you a more personalized web experience. Because we respect your right to privacy, you can choose not to allow some types of cookies. Click on the different category headings to find out more and change our default settings. However, blocking some types of cookies may impact your experience of the site and the services we are able to offer. AbbVie (NYSE: ABBV) strengthened its manufacturing capabilities by breaking ground Thursday on a new US$223 million (S$301 million) expansion of its Singapore manufacturing facility. This new investment will add more than 100 jobs and new biologics manufacturing capacity to AbbVie's global network. Located in Singapore's Tuas Biomedical Park, AbbVie's Singapore plant is a state-of-the-art small-molecule and biologics manufacturing facility serving markets worldwide. This new investment will add 24,000 liters of biologics drug-substance capacity to AbbVie's global manufacturing network and support current products as well as emerging immunology and oncology compounds within AbbVie's pipeline. ""This expansion announcement represents one of AbbVie's many investments in its Singapore-based operations and the proud continuation of our decade-long partnership with the Government of Singapore. The expansion of our Singapore site will strengthen our global manufacturing capabilities, support our growing biologics pipeline and help AbbVie continue delivering on our patient commitments now and in the future."" Azita Saleki-Gerhardt, Ph.D.Executive Vice President, Chief Operations OfficerAbbVie With today's announcement, AbbVie has invested more than US$740 million (S$1 billion) in acquiring, modernizing and expanding its Singapore facility over the past 10 years. When fully operational, the expanded Singapore manufacturing facility – AbbVie's only manufacturing site in Asia – will employ more than 500 people in manufacturing, quality assurance, supply chain, engineering and administration roles. ""We are delighted that AbbVie has chosen to expand its biologics capacity in Singapore for current and future innovative medicines. We are grateful for AbbVie’s continued trust in the strength of Singapore’s biopharmaceutical manufacturing capabilities and talent base. AbbVie’s investment will enhance Singapore’s leading advanced manufacturing ecosystem and create exciting job opportunities here."" Construction on the expansion will begin later this year, with operations expected to commence in 2026. AbbVie’s Singapore manufacturing plant is a part of AbbVie's Operations team, which consists of 14,000 employees working at more than 30 manufacturing, operations and logistics sites across the United States, Asia, Europe, Puerto Rico and South America.",https://www.edb.gov.sg/en/news-and-insights/abbvie-expands-biologics-manufacturing-capacity-with-a-223mil-investment-in-singapore
