ticker,title,date,content,url
ABBV,AbbVie (ABBV) Rises Higher Than Market: Key Facts - Yahoo! Finance Canada,2026-06-12 21:45:02,"Tip: Try a valid symbol or a specific company name for relevant results AbbVie (ABBV) ended the recent trading session at $227.73, demonstrating a +1.32% change from the preceding day's closing price. This change outpaced the S&P 500's 0.5% gain on the day. At the same time, the Dow added 0.7%, and the tech-heavy Nasdaq gained 0.31%. The stock of drugmaker has risen by 6.64% in the past month, leading the Medical sector's gain of 5.49% and the S&P 500's loss of 0.23%. Market participants will be closely following the financial results of AbbVie in its upcoming release. The company's upcoming EPS is projected at $3.79, signifying a 27.61% increase compared to the same quarter of the previous year. Our most recent consensus estimate is calling for quarterly revenue of $16.8 billion, up 8.93% from the year-ago period. ABBV's full-year Zacks Consensus Estimates are calling for earnings of $14.3 per share and revenue of $67.32 billion. These results would represent year-over-year changes of +43% and +10.07%, respectively. Investors might also notice recent changes to analyst estimates for AbbVie. Such recent modifications usually signify the changing landscape of near-term business trends. Consequently, upward revisions in estimates express analysts' positivity towards the business operations and its ability to generate profits. Empirical research indicates that these revisions in estimates have a direct correlation with impending stock price performance. To capitalize on this, we've crafted the Zacks Rank, a unique model that incorporates these estimate changes and offers a practical rating system. The Zacks Rank system, ranging from #1 (Strong Buy) to #5 (Strong Sell), possesses a remarkable history of outdoing, externally audited, with #1 stocks returning an average annual gain of +25% since 1988. Over the past month, the Zacks Consensus EPS estimate has shifted 0.12% downward. AbbVie presently features a Zacks Rank of #3 (Hold). From a valuation perspective, AbbVie is currently exchanging hands at a Forward P/E ratio of 15.72. This denotes a premium relative to the industry average Forward P/E of 15.58. It is also worth noting that ABBV currently has a PEG ratio of 0.69. The PEG ratio bears resemblance to the frequently used P/E ratio, but this parameter also includes the company's expected earnings growth trajectory. As of the close of trade yesterday, the Large Cap Pharmaceuticals industry held an average PEG ratio of 2.71. The Large Cap Pharmaceuticals industry is part of the Medical sector. This industry, currently bearing a Zacks Industry Rank of 113, finds itself in the top 47% echelons of all 250+ industries. The Zacks Industry Rank gauges the strength of our individual industry groups by measuring the average Zacks Rank of the individual stocks within the groups. Our research shows that the top 50% rated industries outperform the bottom half by a factor of 2 to 1. Be sure to follow all of these stock-moving metrics, and many more, on Zacks.com. Want the latest recommendations from Zacks Investment Research? Today, you can download 7 Best Stocks for the Next 30 Days. Click to get this free report This article originally published on Zacks Investment Research (zacks.com). Tip: Try a valid symbol or a specific company name for relevant results",https://ca.finance.yahoo.com/news/abbvie-abbv-rises-higher-market-214502031.html
ABBV,Forget Wall Street’s Ultimate Pharma Value Trap: Here Is a Far Better Stock to Buy Right Now - AOL.com,2026-06-12 18:47:03,"BMY's cheap valuation hides a generic cliff that slashed Revlimid 63%, while ABBV's Skyrizi and Rinvoq have already replaced Humira's lost revenue. AbbVie's neuroscience segment jumped 26%, Ubrelvy surged 41%, and obesity candidate ABBV-295 showed clinically meaningful weight loss in Phase 1 trials. Act now: the analyst who called NVIDIA in 2010 just named his top 10 AI stocks — and AbbVie didn't make the cut. Grab the names FREE today. Bristol Myers Squibb (NYSE:BMY) is the headline pharma name dividend hunters keep circling, drawn in by a 4.37% yield and a forward P/E of 9 that screams cheap. But the underlying numbers tell a different story. That low multiple is cheap for a reason. Bristol Myers is running headfirst into a generic cliff that the Growth Portfolio cannot fully paper over. Revlimid collapsed to $349 million in Q1 2026, down 63% year over year, Pomalyst fell 22% to $513 million after generic pomalidomide entered the U.S. market in March 2026, and Sprycel dropped 58%. Management is guiding the Legacy Portfolio to decline 12% to 16% for the full year. The damage already shows in the earnings line. Q1 2026 non-GAAP EPS came in at $1.58, down from $1.80 a year earlier. Q4 2025 EPS missed consensus by 22.70%, and full-year 2026 EPS guidance of $6.05 to $6.35 now sits below 2025's actual $6.15. The pipeline is throwing red flags too: the Reblozyl INDEPENDENCE trial in myelofibrosis failed, and the Milvexian Librexia ACS trial was stopped for lack of efficacy. Layer on roughly $33.6 billion in net debt, and the value angle starts looking like a trap. Eighteen of 29 analysts sit on Hold for a reason. AbbVie (NYSE:ABBV) already did the hard thing Bristol Myers still has to do. Three reasons it stands out right now. 1. The post-Humira transition is a finished story. Q1 2026 revenue hit $15.00 billion, up 12.4% year over year, beating the $14.72 billion consensus. Skyrizi delivered $4.48 billion, up 30.9%, and Rinvoq added $2.12 billion, up 23.3%. Those two more than absorbed the 38.6% decline in Humira to $688 million. Management responded by raising 2026 adjusted EPS guidance to $14.08 to $14.28. Act now: the analyst who called NVIDIA in 2010 just named his top 10 AI stocks — and AbbVie didn't make the cut. Grab the names FREE today. 2. The growth engine spans four therapeutic areas. Neuroscience pulled in $2.88 billion, up 26.0%, with Ubrelvy growing 41.4% and Qulipta up 53.6%. Botox Cosmetic rose 20.2% as aesthetics recovered. The FDA approved Venclexta with acalabrutinib as the first all-oral fixed-duration CLL regimen, and the non-incretin obesity candidate ABBV-295 showed clinically meaningful weight loss in Phase 1. That is diversification at scale. 3. The capital story is real. AbbVie is plowing $1.4 billion into a 185-acre Durham, NC manufacturing campus and $380 million into two new North Chicago API facilities, while operating at a 62.3% return on equity and a 70.2% gross margin. The quarterly dividend was raised 5.5% to $1.73 per share. CEO Robert A. Michael put it plainly: ""We are off to an excellent start in 2026, with first-quarter results exceeding our expectations."" The setup is straightforward. One stock is fighting gravity, with shares down 6.46% over the past month as the generic erosion thesis hardens. The other is compounding, with AbbVie up 18.97% over the past year and 131.74% over five years. For retirement-focused investors weighing pharma exposure, AbbVie's execution and diversification stand out against Bristol Myers' unproven turnaround. Act now: the analyst who called NVIDIA in 2010 just named his top 10 AI stocks — and AbbVie didn't make the cut. Grab the names FREE today.",https://www.aol.com/articles/forget-wall-street-ultimate-pharma-141334000.html
ABBV,Understanding the Setup: (ABBV) and Scalable Risk - Stock Traders Daily,2026-06-12 16:12:02,"Our AI models have generated three distinct trading strategies tailored to different risk profiles and holding periods. Each strategy incorporates sophisticated risk management parameters designed to optimize position sizing and minimize drawdown risk. Blue = Current Price
Red = Resistance
Green = Support Instant access — no password needed Get institutional-grade analysis with API integration and custom risk models. You're about to add ABBV to your personalized dashboard for ongoing analysis and alerts. To access your My Stocks dashboard and receive personalized analysis, you'll need to create a free account. © 2025 Stock Traders Daily - Quantitative Research Division. All rights reserved. | 📚 Full News Archive | 🍁 Canada Edition | 🇬🇧 UK Edition | 🌐 Crypto Edition",https://news.stocktradersdaily.com/news_release/24/Understanding_the_Setup:_ABBV_and_Scalable_Risk_061226041202_1781295122.html
ABBV,AbbVie Says Nine-Year Data Reinforces Venetoclax Benefit In Leukemia Patients - Benzinga,2026-06-12 14:30:54,"Oops! Something went wrong. Please try again soon or contact support@benzinga.com. A newsletter built for market enthusiasts by market enthusiasts. Top stories, top movers, and trade ideas delivered to your inbox every weekday before and after the market closes.",https://www.benzinga.com/news/health-care/26/06/53167789/abbvie-says-nine-year-data-reinforces-venetoclax-benefit-in-leukemia-patients
ABBV,AbbVie (ABBV) Reveals Promising Phase 3 Data on CLL Treatment - GuruFocus,2026-06-12 12:11:15,"This website is using a security service to protect itself from online attacks. The action you just performed triggered the security solution. There are several actions that could trigger this block including submitting a certain word or phrase, a SQL command or malformed data. You can email the site owner to let them know you were blocked. Please include what you were doing when this page came up and the Cloudflare Ray ID found at the bottom of this page. Cloudflare Ray ID: a0adbe2dda299c55
•

        Your IP:
        Click to reveal
20.231.101.34
•

Performance & security by Cloudflare",https://www.gurufocus.com/news/8913813/abbvie-abbv-reveals-promising-phase-3-data-on-cll-treatment?mobile=true
ABBV,AbbVie reports nine-year CLL14 trial data for Venclexta at EHA 2026 - grafa.com,2026-06-12 12:09:00,"AbbVie (NYSE:ABBV) announced long-term follow-up results from its landmark Phase 3 CLL14 clinical trial, reinforcing the durable efficacy of its BCL-2 inhibitor Venclexta (venetoclax) when used as a fixed-duration therapy. The final analysis, presented at the European Hematology Association (EHA) 2026 Congress in Stockholm, Sweden, tracked previously untreated chronic lymphocytic leukemia (CLL) patients over a nine-year period, demonstrating extended time off-treatment for individuals with coexisting medical conditions. The trial, conducted in partnership with the German CLL Study Group, randomized 432 patients to evaluate a 12-month fixed-duration regimen of Venclexta combined with obinutuzumab against a standard chlorambucil plus obinutuzumab chemoimmunotherapy control arm. Following a median follow-up of 9.2 years, patients treated with the Venclexta-based combination achieved a median progression-free survival (PFS) of 6.4 years, doubling the 3.2 years recorded in the control group. Furthermore, the data highlighted a median time to next treatment (TTNT) of 7.6 years for the Venclexta arm. This metric underscores the sustained durability of the response, allowing patients an extended treatment-free interval after completing the initial one-year regimen. The final safety profile proved consistent with prior trial readouts, characterized primarily by manageable hematologic adverse events such as neutropenia. Management noted that these longitudinal findings validate the foundational role of Venclexta in frontline CLL care, offering highly predictable disease control without the burden of continuous long-term dosing. Grafa is not a financial advisor. You should seek independent, legal, financial, taxation or other advice that relate to your unique circumstances. Grafa is not liable for any loss caused, whether due to negligence or otherwise arising from the use of or reliance on the information provided directly or indirectly, by use of this platform.",https://grafa.com/en/news/united-states/abbvie-leukemia-trial-longterm-data
ABBV,How Investors May Respond To AbbVie (ABBV) Leaning On Hematology And Migraine Portfolios Beyond Legacy Blockbusters - simplywall.st,2026-06-12 09:46:54,"AI is about to change healthcare. These 40 stocks are working on everything from early diagnostics to drug discovery. The best part - they are all under $10b in market cap - there's still time to get in early. To own AbbVie today, you need to believe its newer immunology, hematology and neuroscience franchises can collectively offset patent and pricing pressure on legacy cash cows. The latest CLL and migraine updates mostly reinforce, rather than change, the near term focus on pipeline execution as a key catalyst, while the biggest risk remains pricing and policy pressure on high value therapies. The European Commission’s expanded label for VENCLYXTO in first line CLL, using fixed duration combinations with acalabrutinib or ibrutinib, lines up closely with AbbVie’s CLL14 and AMPLIFY data at EHA. Together, these moves help clarify how hematology, alongside AQUIPTA’s growing migraine footprint, fits into the effort to deepen and diversify revenue beyond Humira, Skyrizi and Rinvoq. Yet, despite this progress, investors should be aware of how concentrated AbbVie still is in a few high priced drugs… AbbVie's narrative projects $79.1 billion revenue and $23.2 billion earnings by 2029. This requires 8.0% yearly revenue growth and a $19.6 billion earnings increase from $3.6 billion today. Uncover how AbbVie's forecasts yield a $253.55 fair value, a 13% upside to its current price. Three Simply Wall St Community fair value estimates for AbbVie span roughly US$253 to US$441, showing how far apart individual views can be. Some community members focus on hematology and neuroscience catalysts while others are more cautious about patent and pricing risks, so it is worth comparing several of these perspectives before forming your own view. Explore 3 other fair value estimates on AbbVie - why the stock might be worth just $253.55! Don't just follow the ticker - dig into the data and build a conviction that's truly your own. Our top stock finds are flying under the radar-for now. Get in early: This article by Simply Wall St is general in nature. We provide commentary based on historical data
    and analyst forecasts only using an unbiased methodology and our articles are not intended to be financial advice. It does not constitute a recommendation to buy or sell any stock, and does not take account of your objectives, or your
    financial situation. We aim to bring you long-term focused analysis driven by fundamental data.
    Note that our analysis may not factor in the latest price-sensitive company announcements or qualitative material.
    Simply Wall St has no position in any stocks mentioned. We've created the ultimate portfolio companion for stock investors, and it's free. • Connect an unlimited number of Portfolios and see your total in one currency• Be alerted to new Warning Signs or Risks via email or mobile• Track the Fair Value of your stocks Have feedback on this article? Concerned about the content? Get in touch with us directly. Alternatively, email editorial-team@simplywallst.com A research-based biopharmaceutical company, engages in the research and development, manufacturing, commercializing, and sale of medicines and therapies worldwide. Reasonable growth potential average dividend payer. Financial Data provided by S&P Global Market Intelligence LLC, analysis provided by Simply Wall Street Pty Ltd. Copyright © 2026, S&P Global Market Intelligence LLC. All rights reserved. Simply Wall Street Pty Ltd (ACN 600 056 611), is a Corporate Authorised Representative (Authorised Representative Number: 467183) of Sanlam Private Wealth Pty Ltd (AFSL No. 337927). Any advice contained in this website is general advice only and has been prepared without considering your objectives, financial situation or needs. You should not rely on any advice and/or information contained in this website and before making any investment decision we recommend that you consider whether it is appropriate for your situation and seek appropriate financial, taxation and legal advice. Please read our Financial Services Guide before deciding whether to obtain financial services from us. © 2026 Simply Wall Street Pty Ltd, US Design Patent #29/544/281, Community and European Design Registration #2845206",https://simplywall.st/stocks/us/pharmaceuticals-biotech/nyse-abbv/abbvie/news/how-investors-may-respond-to-abbvie-abbv-leaning-on-hematolo
ABBV,Nuveen LLC Grows Stock Position in AbbVie Inc. $ABBV - MarketBeat,2026-06-12 09:17:26,"Nuveen LLC raised its holdings in  AbbVie Inc. (NYSE:ABBV - Free Report) by 6.5% in the fourth quarter, according to the company in its most recent disclosure with the SEC. The fund owned 8,608,026 shares of the company's stock after buying an additional 524,495 shares during the quarter. AbbVie comprises  0.5% of Nuveen LLC's holdings, making the stock its 21st largest position. Nuveen LLC owned 0.49% of AbbVie worth $1,966,848,000 as of its most recent SEC filing. Several other institutional investors have also recently modified their holdings of ABBV. Vanguard Group Inc. grew its holdings in  AbbVie by 0.3% during the third quarter. Vanguard Group Inc. now owns 177,747,261 shares of the company's stock worth $41,155,601,000 after acquiring an additional 448,554 shares during the period.  Public Sector Pension Investment Board grew its holdings in  AbbVie by 17.0% in the third quarter. Public Sector Pension Investment Board now owns 1,044,690 shares of the company's stock valued at $241,888,000 after purchasing an additional 151,644 shares during the period.  Thornburg Investment Management Inc. lifted its position in shares of  AbbVie by 25.5% in the third quarter. Thornburg Investment Management Inc. now owns 401,760 shares of the company's stock valued at $93,024,000 after acquiring an additional 81,625 shares in the last quarter.  Channing Capital Management LLC lifted its position in shares of  AbbVie by 10.5% in the third quarter. Channing Capital Management LLC now owns 55,647 shares of the company's stock valued at $12,885,000 after acquiring an additional 5,302 shares in the last quarter.  Finally, Procyon Advisors LLC lifted its position in shares of  AbbVie by 19.9% in the fourth quarter. Procyon Advisors LLC now owns 32,752 shares of the company's stock valued at $7,484,000 after acquiring an additional 5,427 shares in the last quarter. 70.23% of the stock is currently owned by hedge funds and other institutional investors. ABBV has been the topic of a number of recent research reports. Royal Bank Of Canada initiated coverage on AbbVie in a research note on Tuesday, February 24th. They set an ""outperform"" rating and a $260.00 price objective on the stock. DZ Bank raised AbbVie from a ""hold"" rating to a ""strong-buy"" rating in a research note on Thursday, April 30th. Wall Street Zen cut AbbVie from a ""strong-buy"" rating to a ""buy"" rating in a research note on Sunday, June 7th. Guggenheim  reaffirmed a ""buy"" rating and set a $249.00 price objective on shares of AbbVie in a research report on Friday, May 1st. Finally, Barclays assumed coverage on AbbVie in a research report on Thursday, February 19th. They set an ""overweight"" rating and a $275.00 price objective for the company. Three research analysts have rated the stock with a Strong Buy rating, sixteen have issued  a Buy rating and six have issued  a Hold rating to the stock. According to data from MarketBeat.com, AbbVie presently has an average rating of ""Moderate Buy"" and a consensus price target of $253.43. NYSE ABBV opened at $225.04 on Friday. AbbVie Inc. has a 12-month low of $181.73 and a 12-month high of $244.81. The stock has a market capitalization of $397.60 billion, a price-to-earnings ratio of 110.86, a PEG ratio of 0.69 and a beta of 0.32. The business's 50 day moving average is $210.80 and its two-hundred day moving average is $219.01. AbbVie (NYSE:ABBV - Get Free Report) last released its quarterly earnings data on Wednesday, April 29th. The company reported $2.65 earnings per share for the quarter, beating the consensus estimate of $2.59 by $0.06. The firm had revenue of $15 billion during the quarter, compared to the consensus estimate of $14.72 billion. AbbVie had a negative return on equity of 576.45% and a net margin of 5.79%.AbbVie's quarterly revenue was up 12.4% on a year-over-year basis. During the same period last year, the business posted $2.46 EPS.  Equities analysts forecast that  AbbVie Inc. will post 14.3 earnings per share for the current fiscal year. Here are the key news stories impacting AbbVie this week: AbbVie is a global, research-driven biopharmaceutical company that was created as a spin-off from Abbott Laboratories in 2013 and is headquartered in North Chicago, Illinois. The company focuses on discovering, developing and commercializing therapies for complex and often chronic medical conditions. Its operations span research and development, manufacturing, regulatory affairs and commercialization, with an emphasis on bringing specialty medicines to market across multiple therapeutic areas. AbbVie's product portfolio and pipeline cover several major therapeutic categories, including immunology, oncology, neuroscience, virology and women's health. Want to see what other hedge funds are holding ABBV? Visit HoldingsChannel.com to get the latest 13F filings and insider trades for AbbVie Inc. (NYSE:ABBV - Free Report). This instant news alert was generated by narrative science technology and financial data from MarketBeat in order to provide readers with the fastest reporting and unbiased coverage. Please send any questions or comments about this story to contact@marketbeat.com. Before you consider AbbVie, you'll want to hear this. MarketBeat keeps track of Wall Street's top-rated and best performing research analysts and the stocks they recommend to their clients on a daily basis. MarketBeat has identified the five stocks that top analysts are quietly whispering to their clients to buy now before the broader market catches on... and AbbVie wasn't on the list. While AbbVie currently has a Moderate Buy rating among analysts, top-rated analysts believe these five stocks are better buys. Wondering what the next stocks will be that hit it big, with solid fundamentals? Click the link to see which stocks MarketBeat analysts could become the next blockbuster growth stocks. Sign up for MarketBeat All Access to gain access to MarketBeat's full suite of research tools. 345 N Reid Place, Suite 620, Sioux Falls, SD 57103
                                        
                                        contact@marketbeat.com
                                        
                                        (844) 978-6257 © MarketBeat Media, LLC 2010-2026. All rights reserved. © 2026   Fair market value prices are updated every minute and are provided by Massive. Other market data provided is at least 10-minutes delayed and hosted by Barchart Solutions.  Information is provided 'as-is' and solely for informational purposes, not for trading purposes or advice, and is delayed. To see all exchange delays and terms of use please see Barchart's disclaimer.",https://www.marketbeat.com/instant-alerts/filing-nuveen-llc-grows-stock-position-in-abbvie-inc-abbv-2026-06-12/
ABBV,"Barclays Maintains AbbVie(ABBV.US) With Buy Rating, Maintains Target Price $275 - 富途牛牛",2026-06-12 06:48:53,"Barclays analyst Emily Field maintains $AbbVie (ABBV.US)$ with a buy rating, and maintains the target price at $275. According to TipRanks data, the analyst has a success rate of 45.2% and a total average return of 1.4% over the past year. TipRanks, an independent third party, provides analysis data from financial analysts and calculates the Average Returns and Success Rates of the analysts' recommendations. The information presented is not an investment recommendation and is intended for informational purposes only. Success rate is the number of the analyst's successful ratings, divided by his/her total number of ratings over the past year. A successful rating is one based on if TipRanks' virtual portfolio earned a positive return from the stock. Total average return is the average rate of return that the TipRanks' virtual portfolio has earned over the past year. These portfolios are established based on the analyst's preliminary rating and are adjusted according to the changes in the rating. TipRanks provides a ranking of each analyst up to 5 stars, which is representative of all recommendations from the analyst. An analyst's past performance is evaluated on a scale of 1 to 5 stars, with more stars indicating better performance. The star level is determined by his/her total success rate and average return. Use the share button in your browser  to share the page with your friends",https://news.futunn.com/en/post/74502957/barclays-maintains-abbvie-abbvus-with-buy-rating-maintains-target-price?level=1&data_ticket=1781316636542982
ABBV,Up 45% Since 2024: 1 Glaring Reality That Makes AbbVie Stock a Hold at $225 - 24/7 Wall St.,2026-06-11 18:22:07,"ABBV surged 54% from its 2024 lows to $225, but $72.86 billion in debt and negative equity of -$6.6 billion keep it a Hold. Skyrizi and Rinvoq together drove $6.6 billion in Q1 2026 revenue, growing 31% and 23%, more than absorbing Humira's biosimilar erosion. Wall Street's $254 average price target implies 13% upside, but an AI model pegs fair value at $154, flagging 31% downside risk. Act now: the analyst who called NVIDIA in 2010 just named his top 10 AI stocks — and AbbVie didn't make the cut. Grab the names FREE today. AbbVie (NYSE:ABBV | ABBV Price Prediction) at $224.95 sits at the center of a sharp bull-bear debate. The pharma giant has climbed 53.59% since the start of 2024 off its 2024 lows, but a balance sheet carrying negative shareholders’ equity of -$6.6 billion complicates conviction at this price. AbbVie is the immunology heavyweight behind Skyrizi, Rinvoq, and legacy Humira, with neuroscience, oncology, and aesthetics portfolios from the 2020 Allergan deal. The stock has run on smoother-than-feared Humira biosimilar transition and aggressive growth from next-generation immunology drugs. That run has stretched valuation to a trailing P/E near 110 while shareholder equity has flipped negative, leaving the market to decide whether the cash machine deserves a premium or leverage deserves a discount. Skyrizi delivered $4.48 billion in Q1 2026 revenue, up 30.9%, and Rinvoq added $2.12 billion, up 23.3%. Both drugs are absorbing Humira’s erosion faster than analysts modeled a year ago. Management raised FY2026 adjusted EPS guidance to $14.08 to $14.28, the second hike of the cycle. Neuroscience grew 26.0% to $2.88 billion, with Ubrelvy and Qulipta both posting growth above 40%. The Street sees upside, with 24 Buy ratings and an average price target of $253.55. Free cash flow yield of 4.48% and a 2.93% dividend yield, backed by the $1.73 quarterly payout raised in late 2025, give income investors a paid-to-wait setup with Dividend Aristocrat pedigree. Total debt sits at $72.86 billion as of Q1 2026, against shareholder equity of -$6.6 billion and retained earnings of -$17.87 billion. Equity has eroded by roughly $13.6 billion in two years. Interest expense ran $2.89 billion in FY2025 and is structural drag if rates stay elevated. 65.9% of assets are goodwill and intangibles, much tied to Allergan, leaving thin tangible backing for $143 billion in liabilities. Q1 2026 net income fell 45.7% year over year to $699 million, hit by IPR&D charges and a $2.39 billion contingent consideration adjustment. One in-house AI model pegs fair value at $154.41, implying 31.36% downside. The Hold case rests on offsetting forces. Skyrizi and Rinvoq are real, the dividend is funded, and the $100 billion U.S. R&D commitment buys three years of tariff and pricing relief. Yet negative book value, a -10.84% ROIC, and patent cliff worry beyond 2028 keep the long-term math fragile. Act now: the analyst who called NVIDIA in 2010 just named his top 10 AI stocks — and AbbVie didn't make the cut. Grab the names FREE today. Adding capital here means paying a high P/E for earnings still eaten by interest, amortization, and acquisition charges. Trimming means giving up a growing dividend and the strongest immunology franchise in pharma. Watching quarterly Skyrizi and Rinvoq sales, debt paydown progress, and pipeline reads from Epkinly, Elahere, or ABBV-295 obesity program is the honest move. ABBV trades at $224.95, with analyst consensus target of $253.55 across 32 covering analysts (24 Buy, 8 Hold, 0 Sell), implying roughly 13% upside if hit. The AI-driven counter-read at $154.41 shows dispersion of views. The stock is up 22.6% over the past year and roughly flat year to date at +0.07%. The S&P 500 is up 20.29% over the past year and 6.38% year to date, meaning AbbVie matched the index over twelve months but lagged in 2026. Valuation reads expensive on earnings (P/E near 110) yet reasonable on cash (P/FCF of 22), which is the heart of the debate. At $224.95, AbbVie sits in the middle of the bull-bear debate. The bull thesis requires continued double-digit growth from Skyrizi and Rinvoq plus successful integration of recent IPR&D bets to refill the pipeline beyond 2028. The bear thesis requires interest expense and amortization to keep suppressing reported earnings while patent cliff fears regain attention. Both paths are live, and current price compensates for neither cleanly. Existing holders are paid $1.73 a quarter to wait for the next two earnings reports, where Skyrizi and Rinvoq run-rates, GAAP cleanup, and any 2028+ pipeline reads will either confirm the premium or expose it. Investors evaluating fresh capital may find a wider margin of safety closer to $190, where the income stream better offsets negative-equity reality. The verdict shifts on either sharp deceleration in immunology growth (push toward Sell) or visible deleveraging plus pipeline win that resets 2029 earnings (push toward Buy). Until then, the dividend, leverage trajectory, and valuation relative to recent gains are the metrics that matter most. At $225, AbbVie looks too leveraged to add aggressively yet too productive to dismiss, which is why the debate stays balanced. Act now: the analyst who called NVIDIA in 2010 just named his top 10 AI stocks — and AbbVie didn't make the cut. Grab the names FREE today. Alex Sirois is a financial writer with experience spanning both retail and institutional investing. He has written for InvestorPlace and held roles at BNY Mellon and Bernstein, giving him a perspective that bridges Main Street portfolios and Wall Street analysis. Alex holds an MBA from George Washington University and has built his career across multiple industries, including e-commerce, education, and translation — a breadth of experience that informs how he breaks down complex financial topics for everyday investors. His writing is conversational, actionable, and grounded in long-term, buy-and-hold investing principles. At 247 Wall St., Alex focuses on delivering analysis that is both accessible and useful, with a clear emphasis on helping readers make more informed decisions with their money. Our top personal finance-related articles today. Your wallet will thank you later. Ten years ago, AbbVie (NYSE:ABBV | ABBV Price Prediction) was a one-drug story. Humira, the world’s best-selling medicine, threw off… AbbVie (NYSE:ABBV | ABBV Price Prediction) has attracted persistent buying interest, and every pullback has drawn in value-focused investors. The… Johnson & Johnson (NYSE:JNJ | JNJ Price Prediction) and AbbVie (NYSE:ABBV) both posted Q1 2026 results that beat revenue expectations… AbbVie (NYSE:ABBV | ABBV Price Prediction) and Pfizer (NYSE:PFE) both reported fourth quarter earnings in early February. AbbVie posted record… Our AbbVie (NYSE:ABBV | ABBV Price Prediction) call lands on the constructive side of the ledger after a noisy but… Healthcare stocks have lagged the broader market for the past three years, weighed down by post-COVID earnings volatility, policy uncertainties… Realty Income (NYSE:O | O Price Prediction) is dominating dividend feeds on Reddit and X again, with monthly-payer loyalists pointing… Mid-year is when income-focused investors tend to take a hard look at their portfolios. With the second half of 2026… AbbVie (NYSE:ABBV | ABBV Price Prediction) stock has pulled back 12% over the past month, sliding to around $204. JPMorgan…",https://247wallst.com/investing/2026/06/11/up-45-since-2024-1-glaring-reality-that-makes-abbvie-stock-a-hold-at-225/
ABBV,Is AbbVie Inc. (ABBV) A Good Stock To Buy Now? - Insider Monkey,2026-06-11 18:13:14,"Is ABBV a good stock to buy? We came across a bullish thesis on AbbVie Inc. on X.com by @MoneyShow. In this article, we will summarize the bulls’ thesis on ABBV. AbbVie Inc.'s share was trading at $225.42 as of June 9th. ABBV’s trailing and forward P/E were 110.50 and 15.82 respectively according to Yahoo Finance. AbbVie Inc., a research-based biopharmaceutical company, engages in the research and development, manufacturing, commercializing, and sale of medicines and therapies...",https://www.insidermonkey.com/blog/is-abbvie-inc-abbv-a-good-stock-to-buy-now-2-1761845/?amp=1
ABBV,Is AbbVie Inc. (ABBV) A Good Stock To Buy Now? - Yahoo Finance,2026-06-11 18:00:28,"Tip: Try a valid symbol or a specific company name for relevant results SpaceX made a splash in its Wall Street debut, but investors chasing the stock's early surge may regret it SpaceX closes up nearly 20% on first day of trading in historic market debut Shares of the rocket company gained momentum midday, trading more than 25% above the IPO price Elon Musk became the world's first trillionaire following SpaceX's stock market debut SpaceX just opened for trading on the Nasdaq, with shares jumping out of the gate Stocks rose at the open, as SpaceX's historic IPO loomed on a huge day for Wall Street. Follow along for the latest news and analysis. 3 things investors should know before SpaceX's market debut on Friday One corner of the chip market could grow 5x by 2030 as AI agents take off, Bank of America says The Dow surged over 900 points, and the Nasdaq gained 2.5% as Trump called off planned strikes on Iran and claimed a deal was close SpaceX sets IPO price at $135 per share ahead of Friday market debut Oppenheimer slapped an Outperform rating on SpaceX ahead of its debut and a price target that sees a 40% gain from its expected IPO price. US stocks rise, brushing off the latest wave of US strikes on Iran US wholesale inflation soared to its highest level since 2022, driven by a surge in energy prices since the start of the Iran war. Warren Buffett's favorite stock market indicator is screaming sell US begins wave of airstrikes on Iran, pressuring oil prices upward SpaceX's market debut may be historic, but the real question is what happens next. Here's what the data suggests. Oracle stock dives 6% as earnings disappoint on cloud revenue The Dow sank over 950 points, and the Nasdaq plummeted 2% as inflation heated up and US-Iran tensions reignited Beef prices just hit a record high — and the impact from a screwworm outbreak could mean more pain. US stocks slide as techs falter amid surging inflation, US-Iran truce teeters Consumer inflation surged to 4.2% in May, its highest annual rate since 2023, amid soaring energy costs. Wall Street is bracing for another hot inflation report Wednesday. Here's why investors are paying attention. Psyched about the SpaceX IPO? Don't forget the brutal lesson from Facebook's debut. Trump says a breakdown in peace talks with Iran could shut the crucial waterway 'for months' The S&P 500 and Nasdaq fell as the market rotation out of tech stocks resumed. But the indexes recovered from steeper afternoon losses. The Nasdaq plunged as much as 3.5% as tech stocks sank and Trump said the US 'must' respond to an Iranian attack The Nasdaq fell by nearly 2% as stocks gave up gains and a tech rotation resumed The bank suggests it's time for investors to take profits, with 70% of its bear-market signals flashing red. Nasdaq leads US stocks higher as AI trade takes center stage, powers tech comeback Marvell is joining the S&P 500 — but history says the early bump comes with a big catch The S&P 500 and Nasdaq rose as chip stocks led a modest rebound from Friday's market sell-off Apple just unveiled the long-delayed AI-powered version of Siri. Here's a look at what's new. Apple just revealed iOS 27 at WWDC. Here's a look at what's new. The Nasdaq jumped at the open, leading a broad stock rebound after Friday's tech-led rout Companies are cashing in on consumers' unwillingness to bargain shop WWDC will serve as a reboot of Apple's AI strategy, which has lagged behind competing firms' efforts to date Better and Coinbase issue the first crypto-backed conventional mortgage Today's stock market leaders are hot — but not 1999 hot Stocks reel from a coming rate hike — and brace for a huge IPO The blistering rally in AI took a breather this week, and that may be exactly what Wall Street needed Mercedes G 580 'G-wagon' EV is all of the fun with none of the guilt Remote work — not AI — may be to blame for young college grads' job market woes Iran war raises shipping costs ahead of Amazon Prime Day, complicating the summer sales event Mastercard CEO says AI agents could soon do your shopping SpaceX's IPO dream runs into Wall Street's oldest test Lawmakers invest in tech, AI, and crypto as new rules for the industries are on their agenda The above button links to Coinbase. Yahoo Finance is not a broker-dealer or investment adviser and does not offer securities or cryptocurrencies for sale or facilitate trading. Coinbase pays us for certain activity generated through this link. Prices displayed are informational. Is ABBV a good stock to buy? We came across a bullish thesis on AbbVie Inc. on X.com by @MoneyShow. In this article, we will summarize the bulls’ thesis on ABBV. AbbVie Inc.'s share was trading at $225.42 as of June 9th. ABBV’s trailing and forward P/E were 110.50 and 15.82 respectively according to Yahoo Finance. AbbVie Inc., a research-based biopharmaceutical company, engages in the research and development, manufacturing, commercializing, and sale of medicines and therapies worldwide. ABBV is positioned as a resilient income-driven healthcare leader that offers stability and upside in a volatile macro environment marked by geopolitical uncertainty surrounding the Middle East conflict. Read More: 15 AI Stocks That Are Quietly Making Investors Rich Read More: Undervalued AI Stock Poised For Massive Gains: 10000% Upside Potential While broader equity markets have been choppy and largely directionless, ABBV stands out as a defensive compounder where strong dividend payouts continue to reward investors even in flat or uncertain market conditions. The company has faced headwinds from the patent expiry of Humira, once its flagship autoimmune therapy, which initially weighed on sentiment and growth expectations. However, its newer immunology portfolio has not only offset this decline but has collectively surpassed Humira’s peak revenue contribution, marking a significant inflection in its earnings power. This transition supports the view that AbbVie has entered a new phase of durable profitability driven by a diversified and expanding therapeutic base. In addition, the stock has historically exhibited a pattern of consolidation followed by periodic upward re-ratings, suggesting that current weakness tied to macro concerns may be temporary. Even as geopolitical tensions influence short-term sentiment, the healthcare sector’s defensive nature ensures that demand for AbbVie’s medicines remains largely inelastic. With the S&P 500 trading near prior year-end levels while dividend strategies continue to generate returns, ABBV is increasingly viewed as a reliable income vehicle and capital appreciation potential. Looking ahead, combination of strong free cash flow generation, robust dividend support, and pipeline-driven growth positions AbbVie for constructive re-rating year end, potential for meaningful upside as uncertainty normalizes and investors rotate toward quality defensive growth names. Previously, we covered a bullish thesis on AbbVie Inc. (ABBV) by Magnus Ofstad in May 2025, highlighted Q1 performance, immunology strength from Skyrizi and Rinvoq, oncology catalyst Elahere with MIRASOL trial, and acquisition-led pipeline. ABBV stock price appreciated approximately 13.57% since our coverage. @MoneyShow shares a similar view but emphasizes income, dividend resilience, and macro-driven re-rating potential amid geopolitical volatility. AbbVie Inc. is not on our list of the 40 Most Popular Stocks Among Hedge Funds. As per our database, 87 hedge fund portfolios held ABBV at the end of the first quarter which was 84 in the previous quarter. While we acknowledge the risk and potential of ABBV as an investment, our conviction lies in the belief that some AI stocks hold greater promise for delivering higher returns and doing so within a shorter time frame. If you are looking for an AI stock that is more promising than ABBV and that has 10,000% upside potential, check out our report about this cheapest AI stock. Tip: Try a valid symbol or a specific company name for relevant results",https://finance.yahoo.com/markets/stocks/articles/abbvie-inc-abbv-good-stock-180028436.html
ABBV,What is RSA in World Cup? Explaining abbreviation for who Mexico is playing - sportingnews.com,2026-06-11 17:03:54,"Mexico is hosting the opening match of the 2026 FIFA World Cup. As one of three co-hosts of this tournament in North America, it was the Mexican side that got the honor of the very first game. They'll be opposed by a less-storied soccer nation, one that will show up on scoreboards around the world with the abbreviation RSA. At first glance, that won't bring a particular country to mind. The nation is more colloquially known as just South Africa, but that's its full nomenclature, and so that gives it the abbreviation RSA. South Africa actually hosted the 2010 FIFA World Cup, which is the country's closest link to this massive tournament. MORE: Germany fan Freddy is going viral for his journey through the American South The 2026 edition is South Africa's fourth time taking part in the World Cup. In that 2010 opener, they drew with Mexico, a result that shocked much of the world. South Africa has never made it out of the group stage. In 1998, they lost to France, then drew with Denmark and Saudi Arabia. In 2002, they drew with Paraguay, beat Slovenia (1-0) and lost to Spain. In 2010, they drew 1-1 with Mexico, then lost to Uruguay before a stunning win over France that wasn't quite enough to advance from the group but was enough to eliminate the French side. Billy Heyen is a freelance writer with The Sporting News. He is a 2019 graduate of Syracuse University who spent his senior year following Jim Boeheim's basketball team around the country. His reporting work has also included extensive high school sports coverage at the Sandusky Register and Rochester Democrat & Chronicle. Adventures in sports writing have also led to in-person coverage of the Buffalo Sabres, Cleveland Guardians, U.S. men's national soccer team and a variety of minor league baseball stories. When people ask if he's seen a movie, the answer is usually ""No, I was probably watching sports."" Even away from sports, his main hobby is running (much slower than any athlete in these pages). Any and all information found on this site is for entertainment purposes only. There is no gambling offered on this site. If you or someone you know has a gambling problem, help is available. Please Gamble Responsibly. Visit www.gambleaware.org or call 1-800-GAMBLER. Sports betting, gambling, and prediction market products are not legal or available in all locations. Eligibility, availability, and applicable rules vary by jurisdiction. If you purchase a product or register for an account through one of the links on our site, The Sporting News may receive compensation. These cookies are necessary for the website to function and cannot be switched off in our systems. They are usually only set in response to actions made by you which amount to a request for services, such as setting your privacy preferences, logging in or filling in forms. You can set your browser to block or alert you about these cookies, but some parts of the site will not then work. These cookies do not store any personally identifiable information. These cookies allow us to count visits and traffic sources so we can measure and improve the performance of our site. They help us to know which pages are the most and least popular and see how visitors move around the site. All information these cookies collect is aggregated and therefore anonymous. If you do not allow these cookies we will not know when you have visited our site, and will not be able to monitor its performance. These cookies enable the website to provide enhanced functionality and personalisation. They may be set by us or by third party providers whose services we have added to our pages. If you do not allow these cookies then some or all of these services may not function properly. These cookies may be set through our site by our advertising partners. They may be used by those companies to build a profile of your interests and show you relevant adverts on other sites. They do not store directly personal information, but are based on uniquely identifying your browser and internet device. If you do not allow these cookies, you will experience less targeted advertising.",https://www.sportingnews.com/uk/football/news/what-rsa-world-cup-abbreviation-who-mexico-playing/ef6aa36fb5ec32ebe814b39b
ABBV,Will Skyrizi & Rinvoq Continue to Drive AbbVie's Topline Through 2026? - TradingView,2026-06-11 15:26:00,"AbbVie ABBV continues to see strong momentum from Skyrizi and Rinvoq, its two blockbuster immunology medicines. Sales of both drugs not only mitigated the impact of continued erosion in legacy drug Humira but also reaffirmed their role as AbbVie’s key growth drivers. This growth continued into 2026. In the first quarter, Skyrizi sales increased 29.2% year over year to $4.48 billion, while Rinvoq sales rose 20.2% to $2.12 billion. Together, the products were key contributors to AbbVie's double-digit revenue growth in the quarter. The company subsequently raised its 2026 revenue outlook for both medicines by $100 million each and now expects Skyrizi and Rinvoq to generate $21.6 billion and $10.2 billion in sales, respectively, this year. Combined, Skyrizi and Rinvoq are expected to deliver more than 20% growth in 2026. A key driver behind this strength is continued demand across inflammatory bowel disease (IBD) indications, including ulcerative colitis (UC) and Crohn's disease (CD). Skyrizi has emerged as a leading therapy in the category, while Rinvoq continues to gain traction following label expansions that support earlier use in treatment. AbbVie also highlighted continued market-share gains and strong new-patient demand for both products in the first quarter. The growth runway for both medicines remains substantial. AbbVie recently submitted regulatory applications seeking approval of Rinvoq across two indications — vitiligo and alopecia areata — and Skyrizi as a subcutaneous induction option for CD. Additional growth opportunities remain, with Rinvoq being evaluated in late-stage studies for hidradenitis suppurativa and systemic lupus erythematosus, and data readouts expected later this year. Management believes the next wave of Rinvoq indications alone could contribute roughly $2 billion in peak annual sales. Combined with continued market-share gains across psoriasis and IBD, these label expansion opportunities should support sustained growth for both medicines through 2026 and beyond. Johnson & Johnson JNJ remains one of AbbVie’s strongest competitors in immunology through blockbuster medicines Tremfya and Stelara. While Stelara faces biosimilar competition, J&J continues to strengthen its position with Tremfya, which is approved across multiple immunology indications, including UC and CD. The company also recently gained FDA approval for Icotyde, a new oral immunology therapy that is positioned as a direct competitor to Skyrizi. Eli Lilly LLY is also expanding its presence in the immunology space. Its IL-23 inhibitor Omvoh is approved for both UC and CD, broadening Eli Lilly’s footprint in the fast-growing IBD market. Shares of AbbVie have underperformed the industry year to date, as seen in the chart below. From a valuation standpoint, AbbVie is trading at a discount to the industry. Based on the price/earnings (P/E) ratio, the company’s shares currently trade at 14.81 times forward earnings compared with the industry’s average of 17.67. Revisions in EPS estimates for 2026 and 2027 have trended higher over the past 30 days. AbbVie currently carries a Zacks Rank #3 (Hold). You can see the complete list of today’s Zacks #1 Rank (Strong Buy) stocks here. Just released: Experts distill 7 elite stocks from the current list of 220 Zacks Rank #1 Strong Buys. They deem these tickers ""Most Likely for Early Price Pops."" Since 1988, the full list has beaten the market more than 2X over with an average gain of +23.7% per year. So be sure to give these hand picked 7 your immediate attention. See them now >> Want the latest recommendations from Zacks Investment Research? Today, you can download 7 Best Stocks for the Next 30 Days. Click to get this free report Johnson & Johnson (JNJ): Free Stock Analysis Report Eli Lilly and Company (LLY): Free Stock Analysis Report This article originally published on Zacks Investment Research (zacks.com). Select market data provided by ICE Data Services. Select reference data provided by FactSet. Copyright © 2026 FactSet Research Systems Inc.Copyright © 2026, American Bankers Association. CUSIP Database provided by FactSet Research Systems Inc. All rights reserved. SEC fillings and other documents provided by Quartr.© 2026 TradingView, Inc.",https://www.tradingview.com/news/zacks:0e4f4afef094b:0-will-skyrizi-rinvoq-continue-to-drive-abbvie-s-topline-through-2026/
ABBV,"AbbVie, Devon Energy And More On CNBC's 'Final Trades' - Benzinga",2026-06-11 11:51:44,"The owner of this website (www.benzinga.com) has banned you temporarily from accessing this website. Please see
                            https://developers.cloudflare.com/support/troubleshooting/http-status-codes/cloudflare-1xxx-errors/error-1015/
                            for more details. Cloudflare Ray ID: a0adbfa52d12387d
•

        Your IP:
        Click to reveal
20.231.101.34
•

Performance & security by Cloudflare",https://www.benzinga.com/trading-ideas/long-ideas/26/06/53137152/abbvie-devon-energy-and-more-on-cnbcs-final-trades
ABBV,"Smithbridge Asset Management Inc. DE Buys 18,364 Shares of AbbVie Inc. $ABBV - MarketBeat",2026-06-11 10:50:38,"Smithbridge Asset Management Inc. DE boosted its stake in shares of  AbbVie Inc. (NYSE:ABBV - Free Report) by 45.2% during the fourth quarter, according to the company in its most recent filing with the Securities and Exchange Commission (SEC). The firm owned 59,012 shares of the company's stock after acquiring an additional 18,364 shares during the period. Smithbridge Asset Management Inc. DE's holdings in AbbVie were worth $13,484,000 at the end of the most recent reporting period. Other large investors have also recently bought and sold shares of the company. Brighton Jones LLC increased its holdings in  AbbVie by 17.4% in the 4th quarter. Brighton Jones LLC now owns 22,912 shares of the company's stock valued at $4,072,000 after buying an additional 3,401 shares during the period.  Revolve Wealth Partners LLC increased its holdings in  AbbVie by 72.7% in the 4th quarter. Revolve Wealth Partners LLC now owns 7,279 shares of the company's stock valued at $1,294,000 after buying an additional 3,064 shares during the period.  Schnieders Capital Management LLC. increased its holdings in  AbbVie by 5.0% in the 2nd quarter. Schnieders Capital Management LLC. now owns 16,466 shares of the company's stock valued at $3,056,000 after buying an additional 789 shares during the period.  Ieq Capital LLC increased its stake in shares of  AbbVie by 4.6% in the 2nd quarter. Ieq Capital LLC now owns 120,035 shares of the company's stock valued at $22,281,000 after purchasing an additional 5,274 shares during the last quarter.  Finally, Worldquant Millennium Advisors LLC increased its stake in shares of  AbbVie by 117.3% in the 2nd quarter. Worldquant Millennium Advisors LLC now owns 1,135,034 shares of the company's stock valued at $210,685,000 after purchasing an additional 612,702 shares during the last quarter. 70.23% of the stock is currently owned by institutional investors and hedge funds. Shares of ABBV stock opened at $225.16 on Thursday. The firm has a market capitalization of $397.82 billion, a P/E ratio of 110.92, a P/E/G ratio of 0.69 and a beta of 0.32. AbbVie Inc. has a twelve month low of $181.73 and a twelve month high of $244.81. The stock's fifty day simple moving average is $210.64 and its 200 day simple moving average is $219.09. AbbVie (NYSE:ABBV - Get Free Report) last issued its quarterly earnings data on Wednesday, April 29th. The company reported $2.65 earnings per share for the quarter, topping analysts' consensus estimates of $2.59 by $0.06. The business had revenue of $15 billion for the quarter, compared to analyst estimates of $14.72 billion. AbbVie had a negative return on equity of 576.45% and a net margin of 5.79%.AbbVie's quarterly revenue was up 12.4% compared to the same quarter last year. During the same quarter in the previous year, the company posted $2.46 EPS.  As a group, equities research analysts expect that  AbbVie Inc. will post 14.3 EPS for the current fiscal year. Several brokerages have recently issued reports on ABBV. Bank of America upgraded AbbVie from a ""neutral"" rating to a ""buy"" rating and set a $234.00 price target on the stock in a research note on Thursday, April 30th. Guggenheim  reiterated a ""buy"" rating and issued a $249.00 price target on shares of AbbVie in a research note on Friday, May 1st. Piper Sandler lifted their price target on AbbVie from $294.00 to $298.00 and gave the company an ""overweight"" rating in a research note on Thursday, May 14th. Evercore  set a $235.00 price target on shares of AbbVie in a report on Friday, May 15th. Finally, Royal Bank Of Canada started coverage on shares of AbbVie in a report on Tuesday, February 24th. They set an ""outperform"" rating and a $260.00 price target on the stock. Three research analysts have rated the stock with a Strong Buy rating, sixteen have given a Buy rating and six have given a Hold rating to the stock. Based on data from MarketBeat, the company currently has a consensus rating of ""Moderate Buy"" and an average price target of $253.43. Here are the key news stories impacting AbbVie this week: AbbVie is a global, research-driven biopharmaceutical company that was created as a spin-off from Abbott Laboratories in 2013 and is headquartered in North Chicago, Illinois. The company focuses on discovering, developing and commercializing therapies for complex and often chronic medical conditions. Its operations span research and development, manufacturing, regulatory affairs and commercialization, with an emphasis on bringing specialty medicines to market across multiple therapeutic areas. AbbVie's product portfolio and pipeline cover several major therapeutic categories, including immunology, oncology, neuroscience, virology and women's health. Want to see what other hedge funds are holding ABBV? Visit HoldingsChannel.com to get the latest 13F filings and insider trades for AbbVie Inc. (NYSE:ABBV - Free Report). This instant news alert was generated by narrative science technology and financial data from MarketBeat in order to provide readers with the fastest reporting and unbiased coverage. Please send any questions or comments about this story to contact@marketbeat.com. Before you consider AbbVie, you'll want to hear this. MarketBeat keeps track of Wall Street's top-rated and best performing research analysts and the stocks they recommend to their clients on a daily basis. MarketBeat has identified the five stocks that top analysts are quietly whispering to their clients to buy now before the broader market catches on... and AbbVie wasn't on the list. While AbbVie currently has a Moderate Buy rating among analysts, top-rated analysts believe these five stocks are better buys. Click the link to see MarketBeat's list of seven best retirement stocks and why they should be in your portfolio. Sign up for MarketBeat All Access to gain access to MarketBeat's full suite of research tools. 345 N Reid Place, Suite 620, Sioux Falls, SD 57103
                                        
                                        contact@marketbeat.com
                                        
                                        (844) 978-6257 © MarketBeat Media, LLC 2010-2026. All rights reserved. © 2026   Fair market value prices are updated every minute and are provided by Massive. Other market data provided is at least 10-minutes delayed and hosted by Barchart Solutions.  Information is provided 'as-is' and solely for informational purposes, not for trading purposes or advice, and is delayed. To see all exchange delays and terms of use please see Barchart's disclaimer.",https://www.marketbeat.com/instant-alerts/filing-smithbridge-asset-management-inc-de-buys-18364-shares-of-abbvie-inc-abbv-2026-06-11/
ABBV,Janney Montgomery Scott LLC Grows Position in AbbVie Inc. $ABBV - MarketBeat,2026-06-11 09:52:22,"Janney Montgomery Scott LLC increased its position in  AbbVie Inc. (NYSE:ABBV - Free Report) by 12.8% in the fourth quarter, according to the company in its most recent filing with the Securities & Exchange Commission. The firm owned 1,082,861 shares of the company's stock after purchasing an additional 122,703 shares during the quarter. Janney Montgomery Scott LLC owned approximately 0.06% of AbbVie worth $247,423,000 as of its most recent filing with the Securities & Exchange Commission. A number of other institutional investors and hedge funds also recently made changes to their positions in ABBV. First American Trust FSB increased its position in  AbbVie by 5.8% during the 4th quarter. First American Trust FSB now owns 62,209 shares of the company's stock valued at $14,214,000 after buying an additional 3,413 shares in the last quarter.  GFS Advisors LLC bought a new stake in  AbbVie in the fourth quarter worth $388,000.  Deutsche Bank AG grew its stake in shares of  AbbVie by 7.1% in the fourth quarter. Deutsche Bank AG now owns 10,129,714 shares of the company's stock worth $2,314,538,000 after acquiring an additional 673,682 shares during the last quarter.  Artesa Financial Group LLC purchased a new stake in shares of  AbbVie in the fourth quarter worth $228,000.  Finally, Outlook Wealth Advisors LLC increased its holdings in shares of  AbbVie by 8.5% during the fourth quarter. Outlook Wealth Advisors LLC now owns 1,281 shares of the company's stock valued at $293,000 after acquiring an additional 100 shares in the last quarter. Hedge funds and other institutional investors own  70.23% of the company's stock. Several brokerages have recently weighed in on ABBV. Guggenheim  restated a ""buy"" rating and set a $249.00 price target on shares of AbbVie in a report on Friday, May 1st. DZ Bank upgraded AbbVie from a ""hold"" rating to a ""strong-buy"" rating in a report on Thursday, April 30th. Morgan Stanley raised their price target on AbbVie from $270.00 to $278.00 and gave the company an ""overweight"" rating in a report on Thursday, April 30th. Cantor Fitzgerald  restated an ""overweight"" rating and set a $240.00 price target on shares of AbbVie in a report on Thursday, April 30th. Finally, Canaccord Genuity Group raised their price target on AbbVie from $262.00 to $265.00 and gave the company a ""buy"" rating in a report on Thursday, April 30th. Three equities research analysts have rated the stock with a Strong Buy rating, sixteen have given a Buy rating and six have assigned  a Hold rating to the company's stock. According to data from MarketBeat, the stock  has an average rating of ""Moderate Buy"" and an average price target of $253.43. Here are the key news stories impacting AbbVie this week: AbbVie stock opened at $225.16 on Thursday. The firm has a market cap of $397.82 billion, a price-to-earnings ratio of 110.92, a PEG ratio of 0.69 and a beta of 0.32. The stock has a fifty day simple moving average of $210.64 and a two-hundred day simple moving average of $219.09. AbbVie Inc. has a 12 month low of $181.73 and a 12 month high of $244.81. AbbVie (NYSE:ABBV - Get Free Report) last posted its earnings results on Wednesday, April 29th. The company reported $2.65 EPS for the quarter, topping analysts' consensus estimates of $2.59 by $0.06. The business had revenue of $15 billion during the quarter, compared to analyst estimates of $14.72 billion. AbbVie had a negative return on equity of 576.45% and a net margin of 5.79%.The company's quarterly revenue was up 12.4% compared to the same quarter last year. During the same quarter last year, the company earned $2.46 EPS.  On average, equities research analysts forecast that  AbbVie Inc. will post 14.3 EPS for the current fiscal year. AbbVie is a global, research-driven biopharmaceutical company that was created as a spin-off from Abbott Laboratories in 2013 and is headquartered in North Chicago, Illinois. The company focuses on discovering, developing and commercializing therapies for complex and often chronic medical conditions. Its operations span research and development, manufacturing, regulatory affairs and commercialization, with an emphasis on bringing specialty medicines to market across multiple therapeutic areas. AbbVie's product portfolio and pipeline cover several major therapeutic categories, including immunology, oncology, neuroscience, virology and women's health. Want to see what other hedge funds are holding ABBV? Visit HoldingsChannel.com to get the latest 13F filings and insider trades for AbbVie Inc. (NYSE:ABBV - Free Report). This instant news alert was generated by narrative science technology and financial data from MarketBeat in order to provide readers with the fastest reporting and unbiased coverage. Please send any questions or comments about this story to contact@marketbeat.com. Before you consider AbbVie, you'll want to hear this. MarketBeat keeps track of Wall Street's top-rated and best performing research analysts and the stocks they recommend to their clients on a daily basis. MarketBeat has identified the five stocks that top analysts are quietly whispering to their clients to buy now before the broader market catches on... and AbbVie wasn't on the list. While AbbVie currently has a Moderate Buy rating among analysts, top-rated analysts believe these five stocks are better buys. MarketBeat just released its list of the 7 hottest IPOs expected to hit Wall Street in 2026. See which companies are preparing to go public and why investors are watching closely. Sign up for MarketBeat All Access to gain access to MarketBeat's full suite of research tools. 345 N Reid Place, Suite 620, Sioux Falls, SD 57103
                                        
                                        contact@marketbeat.com
                                        
                                        (844) 978-6257 © MarketBeat Media, LLC 2010-2026. All rights reserved. © 2026   Fair market value prices are updated every minute and are provided by Massive. Other market data provided is at least 10-minutes delayed and hosted by Barchart Solutions.  Information is provided 'as-is' and solely for informational purposes, not for trading purposes or advice, and is delayed. To see all exchange delays and terms of use please see Barchart's disclaimer.",https://www.marketbeat.com/instant-alerts/filing-janney-montgomery-scott-llc-grows-position-in-abbvie-inc-abbv-2026-06-11/
ABBV,Dorsey & Whitney Trust CO LLC Reduces Stock Holdings in AbbVie Inc. $ABBV - MarketBeat,2026-06-11 08:36:03,"Dorsey & Whitney Trust CO LLC trimmed its position in  AbbVie Inc. (NYSE:ABBV - Free Report) by 14.5% during the 4th quarter, according to its most recent Form 13F filing with the SEC. The fund owned 27,939 shares of the company's stock after selling 4,746 shares during the period. Dorsey & Whitney Trust CO LLC's holdings in AbbVie were worth $6,384,000 as of its most recent SEC filing. A number of other large investors have also recently made changes to their positions in ABBV. Brighton Jones LLC lifted its position in shares of  AbbVie by 17.4% during the 4th quarter. Brighton Jones LLC now owns 22,912 shares of the company's stock valued at $4,072,000 after buying an additional 3,401 shares in the last quarter.  Revolve Wealth Partners LLC lifted its position in shares of  AbbVie by 72.7% during the 4th quarter. Revolve Wealth Partners LLC now owns 7,279 shares of the company's stock valued at $1,294,000 after buying an additional 3,064 shares in the last quarter.  Schnieders Capital Management LLC. lifted its position in shares of  AbbVie by 5.0% during the 2nd quarter. Schnieders Capital Management LLC. now owns 16,466 shares of the company's stock valued at $3,056,000 after buying an additional 789 shares in the last quarter.  Ieq Capital LLC lifted its position in shares of  AbbVie by 4.6% during the 2nd quarter. Ieq Capital LLC now owns 120,035 shares of the company's stock valued at $22,281,000 after buying an additional 5,274 shares in the last quarter.  Finally, Worldquant Millennium Advisors LLC lifted its position in shares of  AbbVie by 117.3% during the 2nd quarter. Worldquant Millennium Advisors LLC now owns 1,135,034 shares of the company's stock valued at $210,685,000 after buying an additional 612,702 shares in the last quarter. 70.23% of the stock is owned by hedge funds and other institutional investors. A number of research firms have recently weighed in on ABBV. Piper Sandler lifted their price objective on AbbVie from $294.00 to $298.00 and gave the company an ""overweight"" rating in a research report on Thursday, May 14th. Barclays began coverage on AbbVie in a research report on Thursday, February 19th. They set an ""overweight"" rating and a $275.00 price objective on the stock. Weiss Ratings  reaffirmed a ""hold (c)"" rating on shares of AbbVie in a research report on Monday. Wall Street Zen cut AbbVie from a ""strong-buy"" rating to a ""buy"" rating in a research report on Sunday. Finally, Morgan Stanley lifted their target price on AbbVie from $270.00 to $278.00 and gave the company an ""overweight"" rating in a research note on Thursday, April 30th. Three investment analysts have rated the stock with a Strong Buy rating, sixteen have given a Buy rating and six have given a Hold rating to the company. Based on data from MarketBeat, the stock  has an average rating of ""Moderate Buy"" and a consensus target price of $253.43. NYSE:ABBV opened at $225.16 on Thursday. AbbVie Inc. has a 1 year low of $181.73 and a 1 year high of $244.81. The stock's 50 day simple moving average is $210.64 and its two-hundred day simple moving average is $219.09. The company has a market cap of $397.82 billion, a price-to-earnings ratio of 110.92, a PEG ratio of 0.69 and a beta of 0.32. AbbVie (NYSE:ABBV - Get Free Report) last released its quarterly earnings data on Wednesday, April 29th. The company reported $2.65 earnings per share (EPS) for the quarter, topping analysts' consensus estimates of $2.59 by $0.06. The business had revenue of $15 billion for the quarter, compared to the consensus estimate of $14.72 billion. AbbVie had a negative return on equity of 576.45% and a net margin of 5.79%.The company's revenue was up 12.4% compared to the same quarter last year. During the same quarter in the previous year, the company posted $2.46 EPS.  As a group, analysts anticipate that  AbbVie Inc. will post 14.3 EPS for the current year. Here are the key news stories impacting AbbVie this week: AbbVie is a global, research-driven biopharmaceutical company that was created as a spin-off from Abbott Laboratories in 2013 and is headquartered in North Chicago, Illinois. The company focuses on discovering, developing and commercializing therapies for complex and often chronic medical conditions. Its operations span research and development, manufacturing, regulatory affairs and commercialization, with an emphasis on bringing specialty medicines to market across multiple therapeutic areas. AbbVie's product portfolio and pipeline cover several major therapeutic categories, including immunology, oncology, neuroscience, virology and women's health. This instant news alert was generated by narrative science technology and financial data from MarketBeat in order to provide readers with the fastest reporting and unbiased coverage. Please send any questions or comments about this story to contact@marketbeat.com. Before you consider AbbVie, you'll want to hear this. MarketBeat keeps track of Wall Street's top-rated and best performing research analysts and the stocks they recommend to their clients on a daily basis. MarketBeat has identified the five stocks that top analysts are quietly whispering to their clients to buy now before the broader market catches on... and AbbVie wasn't on the list. While AbbVie currently has a Moderate Buy rating among analysts, top-rated analysts believe these five stocks are better buys. Looking to profit from the electric vehicle mega-trend? Click the link to see our list of which EV stocks show the most long-term potential. Sign up for MarketBeat All Access to gain access to MarketBeat's full suite of research tools. 345 N Reid Place, Suite 620, Sioux Falls, SD 57103
                                        
                                        contact@marketbeat.com
                                        
                                        (844) 978-6257 © MarketBeat Media, LLC 2010-2026. All rights reserved. © 2026   Fair market value prices are updated every minute and are provided by Massive. Other market data provided is at least 10-minutes delayed and hosted by Barchart Solutions.  Information is provided 'as-is' and solely for informational purposes, not for trading purposes or advice, and is delayed. To see all exchange delays and terms of use please see Barchart's disclaimer.",https://www.marketbeat.com/instant-alerts/filing-dorsey-whitney-trust-co-llc-reduces-stock-holdings-in-abbvie-inc-abbv-2026-06-11/
ABBV,3 Reasons to Buy AbbVie Stock (ABBV) Like There's No Tomorrow - AOL.com,2026-06-11 03:58:33,"AbbVie has a long history of paying and increasing its dividend, and it recently yielded 3.4%. It has shown that its able to generate fresh revenue as new drugs come on line. The biotech stock's valuation looks reasonable at recent levels, too. If you're in the market for a healthcare stock for your long-term portfolio, give some consideration to AbbVie (NYSE: ABBV). It's a drug company that was spun off from Abbott Laboratories in 2013, and there are multiple reasons you might want to invest in it. Here's a closer look at AbbVie, and at some of those reasons to consider it. Will AI create the world's first trillionaire? Our team just released a report on the one little-known company, called an ""Indispensable Monopoly"" providing the critical technology Nvidia and Intel both need. Continue » It boasts 12 blockbuster products that generated more than $1 billion in revenue in 2025. It has invested more than $85 billion in research and development since 2013. Its stock has averaged annual gains of about 15% over the past decade. Here are some key reasons it's a promising investment. AbbVie is a dividend-paying stock, with a recent dividend yield of 3.4%. Better still, it has a solid track record of increasing its payouts -- by more than 330% since 2013. Consider that it's now paying a total annual dividend sum of $6.92 per share, up from $4.72 in 2020 and $2.28 in 2016. The future of any pharmaceutical company rests on its pipeline of treatments in development. AbbVie is impressive in this regard, with around 90 such treatments in development, in-house, in collaboration, or via license. The company notes that around 60 of those are in mid- or late-stage development, meaning that they're getting much closer to consideration for approval by the Food and Drug Administration (FDA). Better still, five have been fast-tracked in one way or another. AbbVie has shown the power of an effective pipeline in its recent history. Many investors were worried about what would happen when its antirheumatic drug Humira lost its U.S. patent exclusivity in 2023, but the company is making up for that with Humira's fast-selling successors, Skyrizi and Rinvoq. The company is also showing strength in its neuroscience portfolio, led by Vraylar and Botox, and in cancer treatments, with its drugs Elahere and Epkinly. Finally, AbbVie's stock, while not bargain-priced at recent levels, also doesn't seem too pricey. Its recent forward-looking price-to-earnings (P/E) ratio of 14 is only a bit above its five-year average of 13. Those numbers don't seem high at all for a company that recently reported year-over-year first-quarter revenue growth of 12.4% (10.3% on an operational basis). That revenue is likely to increase robustly, too. Revenue from Skyrizi jumped 30.9% year over year in the first quarter, while Rinvoq's revenue popped by 23.3%. Long-term investors, especially those seeking income, should give AbbVie a closer look. The Motley Fool Stock Advisor analyst team just identified what they believe are the 10 best stocks for investors to buy now… and AbbVie wasn't one of them. The 10 stocks that made the cut could produce monster returns in the coming years. Consider when Netflix made this list on December 17, 2004... if you invested $1,000 at the time of our recommendation, you'd have $460,826!* Or when Nvidia made this list on April 15, 2005... if you invested $1,000 at the time of our recommendation, you'd have $1,345,285!* Now, it's worth noting Stock Advisor's total average return is 983% — a market-crushing outperformance compared to 207% for the S&P 500. Don't miss the latest top 10 list, available with Stock Advisor, and join an investing community built by individual investors for individual investors. Selena Maranjian has positions in AbbVie. The Motley Fool has positions in and recommends AbbVie and Abbott Laboratories. The Motley Fool has a disclosure policy.",https://www.aol.com/articles/3-reasons-buy-abbvie-stock-145000000.html
ABBV,AbbVie’s EHA 2026 Blood Cancer Data And What It Means For Investors - simplywall.st,2026-06-11 02:32:38,"For investors tracking NYSE:ABBV, the focus on hematology comes as the stock trades at $224.95, with a return of 21.3% over the past year and 83.9% over three years. Over five years, the stock shows a 134.9% return, while performance year to date is down 1.9%. In the shorter term, the share price is up 3.6% over the past week and 10.9% over the past month. This new blood cancer data may be relevant for how you think about AbbVie’s oncology footprint and the mix of its potential future revenue drivers. As conference results and clinician feedback emerge, attention is likely to center on how therapies such as epcoritamab and VENCLEXTA fit into evolving standards of care across different blood cancers. Stay updated on the most important news stories for AbbVie by adding it to your watchlist or portfolio. Alternatively, explore our Community to discover new perspectives on AbbVie. See which insiders are buying and buying and selling AbbVie following this latest news. There's only one way to know the right time to buy, sell or hold AbbVie. Head to Simply Wall St's company report for the latest analysis of AbbVie's Fair Value. For the full picture including more risks and rewards, check out the complete AbbVie analysis. Alternatively, you can check out the community page for AbbVie to see how other investors believe this latest news will impact the company's narrative. This article by Simply Wall St is general in nature. We provide commentary based on historical data
        and analyst forecasts only using an unbiased methodology and our articles are not intended to be financial advice. It does not constitute a recommendation to buy or sell any stock, and does not take account of your objectives, or your
        financial situation. We aim to bring you long-term focused analysis driven by fundamental data.
        Note that our analysis may not factor in the latest price-sensitive company announcements or qualitative material.
        Simply Wall St has no position in any stocks mentioned. We've created the ultimate portfolio companion for stock investors, and it's free. • Connect an unlimited number of Portfolios and see your total in one currency• Be alerted to new Warning Signs or Risks via email or mobile• Track the Fair Value of your stocks Have feedback on this article? Concerned about the content? Get in touch with us directly. Alternatively, email editorial-team@simplywallst.com A research-based biopharmaceutical company, engages in the research and development, manufacturing, commercializing, and sale of medicines and therapies worldwide. Reasonable growth potential average dividend payer. Financial Data provided by S&P Global Market Intelligence LLC, analysis provided by Simply Wall Street Pty Ltd. Copyright © 2026, S&P Global Market Intelligence LLC. All rights reserved. Simply Wall Street Pty Ltd (ACN 600 056 611), is a Corporate Authorised Representative (Authorised Representative Number: 467183) of Sanlam Private Wealth Pty Ltd (AFSL No. 337927). Any advice contained in this website is general advice only and has been prepared without considering your objectives, financial situation or needs. You should not rely on any advice and/or information contained in this website and before making any investment decision we recommend that you consider whether it is appropriate for your situation and seek appropriate financial, taxation and legal advice. Please read our Financial Services Guide before deciding whether to obtain financial services from us. © 2026 Simply Wall Street Pty Ltd, US Design Patent #29/544/281, Community and European Design Registration #2845206",https://simplywall.st/stocks/us/pharmaceuticals-biotech/nyse-abbv/abbvie/news/abbvies-eha-2026-blood-cancer-data-and-what-it-means-for-inv
ABBV,"Morgan Stanley, Shake Shack, Cboe Global Markets And A Health Care Stock On CNBC's 'Final Trades' - Benzinga",2026-06-10 12:14:22,"The owner of this website (www.benzinga.com) has banned you temporarily from accessing this website. Please see
                            https://developers.cloudflare.com/support/troubleshooting/http-status-codes/cloudflare-1xxx-errors/error-1015/
                            for more details. Cloudflare Ray ID: a0adc029baacdda7
•

        Your IP:
        Click to reveal
20.231.101.34
•

Performance & security by Cloudflare",https://www.benzinga.com/trading-ideas/long-ideas/26/06/53111836/morgan-stanley-shake-shack-cboe-global-markets-and-a-health-care-stock-on-cnbcs-final-trades
ABBV,AbbVie Inc. $ABBV Stock Position Lessened by Letko Brosseau & Associates Inc. - MarketBeat,2026-06-10 10:28:51,"Letko Brosseau & Associates Inc. decreased its holdings in  AbbVie Inc. (NYSE:ABBV - Free Report) by 2.0% in the 4th quarter, according to the company in its most recent disclosure with the SEC. The institutional investor  owned 285,104 shares of the company's stock after selling 5,805 shares during the quarter. Letko Brosseau & Associates Inc.'s holdings in AbbVie were worth $65,143,000 as of its most recent filing with the SEC. Several other institutional investors and hedge funds also recently modified their holdings of the business. Vanguard Group Inc. grew its stake in shares of  AbbVie by 1.7% in the fourth quarter. Vanguard Group Inc. now owns 180,779,699 shares of the company's stock worth $41,306,353,000 after purchasing an additional 3,032,438 shares in the last quarter.  Geode Capital Management LLC grew its stake in shares of  AbbVie by 10.4% in the fourth quarter. Geode Capital Management LLC now owns 44,629,980 shares of the company's stock worth $10,179,099,000 after purchasing an additional 4,190,487 shares in the last quarter.  Norges Bank bought a new position in shares of  AbbVie in the fourth quarter worth $5,865,055,000.  Capital Research Global Investors grew its stake in shares of  AbbVie by 0.7% in the fourth quarter. Capital Research Global Investors now owns 25,408,200 shares of the company's stock worth $5,805,530,000 after purchasing an additional 177,370 shares in the last quarter.  Finally, Franklin Resources Inc. grew its stake in shares of  AbbVie by 2.3% in the fourth quarter. Franklin Resources Inc. now owns 14,881,504 shares of the company's stock worth $3,400,274,000 after purchasing an additional 330,104 shares in the last quarter. Institutional investors own  70.23% of the company's stock. Several research analysts have recently issued reports on ABBV shares. Weiss Ratings  reissued a ""hold (c)"" rating on shares of AbbVie in a research note on Monday. Canaccord Genuity Group increased their price target on AbbVie from $262.00 to $265.00 and gave the stock a ""buy"" rating in a research note on Thursday, April 30th. Wall Street Zen cut AbbVie from a ""strong-buy"" rating to a ""buy"" rating in a research note on Sunday. Bank of America raised AbbVie from a ""neutral"" rating to a ""buy"" rating and set a $234.00 price target for the company in a research note on Thursday, April 30th. Finally, Barclays assumed coverage on AbbVie in a research note on Thursday, February 19th. They set an ""overweight"" rating and a $275.00 target price for the company. Three analysts have rated the stock with a Strong Buy rating, sixteen have issued  a Buy rating and six have issued  a Hold rating to the stock. According to MarketBeat.com, the stock currently has an average rating of ""Moderate Buy"" and an average target price of $253.43. Shares of ABBV stock opened at $225.25 on Wednesday. The stock has a 50-day simple moving average of $210.40 and a 200 day simple moving average of $219.12. AbbVie Inc. has a fifty-two week low of $181.73 and a fifty-two week high of $244.81. The stock has a market capitalization of $397.97 billion, a P/E ratio of 110.96, a P/E/G ratio of 0.68 and a beta of 0.32. AbbVie (NYSE:ABBV - Get Free Report) last announced its earnings results on Wednesday, April 29th. The company reported $2.65 earnings per share for the quarter, beating the consensus estimate of $2.59 by $0.06. AbbVie had a negative return on equity of 576.45% and a net margin of 5.79%.The business had revenue of $15 billion during the quarter, compared to analysts' expectations of $14.72 billion. During the same quarter last year, the business posted $2.46 earnings per share. The company's quarterly revenue was up 12.4% on a year-over-year basis.  On average, sell-side analysts anticipate that  AbbVie Inc. will post 14.3 earnings per share for the current year. Here are the key news stories impacting AbbVie this week: AbbVie is a global, research-driven biopharmaceutical company that was created as a spin-off from Abbott Laboratories in 2013 and is headquartered in North Chicago, Illinois. The company focuses on discovering, developing and commercializing therapies for complex and often chronic medical conditions. Its operations span research and development, manufacturing, regulatory affairs and commercialization, with an emphasis on bringing specialty medicines to market across multiple therapeutic areas. AbbVie's product portfolio and pipeline cover several major therapeutic categories, including immunology, oncology, neuroscience, virology and women's health. Want to see what other hedge funds are holding ABBV? Visit HoldingsChannel.com to get the latest 13F filings and insider trades for AbbVie Inc. (NYSE:ABBV - Free Report). This instant news alert was generated by narrative science technology and financial data from MarketBeat in order to provide readers with the fastest reporting and unbiased coverage. Please send any questions or comments about this story to contact@marketbeat.com. Before you consider AbbVie, you'll want to hear this. MarketBeat keeps track of Wall Street's top-rated and best performing research analysts and the stocks they recommend to their clients on a daily basis. MarketBeat has identified the five stocks that top analysts are quietly whispering to their clients to buy now before the broader market catches on... and AbbVie wasn't on the list. While AbbVie currently has a Moderate Buy rating among analysts, top-rated analysts believe these five stocks are better buys. MarketBeat just released its list of the 7 hottest IPOs expected to hit Wall Street in 2026. See which companies are preparing to go public and why investors are watching closely. Sign up for MarketBeat All Access to gain access to MarketBeat's full suite of research tools. 345 N Reid Place, Suite 620, Sioux Falls, SD 57103
                                        
                                        contact@marketbeat.com
                                        
                                        (844) 978-6257 © MarketBeat Media, LLC 2010-2026. All rights reserved. © 2026   Fair market value prices are updated every minute and are provided by Massive. Other market data provided is at least 10-minutes delayed and hosted by Barchart Solutions.  Information is provided 'as-is' and solely for informational purposes, not for trading purposes or advice, and is delayed. To see all exchange delays and terms of use please see Barchart's disclaimer. Enter your email address below to receive a concise daily summary of dividend news for AbbVie, new dividend declarations and stocks going ex-dividend with DividendStocks.com’s free newsletter.",https://www.marketbeat.com/instant-alerts/filing-abbvie-inc-abbv-stock-position-lessened-by-letko-brosseau-associates-inc-2026-06-10/
ABBV,"Stonebrook Private Inc. Sells 8,844 Shares of AbbVie Inc. $ABBV - MarketBeat",2026-06-10 10:14:58,"Stonebrook Private Inc. lowered its stake in shares of  AbbVie Inc. (NYSE:ABBV - Free Report) by 49.4% in the fourth quarter, according to its most recent disclosure with the Securities & Exchange Commission. The firm owned 9,044 shares of the company's stock after selling 8,844 shares during the quarter. Stonebrook Private Inc.'s holdings in AbbVie were worth $2,066,000 at the end of the most recent quarter. A number of other large investors have also recently added to or reduced their stakes in the stock. Brand Asset Management Group Inc. bought a new stake in  AbbVie during the fourth quarter worth approximately $235,000.  North Dallas Bank & Trust Co. bought a new stake in shares of  AbbVie in the fourth quarter valued at approximately $2,114,000.  Alteri Wealth LLC raised its stake in shares of  AbbVie by 10.9% in the fourth quarter. Alteri Wealth LLC now owns 6,149 shares of the company's stock valued at $1,405,000 after purchasing an additional 602 shares in the last quarter.  Swan Global Investments LLC raised its stake in shares of  AbbVie by 3.6% in the fourth quarter. Swan Global Investments LLC now owns 1,450 shares of the company's stock valued at $331,000 after purchasing an additional 50 shares in the last quarter.  Finally, Focus Partners Advisor Solutions LLC raised its stake in  AbbVie by 38.6% during the fourth quarter. Focus Partners Advisor Solutions LLC now owns 50,223 shares of the company's stock worth $11,476,000 after acquiring an additional 13,993 shares in the last quarter. Institutional investors own  70.23% of the company's stock. AbbVie stock opened at $225.25 on Wednesday. The business's 50-day simple moving average is $210.40 and its 200 day simple moving average is $219.12. The stock has a market cap of $397.97 billion, a price-to-earnings ratio of 110.96, a P/E/G ratio of 0.68 and a beta of 0.32. AbbVie Inc. has a 12-month low of $181.73 and a 12-month high of $244.81. AbbVie (NYSE:ABBV - Get Free Report) last posted its quarterly earnings results on Wednesday, April 29th. The company reported $2.65 earnings per share (EPS) for the quarter, beating the consensus estimate of $2.59 by $0.06. AbbVie had a negative return on equity of 576.45% and a net margin of 5.79%.The business had revenue of $15 billion for the quarter, compared to analysts' expectations of $14.72 billion. During the same quarter last year, the business earned $2.46 earnings per share. The firm's quarterly revenue was up 12.4% compared to the same quarter last year.  As a group, sell-side analysts expect that  AbbVie Inc. will post 14.3 EPS for the current year. Several research analysts have issued reports on the company. Wall Street Zen lowered AbbVie from a ""strong-buy"" rating to a ""buy"" rating in a research note on Sunday. Weiss Ratings  restated a ""hold (c)"" rating on shares of AbbVie in a research note on Monday. Barclays assumed coverage on AbbVie in a research note on Thursday, February 19th. They issued an ""overweight"" rating and a $275.00 target price for the company. William Blair  restated an ""outperform"" rating on shares of AbbVie in a research note on Monday, March 9th. Finally, Cantor Fitzgerald  restated an ""overweight"" rating and issued a $240.00 target price on shares of AbbVie in a research note on Thursday, April 30th. Three analysts have rated the stock with a Strong Buy rating, sixteen have issued  a Buy rating and six have given a Hold rating to the company. According to data from MarketBeat.com, the stock  has a consensus rating of ""Moderate Buy"" and an average price target of $253.43. Here are the key news stories impacting AbbVie this week: AbbVie is a global, research-driven biopharmaceutical company that was created as a spin-off from Abbott Laboratories in 2013 and is headquartered in North Chicago, Illinois. The company focuses on discovering, developing and commercializing therapies for complex and often chronic medical conditions. Its operations span research and development, manufacturing, regulatory affairs and commercialization, with an emphasis on bringing specialty medicines to market across multiple therapeutic areas. AbbVie's product portfolio and pipeline cover several major therapeutic categories, including immunology, oncology, neuroscience, virology and women's health. This instant news alert was generated by narrative science technology and financial data from MarketBeat in order to provide readers with the fastest reporting and unbiased coverage. Please send any questions or comments about this story to contact@marketbeat.com. Before you consider AbbVie, you'll want to hear this. MarketBeat keeps track of Wall Street's top-rated and best performing research analysts and the stocks they recommend to their clients on a daily basis. MarketBeat has identified the five stocks that top analysts are quietly whispering to their clients to buy now before the broader market catches on... and AbbVie wasn't on the list. While AbbVie currently has a Moderate Buy rating among analysts, top-rated analysts believe these five stocks are better buys. Thinking about investing in Meta, Roblox, or Unity? Click the link to learn what streetwise investors need to know about the metaverse and public markets before making an investment. Sign up for MarketBeat All Access to gain access to MarketBeat's full suite of research tools. 345 N Reid Place, Suite 620, Sioux Falls, SD 57103
                                        
                                        contact@marketbeat.com
                                        
                                        (844) 978-6257 © MarketBeat Media, LLC 2010-2026. All rights reserved. © 2026   Fair market value prices are updated every minute and are provided by Massive. Other market data provided is at least 10-minutes delayed and hosted by Barchart Solutions.  Information is provided 'as-is' and solely for informational purposes, not for trading purposes or advice, and is delayed. To see all exchange delays and terms of use please see Barchart's disclaimer.",https://www.marketbeat.com/instant-alerts/filing-stonebrook-private-inc-sells-8844-shares-of-abbvie-inc-abbv-2026-06-10/
ABBV,"9,254 Shares in AbbVie Inc. $ABBV Purchased by North Dallas Bank & Trust Co. - MarketBeat",2026-06-10 10:00:48,"North Dallas Bank & Trust Co. purchased a new position in shares of  AbbVie Inc. (NYSE:ABBV - Free Report) during the fourth quarter, according to the company in its most recent Form 13F filing with the Securities & Exchange Commission. The firm purchased 9,254 shares of the company's stock, valued at approximately $2,114,000. AbbVie comprises approximately  1.4% of North Dallas Bank & Trust Co.'s holdings, making the stock its 18th biggest position. A number of other institutional investors also recently added to or reduced their stakes in ABBV. Brighton Jones LLC boosted its holdings in  AbbVie by 17.4% in the 4th quarter. Brighton Jones LLC now owns 22,912 shares of the company's stock valued at $4,072,000 after purchasing an additional 3,401 shares in the last quarter.  Revolve Wealth Partners LLC boosted its holdings in  AbbVie by 72.7% in the 4th quarter. Revolve Wealth Partners LLC now owns 7,279 shares of the company's stock valued at $1,294,000 after purchasing an additional 3,064 shares in the last quarter.  Schnieders Capital Management LLC. boosted its holdings in  AbbVie by 5.0% in the 2nd quarter. Schnieders Capital Management LLC. now owns 16,466 shares of the company's stock valued at $3,056,000 after purchasing an additional 789 shares in the last quarter.  Ieq Capital LLC boosted its holdings in  AbbVie by 4.6% in the 2nd quarter. Ieq Capital LLC now owns 120,035 shares of the company's stock valued at $22,281,000 after purchasing an additional 5,274 shares in the last quarter.  Finally, Worldquant Millennium Advisors LLC boosted its holdings in  AbbVie by 117.3% in the 2nd quarter. Worldquant Millennium Advisors LLC now owns 1,135,034 shares of the company's stock valued at $210,685,000 after purchasing an additional 612,702 shares in the last quarter. Hedge funds and other institutional investors own  70.23% of the company's stock. ABBV stock opened at $225.25 on Wednesday. The firm has a 50 day moving average of $210.40 and a 200-day moving average of $219.12. AbbVie Inc. has a 12-month low of $181.73 and a 12-month high of $244.81. The company has a market cap of $397.97 billion, a price-to-earnings ratio of 110.96, a PEG ratio of 0.68 and a beta of 0.32. AbbVie (NYSE:ABBV - Get Free Report) last posted its quarterly earnings results on Wednesday, April 29th. The company reported $2.65 earnings per share (EPS) for the quarter, beating analysts' consensus estimates of $2.59 by $0.06. AbbVie had a net margin of 5.79% and a negative return on equity of 576.45%. The company had revenue of $15 billion during the quarter, compared to the consensus estimate of $14.72 billion. During the same period last year, the firm earned $2.46 EPS. The company's revenue for the quarter was up 12.4% on a year-over-year basis.  Sell-side analysts forecast that  AbbVie Inc. will post 14.3 earnings per share for the current fiscal year. A number of equities research analysts have weighed in on the company. Cantor Fitzgerald  reaffirmed an ""overweight"" rating and issued a $240.00 price objective on shares of AbbVie in a report on Thursday, April 30th. Canaccord Genuity Group lifted their price target on shares of AbbVie from $262.00 to $265.00 and gave the company a ""buy"" rating in a research report on Thursday, April 30th. Morgan Stanley lifted their price target on shares of AbbVie from $270.00 to $278.00 and gave the company an ""overweight"" rating in a research report on Thursday, April 30th. Barclays started coverage on shares of AbbVie in a research report on Thursday, February 19th. They set an ""overweight"" rating and a $275.00 price target for the company. Finally, William Blair  reiterated an ""outperform"" rating on shares of AbbVie in a research report on Monday, March 9th. Three investment analysts have rated the stock with a Strong Buy rating, sixteen have given a Buy rating and six have given a Hold rating to the company. Based on data from MarketBeat.com, the stock presently has an average rating of ""Moderate Buy"" and an average price target of $253.43. Here are the key news stories impacting AbbVie this week: AbbVie is a global, research-driven biopharmaceutical company that was created as a spin-off from Abbott Laboratories in 2013 and is headquartered in North Chicago, Illinois. The company focuses on discovering, developing and commercializing therapies for complex and often chronic medical conditions. Its operations span research and development, manufacturing, regulatory affairs and commercialization, with an emphasis on bringing specialty medicines to market across multiple therapeutic areas. AbbVie's product portfolio and pipeline cover several major therapeutic categories, including immunology, oncology, neuroscience, virology and women's health. Want to see what other hedge funds are holding ABBV? Visit HoldingsChannel.com to get the latest 13F filings and insider trades for AbbVie Inc. (NYSE:ABBV - Free Report). This instant news alert was generated by narrative science technology and financial data from MarketBeat in order to provide readers with the fastest reporting and unbiased coverage. Please send any questions or comments about this story to contact@marketbeat.com. Before you consider AbbVie, you'll want to hear this. MarketBeat keeps track of Wall Street's top-rated and best performing research analysts and the stocks they recommend to their clients on a daily basis. MarketBeat has identified the five stocks that top analysts are quietly whispering to their clients to buy now before the broader market catches on... and AbbVie wasn't on the list. While AbbVie currently has a Moderate Buy rating among analysts, top-rated analysts believe these five stocks are better buys. With the proliferation of data centers and electric vehicles, the electric grid will only get more strained. Download this report to learn how energy stocks can play a role in your portfolio as the global demand for energy continues to grow. Sign up for MarketBeat All Access to gain access to MarketBeat's full suite of research tools. 345 N Reid Place, Suite 620, Sioux Falls, SD 57103
                                        
                                        contact@marketbeat.com
                                        
                                        (844) 978-6257 © MarketBeat Media, LLC 2010-2026. All rights reserved. © 2026   Fair market value prices are updated every minute and are provided by Massive. Other market data provided is at least 10-minutes delayed and hosted by Barchart Solutions.  Information is provided 'as-is' and solely for informational purposes, not for trading purposes or advice, and is delayed. To see all exchange delays and terms of use please see Barchart's disclaimer.",https://www.marketbeat.com/instant-alerts/filing-9254-shares-in-abbvie-inc-abbv-purchased-by-north-dallas-bank-trust-co-2026-06-10/
ABBV,"BLI Banque de Luxembourg Investments Sells 5,100 Shares of AbbVie Inc. $ABBV - MarketBeat",2026-06-10 07:44:45,"BLI Banque de Luxembourg Investments reduced its position in  AbbVie Inc. (NYSE:ABBV - Free Report) by 78.5% in the fourth quarter, according to its most recent disclosure with the Securities and Exchange Commission (SEC). The fund owned 1,399 shares of the company's stock after selling 5,100 shares during the quarter. BLI Banque de Luxembourg Investments' holdings in AbbVie were worth $321,000 as of its most recent filing with the Securities and Exchange Commission (SEC). A number of other large investors have also bought and sold shares of the company. Vanguard Group Inc. increased its position in  AbbVie by 1.7% in the fourth quarter. Vanguard Group Inc. now owns 180,779,699 shares of the company's stock worth $41,306,353,000 after buying an additional 3,032,438 shares during the last quarter.  Geode Capital Management LLC grew its position in shares of  AbbVie by 10.4% in the fourth quarter. Geode Capital Management LLC now owns 44,629,980 shares of the company's stock valued at $10,179,099,000 after purchasing an additional 4,190,487 shares in the last quarter.  Norges Bank purchased a new position in shares of  AbbVie in the fourth quarter valued at $5,865,055,000.  Capital Research Global Investors grew its position in shares of  AbbVie by 0.7% in the fourth quarter. Capital Research Global Investors now owns 25,408,200 shares of the company's stock valued at $5,805,530,000 after purchasing an additional 177,370 shares in the last quarter.  Finally, Franklin Resources Inc. grew its position in shares of  AbbVie by 2.3% in the fourth quarter. Franklin Resources Inc. now owns 14,881,504 shares of the company's stock valued at $3,400,274,000 after purchasing an additional 330,104 shares in the last quarter. 70.23% of the stock is owned by hedge funds and other institutional investors. Here are the key news stories impacting AbbVie this week: AbbVie stock opened at $225.25 on Wednesday. AbbVie Inc. has a 52 week low of $181.73 and a 52 week high of $244.81. The business has a 50-day simple moving average of $210.40 and a 200 day simple moving average of $219.12. The stock has a market cap of $397.97 billion, a price-to-earnings ratio of 110.96, a PEG ratio of 0.68 and a beta of 0.32. AbbVie (NYSE:ABBV - Get Free Report) last posted its earnings results on Wednesday, April 29th. The company reported $2.65 EPS for the quarter, topping the consensus estimate of $2.59 by $0.06. AbbVie had a negative return on equity of 576.45% and a net margin of 5.79%.The business had revenue of $15 billion during the quarter, compared to analysts' expectations of $14.72 billion. During the same period in the previous year, the business earned $2.46 earnings per share. The firm's revenue was up 12.4% on a year-over-year basis.  On average, research analysts anticipate that  AbbVie Inc. will post 14.3 earnings per share for the current year. ABBV has been the subject of several recent research reports. Royal Bank Of Canada initiated coverage on AbbVie in a research report on Tuesday, February 24th. They issued an ""outperform"" rating and a $260.00 price target for the company. William Blair  reiterated an ""outperform"" rating on shares of AbbVie in a research report on Monday, March 9th. Piper Sandler lifted their price target on AbbVie from $294.00 to $298.00 and gave the company an ""overweight"" rating in a research report on Thursday, May 14th. Bank of America upgraded AbbVie from a ""neutral"" rating to a ""buy"" rating and set a $234.00 price target for the company in a research report on Thursday, April 30th. Finally, Barclays started coverage on AbbVie in a research report on Thursday, February 19th. They issued an ""overweight"" rating and a $275.00 price target for the company. Three analysts have rated the stock with a Strong Buy rating, sixteen have given a Buy rating and six have assigned  a Hold rating to the stock. According to MarketBeat.com, AbbVie  has a consensus rating of ""Moderate Buy"" and an average target price of $253.43. AbbVie is a global, research-driven biopharmaceutical company that was created as a spin-off from Abbott Laboratories in 2013 and is headquartered in North Chicago, Illinois. The company focuses on discovering, developing and commercializing therapies for complex and often chronic medical conditions. Its operations span research and development, manufacturing, regulatory affairs and commercialization, with an emphasis on bringing specialty medicines to market across multiple therapeutic areas. AbbVie's product portfolio and pipeline cover several major therapeutic categories, including immunology, oncology, neuroscience, virology and women's health. Want to see what other hedge funds are holding ABBV? Visit HoldingsChannel.com to get the latest 13F filings and insider trades for AbbVie Inc. (NYSE:ABBV - Free Report). This instant news alert was generated by narrative science technology and financial data from MarketBeat in order to provide readers with the fastest reporting and unbiased coverage. Please send any questions or comments about this story to contact@marketbeat.com. Before you consider AbbVie, you'll want to hear this. MarketBeat keeps track of Wall Street's top-rated and best performing research analysts and the stocks they recommend to their clients on a daily basis. MarketBeat has identified the five stocks that top analysts are quietly whispering to their clients to buy now before the broader market catches on... and AbbVie wasn't on the list. While AbbVie currently has a Moderate Buy rating among analysts, top-rated analysts believe these five stocks are better buys. MarketBeat's analysts have just released their top five short plays for June 2026. Learn which stocks have the most short interest and how to trade them. Click the link to see which companies made the list. Sign up for MarketBeat All Access to gain access to MarketBeat's full suite of research tools. 345 N Reid Place, Suite 620, Sioux Falls, SD 57103
                                        
                                        contact@marketbeat.com
                                        
                                        (844) 978-6257 © MarketBeat Media, LLC 2010-2026. All rights reserved. © 2026   Fair market value prices are updated every minute and are provided by Massive. Other market data provided is at least 10-minutes delayed and hosted by Barchart Solutions.  Information is provided 'as-is' and solely for informational purposes, not for trading purposes or advice, and is delayed. To see all exchange delays and terms of use please see Barchart's disclaimer.",https://www.marketbeat.com/instant-alerts/filing-bli-banque-de-luxembourg-investments-sells-5100-shares-of-abbvie-inc-abbv-2026-06-10/
