ticker,title,date,content,url
ABBV,My 2 Favorite Dividend Kings to Buy Right Now - The Globe and Mail,2026-07-19 20:20:28,"These healthcare leaders can navigate almost any economic environment. They have increased their payouts for a combined 118 years straight. Just when we thought things were going in a good direction, tensions in the Middle East escalated again. If things worsen, it may eventually impact broader equities. Even if that doesn't happen, it's always useful for investors to buy shares in solid, dividend-paying corporations that can perform relatively well -- and continue raising their payouts -- regardless of economic conditions. Let's consider two excellent stocks that fit the bill: AbbVie(NYSE: ABBV) and Johnson & Johnson(NYSE: JNJ). Both are Dividend Kings, or companies with at least 50 consecutive years of dividend increases. Here's why they are among my favorite stocks in this elite group to buy right now. Where to invest $1,000 right now? Our analyst team just revealed what they believe are the 10 best stocks to buy right now, when you join Stock Advisor. See the stocks » AbbVie, a pharmaceutical leader, boasts a deep portfolio of medicines across several therapeutic areas. The company is best-known for its work in immunology, with its two growth pillars, Skyrizi and Rinvoq, performing even better than management had anticipated. They should maintain sales growth for a while, and by the time they run into patent cliffs, the drugmaker will almost certainly have found new growth drivers. AbbVie is developing promising products, including an investigational weight-loss medicine, ABBV-295, that performed well in early stage studies. The anti-obesity market is growing rapidly, and AbbVie's candidate could prove a highly differentiated asset, as it can be administered monthly (the current leaders are taken weekly). Further, AbbVie recently announced the acquisition of Apogee Therapeutics(NASDAQ: APGE), and its highly promising immunology candidate, zumilokibart, an investigational therapy for eczema. AbbVie has a deep pipeline beyond that and should make significant clinical and regulatory progress over the next few years. Lastly, given its past as a division of Abbott Laboratories(NYSE: ABT), AbbVie has increased its payouts for an impressive 54 straight years. The company's current forward dividend yield is 2.8%, compared to an average of 1.1% for the S&P 500. AbbVie won't succumb to economic troubles, given that it offers products that are always in high demand. Income investors can count on this stock for consistent dividend growth. Johnson & Johnson has a diversified healthcare business spanning pharmaceuticals and medical devices. It is also highly diversified within both niches. For instance, the company develops and markets products across immunology, oncology, neuroscience, and more. The drugmaker's deep portfolio of medical products makes it likely to handle whatever storm is coming much better than most other corporations. Johnson & Johnson is also a great option for long-term investors. The company routinely launches new products to overcome headwinds such as patent cliffs and government-led price negotiations. Johnson & Johnson is looking to enter new areas with attractive prospects. The company is seeking clearance for Ottava, a robotic-assisted surgery device that could help it dip its toes in this underpenetrated market. Johnson & Johnson has survived recessions, depressions, significant regulatory changes in the healthcare sector, pandemics, and much more over its long and storied history -- and it still has a business that is solid enough to survive the next troubles, whatever they may be. Lastly, the company has increased its payouts for 64 consecutive years, which makes it quite impressive even by the standards of Dividend Kings. Its forward dividend yield is 2.1%. All these factors make a strong case for Johnson & Johnson, especially for income-seeking investors. The Motley Fool Stock Advisor analyst team just identified what they believe are the 10 best stocks for investors to buy now… and AbbVie wasn’t one of them. The 10 stocks that made the cut could produce monster returns in the coming years. Consider when Netflix made this list on December 17, 2004... if you invested $1,000 at the time of our recommendation, you’d have $371,842!* Or when Nvidia made this list on April 15, 2005... if you invested $1,000 at the time of our recommendation, you’d have $1,244,783!* Now, it’s worth noting Stock Advisor’s total average return is 900% — a market-crushing outperformance compared to 207% for the S&P 500. Don't miss the latest top 10 list, available with Stock Advisor, and join an investing community built by individual investors for individual investors. Prosper Junior Bakiny has positions in Johnson & Johnson. The Motley Fool has positions in and recommends AbbVie and Abbott Laboratories. The Motley Fool recommends Johnson & Johnson. The Motley Fool has a disclosure policy. All market data (will open in new tab) is provided by Barchart Solutions. Copyright © 2026. Information is provided 'as is' and solely for informational purposes, not for trading purposes or advice. For exchange delays and terms of use, please read disclaimer (will open in new tab). © Copyright 2026 The Globe and Mail Inc. All rights reserved.",https://www.theglobeandmail.com/investing/markets/stocks/ABBV/pressreleases/3356357/my-2-favorite-dividend-kings-to-buy-right-now/
ABBV,"3 Biggest Pharma Giants: Buy, Sell or Hold? - 24/7 Wall St.",2026-07-19 13:30:58,"J&J screens as the most compelling buy at a forward P/E of 22, while Eli Lilly looks fully priced after a 421% five-year run. AbbVie trades at a trailing P/E of 122 on negative book value, with one predictive model implying 31% downside despite Skyrizi and Rinvoq strength. Act now: the analyst who called NVIDIA in 2010 just named his top 10 AI stocks — and Eli Lilly didn't make the cut. Grab the names FREE today. The three biggest US pharma names by market cap trade at very different setups right now: Johnson & Johnson (NYSE:JNJ | JNJ Price Prediction) at $247.02 screens as the most compelling on fundamentals, Eli Lilly (NYSE:LLY) at $1,156.63 looks fully valued, and AbbVie (NYSE:ABBV) at $244.11 appears stretched relative to its growth outlook. Each has run hard off 2025 lows, and the fundamentals no longer line up the same way. J&J has posted four straight EPS beats and accelerating revenue growth, from +5.8% in Q2 2025 to +9.9% in Q1 2026. Management raised 2026 guidance to $100.3B–$101.3B in sales and $11.45–$11.65 in adjusted EPS. DARZALEX at $3.96B (+22.5%) and TREMFYA at $1.61B (+68.3%) are more than absorbing the STELARA biosimilar cliff. The setup: shares are up 20.69% year to date and 63.17% over one year, yet the stock trades at a forward P/E of 22, backed by a 2.02% dividend yield and 64 consecutive years of hikes. Analysts carry a $262.27 consensus target against the current $247.02, with 15 Buy, 7 Hold, 1 Sell. Targets are not guarantees, but the Orthopaedics separation and Enterprise Business Review on December 8, 2026 are near-term catalysts. Litigation charges of $330M in Q1 remain the swing factor to watch. Lilly’s Q1 2026 revenue jumped 55.5% to $19.80B with adjusted EPS of $8.55 beating $6.79 estimates by 25.88%. Mounjaro hit $8.66B (+125%) and Zepbound reached $4.16B (+80%). Guidance was lifted to $82B–$85B revenue and $35.5–$37 EPS, and the Foundayo oral GLP-1 approval opens a larger addressable pool. The challenge is price. Shares have already climbed 50.92% over one year and 421.48% over five, and the stock trades at a trailing P/E of 42 and forward P/E of 33. Act now: the analyst who called NVIDIA in 2010 just named his top 10 AI stocks — and Eli Lilly didn't make the cut. Grab the names FREE today. Realized prices fell 13% in Q1, Mounjaro and Zepbound together account for 64.7% of revenue, and prediction-market sentiment has slipped 21.4 points over 30 days. With 23 Buy, 5 Hold, 2 Sell and a $1,254.07 target implying modest upside, the risk/reward argues for patience until pricing and competition stabilize. Skyrizi at $4.48B (+30.9%) and Rinvoq at $2.12B (+23.3%) are outrunning Humira erosion (Humira at $688M, down 38.6%), and 2026 EPS guidance was nudged to $14.08–$14.28. That is a real business. The valuation is the sticking point. ABBV trades at a trailing P/E of 122 and price-to-book of 50, on negative book value of -$3.77, after rising 35.04% over one year and 481.43% over ten. Q1 adjusted EPS of $2.65 missed by 0.66%, weighed by $744M in IPR&D charges on top of $5B for full-year 2025. Analysts still model a $265.50 target with 24 Buy, 6 Hold, 1 Sell, but one predictive model implies -30.9% downside to $168.67. With growth concerns building beyond 2028 and Imbruvica down 24.7%, the risk/reward has narrowed. All three stocks have outrun the S&P 500’s mid-single-digit gain year to date. J&J’s rerating still has room on the fundamentals, Lilly’s setup argues for patience after a strong run, and AbbVie’s multiple looks demanding relative to the growth math. This is analysis, not investment advice — investors should weigh their own objectives and risk tolerance. Act now: the analyst who called NVIDIA in 2010 just named his top 10 AI stocks — and Eli Lilly didn't make the cut. Grab the names FREE today. Contact editorial@247wallst.com for any questions or corrections. Vandita Jadeja is a financial copywriter who loves to read and write about stocks. She believes in buying and holding for long term gains. Her knowledge of words and numbers helps her write clear stock analysis. She has contributed to several publications, including the Joy Wallet, Benzinga, The Motley Fool and InvestorPlace. Our top personal finance-related articles today. Your wallet will thank you later. Eli Lilly has whipsawed shareholders in 2026, but one under-the-radar catalyst in its pipeline could change the trajectory entirely. Here… Eli Lilly (NYSE:LLY | LLY Price Prediction) just delivered one of the most impressive quarters in big pharma history, and… Eli Lilly (NYSE:LLY | LLY Price Prediction) just reported a quarter that should have sent bulls into a frenzy. Revenue… Eli Lilly (NYSE:LLY | LLY Price Prediction) shares have pulled back sharply, falling  9% over the past month, and 13%… Eli Lilly (NYSE:LLY | LLY Price Prediction) just delivered one of the strongest first quarters in big pharma history, but… Eli Lilly (NYSE:LLY | LLY Price Prediction) has built one of the most remarkable growth stories in modern pharmaceutical history… Few stocks have polarized investors in 2026 like Eli Lilly (NYSE:LLY | LLY Price Prediction). After a stunning Q1 earnings… The Health Care Select Sector SPDR ETF (NYSEARCA:XLV) is having a frustrating year. The fund sits at $149, down about… Our 24/7 Wall St. price target for Eli Lilly (NYSE:LLY | LLY Price Prediction) is $1,349.37, pointing to 12.5% upside…",https://247wallst.com/investing/2026/07/19/3-biggest-pharma-giants-buy-sell-or-hold/
ABBV,How AbbVie’s New Rapid-Onset Boey Toxin Could Reshape Aesthetics Demand for AbbVie (ABBV) Investors - simplywall.st,2026-07-19 13:24:29,"Invest in the nuclear renaissance through our list of 90 elite nuclear energy infrastructure plays powering the global AI revolution. To own AbbVie, you need to believe its immunology, neuroscience, oncology, and aesthetics engines can offset patent and pricing pressures while funding a heavy pipeline. Boey’s EU approval modestly supports the aesthetics story, but the more immediate swing factors still sit in large immunology franchises and ongoing drug price scrutiny, so the impact on near term catalysts and top risks looks limited for now. Among recent announcements, the European Commission’s approval of Tepkinly plus R2 in relapsed or refractory follicular lymphoma stands out, reinforcing AbbVie’s oncology ambitions alongside its aesthetics push with Boey. Together, these updates speak to a broader effort to lessen reliance on a concentrated set of blockbusters and build a more balanced earnings base over time. Yet beneath the product wins, investors should be aware of the risk that heavy dependence on a few immunology and neuroscience platforms... AbbVie’s narrative projects $79.1 billion revenue and $22.8 billion earnings by 2029. This requires 8.0% yearly revenue growth and a roughly $19.2 billion earnings increase from $3.6 billion today. Uncover how AbbVie's forecasts yield a $259.46 fair value, in line with its current price. Three Simply Wall St Community fair value estimates for AbbVie span roughly US$259 to US$460 per share, underscoring how far apart individual views can be. Against that backdrop, questions around concentrated product risk and future pipeline execution give you several different angles to explore before deciding where you stand. Explore 3 other fair value estimates on AbbVie - why the stock might be worth just $259.46! Don't just follow the ticker - dig into the data and build a conviction that's truly your own. Our daily scans reveal stocks with breakout potential. Don't miss this chance: This article by Simply Wall St is general in nature. We provide commentary based on historical data
    and analyst forecasts only using an unbiased methodology and our articles are not intended to be financial advice. It does not constitute a recommendation to buy or sell any stock, and does not take account of your objectives, or your
    financial situation. We aim to bring you long-term focused analysis driven by fundamental data.
    Note that our analysis may not factor in the latest price-sensitive company announcements or qualitative material.
    Simply Wall St has no position in any stocks mentioned. We've created the ultimate portfolio companion for stock investors, and it's free. • Connect an unlimited number of Portfolios and see your total in one currency• Be alerted to new Warning Signs or Risks via email or mobile• Track the Fair Value of your stocks Have feedback on this article? Concerned about the content? Get in touch with us directly. Alternatively, email editorial-team@simplywallst.com A research-based biopharmaceutical company, engages in the research and development, manufacturing, commercializing, and sale of medicines and therapies worldwide. Reasonable growth potential average dividend payer. Financial Data provided by S&P Global Market Intelligence LLC, analysis provided by Simply Wall Street Pty Ltd. Copyright © 2026, S&P Global Market Intelligence LLC. All rights reserved. Simply Wall Street Pty Ltd (ACN 600 056 611), is a Corporate Authorised Representative (Authorised Representative Number: 467183) of Sanlam Private Wealth Pty Ltd (AFSL No. 337927). Any advice contained in this website is general advice only and has been prepared without considering your objectives, financial situation or needs. You should not rely on any advice and/or information contained in this website and before making any investment decision we recommend that you consider whether it is appropriate for your situation and seek appropriate financial, taxation and legal advice. Please read our Financial Services Guide before deciding whether to obtain financial services from us. © 2026 Simply Wall Street Pty Ltd, US Design Patent #29/544/281, Community and European Design Registration #2845206",https://simplywall.st/stocks/us/pharmaceuticals-biotech/nyse-abbv/abbvie/news/how-abbvies-new-rapid-onset-boey-toxin-could-reshape-aesthet
ABBV,Why Johnson & Johnson Is a Stock You Can Own Forever - 24/7 Wall St.,2026-07-19 13:00:39,"JNJ has extended its dividend growth streak to 64 consecutive years, backed by $19.7 billion in 2025 free cash flow. Unlike ABBV, whose dividend history only dates to a 2013 spin-off, JNJ spreads revenue across dozens of drugs and medical devices. Act now: the analyst who called NVIDIA in 2010 just named his top 10 AI stocks — and Johnson & Johnson didn't make the cut. Grab the names FREE today. Johnson & Johnson (NYSE:JNJ | JNJ Price Prediction) is a stock built to be owned for decades, not traded, because its combination of an AAA-tier balance sheet, a 64-consecutive year dividend growth streak and a diversified healthcare franchise across pharmaceuticals and medical devices is engineered to compound quietly through every market cycle. Johnson & Johnson is the kind of holding a retirement-focused investor can own and stop watching. JNJ operates across six priority areas: Oncology, Immunology, Neuroscience, Cardiovascular, Surgery, and Vision. Q1 2026 revenue reached $24.06 billion, up 9.9% year over year, with Innovative Medicine growing 11.2% and MedTech up 7.7%. Oncology drugs like DARZALEX ($3.96 billion, +22.5%) and TREMFYA (+68.3%) more than absorbed the 59.7% decline in STELARA from biosimilar competition. When your growth engines can eat a patent cliff and still deliver four consecutive EPS beats, the franchise is doing what a forever holding is supposed to do. The board raised the quarterly dividend 3.1% to $1.34 per share in April 2026, extending the streak to 64 consecutive years. That places JNJ in the highest tier of Dividend Kings. The company generated $19.7 billion in free cash flow during full-year 2025, more than enough to fund the payout, buybacks, and pipeline investment simultaneously. For income investors looking at multi-decade holdings, the 24/7 Wall St. research team recently outlined the framework in its Never Touch the Principal report on forever dividend positions. JNJ carries a beta of 0.235, meaning it moves a fraction of what the broader market does. Institutional ownership sits at 76.82%, and management raised full-year 2026 guidance to $100.3 billion to $101.3 billion in revenue with adjusted EPS of $11.45 to $11.65. Geographic balance ($13.33 billion U.S. and $10.73 billion Rest of World) further insulates the business from any single market shock. The natural comparison is AbbVie (NYSE:ABBV), often paired with JNJ in dividend portfolios. AbbVie only began its independent dividend history after its 2013 spin-off from Abbott, a fraction of JNJ’s 64-year streak, and its post-Humira revenue base remains heavily dependent on Skyrizi and Rinvoq to replace a single lost blockbuster. JNJ’s revenue is spread across dozens of products spanning drugs and devices. Through the next several market cycles, patent expirations, and pricing regimes, the more diversified balance sheet is the safer permanent holding. In risk-on, speculative growth markets, JNJ lags. A beta of 0.235 means it will not keep pace with high-beta names during a melt-up, and Q1 2026 included $330 million in litigation charges. That does not change the forever thesis. The right reason to own JNJ is to still be collecting a rising dividend in 2046, not to chase leadership in a bull run. Act now: the analyst who called NVIDIA in 2010 just named his top 10 AI stocks — and Johnson & Johnson didn't make the cut. Grab the names FREE today. Contact editorial@247wallst.com for any questions or corrections. Joel South covers large-cap stocks, dividend investing, and major market trends, with a focus on earnings analysis, valuation, and turning complex data into actionable insights for investors. He brings more than 15 years of experience as an investor and financial journalist, including 12 years at The Motley Fool, where he served as an investment analyst, Bureau Chief, and later led the Fool.com investing news desk. He has also co-hosted an investing podcast and appeared across TV and radio discussing market trends. Our top personal finance-related articles today. Your wallet will thank you later. Johnson & Johnson (NYSE:JNJ | JNJ Price Prediction) stands out as a candidate for multi-decade portfolios because it pairs a… JNJ and AbbVie both beat revenue expectations in Q1 2026, yet their strategies could not look more different, and which… Johnson & Johnson (NYSE:JNJ | JNJ Price Prediction) is a rare long-duration compounder because it is the rare equity whose… Coca-Cola (NYSE:KO | KO Price Prediction) closed 2025 with steady organic growth and a 63rd consecutive dividend increase, while Johnson… Johnson & Johnson (NYSE:JNJ | JNJ Price Prediction) and AbbVie (NYSE:ABBV) both posted Q1 2026 results that beat revenue expectations… Dividend investors entering July 2026 have a rare setup: Three of the market’s most reliable income stocks all delivered beat-and-raise… International Business Machines (NYSE:IBM | IBM Price Prediction) is a stock worth owning for decades because it pairs a 110-year… Johnson & Johnson (NYSE:JNJ | JNJ Price Prediction) closed the most recent session at $230.42, up 2.58% on the week… Most investors panic when stocks turn red, but the losses that actually destroy wealth rarely show up on a bad…",https://247wallst.com/investing/2026/07/19/why-johnson-johnson-is-a-stock-you-can-own-forever/
ABBV,"AbbVie Currently Down Seven Consecutive Days, On Pace for Longest Losing Streak Since March 2025 -- Data Talk - Moomoo",2026-07-18 23:12:43,"To create a seamless experience and for website quality and improvement purposes, we use cookie technologies for verification and quality purposes, to personalize the content presented, and to provide advertising that may be of specific interest to you. Learn our Privacy Policy here. Unity Software(U.US) reported fourth-quarter financial results after the market close on Monday. Here's a rundown of the report.Q4 
    Earnings: Unity said fourth-quarter revenue increased 35% year-over-year to $609 million, beating the consensus estimate of $562.71 million.
    The company reported a quarterly loss of 66 cents per share. Due to copyright issues, news from Dow Jones is temporarily unavailable for automatic translation. Illegal and Violation Use the share button in your browser  to share the page with your friends Investment products and services are offered through Moomoo Financial Inc., Member SIPC./FINRA. For further information about Moomoo Financial Inc., please visit Financial Industry Regulatory Authority (FINRA)’s BrokerCheck. Options trading entails significant risk and is not appropriate for all customers. It is important that investors read Characteristics and Risks of Standardized Options before engaging in any options trading strategies. Options transactions are often complex and may involve the potential of losing the entire investment in a relatively short period of time. Certain complex options strategies carry additional risk, including the potential for losses that may exceed the original investment amount. Supporting documentation for any claims, if applicable, will be furnished upon request. $0 commission trading is available only to U.S. residents trading in the U.S. markets through Moomoo Financial Inc. Other fees may apply. For more info, visit moomoo.com/us/pricing Investing involves risk and the potential to lose principal. Electronic trading also involves risks. The responsiveness of the trading system may vary due to market conditions, system performance, and other factors. Account access and trade execution may be affected by factors such as market volatility. Investment products are not insured by the FDIC, not a deposit, and may decline in value. The services and products offered on the website are subject to applicable laws and regulations, as well as relevant service terms and policies. The services and products are not available to all customers or in all geographic areas or in any jurisdiction where it is unlawful for us to offer such services and products. Company Address：Moomoo Financial Inc. and Moomoo Technologies Inc, 185 Hudson St Ste. 2600, Jersey City, NJ 07302 Copyright © 2026 Moomoo Technologies Inc. All Rights Reserved.",https://www.moomoo.com/news/post/72945364/abbvie-currently-down-seven-consecutive-days-on-pace-for-longest?level=1&data_ticket=1784510810120392
ABBV,New Bill: Representative Judy Chu introduces H.R. 9699: Drug Deal Disclosure Act - Quiver Quantitative,2026-07-18 15:42:00,"Enter your email to receive free breaking news alerts and insights related to ABBV. Backtested trading strategies built on Quiver's datasets Be the first to see our newest insights and key updates across all datasets Track the top-performing stock portfolios held by U.S. politicians in Congress Find stocks with ease across diverse datasets and filters Build and test your own strategies, using Quiver's Congressional trading datasets Build and test your own strategies, using Quiver's Institutional holdings datasets Our video reports and analysis, with early access to exclusive, subscriber-only videos By: Quiver LegislationRadar We have received text from H.R. 9699: Drug Deal Disclosure Act. This bill was received on 2026-07-15, and currently has 24 cosponsors. This bill would require the Department of Health and Human Services (HHS) to publicly release records about certain drug-pricing agreements the federal government has made with drug manufacturers. Within 30 days after enactment, HHS would have to publish, in a centralized searchable and downloadable format, documents and related records tied to agreements entered into on or after January 20, 2025, between federal agencies and drug manufacturers if those agreements include any of the following: The bill lists several agreements it says must be disclosed, including agreements involving AbbVie, Amgen, AstraZeneca, Boehringer Ingelheim, Bristol Myers Squibb, Eli Lilly, EMD Serono, Genentech, Gilead Sciences, GSK, Johnson & Johnson, Merck, Novartis, Novo Nordisk, Pfizer, Regeneron, and Sanofi. The bill says records cannot be withheld, delayed, or redacted simply because disclosure might cause reputational harm or political sensitivity. However, HHS could withhold or redact parts of agreements that contain: If HHS redacts or withholds anything, it would have to say whether it was given access to confidential pricing information from each manufacturer and publish a written explanation in the Federal Register and send it to Congress. After the required disclosures are completed, HHS would have 15 days to report to Congress on what was released and what was withheld, including the reasons for any redactions. Within 90 days after the disclosures are completed, the Congressional Budget Office and the Government Accountability Office would jointly have to issue a report on the economic and budgetary effects of the disclosed agreements. That report would have to cover: Here are some bills which have recently been proposed by Representative Judy Chu: You can track bills proposed by Representative Judy Chu on Quiver Quantitative's politician page for Chu. Quiver Quantitative estimates that Representative Judy Chu is worth $15.0M, as of July 18th, 2026. This is the 89th highest net worth in Congress, per our live estimates. Chu has approximately $7.1M invested in publicly traded assets which Quiver is able to track live. You can track Representative Judy Chu's net worth on Quiver Quantitative's politician page for Chu. We have data on up to $11.6M of trades from Representative Judy Chu, which we parsed from STOCK Act filings. Some of the largest trades include: You can track Representative Judy Chu's stock trading on Quiver Quantitative's politician page for Chu. There has been approximately $1,731,050 of spending in California's 28th congressional district elections over the last two years, per our estimates. You can track this election on our matchup page for the 2026 California's 28th congressional district election. This article is not financial advice. See Quiver Quantitative's disclaimers for more information. Add Quiver Quantitative to your preferred sources on Google",https://www.quiverquant.com/news/New+Bill%3A+Representative+Judy+Chu+introduces+H.R.+9699%3A+Drug+Deal+Disclosure+Act
ABBV,AbbVie (ABBV) Q1 2026 Earnings Call Transcript - Fortune,2026-07-18 13:28:03,"OperatorWelcome to the AbbVie First Quarter 2026 Earnings Conference Call. All participants will be able to listen only until the question and answer portion of this call. You may ask a question by pressing star one on your phone. Today's call is also being recorded. If you have any objections, you may disconnect at this time. I would now like to introduce Ms. Liz Shea, Senior Vice President, Investor Relations. Liz SheaGood morning. Thanks for joining us. Also on the call with me today are Rob Michael, Chairman and Chief Executive Officer, Jeff Stewart, Executive Vice President, Chief Commercial Officer, Roopal Thakkar, Executive Vice President, Research and Development and Chief Scientific Officer, and Scott Reents, Executive Vice President, Chief Financial Officer. Before we get started, I'll note that some statements we make today may be considered forward-looking statements based on our current expectations. AbbVie cautions that these forward-looking statements are subject to risks and uncertainties that may cause our actual results to differ materially from those indicated in our forward-looking statements. Additional information about these risks and uncertainties is included in our SEC filings. AbbVie undertakes no obligation to update these forward-looking statements except as required by law. On today's conference call, non-GAAP financial measures will be used to help investors understand AbbVie's business performance. These non-GAAP financial measures are reconciled with comparable GAAP financial measures in our earnings release and regulatory filings from today, which can be found on our website. Following our prepared remarks, we'll take your questions. With that, I'll turn the call over to Rob. Rob MichaelThank you, Liz. Good morning, everyone, and thank you for joining us. AbbVie is off to an excellent start to the year, with first quarter results exceeding our expectations across our diverse portfolio. We are delivering top-tier growth and continue to strengthen our long-term outlook with pipeline advancements and strategic transactions. Turning to our first quarter performance, we achieved adjusted earnings per share of $2.65, which is $0.07 above our guidance midpoint. Total net revenues were $15 billion, beating our expectations by $300 million and reflecting robust sales growth of 12.4%. I'm especially pleased with the momentum in immunology and neuroscience, which are both delivering share gains in growing markets. Based on this strong performance, we are raising our full year adjusted earnings per share guidance by $0.12 and now expect adjusted EPS between $14.08 and $14.28. Turning now to R&D, we are making meaningful progress advancing programs across all stages of development. Recent highlights include the U.S. regulatory submissions of RINVOQ for alopecia areata, giving us a potential new source of growth in dermatology, and SKYRIZI sub-Q induction in Crohn's, with an approval decision expected later this year. We also saw promising interim data from our Crohn's platform study combining SKYRIZI and our own alpha-4 beta-7, which has potential to deliver transformational efficacy. In obesity, we announced early stage data for our amylin analog ABBV-295 with very encouraging weight loss results. In oncology, we are now expecting the regulatory submission for Etentamig by the end of this year, which is earlier than our previous expectations. We also expanded our emerging oncology pipeline by closing the RemeGen agreement, giving us a novel PD-1/VEGF bispecific antibody. We will continue to augment our portfolio with business development to access external innovation. Given our strong growth outlook, we have significant financial capacity to pursue both early and late-stage opportunities. Lastly, as part of AbbVie's $100 billion commitment to U.S. R&D and capital investments over the next decade, we recently announced construction of several new manufacturing sites. This includes a $1.4 billion investment to build a pharmaceutical manufacturing campus in North Carolina and a $380 million investment for two new plants in North Chicago. These strategic investments will strengthen AbbVie's ability to produce medical breakthroughs in immunology, neuroscience, oncology, and obesity. In summary, the fundamentals of our business are strong, and we are well-positioned to deliver top-tier growth for the long term. With that, I'll turn the call over to Jeff for additional comments on our commercial highlights. Jeff? Jeff StewartThank you, Rob. I'll start with the quarterly results for immunology, which delivered total revenues of $7.3 billion, reflecting impressive sales growth of $1 billion. SKYRIZI total sales were $4.5 billion, up 29.2% on an operational basis, exceeding our expectations. We continue to demonstrate exceptional performance across psoriatic disease, where we are gaining share and have clear leadership over all biologics and orals by a very wide margin. The psoriatic market is growing robustly, and we feel extremely confident in SKYRIZI's best-in-class profile, including high-end durable efficacy on both skin and joints, as well as simple quarterly dosing, which collectively gives us a distinct advantage relative to all the existing and emerging therapies in this area. We continue to generate compelling evidence to support SKYRIZI as the preferred treatment option for psoriatic disease. At the recent AAD meeting, we presented new data highlighting SKYRIZI's strong efficacy in genital and scalp psoriasis, which are very difficult to treat areas, often leading to significant social and emotional burden to patients. The FDA has recently approved adding the new study results in these high impact area to the SKYRIZI label. We also now have long-term efficacy and radiographic data in psoriatic arthritis, demonstrating SKYRIZI's durable efficacy with nearly 90% of patients showing no radiographic progression through five years of treatment. This data will enhance our existing leadership in the important PSA segment, where SKYRIZI is the frontline in-play patient share leader in both the derm and rheum segments. Performance also remains very robust in IBD, where SKYRIZI is on track to deliver more than 30% global sales growth across Crohn's disease and ulcerative colitis this year. Competitive dynamics within IBD are playing out in line with our expectations, with SKYRIZI continuing to capture a leading share of total new patient starts in the U.S. in the quarter, including very significant in-play leadership in the frontline setting, which is the strongest signal of overall physician preference for SKYRIZI. I'm also pleased with the compelling results from our recent subcutaneous induction study for Crohn's, with data, particularly in the bio naïve population that we believe compares very favorably versus the competition. We look forward to providing an additional dosing option for physicians and IBD patients later this year. Turning now to RINVOQ, which is also performing above our expectations. Global sales were $2.1 billion, up 20.2% on an operational basis. Demand remains strong across all of RINVOQ's indications. We are now achieving high teens in-play patient share in RA and are seeing a nice inflection in prescriptions across gastro, especially in UC, following the recent expanded label supporting access to RINVOQ earlier in the treatment paradigm for IBD patients. We are also planning for the potential near-term commercialization of two additional indications, vitiligo and alopecia areata, which will meaningful expand RINVOQ's dermatology label and where we have also recently expanded our field force to support these emerging opportunities. Lastly, in immunology, HUMIRA global sales were $688 million, down 40.3% on an operational basis, reflecting biosimilar competition and in line with our expectations. Moving to neuroscience, where we continue to outperform our expectations as well. Total revenues were nearly $2.9 billion, up 24.3% on an operational basis. In migraine, our leading portfolio continues to gain market share with UBRELVY, QULIPTA, and BOTOX therapeutic, each delivering robust double-digit sales growth. In psychiatry, VRAYLAR global sales were $905 million, up 18.4%, reflecting strong prescription growth in both bipolar disorder and adjunctive MDD. VRAYLAR has significant leadership with new prescription share roughly double the next closest branded competitor, and we expect continued momentum following the introduction of new lower doses, allowing prescribing flexibility as well as pediatric usage. Moving to Parkinson's disease, we continue to see encouraging uptake for VYALEV, which is on track to achieve blockbuster revenue this year. Total sales were $201 million, up approximately 10% on a sequential basis. We are also preparing for the potential approval and launch of tavapadon in the U.S. later this year, an exciting new oral treatment for patients with Parkinson's and a very complementary addition to our growing Parkinson's portfolio with VYALEV and DUODOPA. Tavapadon has demonstrated strong efficacy as both a monotherapy as well as an add-on to the standard of care. We believe it will be a sizable commercial opportunity. Moving now to oncology, where total revenues were more than $1.6 billion, down 3% on an operational basis. VENCLEXTA continues to perform very well, especially in CLL, as combination use with BTK inhibitors are emerging as a preferred fixed treatment duration globally. We've recently received full approvals in the U.S. and the U.K., as well as positive CHMP opinion for VENCLEXTA's use with BTKs for that fixed treatment course. Total VENCLEXTA sales were $770 million, up 9.7% on an operational basis. Continued sales growth from ELAHERE, EPKINLY, and EMRELIS also helped to partially offset the expected sales decline for IMBRUVICA, which was down 24.7% due to IRA pricing and competitive share pressure. Turning now to aesthetics, which delivered global sales of nearly $1.2 billion, up 5.1% on an operational basis. BOTOX Cosmetic total revenues were $668 million, up 17%, reflecting a favorable price comparison in the U.S. as well as modest market growth globally. JUVÉDERM global sales were $232 million, down 2.9%, reflecting continued headwinds in key dermal filler markets. While economic headwinds have continued to impact market conditions globally, the long-term prospects for the category remain attractive given high consumer interest and low penetration rates. As the industry leader, we are investing in promotion and innovation to support patient activation. I'm particularly excited about the potential for TrenibotE, our fast-acting, short-duration toxin, which once approved, we expect will be market expanding and complements our toxin portfolio very nicely. While TrenibotE is delayed in the U.S., we continue to anticipate approval and launches this year in key international markets, including Europe, Canada, and Japan. Overall, I'm extremely pleased with the execution and continued strong performance across our commercial portfolio. With that, I'll turn the call over to Roopal for comments on our R&D highlights. Roopal. Roopal ThakkarThank you, Jeff. We continue to make good progress across our pipeline. I'll start with dermatology programs in immunology. As Jeff just mentioned, new data was presented at the recent AAD meeting highlighting SKYRIZI's strong efficacy in genital and scalp psoriasis and long-term efficacy, including radiographic data in psoriatic arthritis. These recent presentations add to the growing body of evidence supporting SKYRIZI's best-in-class profile in psoriatic diseases. Its strong, durable efficacy on both skin and joint measures, favorable safety and tolerability profile, and convenient quarterly maintenance dosing give us confidence that SKYRIZI will continue to be the preferred first-line treatment option for patients with psoriatic disease. Additionally, discussions are ongoing with the FDA regarding revised label language related to tuberculosis evaluation for SKYRIZI. While TB monitoring has become fairly routine prior to initiating treatment with biologics, updated language would allow healthcare providers to use their clinical judgment. Moving to RINVOQ, the regulatory application for alopecia areata was recently submitted to the FDA. Approval decisions are anticipated later this year in Europe and Japan and in early 2027 in the U.S. In hidradenitis suppurativa, phase III studies for both RINVOQ and lutikizumab are progressing well and remain on track for 16-week top-line results in the second half of this year. Turning to gastroenterology, all co-primary and key secondary endpoints were met in the phase III AFFIRM study, with SKYRIZI subcutaneous induction in Crohn's disease demonstrating very high levels of endoscopic response and clinical remission. While not a direct head-to-head comparison, when matching these data against results from the SKYRIZI IV induction program, the subcu induction achieved numerically higher results across key endpoints. We are extremely pleased with the strong performance demonstrated by subcutaneous induction, especially considering that this study enrolled a very difficult-to-treat patient population. Two-thirds of the patients received prior advanced therapy, with half failing two or more therapies and a third failing ustekinumab or a JAK inhibitor. Data in those who had not previously experienced advanced therapy were particularly noteworthy, where 61% of SKYRIZI patients achieved endoscopic response and 73% achieved clinical remission at week 12. This is 45 points higher than placebo on both measures. These are very impressive results, which will continue to support first-line use. These data reinforce SKYRIZI's best-in-class profile and provide an additional induction dosing option for patients with Crohn's disease. Our U.S. regulatory application was recently submitted with an approval decision anticipated later this year. Subcu induction for ulcerative colitis is also being assessed, we will be discussing options with health authorities. On to other gastro programs. An interim analysis was recently completed on our Crohn's disease platform study. In the cohort evaluating SKYRIZI plus our novel anti-alpha-4 beta-7 antibody, ABBV-382, the combination resulted in a higher rate of endoscopic remission at week 12 and at week 24. The rate was double that of either monotherapy arm. Endoscopic remission was achieved by approximately 42% of patients receiving the combination at week 24. These results were observed in a broad population that had severe and refractory disease, which included 82% advanced treatment failures and 53% of patients failing two or more advanced treatments. Of the patients that previously received advanced therapies, 63% failed an agent with an overlapping mechanism with the combination, and 20% failed a JAK inhibitor. At baseline, patients had a mean Crohn's disease activity index of 325 and a simple endoscopic score of 14, which represents a very treatment-refractory patient population. Achieving this level of endoscopic remission in this setting is a particularly meaningful achievement, as this endpoint is an objective measure of mucosal healing and is associated with long-term benefits, including reduced rates of hospitalization, surgery, and disease progression. Safety of the combination was consistent with the profiles of the monotherapies. No new signals were observed. These results demonstrate the potentially transformative level of efficacy that our novel combination can achieve. The study is expected to complete in the third quarter, with presentation at a medical meeting anticipated by early next year. A phase IIb study is planned to begin this summer in patients with Crohn's disease and ulcerative colitis to evaluate SKYRIZI in combination with both ABBV-382 and with our extended half-life TL1A antibody. In parallel, we will be evaluating phase III acceleration options for SKYRIZI plus ABBV-382 in Crohn's disease. In the SKYRIZI plus lutikizumab cohort, the combination did not sufficiently differentiate from monotherapy SKYRIZI and will not be moving forward. In the early stage immunology pipeline, we are nearing completion of a phase I study for an IRAK4 inhibitor, ABBV-848, and plan to begin a phase II study in rheumatoid arthritis later this year. This potent inhibitor has the potential to provide biologic like efficacy, a favorable safety profile with no box warnings, and convenient once daily oral dosing. I will now discuss neuroscience. Top line analysis was recently completed on our phase II trial evaluating ABBV-932 in bipolar depression. In the study, the overall difference observed between the drug-treated and placebo groups was not statistically significant. However, in a pre-specified subgroup analysis of bipolar I patients, an efficacy signal was observed. The safety profile of ABBV-932 was generally similar to placebo, including rates of extrapyramidal events, demonstrating the potential for a more favorable tolerability profile compared to VRAYLAR. We are evaluating next steps to continue ABBV-932 development in bipolar I patients. Dose escalation work continues for emraclidine in both schizophrenia and elderly patients. In schizophrenia, we have cleared the 100 mg dose and will begin evaluating 150 mg. phase II studies in monotherapy and adjunctive schizophrenia, as well as psychosis related to Alzheimer's, Parkinson's, and Lewy body dementia, are planned to begin in the fourth quarter. Moving to our psychedelic asset, Bretisilocin, additional data from an ongoing phase II study in major depressive disorder will be available this year. Several studies are planned to begin in 2026, including a phase III trial for single course acute treatment in MDD, a phase IIb evaluating repeat dosing for chronic use in MDD, and a proof of concept phase II in post-traumatic stress disorder. In Parkinson's disease, we remain on track for an approval decision for tavapadon in the third quarter. Turning to our solid tumors program in oncology, Temab-A is progressing well across a broad range of tumor types. At the upcoming ASCO meeting, early stage safety and efficacy results for Temab-A in head and neck and ovarian cancers will be presented. Based on these results, we are engaging with regulators regarding ways to accelerate programs for Temab-A plus pembrolizumab in frontline head and neck cancer and Temab-A plus bevacizumab in frontline ovarian cancer. In colorectal cancer, we have made a decision to update our strategy in the third line plus setting and will now focus the pivotal program on Temab-A in combination with bevacizumab in an all-comers population, as opposed to pursuing monotherapy in c-Met selected patients. Targeting all comers will allow Temab-A to reach a substantially broader population. Temab-A plus bevacizumab demonstrated improved response rates and disease control versus current standard of care, regardless of c-Met expression levels. Treatment with Temab-A at 2.4 mg/kg plus Bev achieved an objective response rate of 30% and a confirmed disease control rate of 97% compared to rates of 0% and 70% respectively for Lonsurf plus Bev. Given the expanded patient population for the all comers phase III trial, we anticipate faster enrollment compared to the study in c-Met selected patients. Initial data readout is expected in the second half of next year. In lung cancer, Temab-A received its first breakthrough therapy designation as a monotherapy in second-line plus EGFR wild type non-squamous non-small cell lung cancer. We are in the process of planning a phase III trial in this setting. In small cell lung cancer, a phase III trial for monotherapy ABBV-706 recently began in relapsed refractory patients. Two phase II studies evaluating ABBV-706 triplet combinations in frontline patients are also planned to initiate this year. These trials will evaluate ABBV-706 in combination with atezolizumab plus DLL3 T-cell engagers. Moving to ABBV-969, dose escalation data in late-line metastatic castration resistant prostate cancer will be presented at ASCO. Based on these results, we are in the process of discussing acceleration options with regulators in order to advance into phase III trials as quickly as possible. We also continue to augment our solid tumor pipeline through investments in external innovation, including one with Kestrel Therapeutics, who recently began a phase I study to evaluate a pan-KRAS inhibitor in advanced solid tumors harboring KRAS mutations. This next-generation inhibitor has the potential to provide an improved efficacy and safety profile based on increased potency and specificity against the most relevant KRAS mutations while sparing H- and N-RAS isoforms. Our strategy is to combine this pan-KRAS inhibitor with Temab-A in pancreatic, lung, and colorectal cancers. In hematologic oncology, our phase III trial evaluating monotherapy Etentamig in third-line plus multiple myeloma is tracking ahead of schedule. We anticipate a response rate readout in the third quarter, with potential to also see an interim analysis on progression-free survival. If this interim analysis is positive, regulatory submissions would occur later this year. Progress continues in earlier lines of therapy as well. The increasing use of anti-CD38 antibodies in earlier treatment settings is driving a need for CD38-free BCMA combinations, particularly those that can provide the convenience of monthly BCMA dosing combined with an oral agent. Plans are underway for a phase III study evaluating Etentamig in combination with pomalidomide in second-line plus patients, including those that were exposed or refractory to a CD38 antibody or who lost response to a BCMA CAR-T or ADC. Moving to other areas of our pipeline. In aesthetics, the FDA issued a complete response letter for our TrenibotE application related to manufacturing questions. The CRL did not identify any issues related to safety, efficacy or labeling of TrenibotE, nor has the FDA requested any additional clinical trials be conducted. We will be working closely with the FDA to address their feedback and determine next steps for resubmission. In obesity, positive top-line results were announced from a multiple ascending dose study evaluating our long-acting amylin analog, ABBV-295. In the study, ABBV-295 demonstrated clinically meaningful weight loss of nearly 10% after only 12 weeks of treatment, despite enrolling a predominantly male, non-obese population. ABBV-295 was well-tolerated with mostly mild and transient GI-related adverse events. No cases of severe nausea, vomiting or diarrhea were reported. These early results are encouraging and reinforce our view that our long-acting amylin analog has the potential to provide strong weight loss with favorable tolerability. In the next phases of development, higher doses of ABBV-295 will be tested in patients with obesity, including every other week and monthly regimens. Interim data from our phase I study in obese patients are anticipated later this year. Our phase II program is now expected to begin in the third quarter. To summarize, significant progress continues with our pipeline, and we look forward to additional important data readouts, regulatory submissions and approvals throughout 2026. With that, I'll turn the call over to Scott. Scott ReentsThank you, Roopal. Starting with our first quarter results, we reported adjusted earnings per share of $2.65, which is $0.07 above our guidance midpoint. These results include a $0.41 unfavorable impact from acquired IP R&D expense. Total net revenues were $15 billion. This reflects top-tier growth of 12.4%, including a 2.1% favorable impact from foreign exchange. Adjusted gross margin was 83.6% of sales. Adjusted R&D expense was 15.1% of sales, and adjusted SG&A expense was 22.7% of sales. The adjusted operating margin ratio was 40.8% of sales, which includes a 5% unfavorable impact from acquired IP R&D expense. Net interest expense was $645 million. The adjusted tax rate was 15.4%. Turning to our financial outlook, we are raising our full-year adjusted earnings per share guidance to between $14.08 and $14.28. Please note that this guidance does not include an estimate for acquired IP R&D expense that may be incurred beyond the first quarter. We now expect total net revenues of approximately $67.3 billion, an increase of $300 million. The impact from foreign exchange on full-year sales growth remains roughly in line with our prior expectations. This upgraded revenue forecast includes the following approximate assumptions for several of our key products and therapeutic areas. We now expect SKYRIZI global revenues of $21.6 billion, an increase of $100 million, reflecting demand growth in psoriatic and IBD indications. RINVOQ global sales of $10.2 billion, an increase of $100 million, reflecting strong performance in the rheum and gastro indications. Total neuroscience revenues of $12.6 billion, an increase of $100 million, reflecting momentum across the portfolio. Moving to the P&L for 2026, we continue to forecast full-year adjusted gross margin above 84% of sales, adjusted R&D expense of approximately $9.7 billion, and adjusted SG&A expense of approximately $14.2 billion. We now anticipate an adjusted operating margin ratio of approximately 47.5% of sales, in line with our previous expectations after including the roughly 1% unfavorable impact of acquired IP R&D expense incurred through the first quarter. We also now expect adjusted net interest expense of approximately $2.7 billion, a reduction of $100 million, primarily related to favorable rates on our debt issuance. Turning to the second quarter, we anticipate net revenues of approximately $16.7 billion. This includes an estimated 0.6% favorable impact from foreign exchange. We are forecasting an adjusted operating margin ratio of approximately 50%. We expect adjusted earnings per share between $3.74 and $3.78. This guidance does not include acquired IP R&D expense that may be incurred in the quarter. In closing, AbbVie continues to deliver outstanding results, and our financial health remains very strong. Our capital allocation priorities remain focused on the future as we are investing in the business at record levels, have financial flexibility to pursue compelling business development, and are returning capital to shareholders through our strong and growing dividend. With that, I'll turn the call back over to Liz. Liz SheaThanks, Scott. We will now open the call for questions. In the interest of hearing from as many analysts as possible over the remainder of the call, we ask that you please limit your questions to one or two. Operator, first question, please. OperatorOur first question comes from David Amsellem from Piper Sandler. Please go ahead. David AmsellemThanks. Appreciate all the metrics you have on SKYRIZI, but I wanted to get your thoughts on the competitive landscape, particularly with the rollout of Icotyde. How are you thinking about its impact on SKYRIZI going forward, if any? Give us some color on your counter-detailing messages to practitioners regarding the product as you enter this period with more intensified competition. Thank you. Jeff StewartThank you, David. It's Jeff. I'll give you some flavor on that. You know, as I mentioned, SKYRIZI is just such an exceptional product. We see in our audits and our trackers that over the last couple quarters, despite incredibly high share, really over four times basically the in-play share and total share versus the next leading competitor, our NBRx has accelerated and continue to hit all-time highs. That's because of a few key items, right? The superiority data that we have on skin clearance is just exceptional. We have head-to-head trials against five mechanisms in psoriasis, including the two oral agents, the TYK2 and Otezla. We can show category-leading durability in the real world and just exceptional adherence given the dosing cycle and the ability to keep the disease controlled. We have that leading PSA indication with that new five-year joint stability data that Roopal and I highlighted. This new data on hard-to-treat areas like the scalp, the genitals, the hands and feet, you know, head to toe for SKYRIZI, so to speak. Those are just really powerful messages to the physicians who write this medication. I would say there's other things around the, maybe the new oral competitors you highlighted. The launch is quite early. The way that we look at this is certainly we're able to communicate that it's not an oral SKYRIZI. The efficacy parameters are quite a bit lower when you match all the controls, you understand the populations, which our medical teams and our commercial teams are able to highlight. Certainly PSA is a huge market value driver, and there's not a lot of evidence there. There's also some complexities really just even around an oral and the adherence there, and we have some data and evidence on the orals in the category as well. We're well prepared for this dynamic. We think that we can navigate this competitor quite well. We may see, in fact, we saw it with Otezla, you know, over a decade ago, that there's gonna be some market expansion as well. Again, the teams are prepared. We're very confident, and hopefully that gives you a little bit of flavor of the dynamics in the market. Rob MichaelDavid, this is Rob. What I would add is, I mean, we obviously, you know, contemplate competition when we provide guidance. We've obviously now once again taken up the guidance for SKYRIZI. Continue to see upside to consensus forecast for SKYRIZI, going out, you know, every year and growing each year. We have a tremendous amount of confidence. We are well aware of the competition that's coming in. We factor that in, and you can see the asset continues to perform exceptionally well. Liz SheaThanks, David. Operator, next question, please. OperatorNext, we'll go to Chris Schott from JPMorgan. Please go ahead. Chris SchottGreat. Thanks so much for the questions. Just first one for me is on the SKYRIZI alpha-4 beta-7 program. Can you just comment a little bit on what dosing looks like for this combo and where you see this fitting into competitive landscape? Is this kind of a second-line drug post SKYRIZI or something that could eventually actually get to frontline? The second question is just maybe building on that and looking at kind of the broader I&I competitive landscape. It does seem like there's significant development across the space, and the Street's increasingly concerned about this means relative to your portfolio. Can you just kind of address how you think about sustaining the competitive position you have in I&I, how important the SKYRIZI combo is, your ability, again, freedom to operate with BD and I&I. Just help us a little bit in terms of just how you're envisioning that playing out over time. Thank you. Roopal ThakkarYeah. Thanks, Chris. It's Roopal. I'll start. The dosing I would say, you know, SKYRIZI, you know the dose. It's already in label. The other assets, ABBV-382, the alpha-4 beta-7, and the TL1A, the goal there is to optimize those. In fact, you know, while we start gearing up for a phase III study, we have a phase IIb plan. We had pre-planned that ahead of time. In this quick interim look that we have had, we've already observed a non-flat slope, so meaning an exposure correlation with ABBV-382, meaning patients with higher exposures did better. What we'll do in the phase IIb is in fact study a higher dose of ABBV-382 in combination with SKYRIZI. There's a potential that the efficacy could go even higher. The goal with this one will be likely monthly dosing. Co-formulation work is ongoing. While we're finishing that work, we'll also be speaking with regulators, and there's a potential to further accelerate. I don't think we need to wait for the phase IIb to be totally finished. If we see something while we're conducting the trial, we can pivot relatively quickly. We would anticipate starting, I would say roughly where we sit today, in about two years, in the phase III or even sooner. The team will be looking ways to accelerate. As I stated, the TL1A will be added into this platform as well, and we'll be studying ulcerative colitis along with Crohn's. As you think about IBD and competitive dynamics, what you see coming from AbbVie is next generational therapies and really raising the bar on efficacy. As we stated on the, on the endpoint in my opening remarks, we doubled the endoscopic data, and that's really what's most critical. It's the most objective, and that's what clinicians are looking for. As we look to the future, you see that what we're doing, we see other competitors coming, entering, but we see these as monotherapies and even the phase II data observed to date, regardless of mechanism, the data do not differentiate from where we sit today with RINVOQ and SKYRIZI. The goal here for the whole portfolio that we've spoken about is to raise that standard of care meaningfully higher. Again, RINVOQ and SKYRIZI do that very well today, even against emerging competition. The data that I speak about are battle-tested phase III data in very difficult to treat populations. That's gonna hold for the near term, and we have not seen a competitor that can beat that other than us with our own combinations. We have more to come. That's, I think, the way to think about how we think about immunology. Rob MichaelChris, this is Rob. I'll just add to Roopal's comments. The way we've been thinking about business development over the last couple of years is to support that strategy. You've seen us add through business development, new mechanisms, TL1A, IRAK4, TREM1, as we think about this combination approach. We acquired Nimble to give us the oral peptides capabilities, so that's obviously plays an important role in the future of immunology. Then I'd say the one that doesn't get enough attention is the Capstan acquisition with, you know, the B-cell depletion approach with the in vivo CAR-T platform. As we think about the future of immunology, now we're thinking about growth beyond SKYRIZI and RINVOQ. You know, we certainly see a trend there. We've been very active with business development over the last couple of years to add depth to our immunology pipeline so that we can continue to remain ahead of the competition. We have tremendous amount of confidence given our, you know, long-term experience here. We obviously have our commercial powerhouse, but I'd say our R&D organization understands this space very well. I think we position ourselves for long-term growth. Liz SheaThanks, Chris. Operator, next question, please. OperatorNext, we'll go to Mohit Bansal from Wells Fargo. Please go ahead. Mohit BansalGreat. Thank you very much for taking my question. Just want to double-click on the IRAK4 that you are developing in RA. rheumatoid arthritis is a space where, you know, after HUMIRA There's not a lot of options which are safe as well. Like what gives you excitement about IRAK4, compared to what is out there in the world, in terms of therapies which are being tested in rheumatoid arthritis? Everyone is trying to become a RINVOQ without the box warning here. Thank you. Roopal ThakkarThanks, Mohit. It's Roopal. We have very early data. This is a partnership with Createrna, and we saw some data, clinical data in China in a small study. What we observed there was biologic-like efficacy, so something like existing therapies, including the anti-TNF class. What we saw preliminarily in that data, similar to our combo data in IBD, a relationship with PK and response rates. We have the opportunity here to do this phase IIb study to see if we can push efficacy even higher. What we like about that is, it's another oral, and potentially the safety profile as it's played out to date, we don't anticipate a boxed warning. That would be a differentiator versus the anti-TNF class and the JAK inhibitor class. That's what gets us excited about this particular molecule, Mohit. Liz SheaThanks, Mohit. Operator, next question, please. OperatorNext, we'll go to Louise Chen from Scotiabank. Please go ahead. Louise ChenHi. Congratulations on the quarter, and thanks for taking my questions here. I wanted to ask you first if you could provide more color on your opportunities for an extended half-life IL-23 and also your oral peptide IL-23, and do you still plan to enter the clinic with those this year? Just on your combos, just curious if you plan to look at those for first line or save those for more refractory patients. Thank you. Roopal ThakkarHi. Thanks. It's Roopal. Yes, we do have ABBV-547, which you'll hear more about, and that is our asset based on all of our experience with SKYRIZI and IL-23 inhibition, and this is what we'd like to advance, and this would be a longer acting version. To your point, the dosing has already initiated. Along those lines, we also anticipate dosing our long-acting IL-23 TL1A bispecific antibody and the Nimble anti-IL-23 asset. Both of those will be first in human this year. The goals for those are to, at least for the long-acting, is to be slightly longer acting than SKYRIZI, but not too much longer acting. The reason for that is, I should state, is that when we take all these factors, given that SKYRIZI is already available as quarterly, and that is very, very convenient, and the data are all very compelling when you look to the maintenance data. I know we've seen some short-term data, but when you look at SKYRIZI, and this extends well beyond week 16, we've demonstrated PASI 100 responses of approximately 60%, PASI 90 responses exceeding 80%, and that's already happening with quarterly dosing. What I would say there is similar to what Jeff had stated, we also are focused on all of our assets on difficult-to-treat manifestations. That includes palmar-plantar, genital, scalp psoriasis that Jeff has mentioned. The other important fact here and why I said the long-term duration is important is that 30% or so of patients with psoriasis will go on to develop psoriatic arthritis. Again, that's why durability and long-term data are very important. The reason I made the comment on the half-life of where we want it to be, we wanna offer choices in the future, and that will matter, I would say, to the most of our clinicians who wanna individualize the therapy. For example, on this longer half-life, if an infection, for example, were to occur or there's a tolerability issue and you have a very long half-life biologic, the prolonged pharmacologic persistence could limit the ability to rapidly discontinue a therapy. Also, you could have clinical scenarios that may necessitate switching therapies prior to a full washout. If you have overlapping mechanisms of actions, that could pose challenges. We are targeting two or 2.5 times of where SKYRIZI is today, and that would create another option. That would be, along with the oral that I said would also be focused on a slightly longer half-life on that one than what we see today for orals. What we know, and Jeff pointed this out, the adherence matters with orals. We see it with RINVOQ, but we have very potent efficacy. For the oral, from Nimble, we would like to see higher potency and a longer half-life in case someone slips up and misses a dose. That's how these are being developed. As you stated, they're both in the clinic this year, so we anticipate data, hopefully by next year, if not sooner. I apologize. I think I had the combo question on how we're positioning this. The data that we have to date, we're an all-comers population, and you see particularly refractory. When we've seen that with SKYRIZI and RINVOQ, and you pivot to a naive population, the efficacy getting even higher. We are not going to restrict at all how we would study patients because it's important to clear second-line and third-line and even come after SKYRIZI. In fact, we had SKYRIZI patients in the study. We had vedolizumab patients in the study. We had RINVOQ patients in the study. That's an important market because second and third line continue to evolve and grow. In IBD, the front line is also important. Many of our clinicians wanna tackle the inflammation right away in the best possible way they can. With gut inflammation, you can run into problems that results in hospitalizations, stricturing, and irreversible damage that can result in surgeries. Nobody wants that. If you have the best therapy, we believe there's many clinicians that will wanna use that early on in the course and not hold out. We're very excited about the data that we've observed because we see that high level of efficacy in this interim analysis across different lines of therapy in IBD. Liz SheaThanks, Louise. Operator, next question, please. OperatorNext, we'll go to Terence Flynn from Morgan Stanley. Please go ahead. Terence FlynnGreat. Thanks so much for the question. Rob, I was just hoping you could elaborate on your thoughts on M&A. Obviously, it's been a very active year so far across the space, seeing companies lean in really at that kind of $5 billion-$10 billion deal size. You mentioned comments on immunology and some of the work you guys have done on the early stage side. Do you see a need here to maybe be more aggressive and also push into other areas quicker than what you're currently doing? Would just love your broad high-level thoughts there. Thank you. Rob MichaelRight. Thanks, Terence. It's Rob. I'll take that question. Yes, and we have been and continue to be very open to acquiring external innovation, really with a major focus for us in immunology, neuroscience, oncology, and obesity. To the extent we see a differentiated asset in any of these areas, whether early stage, late stage, or even on market, we are very willing to pursue it. I mean, today, we have an on-market portfolio and an emerging pipeline that gives us a clear line of sight to very strong growth into 2030s. We are operating from a position of strength, and we have ample financial capacities. If you think about, you know, the last two years, we have added significant depth to our pipeline, including deals with Capstan, as I mentioned earlier, Gilgamesh, IGI, RemeGen, AdRx, and Gubra, to name a few. I see each of these opportunities as an opportunity to really drive growth in the next decade and beyond. That said, while we don't need BD to deliver top-tier growth this decade, we're not opposed to near-term revenue drivers that are differentiated in our core areas of focus. Liz SheaThanks, Terence. Operator, next question, please. OperatorNext, we'll go to Trung Huynh from RBC Capital Markets. Please go ahead. Trung HuynhHi, guys. Thanks for taking my questions. Just two on SKYRIZI, please. When I look at the 1Q SKYRIZI sales, you look at it versus the IQVIA scripts, it looks like net pricing is flat, slightly better than that low single-digit erosion you guided. I guess first, can you clarify if there were any one-off items in 1Q for SKYRIZI, or is that discrepancy from IBD and IV, you know, IV induction? How should we think about that pricing step down through the year if you are on track for low single-digit decline? Just following on RINVOQ's successful exclusivity extension to 2037, what's your confidence in extending SKYRIZI's LOE? Is there any timelines you have there or any timelines you have for potential biosimilar settlements? Thank you. Scott ReentsTrung, this is Scott. I'll take your first question regarding SKYRIZI pricing. You are correct. In the first quarter, SKYRIZI pricing was relatively flat. That was really just a comparison issue on a year-over-year basis in the quarter, a gating, if you will. On a full-year basis, we continue- OperatorThank you for standing by. Liz, you may go ahead. Liz SheaOkay. Sorry, I think we were in the midst of answering the question about sales. Scott ReentsGreat. Thanks, Liz. Trung, I apologize for the technical difficulty there. I'll start from the beginning again with respect to your question on first quarter SKYRIZI. You are correct. The price was flat in the quarter, relatively flat. It was just a comparison year-over-year when we looked at it. From a full-year basis, we do continue to expect low single digit pricing for the full year. That means while we've not given specific gaining guidance, if you will, you'll see continued low single digits for the remainder of the year. I think that when you think about that price, that's something, you know, we've talked about low single digit immunology franchise across the board from rebates, low single digits over time. SKYRIZI is gonna be very consistent with that. There was a slight amount of inventory destock as well. The total demand number was consistent right around 30%. I think that's consistent to what you would have seen in IQVIA. Rob MichaelTrung, this is Rob. I'll take your question on SKYRIZI. Look, although SKYRIZI's competition matter patent expires in 2033, we do have later expiring IP granted and in process that embodies SKYRIZI significant innovation. This includes patents expiring in the U.S. in the mid-2030s and later. Now, it's important to note that regulatory data protection for SKYRIZI does not expire until 2031. We do not expect to see biosimilar application filings until the end of this decade. Clearly, we have a strong track record of vigorously defending our patents and protecting our innovation, and I would expect that to continue. Liz SheaThank you, Trung. Operator, next question, please. OperatorNext, we'll go to James Shin from Deutsche Bank. Please go ahead. James ShinHey, good morning. Thank you for the question, guys. I have one for Roopal on RemeGen's PD-1/VEGF. Given RC148 is roughly behind some of the other PD-1/VEGFs we all know. Is there any angle or differentiation to make up for lost time? Then sticking with oncology, Roopal, what should we envision for EPCORE-DLBCL-4? Do you see this being a transformational kind of readout? I mean getting a competitive space in front line DLBCL. Thank you. Roopal ThakkarHi, thanks. For the PD-1/VEGF, the key for that and what you've heard previously from us on other deals, the KRAS deal that we just talked about, the DLL3 TCE. The key for these assets are in combination with our emerging ADC portfolio, in particular Temab-A where I highlighted some readouts to come at ASCO. That for us is the key looking forward, especially across colorectal cancer, lung cancer. I noted combinations in pancreatic cancer today. This wherever we see a PD-1, we can utilize that in combination. That's where the innovation occurs, where we're going to use our ADCs wherever we can to replace chemotherapy provide higher efficacy potentially longer durability because of better tolerability. If the data point us in this particular direction, you could have a biomarker population, so physicians are able to individualize care and optimize that benefit risk. You would see an efficacy contribution from ADCs and with an asset like RC148. The other place that's under consideration is in the FR-alpha space in ovarian. There could be potential for RC148 there. You can see how it can be introduced across multiple tumor types. Regarding DLBCL discussions will be ongoing with the current readout where we saw improved PFS. No, no detriment to OS. That discussion is ongoing, and then we still have the potential for second line DLBCL and even front line DLBCL, data this year. That front line is EPKINLY plus R-CHOP. I would say a very simple and potentially, easily adoptable regimen. Again, potential for readouts this year. If you do see a benefit there, I would say in front line is the largest opportunity for EPKINLY. Liz SheaThanks, James. Operator, next question, please. OperatorNext, we'll go to Gary Nachman from Canaccord Genuity. Please go ahead. Gary NachmanHi. Hi. Thanks for taking the question. First for the additional indications for RINVOQ, as they start to come through, vitiligo and alopecia areata will be next. Are you still thinking all those indications can be $2 billion in aggregate, or are you getting more optimistic on that front? What's your latest thinking on the contribution from those and additional efforts you're putting in the derm space? Just on tavapadon in Parkinson's, just how you're thinking about that product, how it'll fit into the treatment paradigm within Parkinson's mono versus combo, you know, the overall opportunity for it, and if you'll put more resources within the Parkinson's franchise as well. Thank you. Jeff StewartYeah, thanks. It's Jeff. I would say that, you know, we have been very, very encouraged over the data that we've seen as these products have read out. You know, the first of the, you know, the third wave of the RINVOQ indications was giant cell arteritis, which was the smallest of the bunch. What we've observed has been quite interesting. In the rheumatology community, as we've started to highlight the benefits of RINVOQ for GCA, it actually has what I would call a spillover effect onto RA and PSA. The rheums get more and more comfortable. These indications, we believe, will build on top of each other. You know, we still look at that $2 billion as a reasonable base case, but I would say basically we're leaning towards more, let's say, bullishness. One of them has to do with certainly the timing of vitiligo. This will be the first truly systemic drug for vitiligo. We look at the data, and it seems to continue to build over time. Now, this isn't like atopic derm itch, where you get like in one or two days, you get, you know, you get something profound on the symptoms. The patients need to be consistently taking the medication, but it just continues to be this really significant burn in terms of stopping the inflammation. That's very positive. The first in vitiligo. I would say the other thing that surprised us is there are approved JAKs in alopecia. We can see their revenue level, but the efforts were not very significant. Basically, the RINVOQ data, again, cross-study comparison is twice as good. I would say we're sort of really leaning towards that we can have some upside to that initial approach, I would say primarily driven by alopecia areata, given the profound changes that we're seeing. I would be remiss if I didn't say that we're also very excited to see how the ultimate readouts are in HS. You know, we built the HS market, and with HS, with basically luti and the readout for RINVOQ, that's also another nice portfolio play for us. They're meaningful approaches that we have as we get closer to that. Rob MichaelThis is Rob, just to add to RINVOQ, just maybe to zoom out a little bit. I mean, obviously, we're very excited about this next wave of indications and the impact they can have on the asset. When we look at, you know, overall RINVOQ expectations, at least for what sell-side consensus is modeling, we still see, you know, broadly upside on RINVOQ in each year with that number growing each year. This will contribute to that, but I'd say the underlying performance of the approved indications also is very strong. Jeff StewartTo move to tavapadon. Tavapadon, again, this idea of building these deep portfolios. Obviously, we have the small product with DUODOPA, which had the surgery. VYALEV is continuing to progress towards that blockbuster status. It's progressed much faster than we thought even 18 months ago. With the approval of tavapadon, we can actually play with an innovative molecule and brand in front of VYALEV. We're bringing this into the oral market, which, you know, is about 85% of the market right now. As you highlighted, it's attractive in a both monotherapy setting as well as an add-on setting to the standard of care levodopa-carbidopa. Our physicians are reacting to the monotherapy side, particularly for patients that are younger, okay? There, there are significant amount of younger patients where they could be on these oral medications for a decade or more, and they try to wanna spare, which we've seen, like the emergence of dyskinesia, if you're sort of using over time too much levodopa-carbidopa. That's very important. You know, adding on to control the dyskinetic events and sort of spare, again, this march towards dyskinesia that you see is also something that is brought up by the thought leaders. I would also say that the adverse event profile is remarkably different than we've seen with, let's say, the older generation of these agents. You see, you know, again, far less dyskinesia, you see less edema, you see amazingly low sedation, which is just a horrific side effect of the older medications, as well as basically compulsive disorders. We're super happy with this. We're looking forward to the launch here, and we've started to build out our team in parkinson's like we have for dermatology for those additional indications. A nice catalyst that's coming here at the end of the year. Rob MichaelThis is Rob. I'll just add, you know, tavapadon obviously then complements VYALEV in giving us a very strong footing. In Parkinson's, and we think about, you know, neuroscience overall for the company. I've said before that, you know, we are now the industry leader, and we expect to be the industry leader in neuroscience for a very long time. To tavapadon-VYALEV giving us essentially a business of Parkinson's that we expect to peak above $5 billion. That's one of three, you know, $5 billion-plus franchises, you know, between psychiatry, migraine, and Parkinson's that we think can really drive AbbVie's leadership in neuroscience, and probably another area that doesn't get enough attention. OperatorWe'll go to Vamil Divan from Guggenheim Securities. Please go ahead. Vamil DivanGreat. Thanks for taking my question, thanks for all the information on the call today, especially on the pipeline. I have one maybe following up on the comment you made around HS data coming later this year. Just curious if you could maybe just level set sort of expectations on what you're hoping to see from both luti and RINVOQ from those readouts that we should get soon. The other one, Etentamig, looks like that's moving a little faster than you thought, potentially filing this year. Obviously a pretty competitive space. Just curious based on how things are evolving in that market, where you see the differentiation for your product would be relative to the competitors. Thanks. Roopal ThakkarYeah. Thanks, Vamil. It's Roopal. On HS, the 16-week data is what we anticipate for RINVOQ and lutikizumab. The way these are designed, they're slightly different. lutikizumab will be enrolling patients that have already been on advanced therapies and treatment-naive patients. If you go back to the phase II data, that was 100% TNFIR and a very refractory patient population with quite severe HS, and we saw very strong data in that setting. We did conduct some data in naive patients, and that data looked even stronger. The issue in HS for all of us in drug development is control of the placebo rate. For lutikizumab being in naive and failure populations, we'll be utilizing a HiSCR75, and hopefully that serves to reduce that placebo rate. If that data look good and the potential for approval, you would have an agent that could play in both areas of the market. Secondly, on RINVOQ, that is going to be a 100% biofailure population. Because of that has the potential ability to control some of the placebo effects, and we'll have the standardized HiSCR50. If both look good and are approved, you'll see a dynamic that's not dissimilar to what we have in IBD, where you have a frontline, very powerful asset and then one that can come later on in case there's a loss of response like a RINVOQ. That's consistent with what we see with Crohn's and UC, I think it'll be beneficial to both assets if approved, if we're able to take them both to market again strategically like we've done the setup in IBD. What's driving what we see as being the potential of those assets is best-in-class efficacy and, I would say, ease of use. I think that segues into the ABBV-383 and Etentamig question. We do see the crowded market as you've stated, but the opportunity is still tremendous. That opportunity exists if you have the right asset with the right profile. What Etentamig brings is very high, substantial efficacy that we've seen, and that is we think associated with the strong binding to BCMA. It has a slightly lower affinity for the T-cell side of things and the T-cell engagement. That has set up what we believe to be a best-in-class safety profile. We have a somewhat extended half-life. What you could then see happening, if we're successful, is a singular priming or step-up dose and immediately going to the full dose. You would see very low CRS. If that's the case, you have the potential for an outside of hospital outpatient-like setting where you could give the asset. It's something consistent with what we've seen very successfully with EPKINLY, particularly in heme cancers. 70%, 80% of these are treated in the outpatient. Etentamig is designed for that in the community setting. After the full dose, after the priming dose or step-up dose, you're immediately able to dose on a monthly basis, which is very convenient for the clinic. You don't take up a chair for the patient who doesn't have to keep coming into the hospital. That currently, the profile I just described doesn't exist. Entering a little bit later is okay, we believe if you're bringing the right profile. Recall we've had some success with SKYRIZI coming in third as a IL-23 and RINVOQ as a third JAK inhibitor. We believe the profile is gonna be the key driver of the potential uptake in the future. Liz SheaThanks, Vamil. Operator, next question, please. OperatorNext, we'll go to Asad Haider from Goldman Sachs. Please go ahead. Asad HaiderGreat. Thanks, and congrats on the quarter. First, Rob, just maybe for you in the context of the statements that you continue to see upside to consensus forecast for both SKYRIZI and RINVOQ going out each year and that upside growing each year. Just curious as to how that triangulates with your calculus of no longer updating midterm guidance for these products, and related other still areas of, you know, where you see meaningful disconnects versus consensus outside of those two products. Then maybe if I could squeeze one in for Roopal, just on obesity. As you think about building a broader portfolio around ABBV-295, just what might that look like in the context of Rob's earlier comments on obesity as an area of potential BD interest? Thank you. Rob MichaelOkay, Asad, it's Rob. I'll take your first question. You know, recall our previous long-term guidance really served a very specific purpose ahead of the HUMIRA LOE. I wouldn't rule out doing it again in the future if it made sense. You know, that said, when I look at the current state of AbbVie's business, the long-term outlook, and the pipeline's replacement power, we have never been in a stronger position. I mean, we are the clear leader in immunology and neuroscience with a portfolio of assets that are demonstrating very significant growth, in many cases north of 20%. Both areas have a pipeline that can deliver transformational improvements over existing therapies. When I look at sell side consensus, I mentioned, you know, we do see upside. We see upside for the total company revenue in every year with that upside growing. I already mentioned that we expect we have upside versus the sell side on SKYRIZI and RINVOQ. We expect to exceed the peak consensus that's in those models. I already mentioned in neuroscience that we see upside versus expectations for the migraine and Parkinson's. For instance, we, you know, right now what we see in consensus is, you know, peaking at below $4 billion. We've said several times we expect them to each peak in an excess of $5 billion. Then we look at our oncology pipeline assets. Roopal just highlighted Etentamig. We haven't really talked about Temab-A. We believe both of these have significant multibillion-dollar peak potential, both have really not even been ascribed any value by roughly half of the sell side. You know, we will continue to highlight this in our commentary where we see the upside. Clearly the previous long-term guidance was very granular, more than really anyone in the industry has ever provided. We did it at a time where it was important to help investors understand what the company will look like on the other side of the HUMIRA LOE. We're now in a very strong position where we can deliver top-tier growth for the long term, puts us in a position of strength to continue investing in the business. I already mentioned our commentary around BD. We're very active in the BD area, open to areas of differentiation within each of our core areas. I think the setup is very strong. I wouldn't rule out giving another long-term update at some point, but, you know, clearly we have a lot of confidence in the outlook, and we'll, you know, we'll provide updates, as we see fit. Roopal ThakkarAsad, it's Roopal on ABBV-295. As you heard, the initial strategy is to drive as high of efficacy as we can, but clearly balance that with tolerability because that's what's gonna drive ultimate durability. We've seen too many people fall off their current incretin assets because of tolerability. So far, we see that shaping up nicely and notable weight loss in a non-obese population. That opportunity, it still exists and along with our ability to further increase dose than what we saw in the multi-ascending dose. That strategy will play out over the course of this year and next year before we start designing phase III. The key is to optimize that efficacy tolerability to drive that durability so the patient can experience those benefits long term. That could be in an early patient population naive, we understand many of those patients will be coming off of their incretins. The other opportunities that we'll be looking for externally are anything that can augment that weight loss but maintain tolerability. If we see that in a sub-Q that's combinable, that would be very important. Oral would be something that we could be interested in. Also, any other assets that would allow the optimization of being able to retain muscle and have a majority of the weight loss come from fat. We still see there's an opportunity there, that would be some other areas that we would be interested in. The other unique areas are in immunology and potential combinations with our own assets. There's a substantial amount of obesity in psoriasis today, and that's a setup and something that we're exploring now. Also, even higher rates of obesity in hidradenitis suppurativa. That could be a potential other combination. Recall with our tremendous amount of experience and presence in the aesthetics channels, for any type of asset that comes up, that sets us up very nicely and could have a very good go-to-market synergy because of that aesthetics channel. Liz SheaThanks, Asad. Operator, next question, please. OperatorNext, we'll go to Dave Risinger from Leerink Partners. Please go ahead. Dave RisingerYes, thanks very much. I missed part of the call, so hopefully I'm not repeating something. With respect to AbbVie ABBV-295, the amylin, Lilly has stated that the secret sauce in a loriglaptide. Is that it dialed out the calcitonin? Can you please comment on ABBV-295's activation of amylin-1 relative to calcitonin? Also, if you could discuss its half-life because the press release suggests the potential for monthly dosing and just wanted to get clarity on the half-life and your level of confidence in monthly dosing. Thank you. Roopal ThakkarThanks. It's Roopal again, and I'll talk about. Yes, it, we have a DACRA molecule. It signals through amylin and calcitonin. We don't think we know yet where the secret sauce is relative to outcomes. As we stated, the weight loss was substantial in only 12 weeks in a mostly male population that had a BMI of around 29. We anticipate in later stages of development, BMIs in the range of 36 and 37 and more than 50% of the patient population would be women where most of the weight loss comes. We still see a tremendous amount of potential there. The safety profile looked very strong. The potential upside is a benefit to bone because of the calcitonin signaling. As we develop the molecule, we'll be able to obtain, for example, DEXA scans to monitor bone and to see and compare if there's less loss of bone and preservation of bone. That could be very important for women, especially, as they get older. We know with rapid weight loss, you do see loss of bone density. At this stage, we see this as a potential advantage because of the efficacy and tolerability that we've seen to date. The half-life is approximately 270 hours, and what we did observe is every other week and the potential for monthly. The pharmacodynamic effect should also be considered along with half-life. We've seen examples of that. SKYRIZI is a good example. In psoriasis, the half-life is 28 days. If one is considering a dosing interval at around 1-2 half-lives, you see SKYRIZI is a type of molecule that really over-delivers beyond its half-life. So far, the pharmacodynamic effect with ABBV-295 does create the potential for once-a-month dosing, I would say, particularly in the maintenance setting, which would be really important from a tolerability and convenience standpoint. Liz SheaThanks, Dave. Operator, we have time for one final question. OperatorFor our final question, we'll go to Steve Scala from TD Cowen. Please go ahead. Steve ScalaThank you so much. Rob, just to be clear, SKYRIZI consensus is $33 billion in 2031. Are you saying there's upside to that? RINVOQ is $16 billion in 2031. Are you saying there's upside to that? Would you care to add whether or not you think it's just marginally low or whether there's significant upside? Secondly, during periods of past economic uncertainty, I think AbbVie has observed and stated that aesthetics businesses were fairly resilient. This time it seems to be different. Is my recollection correct? If so, why is it different this time? Thank you. Rob MichaelAll right. Steve, I'll take the first question. Jeff will take the second question. The numbers that you're, that you're quoting from, are consistent with what we're seeing in terms of sell side consensus. Yes, we do expect the peak potential for both SKYRIZI and RINVOQ to exceed those estimates. Obviously, the sell side doesn't go out much further than that, and we think the, obviously have more runway. We do, we do think there's significant runway and upside opportunity for both assets. Jeff StewartYeah. Steve, you remember correct on, you know, we several years ago, we referred to some, you know, recessionary type dynamics around, you know, the Great Recession, for example. We had a business then, or Allergan had a legacy business where we saw sort of compression and then a more rapid response to robust growth. In this case, you know, we've seen this more, you know, lingering inflationary dynamic that we haven't seen for 40 years. I think we're seeing relative stability in the markets now. I mean, low single-digit growth for toxins, you know, still decline for fillers. I do think it's a different cycle of pressure on the consumer, you're correct in terms of what we had said previously, with different types of recessionary issues. Liz SheaAll right. Thanks, Steve. That concludes today's conference call. If you'd like to listen to a replay of the call, please visit our website at investors.abbvie.com. Thanks again for joining us. OperatorThank you all for joining the AbbVie First Quarter 2026 Earnings Conference Call. That concludes today's conference. Please disconnect at this time, and we hope you have a wonderful rest of your day. © 2026 Fortune Media IP Limited. All Rights Reserved. Use of this site constitutes acceptance of our Terms of Use and Privacy Policy | CA Notice at Collection and Privacy Notice | Do Not Sell/Share My Personal Information
FORTUNE is a trademark of Fortune Media IP Limited, registered in the U.S. and other countries. FORTUNE may receive compensation for some links to products and services on this website. Offers may be subject to change without notice.",https://fortune.com/company/abbvie/earnings/q1-2026/
ABBV,AbbVie (ABBV) Secures EU Approval for Anti-Wrinkle Therapy Boey - GuruFocus,2026-07-18 10:02:52,"This website is using a security service to protect itself from online attacks. The action you just performed triggered the security solution. There are several actions that could trigger this block including submitting a certain word or phrase, a SQL command or malformed data. You can email the site owner to let them know you were blocked. Please include what you were doing when this page came up and the Cloudflare Ray ID found at the bottom of this page. Cloudflare Ray ID: a1de58537dd8f058
•

        Your IP:
        Click to reveal
20.55.163.225
•

Performance & security by Cloudflare",https://www.gurufocus.com/news/8964784/abbvie-abbv-secures-eu-approval-for-antiwrinkle-therapy-boey?utm_source=marketwatch&utm_medium=syndication&utm_medium=syndication&utm_campaign=headlines&utm_campaign=headlines&r=4bf001661e6fdd88d0cd7a5659ff9748&r=4bf001661e6fdd88d0cd7a5659ff9748&mod=mw_quote_news%3Futm_source%3Dmarketwatch&mod=mw_quote_news&mobile=true
ABBV,AbbVie (ABBV) Wins EU Approval For Boey Frown Line Treatment In Europe - Yahoo Finance,2026-07-17 19:09:32,"Tip: Try a valid symbol or a specific company name for relevant results The FDA approved a first-of-its-kind cholesterol pill called Lipfendra. How much will it cost? Can the Australian model rescue the US retirement system? Trump seems to think so. The Mercedes CLA 250+ is a more luxurious Model 3 — at a surprisingly good price: Review Earnings results from Alphabet and Tesla headline a busy week, amid a chip sell-off and conflict in Iran Netflix's growth slowdown exposes a classic shareholder trap Wall Street will need strong earnings to shake off recent market jitters around AI Bargain hunters are watching closely as foreclosures hit their highest level since 2019 The latest inflation data may signal a modest cost-of-living adjustment (COLA) for Social Security recipients. An astonishing number of Gen Zers are opting to save for a vacation rather than for retirement The deadline looms for Fidelity to pay out a $2.5 million settlement for a data breach. Here's who's eligible. Big banks' record Wall Street profits are increasingly tied to AI The Dow, S&P 500, and Nasdaq posted weekly losses as chip stocks dragged down markets The $3.3 trillion chip sell-off is nearing a bear market Oracle's stock crash looks embarrassing for billionaire founder Larry Ellison The ugly semiconductor rout could get uglier — here's why Semiconductor stocks fall further as investors go risk-off after Chin'a Moonshot release The Nasdaq fell 2% at the open, leading stocks lower as a chip sell-off deepened Truth Social to sell trading firms 'fastest' access to Trump's posts A sell-off in tech dragged US stocks lower, with the Nasdaq falling 1.5% The Dow rose, while the S&P 500 and Nasdaq fell as chip stocks continued to slide One chart reveals why investors are concerned about earnings from Microsoft, Amazon, and other hyperscalers Apple, Goldman Sachs, and Chevron are powering the Dow — for wildly different reasons The Dow, S&P 500, and Nasdaq rose as Big Tech rallied, Apple hit a record high Fed Chairman Kevin Warsh pushes past Democrats' criticism as they question Trump ties, new task forces Strait of Hormuz oil flows are falling toward pre-peace deal levels as the US-Iran war reignites SpaceX stock fell below $135/share and is now down over 30% from its all-time high. The Dow, S&P 500, and Nasdaq rose at the open as ASML earnings buoyed tech United kicks out middle-seat passengers to sell the space OpenAI's first device will be a portable, screenless, AI companion (Bloomberg) SpaceX and other mega AI deals are lifting big bank profits. CEOs say more are coming. Stocks rose as a cooler-than-expected inflation report eased rate-hike worries IBM stock plummets after Q2 earnings warning, on track for worst day ever Micron and Nvidia are powering a $700 billion chip profit boom The Dow, S&P 500, and Nasdaq wavered after CPI inflation cooled in June Warsh's statement to Congress: Fed has 'no tolerance for persistently elevated inflation' June CPI data comes in lower than expected, driven by gas prices. 

YoY: 3.5% (3.8% est.)
Core YoY: 2.6% (2.8% est.) JPMorgan notches the highest quarterly profit in US banking history What happened to inflation in June? Data expected to show moderating price growth. Tariff refunds accelerated sharply in June as the US paid out almost $50 billion to businesses US stocks fell as US-Iran tensions ramped up and chip stocks tumbled US Centcom announced a renewed US blockade of the Strait of Hormuz after Trump vowed a 20% reimbursement on ""all cargo shipped."" President Trump said that the US was 'taking over' the Strait of Hormuz Dow rises, S&P 500 and Nasdaq slip as US and Iran exchange fire, oil jumps Retirees have questions for financial advisers. Here's what they want to know. Should you sacrifice retirement savings to enjoy life more now? Earnings season kicks off as a wave of inflation data rolls in The above button links to Coinbase. Yahoo Finance is not a broker-dealer or investment adviser and does not offer securities or cryptocurrencies for sale or facilitate trading. Coinbase pays us for certain activity generated through this link. Prices displayed are informational. Find your next quality investment with Simply Wall St's easy and powerful screener, trusted by over 7 million individual investors worldwide. Allergan Aesthetics, an AbbVie company (NYSE:ABBV), received European Commission approval for Boey (trenibotulinumtoxinE). Boey is described as the first rapid onset, short duration neurotoxin for the treatment of frown lines available in Europe. This approval gives AbbVie a differentiated addition to its aesthetics portfolio in Europe, an area where the company already has an established presence. By targeting frown lines with a rapid onset profile and shorter treatment duration, Boey is aimed at patients looking for more flexible treatment schedules and faster visible effects. For investors tracking NYSE:ABBV, the key point is how this new product could fit alongside existing facial injectable offerings and expand Allergan Aesthetics' reach. The launch creates another reference point for AbbVie in the aesthetics segment as it seeks to compete on product features such as onset speed and treatment duration rather than only on brand recognition. Stay updated on the most important news stories for AbbVie by adding it to your watchlist or portfolio. Alternatively, explore our Community to discover new perspectives on AbbVie. 2 things going right for AbbVie that this headline doesn't cover. ⚖️ Price vs Analyst Target: AbbVie trades at US$254.39 versus a consensus target of US$266.57, roughly 5% below, which sits inside the analyst range of US$200 to US$328. ✅ Simply Wall St Valuation: The stock is described as trading 44.1% below an estimated fair value, which screens as undervalued. ✅ Recent Momentum: A 30 day return of 14.3% shows strong short term positive momentum around AbbVie. There's only one way to know the right time to buy, sell or hold AbbVie. Head to Simply Wall St's company report for the latest analysis of AbbVie's Fair Value. 📊 Boey's approval gives AbbVie another product in European aesthetics that can broaden its revenue mix alongside the existing portfolio. 📊 Watch how management comments on Boey uptake, pricing, and margins in upcoming results and whether analyst targets shift from the current US$266.57 level. ⚠️ Simply Wall St flags four minor risks, including high debt and dividend coverage, so investors may want to weigh new product upside against these balance sheet and payout pressures. For the full picture including more risks and rewards, check out the complete AbbVie analysis. Alternatively, you can check out the community page for AbbVie to see how other investors believe this latest news will impact the company's narrative. This article by Simply Wall St is general in nature. We provide commentary based on historical data and analyst forecasts only using an unbiased methodology and our articles are not intended to be financial advice. It does not constitute a recommendation to buy or sell any stock, and does not take account of your objectives, or your financial situation. We aim to bring you long-term focused analysis driven by fundamental data. Note that our analysis may not factor in the latest price-sensitive company announcements or qualitative material. Simply Wall St has no position in any stocks mentioned. Have feedback on this article? Concerned about the content? Get in touch with us directly. Alternatively, email editorial-team@simplywallst.com Tip: Try a valid symbol or a specific company name for relevant results",https://finance.yahoo.com/healthcare/articles/abbvie-abbv-wins-eu-approval-190932624.html
ABBV,AbbVie wins 30-market European approval for Boey - grafa.com,2026-07-17 16:40:00,"Allergan Aesthetics, an AbbVie company (NYSE:ABBV), received European approval for Boey across 30 countries, with effects observed from eight hours. The approval follows a positive regulatory opinion in May and a Canadian authorization granted in June 2026. AbbVie said Boey’s effects typically last two to three weeks, while its European launch will include professional education and training. Following the announcement, AbbVie's share price was unchanged at $254.39 in premarket trading. Boey’s approval was supported by two Phase III studies enrolling 725 adults who received 700 units or placebo. The U.S. FDA issued a manufacturing-related complete response letter in April, without requesting further clinical studies or identifying efficacy concerns. Grafa is not a financial advisor. You should seek independent, legal, financial, taxation or other advice that relate to your unique circumstances. Grafa is not liable for any loss caused, whether due to negligence or otherwise arising from the use of or reliance on the information provided directly or indirectly, by use of this platform.",https://grafa.com/en/news/united-states/abbvie-boey-european-approval-30-eea-countries
ABBV,ABBV Stock Gains On Winning FDA Approval For Rare Blood Cancer Drug - Stocktwits,2026-07-17 13:36:24,"AbbVie (ABBV) share price gained on Wednesday after U.S. Federal health regulators approved the company’s drug tailored to combat an ultra-rare, aggressive form of blood cancer. The Food and Drug Administration announced its approval of pivekimab sunirine-pvzy (sold under the brand name Decnupaz, made by AbbVie) on Wednesday. The drug is classified as an antibody-drug conjugate (a targeted therapy that pairs a cancer-seeking antibody with a potent cell-killing drug), specifically designed to bind to a protein commonly found on these cancer cells. The FDA based its decision on data from an open-label (a study where both doctors and participants know which treatment is being given), single-arm clinical trial known as CADENZA. The study tracked both newly diagnosed patients and those with recurrent cancer. Among 33 patients who were treatment-naïve (patients who have never received any previous medical treatment for their illness), the results were highly encouraging. Roughly 69.7% of these individuals achieved a complete remission or a clinical complete remission (a state where tumors shrink completely and blood counts normalize, even if minor skin lesions remain). For these patients, the response lasted an average of 9.7 months. The drug also showed measurable, though lower, activity in patients with relapsed or refractory (cancer that has returned or stopped responding to prior treatments) forms of the disease. In that group of 51 patients, 15.7% achieved a complete remission, lasting an average of 9.2 months. The FDA required the medication to feature a Boxed Warning—the agency's most prominent safety alert—warning doctors and patients about the potential for severe hepatotoxicity (liver damage). Specifically, the treatment can trigger hepatic veno-occlusive disease (a rare, life-threatening condition where the small blood vessels inside the liver become blocked and inflamed). Retail sentiment on Stocktwits was “neutral” with “high” message volumes. Read More: Uber Reportedly Adds To Its Delivery Hero Stake At €12B Valuation For updates and corrections, email newsroom[at]stocktwits[dot]com. Comments posted here will also appear on symbol pages. Uber Technologies Inc. (UBER) share price gained nearly 1% on Wednesday amid media reports the company is considering a higher acquisition offer for German food delivery giant Delivery Hero after a major shareholder rebuffed a recent multibillion-dollar proposal. The San Francisco-based tech company acquired Aspex Management’s 14.6% stake in Delivery Hero earlier this week through a series of share purchases and derivatives, Financial Times reported citing three people familiar with the matter. Uber agreed to pay slightly below €40 per share, valuing Berlin’s Delivery Hero at about €12bn, the people added. The Berlin-based delivery company confirmed that Uber initially submitted an indicative proposal of €33 per share, a bid valuing the entire company at approximately €10 billion ($11.6 billion). Following that opening approach, Uber Chief Executive Dara Khosrowshahi traveled to Oslo to present the parameters of the deal to Kristin Skogen Lund, the chair of Delivery Hero's supervisory board. However, when Uber later extended a sweeter offer of 38 euros per share directly to one of Delivery Hero's largest investors, the proposal was rejected, the Financial Times reported. In response to the pushback, the Uber board of directors held a weekend meeting to discuss the status of the takeover bid and determine whether to increase the offer price again, according to sources familiar with the matter. Uber’s delivery platform rival DoorDash Inc. has also been circling the German firm. DoorDash has held exploratory inquiries with Delivery Hero shareholders, though it has not yet acquired any direct equity, the Financial Times noted. Uber is already deeply embedded in Delivery Hero's equity structure. Earlier this month, the ride-hailing and delivery pioneer rapidly expanded its holding to a 19.5% direct stake, supplemented by financial derivatives representing an additional 5.6%. Morgan Stanley is advising Uber on the potential transaction. Retail sentiment on Stocktwits was “bullish” with “high” message volumes. Read More: RUM Stock Soars After CEO Bets Big On AI Compute Pivot For updates and corrections, email newsroom[at]stocktwits[dot]com. Comments posted here will also appear on symbol pages. Shares of Verra Mobility (VRRM) nosedived more than 71% on Wednesday, hitting a record low as multiple analysts cut price targets and downgraded the stock following Avis' termination of its agreement with the company. Morgan Stanley analyst James Faucette has lowered Verra Mobility’s price target to $4 from $15 and kept an ‘Equal Weight’ rating on the stock, according to TheFly. The firm stated that the termination of the deal 'meaningfully weakens confidence’ in Verra’s commercial services moat and casts doubt on this segment’s long-term growth projections. However, the firm believes the stock largely reflects this uncertainty given its current trading levels. Meanwhile, William Blair has downgraded the stock to ‘Market Perform’ from ‘Outperform.’ The firm stated that the loss of customers such as Avis is a ‘major blow’ for Verra as its rental car tolling business carries a 65% earnings before interest, taxes, depreciation, and amortization (EBITDA) margin. Blair now believes the shares will be ‘range-bound’ over the next 12 months, though it noted an upside scenario in which Avis could return if it encounters challenges in switching to a different solution. JPMorgan analyst Tomohiko Sano also lowered Verra’s rating to ‘Underweight’ from ‘Neutral’ and cut the price target of the stock to $8 from $17. ""The termination of Avis' contract came as a clear shock,"" stated Sano, adding that the contract loss and margin pressure from the New York City contract ""warrant a cautious stance."" On Tuesday, Verra Mobility stated it received a termination notice from Avis Budget regarding their contract, effective September 2026. As a result, the company is cutting costs and reallocating resources tied to Avis to other customers.The termination is expected to reduce Commercial Services' 2026 annualized revenue by about $135 million to $145 million and segment profit by $120 million to $125 million, before cost reduction initiatives. The company revised its full-year 2026 outlook to total revenue of $985 million to $995 million, adjusted earnings per share of $1.19 to $1.25, and free cash flow of $140 million to $150 million. Previously, the company expected 2026 total revenue of $1.02 billion to $1.03 billion, adjusted earnings per share in the range of $1.32 to $1.38, and free cash flow of $150 million to $160 million. The retail sentiment surrounding the stock has improved to  ‘extremely bullish’ from ‘neutral’ while message volumes increased to ‘extremely high’ from ‘normal’ over the past 24 hours. Shares of Verra Mobility have declined by over 82% year to date. For updates and corrections, email newsroom[at]stocktwits[dot]com. Read Next: HOTH’s Pivot From Biotech To Space Tech Sparks Massive Rally In Stock – Retail Underlines Importance Of Securing Fresh Deals Comments posted here will also appear on symbol pages. Bitwise's Hyperliquid ETF (BHYP) pulled in roughly $19 million in a single day on Tuesday, marking its largest daily inflow to date and pushing the fund past its rival to become the world's largest Hyperliquid ETF. ""Having now done it a few times, I can say: discussing Hyperliquid with financial advisors is magic,"" Bitwise CIO Matt Hougan posted on X. ""The fact that 99% of fees goes to buying back tokens makes the conversation so easy."" Bitwise CEO Hunter Horsley added that Tuesday's trading volume of roughly $22 million meant nearly all of it was net buying. ""BHYP is now the largest Hyperliquid ETF in the world,"" he wrote. ""Incredible to see investor interest."" Despite the uptick in ETF inflows, HYPE’s price fell nearly 4% in the last 24 hours amid broader market weakness to around $60. Retail sentiment around the decentralized exchange’s token continued to trend in ‘extremely bullish’ territory over the past day, accompanied by ‘extremely high’ levels of chatter. The $19 million single-day haul helped push BHYP to $62.92 million in assets under management (AUM), with the fund now holding over 1 million HYPE tokens. Cumulative net inflows into BHYP stand at $55 million, according to data on SoSoValue. BHYP’s price edged 0.8% lower in morning trade on Wednesday. Retail sentiment around the fund on Stocktwits fell to ‘bearish’ from ‘neutral’ territory over the past day. Chatter stayed at ‘extremely high’ levels. Its closest rival, 21Shares' Hyperliquid ETF (THYP), which launched on Nasdaq on May 12, recorded $44 million in cumulative net inflows. THYP’s price fell nearly 1% in morning trade, but retail sentiment around the fund remained in ‘bullish’ territory over the past day. Together, the two U.S.-listed HYPE spot ETFs have crossed $117 million in combined inflows in just 10 trading sessions, with their largest combined day reaching $25.5 million. BHYP launched on the NYSE on May 15 with a 0.34% sponsor fee, which was waived for the first month on the fund's first $500 million in assets. Bitwise also announced it would allocate 10% of BHYP's management fees to purchasing and holding HYPE on its balance sheet, directly mirroring Hyperliquid's own revenue model. Hyperliquid’s Assistance Fund has directed more than $1.16 billion in trading fees toward open-market HYPE buybacks since launch, according to DefiLlama data. The analytics platform also estimates that roughly 99% of the protocol’s perpetual futures and spot trading revenue flows back into the token repurchase mechanism. Competition in the Hyperliquid ETF market is also beginning to intensify. Grayscale recently filed for its own HYPE ETF. BHYP currently maintains an early advantage after generating the strongest opening-day performance of any U.S.-listed spot altcoin ETF launched in 2026. Read also: Crypto ‘Extreme Fear’ Returns With Bitcoin At $75K – Retail Traders Say BTC Bulls Missed The Tech Rally For updates and corrections, email newsroom[at]stocktwits[dot]com Comments posted here will also appear on symbol pages. Detroit's ‘Big Three’ automakers have reportedly received preliminary approval from the Federal Deposit Insurance Corporation (FDIC) for industrial bank charters, joining a growing list of financial technology companies, crypto firms, and household-name brands seeking to become banks under the Trump administration. Ford Motor (F), General Motors (GM), and Stellantis (STLA) — the parent company of Chrysler, Jeep, and Ram — each received preliminary deposit-insurance approval from the FDIC for industrial banks, according to a report by The New York Times. Ford’s stock rose nearly 4% in midday trade. Retail sentiment around the company on Stockwits improved to ‘bullish’ from ‘neutral’ over the past day and chatter climbed to ‘high’ from ‘normal’ levels. Meanwhile, GM’s stock jumped nearly 5% but sentiment dropped to ‘neutral’ from the ‘bullish’ zone over the past day. Chatter stayed at ‘high’ levels. STLA’s stock climbed over 4% with retail sentiment trending in ‘extremely bullish’ territory, alongside ‘high’ levels of chatter. The automakers are not alone with the list of companies now seeking or holding bank charters, according to the report. It said that PayPal (PYPL), the payments giant with over 400 million active accounts, has an application under review. So does Affirm (AFRM), the buy now, pay later pioneer that processes billions in consumer credit annually without a banking license of its own. On the crypto side, the Office of the Comptroller of the Currency (OCC) granted conditional national trust bank charters late last year to five crypto ventures, including Ripple Labs, and Fidelity Digital Assets. The charters allow the operators to act as custodians for customers' assets, including cryptocurrency. World Liberty Financial (WLFI), the crypto venture linked to the Trump family, is also among the applicants. Upstart Holdings (UPST), the AI-powered lending platform that underwrote $11 billion in home equity, auto, and personal loans last year, announced in March that it would seek to become a national bank holding company subject to Federal Reserve supervision. Annie Delgado, Upstart's chief risk officer, is the intended chief executive of Upstart Bank if the charter is granted, the report said. Enova (ENVA) and OppFi (OPFI), both of which specialize in short-term consumer lending, are each seeking to obtain charters by acquiring existing nationally chartered banks. For most of these firms, the appeal is straightforward. A banking charter eliminates the need for third-party partner banks to hold customer funds, extend credit, or process payments. An approval would cut costs, increases control, and in the case of a national charter, provide federal pre-emption that allows the holder to operate under a single set of rules across all 50 states rather than navigating a patchwork of state-level regulations. Automakers like Ford, GM, and Stellantis all already operate captive finance subsidiaries that provide auto loans and leases. This includes Ford Motor Credit, GM Financial, and Stellantis Financial Services. An industrial bank charter would give each company more direct control over the funding and management of those loans, potentially lowering their cost of capital and expanding the financial products they can offer customers. The Trump administration has publicly encouraged new entrants into the banking system. Shortly after President Donald Trump began his second term, FDIC leadership called for increased competition in banking. Jonathan Gould, the head of the Office of the Comptroller of the Currency, reinforced that position during a Blockchain Association event in December. “New charters ensure a diverse banking sector,” Gould said at the time. “Innovation, competition and fair access should always triumph over regulatory stagnation.” The surge in applications comes during the most active period for new bank charters in more than 15 years. Read also: Crypto ‘Extreme Fear’ Returns With Bitcoin At $75K – Retail Traders Say BTC Bulls Missed The Tech Rally For updates and corrections, email newsroom[at]stocktwits[dot]com Comments posted here will also appear on symbol pages. Ethereum's (ETH) ""ultrasound money"" thesis has effectively broken down, Varys Capital's Head of Venture Capital Tom Dunleavy said on Wednesday, but he thinks the wave of skepticism washing over the network may be the bottom signal itself. Speaking on Scott Melker’s Wolf Of All Streets podcast, Dunleavy zeroed in on recent comments from Bankless founder David Hoffman, who publicly questioned Ethereum's ""ultrasound money"" identity after years of championing it. Last week, Hoffman posted that he had sold off all of his Ethereum. Dunleavy called Hoffman's change of tone a ""classic bottom signal,” the kind of capitulation that tends to show up when one of an asset's loudest believers finally exits the position. In the interview, Melker and Dunleavy both discussed how “Bankless built their entire brand, their funds, their everything around Ethereum.” That said, he was careful to separate the network from the token. Ethereum, the network could still come out fine, he said. The asset is a different conversation and may continue to underperform other crypto narratives for a while, said Dunleavy. Ethereum’s price was down by 0.8% during the past 24 hours, struggling to hold above $2,000. On Stocktwits, retail sentiment around ETH shifted to ‘bearish’ from ‘neutral’ zone, while chatter around it remained at ‘high’ levels over the past day. Dunleavy warned that crypto as a whole was running thin on themes worth allocating to. Hedge funds and institutional buyers, he said, have crowded into just a handful of stories, most notably Hyperliquid (HYPE), which is generating real revenue, and Zcash (ZEC), riding the privacy trade. He described Ethereum as in a “ship or die” phase, as competition from newer networks and Wall Street-backed blockchain initiatives intensified. Dunleavy also pointed to a growing “brain drain” at the Ethereum Foundation (EF), noting that several key figures had left this year as the organization increasingly shifted toward privacy-focused initiatives. Despite the criticism of Ethereum's narrative problem, Dunleavy didn't write off the network. He pointed to its dominance in decentralized finance (DeFi) activity, stablecoin issuance, and total value locked, areas where, he argued, the rest of crypto still leans on Ethereum's rails. ""If Ethereum fails, crypto fails full stop,"" he said. “Ethereum has dominated all these metrics consistently for that time period, despite the network activity growing, whatever metric you want to use as a huge pie overall, 5x plus, you know, across chain, so you know, I continue to think if you're betting against Ethereum, you're betting against crypto,” he added. Dunleavy also pushed back hard on the framing around BlackRock’s iShares Bitcoin Trust’s (IBIT) $1.29 billion dark pool trade. He called the story ""pretty worthless"" in the context of Bitcoin (BTC) now trading as a macro asset. According to him, only around $122 million in exchange-traded fund (ETF) redemptions followed the transaction, suggesting that most of the position was privately absorbed rather than triggering broader market stress. Read also: While AI Stocks And Gold Soar, Porter Stansberry Calls Bitcoin's 30% Yearly Slump The 'Best Opportunity In A Decade' For updates and corrections, email newsroom[at]stocktwits[dot]com Comments posted here will also appear on symbol pages. These cookies are necessary for the website to function and cannot be switched off in our systems. They are usually only set in response to actions made by you which amount to a request for services, such as setting your privacy preferences, logging in or filling in forms. You can set your browser to block or alert you about these cookies, but some parts of the site will not then work. These cookies do not store any personally identifiable information. As a California consumer, you have the right to opt-out from the sale or sharing of your personal information at any time across business platform, services, businesses and devices. You can opt-out of the sale and sharing of your personal information by using this toggle switch. As a Virginia, Utah, Colorado and Connecticut consumer, you have the right to opt-out from the sale of your personal data and the processing of your personal data for targeted advertising. You can opt-out of the sale of your personal data and targeted advertising by using this toggle switch. For more information on your rights as a United States consumer see our privacy notice. These cookies allow us to count visits and traffic sources so we can measure and improve the performance of our site. They help us to know which pages are the most and least popular and see how visitors move around the site. All information these cookies collect is aggregated and therefore anonymous. If you do not allow these cookies we will not know when you have visited our site, and will not be able to monitor its performance. These cookies may be set through our site by our advertising partners. They may be used by those companies to build a profile of your interests and show you relevant adverts on other sites. They do not store directly personal information, but are based on uniquely identifying your browser and internet device. If you do not allow these cookies, you will experience less targeted advertising.",https://stocktwits.com/news-articles/markets/equity/abbv-stock-gains-on-winning-fda-approval-for-rare-blood-cancer-drug/cZggZYAReru
ABBV,"Europe approves Boey®, a fast-acting, short-dur... - Pluang",2026-07-17 12:29:03,"The European Commission has approved Boey® (trenibotulinumtoxinE) for temporary improvement of moderate to severe glabellar lines in adults, marking it as the first rapid-onset, short-duration botulinum neurotoxin serotype E available in Europe. Results can appear as soon as eight hours after treatment and typically last two to three weeks. Developed by Allergan Aesthetics, Boey® offers a new option for patients hesitant about long-lasting injectables, allowing a temporary preview of effects. Allergan plans to launch Boey® across Europe with healthcare professional training to support its use. Vanguard High Dividend Yield ETF (VYM) manages $94.6 billion in assets, focusing on large-cap U.S. stocks with high dividend yields. Its top holdings, including Johnson & Johnson and Procter & Gamble, have strong dividend coverage and consistent payo... SkinMedica, part of Allergan Aesthetics under AbbVie, has launched a Regenerative Science Advisory Board composed of leading skin health experts to guide future innovation. The company also expanded its R&D facility in Irvine, California, integrating...",https://pluang.com/en/news-feed/allergan-aesthetics-terima-persetujuan-boey-neurotoksin-cepat-efek-di-eropa
ABBV,"Allergan Aesthetics receives approval for Boey® (trenibotulinumtoxinE), for use in Europe: the first and only rapid-onset, short-duration neurotoxin for the temporary improvement of frown lines in adult patients - Yahoo Finance",2026-07-17 12:00:00,"Tip: Try a valid symbol or a specific company name for relevant results The FDA approved a first-of-its-kind cholesterol pill called Lipfendra. How much will it cost? Can the Australian model rescue the US retirement system? Trump seems to think so. The Mercedes CLA 250+ is a more luxurious Model 3 — at a surprisingly good price: Review Earnings results from Alphabet and Tesla headline a busy week, amid a chip sell-off and conflict in Iran Netflix's growth slowdown exposes a classic shareholder trap Wall Street will need strong earnings to shake off recent market jitters around AI Bargain hunters are watching closely as foreclosures hit their highest level since 2019 The latest inflation data may signal a modest cost-of-living adjustment (COLA) for Social Security recipients. An astonishing number of Gen Zers are opting to save for a vacation rather than for retirement The deadline looms for Fidelity to pay out a $2.5 million settlement for a data breach. Here's who's eligible. Big banks' record Wall Street profits are increasingly tied to AI The Dow, S&P 500, and Nasdaq posted weekly losses as chip stocks dragged down markets The $3.3 trillion chip sell-off is nearing a bear market Oracle's stock crash looks embarrassing for billionaire founder Larry Ellison The ugly semiconductor rout could get uglier — here's why Semiconductor stocks fall further as investors go risk-off after Chin'a Moonshot release The Nasdaq fell 2% at the open, leading stocks lower as a chip sell-off deepened Truth Social to sell trading firms 'fastest' access to Trump's posts A sell-off in tech dragged US stocks lower, with the Nasdaq falling 1.5% The Dow rose, while the S&P 500 and Nasdaq fell as chip stocks continued to slide One chart reveals why investors are concerned about earnings from Microsoft, Amazon, and other hyperscalers Apple, Goldman Sachs, and Chevron are powering the Dow — for wildly different reasons The Dow, S&P 500, and Nasdaq rose as Big Tech rallied, Apple hit a record high Fed Chairman Kevin Warsh pushes past Democrats' criticism as they question Trump ties, new task forces Strait of Hormuz oil flows are falling toward pre-peace deal levels as the US-Iran war reignites SpaceX stock fell below $135/share and is now down over 30% from its all-time high. The Dow, S&P 500, and Nasdaq rose at the open as ASML earnings buoyed tech United kicks out middle-seat passengers to sell the space OpenAI's first device will be a portable, screenless, AI companion (Bloomberg) SpaceX and other mega AI deals are lifting big bank profits. CEOs say more are coming. Stocks rose as a cooler-than-expected inflation report eased rate-hike worries IBM stock plummets after Q2 earnings warning, on track for worst day ever Micron and Nvidia are powering a $700 billion chip profit boom The Dow, S&P 500, and Nasdaq wavered after CPI inflation cooled in June Warsh's statement to Congress: Fed has 'no tolerance for persistently elevated inflation' June CPI data comes in lower than expected, driven by gas prices. 

YoY: 3.5% (3.8% est.)
Core YoY: 2.6% (2.8% est.) JPMorgan notches the highest quarterly profit in US banking history What happened to inflation in June? Data expected to show moderating price growth. Tariff refunds accelerated sharply in June as the US paid out almost $50 billion to businesses US stocks fell as US-Iran tensions ramped up and chip stocks tumbled US Centcom announced a renewed US blockade of the Strait of Hormuz after Trump vowed a 20% reimbursement on ""all cargo shipped."" President Trump said that the US was 'taking over' the Strait of Hormuz Dow rises, S&P 500 and Nasdaq slip as US and Iran exchange fire, oil jumps Retirees have questions for financial advisers. Here's what they want to know. Should you sacrifice retirement savings to enjoy life more now? Earnings season kicks off as a wave of inflation data rolls in The above button links to Coinbase. Yahoo Finance is not a broker-dealer or investment adviser and does not offer securities or cryptocurrencies for sale or facilitate trading. Coinbase pays us for certain activity generated through this link. Prices displayed are informational. Boey® is the first and only rapid-onset and short-duration botulinum neurotoxin serotype E approved in Europe that adult patients can try for the temporary improvement of glabellar lines¹ Results may be seen as early as eight hours after treatment and typically wear off within approximately two to three weeks Boey® offers a differentiated treatment option for many people who are curious about facial injectables² NORTH CHICAGO, Ill., July 17, 2026 /PRNewswire/ -- Allergan Aesthetics, an AbbVie company (NYSE: ABBV), announced the European Commission has approved Boey® (trenibotulinumtoxinE) in Europe, for the temporary improvement in the appearance of moderate to severe lines between the eyebrows seen at maximum frown (glabellar lines) in adult patients, when these have an important psychological impact.1 Following completion of the centralized procedure, the European Commission decision applies across all 30 European Economic Area (EEA) countries. Boey® also received approval in Canada in June of this year. Boey® is the first and only rapid-onset and short-duration botulinum neurotoxin serotype E approved in Europe. In clinical studies, onset of effect was observed as early as eight hours after treatment and effects lasted two to three weeks. ""The EU approval of Boey® marks an important step forward for our development program and builds on the momentum we've established with Health Canada's approval earlier this year,"" said Darin Messina, Ph.D., senior vice president, aesthetics research & development, AbbVie. ""This milestone reflects the scientific rigor behind Boey® and reinforces our commitment to advancing innovative options as we work to bring this first-of-its-kind treatment to healthcare professionals and consumers around the world."" As interest in aesthetic treatments continues to grow, patients are increasingly seeking treatment options that align with their individual goals and preferences. An Allergan Aesthetics survey found that 80% of people are open to learning about new treatments to achieve their desired results, while 79% wish they could temporarily preview the outcome of an aesthetic treatment.3,* Despite this growing interest, many patients remain hesitant to take the next step due to uncertainty around treatment outcomes and concerns about committing to long-lasting results. Boey® was developed for patients considering treatment, offering another option to experience it before making a longer-term commitment. Developed by the makers of BOTOX Cosmetic®, known as VISTABEL® or Vistabex® in the EU, Boey® offers a new option for suitable patients considering facial injectables. BOTOX Cosmetic® is the only neurotoxin clinically tested for safety following treatment with Boey®.1 Allergan Aesthetics is preparing to launch Boey® across Europe and will support healthcare professionals through education and training on the appropriate use of Boey®. Allergan Aesthetics develops, manufactures and markets a portfolio of leading aesthetics brands and products. Allergan Aesthetics is well positioned to lead the future of injectable aesthetics, with dedicated research and development focused on driving innovation to meet the evolving needs of patients and healthcare professionals worldwide. BOTOX® COSMETIC US APPROVED USES AND IMPORTANT SAFETY INFORMATIONBOTOX® Cosmetic is a prescription medicine that is injected into muscles and used to temporarily improve the look of moderate to severe forehead lines, crow's feet lines, frown lines between the eyebrows, and vertical bands connecting the jaw and neck (platysma bands) in adults. BOTOX® Cosmetic may cause serious side effects that can be life threatening. Get medical help right away if you have any of these problems any time (hours to weeks) after injection of BOTOX® Cosmetic: Problems swallowing, speaking, or breathing, due to weakening of associated muscles, which can be severe and result in loss of life. You are at the highest risk if these problems are preexisting before injection. Swallowing problems may last for several months. Spread of toxin effects. The effect of botulinum toxin may affect areas away from the injection site and cause serious symptoms, including loss of strength and all-over muscle weakness, double vision, blurred vision and drooping eyelids, hoarseness or change or loss of voice, trouble saying words clearly, loss of bladder control, trouble breathing, and trouble swallowing. BOTOX® Cosmetic dosing units are not the same as, or comparable to, any other botulinum toxin product. There has not been a confirmed serious case of spread of toxin effect when BOTOX® Cosmetic has been used at the recommended dose to treat frown lines, crow's feet lines, forehead lines, and/or platysma bands. BOTOX® Cosmetic may cause loss of strength or general muscle weakness, vision problems, or dizziness within hours to weeks of receiving BOTOX® Cosmetic. If this happens, do not drive a car, operate machinery, or do other dangerous activities. Serious and/or immediate allergic reactions have been reported, including itching, rash, red itchy welts, wheezing, asthma symptoms, or dizziness or feeling faint. Get medical help right away if you are wheezing or have asthma symptoms, or if you become dizzy or fain. Do not receive BOTOX® Cosmetic if you are allergic to any of the ingredients in BOTOX® Cosmetic (see Medication Guide for ingredients); had an allergic reaction to any other botulinum toxin product such as Myobloc (rimabotulinumtoxinB), Dysport (abobotulinumtoxinA), Xeomin (incobotulinumtoxinA), Jeuveau (prabotulinumtoxinA-xvfs), Daxxify (daxibotulinumtoxinA-lanm), or Letybo (letibotulinumtoxinA-wlbg); or have a skin infection at the planned injection site. This list may not include all available botulinum toxin products. Tell your doctor about all your muscle or nerve conditions, such as ALS or Lou Gehrig's disease, myasthenia gravis, or Lambert-Eaton syndrome, as you may be at increased risk of serious side effects, including difficulty swallowing and difficulty breathing, from standard doses of BOTOX® Cosmetic. Tell your doctor about all your medical conditions, including surgery or plans to have surgery on your face, trouble raising your eyebrows, drooping eyelids, any other abnormal facial change, are pregnant or plan to become pregnant (it is not known if BOTOX® Cosmetic can harm your unborn baby), or are breastfeeding or plan to (it is not known if BOTOX® Cosmetic passes into breast milk). Tell your doctor about all the medicines you take, including prescription and over-the-counter medicines, vitamins, and herbal supplements. Using BOTOX® Cosmetic with certain other medicines may cause serious side effects. Do not start any new medicines until you have told your doctor that you have received BOTOX® Cosmetic in the past. Tell your doctor if you have received any other botulinum toxin product in the last 4 months; have received injections of botulinum toxin such as Myobloc, Dysport, Xeomin, Jeuveau, Daxxify, or Letybo in the past (tell your doctor exactly which product you received); have recently received an antibiotic by injection; take muscle relaxants; take an allergy or cold medicine; take a sleep medicine; or take aspirin-like products or blood thinners. Other side effects of BOTOX® Cosmetic include dry mouth; discomfort or pain at the injection site; tiredness; headache; neck pain; and eye problems, including double vision, blurred vision, decreased eyesight, drooping eyelids and eyebrows, swelling of eyelids, and dry eyes. For more information, refer to the Medication Guide or talk with your doctor. To report a side effect, please call Allergan Aesthetics at 1-800-678-1605. Please see BOTOX® Cosmetic full US Product Information, including Boxed Warning and Medication Guide. About Boey®Boey® is a facial injectable neurotoxin serotype E that targets SNAP-25. It has a rapid uptake and translocation into neuronal cells, with a short half-life of the type E light chain, giving it a rapid onset of action and a short duration of effect when treating glabellar lines. About Boey® Clinical TrialsThe approval of Boey® is supported by data from two randomised, multi-centre, double-blind, placebo-controlled studies Phase 3 clinical trials evaluating the efficacy and safety of Boey® in adults with moderate to severe glabellar lines (M21-500 and M21-508) associated with corrugator and/or procerus muscle activity, who were psychologically impacted by their glabellar lines. The studies enrolled 725 patients treated with Boey® 700 U total dose or placebo. The co-primary efficacy measure (treatment effect) was defined as the percentage of subjects achieving a ≥2-grade improvement from baseline in glabellar line severity at maximum frown based separately on investigator and subject assessments using the 4-point Facial Wrinkle Scale (FWS) (0=none, 1=mild, 2=moderate, 3=severe) at Day 7. Efficacy was assessed in the ITT population with baseline FLO-11 Total Transformed Score of ≤50. Secondary efficacy endpoints were measured by FLSQ, a scale developed by Allergan Aesthetics, and included satisfaction with achieving a natural look (Item 4) and overall satisfaction with treatment effect (Item 5). The onset of effect for patients treated with Boey® appeared as early as 8 hours after injection in both pivotal studies. The peak effect was seen at Day 7 in both studies. Glabellar lines returned to baseline severity in approximately 2 to 3 weeks after administration. The adverse drug reactions associated with Boey® were eyelid ptosis, brow ptosis, and Mephisto sign (lateral elevation of eyebrow). These reactions were reported in 0.17%, 0.13%, and 0.04%, respectively, in subjects receiving Boey® 700 units.1 About Glabellar LinesGlabellar lines are the vertical lines that appear between the eyebrows, commonly known as frown lines. In some adults, these lines can contribute to an appearance that is perceived as tired, angry or worried and may have an important psychological impact. About Allergan AestheticsAt Allergan Aesthetics, an AbbVie company, we develop, manufacture, and market a portfolio of leading aesthetics brands and products. Our aesthetics portfolio includes facial injectables, body contouring, plastics, skin care, and more. Our goal is to consistently provide our customers with innovation, education, exceptional service, and a commitment to excellence, all with a personal touch. For more information, visit www.allerganaesthetics.com About AbbVieAbbVie's mission is to discover and deliver innovative medicines and solutions that solve serious health issues today and address the medical challenges of tomorrow. We strive to have a remarkable impact on people's lives across several key therapeutic areas including immunology, neuroscience and oncology – and products and services in our Allergan Aesthetics portfolio. For more information about AbbVie, please visit us at www.abbvie.com. Follow @abbvie on LinkedIn, Facebook, Instagram, X and YouTube. Forward-Looking Statements Some statements in this news release are, or may be considered, forward-looking statements for purposes of the Private Securities Litigation Reform Act of 1995. The words ""believe,"" ""expect,"" ""anticipate,"" ""project"" and similar expressions and uses of future or conditional verbs, generally identify forward-looking statements. AbbVie cautions that these forward-looking statements are subject to risks and uncertainties that may cause actual results to differ materially from those expressed or implied in the forward-looking statements. Such risks and uncertainties include, but are not limited to, challenges to intellectual property, competition from other products, difficulties inherent in the research and development process, adverse litigation or government action, changes to laws and regulations applicable to our industry, the impact of global macroeconomic factors, such as economic downturns or uncertainty, international conflict, trade disputes and tariffs, and other uncertainties and risks associated with global business operations. Additional information about the economic, competitive, governmental, technological and other factors that may affect AbbVie's operations is set forth in Item 1A, ""Risk Factors,"" of AbbVie's 2025 Annual Report on Form 10-K, which has been filed with the Securities and Exchange Commission, as updated by its Quarterly Reports on Form 10-Q and in other documents that AbbVie subsequently files with the Securities and Exchange Commission that update, supplement or supersede such information. AbbVie undertakes no obligation, and specifically declines, to release publicly any revisions to forward-looking statements as a result of subsequent events or developments, except as required by law. Michael Salzillo +1 (908) 269-1688michael.salzillo1@allergan.com Footnotes *Customer survey research carried out across nine countries that included online data collection and a 20-minute self-administered closed questionnaire conducted between November to December 2025. 12,286 participants (Brazil 1,318, Canada 1,304, China 1,318, France 1,302, Germany 1,301, KSA 1,311, Thailand 1,321, USA 1,802 and UK 1,309) who have paid for at least two beauty or aesthetics-related services in the past year Boey® Summary of Product Characteristics. AbbVie Ltd Allergan Aesthetics Holistic Beauty Global Research. REF-148616. January 2026. Allergan Aesthetics Holistic Beauty Global Research. REF-148616. January 2026. View original content:https://www.prnewswire.com/news-releases/allergan-aesthetics-receives-approval-for-boey-trenibotulinumtoxine-for-use-in-europe-the-first-and-only-rapid-onset-short-duration-neurotoxin-for-the-temporary-improvement-of-frown-lines-in-adult-patients-302828060.html Tip: Try a valid symbol or a specific company name for relevant results",https://finance.yahoo.com/healthcare/articles/allergan-aesthetics-receives-approval-boey-120000348.html
ABBV,AbbVie (ABBV) Boey Approval Puts Its Growth Story And Valuation Back In Focus - Sahm,2026-07-17 07:00:00,"AbbVie (ABBV) Boey Approval Puts Its Growth Story And Valuation Back In Focus AbbVie (ABBV) is back in focus after Allergan Aesthetics secured European Commission approval for Boey, a rapid onset, short duration facial injectable that extends the company’s aesthetics reach across 30 European countries. This new product sits alongside growing interest in AbbVie’s neuroscience and immunology portfolios. It gives investors fresh information to consider when thinking about how different segments might support the stock’s longer term revenue mix. AbbVie’s recent product approvals, including Boey in European aesthetics and Tepkinly in European lymphoma, come as the stock shows firm momentum, with a 30 day share price return of 14.35% and a 1 year total shareholder return of 37.03%. These figures reflect growing investor confidence in its mix of established therapies and newer neuroscience and immunology assets. If Boey’s rapid uptake in Europe has you thinking about where else growth stories might be forming, it could be worth scanning for other healthcare and AI opportunities via the 39 healthcare AI stocks After a 37.03% 1 year total return and a share price near US$254, AbbVie now sits between two camps: those who think most of the move is already priced in and those who still see clear upside. Which side does current valuation support? At a last close of $254.39 against a narrative fair value of about $259.46, AbbVie is framed as slightly undervalued, with the story hinging on how immunology and neuroscience shape future earnings. Continued robust growth in immunology from Skyrizi and Rinvoq, buoyed by expanded prescribing across multiple high-need indications like IBD and dermatology, and further supported by ongoing launches and indication expansions, is likely to drive sustained top-line revenue growth and mitigate the impact of Humira's LOE. Read the complete narrative. Read the complete narrative. Want to see what sits behind this fair value call on AbbVie? The narrative leans heavily on rising earnings, wider margins and a richer profit multiple than today. Curious which assumptions really move the valuation? However, AbbVie’s story can change quickly if key drugs face tougher competition than analysts expect or if anticipated gains from the Apogee deal fail to materialise. There is a different angle to AbbVie’s story when you look past fair value estimates and focus on the current P/E ratio of about 125x. That is far above the US Biotechs industry at 17.1x, the peer average at 22x and even the fair ratio estimate of 42.6x. This gap suggests the market is paying a rich price today relative to both sector norms and where the fair ratio indicates it could settle over time. This raises the question of how comfortable you are with valuation risk if sentiment or forecasts change. If this mix of optimism and concern around AbbVie feels familiar, consider using it as a prompt to act promptly and review the numbers yourself with the 2 key rewards and 4 important warning signs. If AbbVie has sharpened your focus on where capital could work harder, do not stop here. Broaden your search and pressure test fresh ideas with a few targeted screens. This article by Simply Wall St is general in nature. We provide commentary based on historical data and analyst forecasts only using an unbiased methodology and our articles are not intended to be financial advice. It does not constitute a recommendation to buy or sell any stock, and does not take account of your objectives, or your financial situation. We aim to bring you long-term focused analysis driven by fundamental data. Note that our analysis may not factor in the latest price-sensitive company announcements or qualitative material. Simply Wall St has no position in any stocks mentioned.",https://www.sahmcapital.com/news/content/abbvie-abbv-boey-approval-puts-its-growth-story-and-valuation-back-in-focus-2026-07-17
ABBV,Here's How Much $1000 Invested In AbbVie 10 Years Ago Would Be Worth Today - Sahm,2026-07-17 07:00:00,"Here's How Much $1000 Invested In AbbVie 10 Years Ago Would Be Worth Today AbbVie (NYSE:ABBV) has outperformed the market over the past 10 years by 1.69% on an annualized basis producing an average annual return of 14.83%. Currently, AbbVie has a market capitalization of $454.46 billion. Buying $1000 In ABBV: If an investor had bought $1000 of ABBV stock 10 years ago, it would be worth $4,014.98 today based on a price of $256.94 for ABBV at the time of writing. Finally -- what’s the point of all this? The key insight to take from this article is to note how much of a difference compounded returns can make in your cash growth over a period of time. This article was generated by Benzinga's automated content engine and reviewed by an editor.",https://www.sahmcapital.com/news/content/heres-how-much-1000-invested-in-abbvie-10-years-ago-would-be-worth-today-2026-07-17
ABBV,Here's How Neuroscience Drugs Boost AbbVie's Q1 Sales Growth - qz.com,2026-07-17 03:09:37,"This website is using a security service to protect itself from online attacks. The action you just performed triggered the security solution. There are several actions that could trigger this block including submitting a certain word or phrase, a SQL command or malformed data. You can email the site owner to let them know you were blocked. Please include what you were doing when this page came up and the Cloudflare Ray ID found at the bottom of this page. Cloudflare Ray ID: a1de58e7fe67878a
•

        Your IP:
        Click to reveal
20.55.163.225
•

Performance & security by Cloudflare",https://qz.com/here-s-how-neuroscience-drugs-boost-abbvie-s-q1-sales-growth
