ticker,title,date,content,url
CVX,Chevron (NYSE:CVX) Trading Up 2% - What's Next? - MarketBeat,2026-07-02 21:33:44,"Chevron Corporation (NYSE:CVX - Get Free Report)'s share price rose 2% during trading on Thursday . The stock traded as high as $169.55 and last traded at $169.0640. 9,511,570 shares traded hands during trading, a decline of 19% from the average daily volume of 11,689,808 shares. The stock had previously closed at $165.69. Here are the key news stories impacting Chevron this week: A number of analysts recently weighed in on CVX shares. Tudor Pickering upgraded Chevron from a ""hold"" rating to a ""buy"" rating and set a $225.00 target price for the company in a research report on Thursday, April 9th. Morgan Stanley reduced their price target on shares of Chevron from $214.00 to $210.00 and set an ""overweight"" rating on the stock in a research report on Monday. TD Cowen lifted their price target on shares of Chevron from $204.00 to $205.00 and gave the stock a ""hold"" rating in a research note on Friday, May 8th. HSBC raised shares of Chevron from a ""hold"" rating to a ""buy"" rating and set a $215.00 price objective for the company in a research note on Friday, March 20th. Finally, The Goldman Sachs Group  reaffirmed a ""buy"" rating and set a $216.00 target price on shares of Chevron in a report on Wednesday, May 6th. Nineteen research analysts have rated the stock with a Buy rating, six have issued  a Hold rating and one  has issued  a Sell rating to the stock. According to data from MarketBeat.com, the company  has an average rating of ""Moderate Buy"" and an average target price of $205.71. The company has a market cap of $336.71 billion, a PE ratio of 29.30, a P/E/G ratio of 0.55 and a beta of 0.50. The business has a fifty day moving average of $183.99 and a 200-day moving average of $180.34. The company has a current ratio of 1.09, a quick ratio of 0.84 and a debt-to-equity ratio of 0.21. Chevron (NYSE:CVX - Get Free Report) last released its quarterly earnings results on Friday, May 1st. The oil and gas company reported $1.41 earnings per share (EPS) for the quarter, topping analysts' consensus estimates of $1.00 by $0.41. Chevron had a net margin of 5.79% and a return on equity of 6.90%. The company had revenue of $47.56 billion during the quarter, compared to the consensus estimate of $51.86 billion. During the same period in the prior year, the firm earned $2.18 earnings per share. Chevron's revenue was up 2.1% on a year-over-year basis.  Equities research analysts anticipate that  Chevron Corporation will post 15.52 earnings per share for the current fiscal year. The business also recently announced a quarterly dividend, which was paid on Wednesday, June 10th. Stockholders of record on Tuesday, May 19th were paid a $1.78 dividend. This represents a $7.12 dividend on an annualized basis and a dividend yield of 4.2%. The ex-dividend date of this dividend was Tuesday, May 19th. Chevron's dividend payout ratio  is currently 123.40%. In other news, Director John B. Hess sold 380,000 shares of Chevron stock in a transaction dated Wednesday, May 20th. The stock was sold at an average price of $193.20, for a total value of $73,416,000.00. Following the completion of the transaction, the director owned 278,045 shares of the company's stock, valued at $53,718,294. The trade was a 57.75% decrease in their position. The transaction was disclosed in a document filed with the Securities & Exchange Commission, which is available through the SEC website. 0.56% of the stock is owned by insiders. Several large investors have recently bought and sold shares of CVX. Dakota Wealth Management increased its position in  Chevron by 14.9% in the fourth quarter. Dakota Wealth Management now owns 83,265 shares of the oil and gas company's stock worth $12,690,000 after buying an additional 10,822 shares in the last quarter.  Brooklyn FI LLC purchased a new position in shares of  Chevron during the 3rd quarter valued at about $431,000.  Clear Trail Advisors LLC purchased a new position in shares of  Chevron during the 4th quarter valued at about $10,167,000.  Curtis Advisory Group LLC bought a new position in shares of  Chevron during the 4th quarter valued at approximately $1,381,000.  Finally, Indivisible Partners bought a new position in shares of  Chevron during the 4th quarter valued at approximately $1,923,000. 72.42% of the stock is owned by hedge funds and other institutional investors. Chevron Corporation NYSE: CVX is an American multinational energy company engaged in virtually all aspects of the oil and gas industry. As an integrated energy firm, Chevron's core activities include upstream oil and natural gas exploration and production, midstream transportation and storage, downstream refining and marketing of fuels and lubricants, and petrochemical manufacturing through joint ventures and subsidiaries. The company markets fuels under brands such as Chevron, Texaco and Caltex and supplies a range of products and services to retail customers, industrial users and commercial fleets worldwide. Chevron traces its corporate lineage to the early petroleum companies that eventually became Standard Oil of California and has evolved through significant mergers and restructurings, including the acquisitions of Gulf Oil and Texaco. This instant news alert was generated by narrative science technology and financial data from MarketBeat in order to provide readers with the fastest reporting and unbiased coverage. Please send any questions or comments about this story to contact@marketbeat.com. Before you consider Chevron, you'll want to hear this. MarketBeat keeps track of Wall Street's top-rated and best performing research analysts and the stocks they recommend to their clients on a daily basis. MarketBeat has identified the five stocks that top analysts are quietly whispering to their clients to buy now before the broader market catches on... and Chevron wasn't on the list. While Chevron currently has a Moderate Buy rating among analysts, top-rated analysts believe these five stocks are better buys. Unlock the timeless value of gold with our exclusive 2026 Gold Forecasting Report. Explore why gold remains the ultimate investment for safeguarding wealth against inflation, economic shifts, and global uncertainties. Whether you're planning for future generations or seeking a reliable asset in turbulent times, this report is your essential guide to making informed decisions. Sign up for MarketBeat All Access to gain access to MarketBeat's full suite of research tools and reports. 345 N Reid Place, Suite 620, Sioux Falls, SD 57103
                                        
                                        contact@marketbeat.com
                                        
                                        (844) 978-6257 © MarketBeat Media, LLC 2010-2026. All rights reserved. © 2026   Fair market value prices are updated every minute and are provided by Massive. Other market data provided is at least 10-minutes delayed and hosted by Barchart Solutions.  Information is provided 'as-is' and solely for informational purposes, not for trading purposes or advice, and is delayed. To see all exchange delays and terms of use please see Barchart's disclaimer.",https://www.marketbeat.com/instant-alerts/chevron-nysecvx-trading-up-2-whats-next-2026-07-02/
CVX,Chevron (CVX) Upgraded to Outperform with $210 Target Amid Stron - GuruFocus,2026-07-02 20:42:27,"This website is using a security service to protect itself from online attacks. The action you just performed triggered the security solution. There are several actions that could trigger this block including submitting a certain word or phrase, a SQL command or malformed data. You can email the site owner to let them know you were blocked. Please include what you were doing when this page came up and the Cloudflare Ray ID found at the bottom of this page. Cloudflare Ray ID: a15262b0fde87fa4
•

        Your IP:
        Click to reveal
74.235.126.81
•

Performance & security by Cloudflare",https://www.gurufocus.com/news/8943570/chevron-cvx-upgraded-to-outperform-with-210-target-amid-strong-cash-flow-prospects
CVX,"Chevron's Project Kilby Could Drive Earnings Growth, UBS Says - Moomoo",2026-07-02 17:29:02,"To create a seamless experience and for website quality and improvement purposes, we use cookie technologies for verification and quality purposes, to personalize the content presented, and to provide advertising that may be of specific interest to you. Learn our Privacy Policy here. Unity Software(U.US) reported fourth-quarter financial results after the market close on Monday. Here's a rundown of the report.Q4 
    Earnings: Unity said fourth-quarter revenue increased 35% year-over-year to $609 million, beating the consensus estimate of $562.71 million.
    The company reported a quarterly loss of 66 cents per share. Use the share button in your browser  to share the page with your friends Investment products and services are offered through Moomoo Financial Inc., Member SIPC./FINRA. For further information about Moomoo Financial Inc., please visit Financial Industry Regulatory Authority (FINRA)’s BrokerCheck. Options trading entails significant risk and is not appropriate for all customers. It is important that investors read Characteristics and Risks of Standardized Options before engaging in any options trading strategies. Options transactions are often complex and may involve the potential of losing the entire investment in a relatively short period of time. Certain complex options strategies carry additional risk, including the potential for losses that may exceed the original investment amount. Supporting documentation for any claims, if applicable, will be furnished upon request. $0 commission trading is available only to U.S. residents trading in the U.S. markets through Moomoo Financial Inc. Other fees may apply. For more info, visit moomoo.com/us/pricing Investing involves risk and the potential to lose principal. Electronic trading also involves risks. The responsiveness of the trading system may vary due to market conditions, system performance, and other factors. Account access and trade execution may be affected by factors such as market volatility. Investment products are not insured by the FDIC, not a deposit, and may decline in value. The services and products offered on the website are subject to applicable laws and regulations, as well as relevant service terms and policies. The services and products are not available to all customers or in all geographic areas or in any jurisdiction where it is unlawful for us to offer such services and products. Company Address：Moomoo Financial Inc. and Moomoo Technologies Inc, 185 Hudson St Ste. 2600, Jersey City, NJ 07302 Copyright © 2026 Moomoo Technologies Inc. All Rights Reserved.",https://www.moomoo.com/news/post/72411795/chevron-s-project-kilby-could-drive-earnings-growth-ubs-says?level=1&data_ticket=1783042376474755
CVX,Can ExxonMobil's Upstream Business Thrive With Oil Below $70? - The Globe and Mail,2026-07-02 16:07:00,"Exxon Mobil CorporationXOM has a massive footprint in the Permian, the most prolific oil and gas play in the United States, and offshore Guyana. In the Permian, the integrated giant has been employing lightweight proppant technology and hence is capable of boosting its well recoveries by up to as much as 20%. According to the data from the Federal Reserve Bank of Dallas, the shut-in price for existing wells in the Midland, a sub-basin of the Permian, is $42 per barrel. For Delaware, another sub-basin, the Federal Reserve Bank of Dallas estimated the price at $34 per barrel. With West Texas Intermediate (“WTI”) crude oil trading below the $70 per-barrel mark, significantly higher than the shut-in prices, it makes sense for XOM to continue production in the wells. On the first-quarter earnings call, XOM mentioned that it is on track with its plan of growing its production in the most prolific basin to 1.8 million oil-equivalent barrels this year. Like XOM, Chevron CorporationCVX and ConocoPhillipsCOP will benefit from the ongoing oil prices. Let’s delve a little deeper. With COP generating a significant proportion of revenues from crude oil, the ongoing price of the commodity is favorable for the leading upstream player to continue producing, much like other energy giants, such as XOM and CVX. The upstream energy giant also has low-cost drilling opportunities across the Permian, Eagle Ford and Bakken that could be successfully developed over two decades. Thus, the outlook for ConocoPhillips’ upstream operations looks bright. Chevron, on the other hand, has been witnessing growth in production volumes, thanks to its footprint in the Permian – the most prolific basin in the United States. CVX is thus well-poised to gain from prevailing oil prices as production makes sense in the Permian. Shares of XOM have gained 22.7% over the past year compared with the 19.8% growth of the industry. From a valuation standpoint, XOM trades at a trailing 12-month enterprise value to EBITDA of 9.05X. This is above the broader industry average of 5.87X. The Zacks Consensus Estimate for XOM’s 2026 earnings has seen downward revisions over the past seven days. XOM currently carries a Zacks Rank #3 (Hold). You can see the complete list of today’s Zacks #1 Rank (Strong Buy) stocks here. Just released: Experts distill 7 elite stocks from the current list of 220 Zacks Rank #1 Strong Buys. They deem these tickers ""Most Likely for Early Price Pops."" Since 1988, the full list has beaten the market more than 2X over with an average gain of +23.9% per year. So be sure to give these hand picked 7 your immediate attention. This article originally published on Zacks Investment Research (zacks.com). All market data (will open in new tab) is provided by Barchart Solutions. Copyright © 2026. Information is provided 'as is' and solely for informational purposes, not for trading purposes or advice. For exchange delays and terms of use, please read disclaimer (will open in new tab). © Copyright 2026 The Globe and Mail Inc. All rights reserved.",https://www.theglobeandmail.com/investing/markets/stocks/CVX/pressreleases/3102227/can-exxonmobils-upstream-business-thrive-with-oil-below-70/
CVX,Can Chevron (NYSE:CVX) Justify Its AI Power Price? - Kalkine Media,2026-07-02 15:30:00,"Hey ! We have sent you a verification e-mail. Please follow the instructions on the e-mail to complete your registration. If you can't find it,
                    Please check your spam folder Genpact (NYSE:G) AI Push Sparks Fresh Market Buzz Goldman Sachs (NYSE:GS) Value Shift In Russell 1000? Why Chegg (NYSE:CHGG) Is Facing Fresh Market Pressure? Planet Labs (NYSE:PL) Pullback Puts Space Data In Focus Make Kalkine Media

                                       My Trusted Source Chevron’s AI power deal adds support, but valuation now looks balanced as crude prices, policy risk, and cash flow expectations remain central. Chevron (NYSE:CVX) has returned to the spotlight after its long-term natural gas-fired power agreement for Microsoft’s West Texas AI data center added a fresh angle to its valuation story. The company remains part of the S&P 500, where large energy names are closely tracked during periods of shifting crude prices, power demand growth, and market debate around cash flow strength. After a strong multi-year run and a recent pullback, the central question is whether Chevron’s current price still reflects enough room for future business growth. Chevron’s agreement to supply natural gas-fired electricity to Microsoft’s AI data center gives the company another way to connect its energy portfolio with fast-growing power demand. AI infrastructure requires large and reliable electricity supply, and natural gas continues to play a major role in supporting that demand. This deal is important because it shows how traditional
  


    energy stock
   


   companies may remain relevant in a market increasingly shaped by data centers, cloud computing, and power-hungry digital infrastructure. For Chevron, the agreement may support steadier cash flow expectations if project execution stays on track and demand remains durable. The deal also strengthens the link between energy production and next-generation power consumption. AI growth is not only a technology story; it is also a power supply story. Chevron no longer appears to be trading at an obvious discount based on the information provided. The company has already delivered a strong long-term return, and that performance can reduce the room for valuation-driven upside. The current valuation picture appears mixed. Chevron passes several valuation checks, but not all of them. That suggests the stock is not clearly underpriced, yet it also does not appear sharply stretched based on some fair-value measures. The company’s valuation is now being judged against its long-term earnings and cash flow profile. The market seems to be weighing the AI power deal, crude oil exposure, production strength, and regulatory risk together rather than focusing on one single catalyst. Chevron’s earnings multiple remains central to the valuation debate. The stock trades at a higher multiple than the broader oil and gas industry, but it is still close to its own fair multiple under the framework described in the source. That makes the valuation less simple. The market is not treating Chevron like a deep bargain, but it is also not assigning a clearly excessive premium compared with similar large-scale energy peers. This matters because a balanced valuation can make future performance more dependent on execution. The company may need steady cash flow, disciplined capital spending, and strong project delivery to support the current market view. Higher crude prices remain an important support for Chevron’s business profile. As an integrated oil and gas company, Chevron has exposure across production, refining, and broader energy operations. Stronger crude prices can improve the operating backdrop for upstream activity. However, commodity markets can shift quickly due to global supply, demand expectations, geopolitical tension, and policy decisions. This means Chevron’s valuation cannot be assessed only through the AI power deal. The company’s broader
  


    oil and gas stock
   


   exposure remains a major part of the story. Energy market cycles continue influencing sentiment, cash generation, and future expectations. Political and regulatory scrutiny of fuel prices remains a key risk for Chevron. When energy prices rise, large energy companies often face public and policy attention. This can influence how the market values future cash flows. Regulation, permitting, emissions policy, and fuel-price pressure can all affect long-term project economics. Even when business fundamentals look supportive, these risks can limit how much confidence the market places in future cash generation. Chevron’s scale gives it resilience, but it also places the company under greater public and regulatory visibility. That makes policy risk an important part of any valuation discussion. The AI power agreement adds a new layer to Chevron’s long-term outlook. Natural gas-fired power can help serve data centers requiring reliable electricity, especially in regions where grid capacity needs support. This connects Chevron (NYSE:CVX) traditional energy role with rising demand from digital infrastructure. However, the value of this opportunity depends on contract execution, power demand durability, operating costs, and regulatory conditions. The agreement may improve visibility around future cash flows, but it does not remove valuation risk. After a strong long-term share performance, Chevron still needs to show that new power-related opportunities can meaningfully support its broader business profile. The story is now more balanced than one-sided. Chevron has growth drivers, but the current price already reflects a meaningful amount of confidence. The AI power deal strengthens the narrative, while valuation and policy risks keep the debate open. The content, including but not limited to any articles, news, quotes, information, data, text, reports, ratings, opinions, images, photos, graphics, graphs, charts, animations and video (Content) is a service of Kalkine Media LLC (Kalkine Media, we or us) and is available for personal and non-commercial use only. The principal purpose of the Content is to educate and inform.  The Content does not contain or imply any recommendation or opinion intended to influence your financial decisions and must not be relied upon by you as such. Some of the Content on this website may be sponsored/non-sponsored, as applicable, but is NOT a solicitation or recommendation to buy, sell or hold the stocks of the company(s) or engage in any investment activity under discussion. Kalkine Media is neither licensed nor qualified to provide investment advice through this platform. Users should make their own enquiries about any investments and Kalkine Media strongly suggests the users to seek advice from a financial adviser, stockbroker or other professional (including taxation and legal advice), as necessary. Kalkine Media hereby disclaims any and all the liabilities to any user for any direct, indirect, implied, punitive, special, incidental or other consequential damages arising from any use of the Content on this website, which is provided without warranties.
The views expressed in the Content by the guests, if any, are their own and do not necessarily represent the views or opinions of Kalkine Media. Some of the images/music that may be used on this website are copyright to their respective owner(s). Kalkine Media does not claim ownership of any of the pictures/music displayed/used on this website unless stated otherwise. The images/music that may be used on this website are taken from various sources on the internet, including paid subscriptions or are believed to be in public domain. We have used reasonable efforts to accredit the source (public domain/CC0 status) to where it was found and indicated it, as necessary. Welcome to Kalkine Media Pty Ltd. website. Your website access and usage is governed by the
                    applicable  Terms of Use
                    & Privacy Policy. Welcome to Kalkine Media LLC website. Your website access and usage is governed by the applicable Terms and Conditions &
                    Privacy Policy. Welcome to Kalkine Media New Zealand Limited website. Your website access and usage is governed by
                    the applicable Terms and
                        Conditions & Privacy
                        Policy. Welcome to Kalkine Media Incorporated website. Your website access and usage is governed by the
                    applicable Terms and
                        Conditions & Privacy
                        Policy. Welcome to Kalkine Media Limited website. Your website access and usage is governed by the
                    applicable Terms of Use &
                    Privacy Policy. Welcome to Kalkine Media Limited website. Your website access and usage is governed by the
                    applicable Terms of Use &
                    Privacy Policy. Welcome to Kalkine Media Limited website. Your website access and usage is governed by the
                    applicable Terms of Use &
                    Privacy Policy. Welcome to Kalkine Media Limited website. Your website access and usage is governed by the
                    applicable Terms of Use &
                    Privacy Policy. Welcome to Kalkine Media Limited website. Your website access and usage is governed by the
                    applicable Terms of Use &
                    Privacy Policy. Welcome to Kalkine Media Limited website. Your website access and usage is governed by the
                    applicable Terms of Use &
                    Privacy Policy. Welcome to Kalkine Media Limited website. Your website access and usage is governed by the
                    applicable Terms of Use &
                    Privacy Policy. Welcome to Kalkine Media Limited website. Your website access and usage is governed by the
                    applicable Terms of Use &
                    Privacy Policy. Welcome to Kalkine Media Limited website. Your website access and usage is governed by the
                    applicable Terms of Use &
                    Privacy Policy. Welcome to Kalkine Media Limited website. Your website access and usage is governed by the
                    applicable Terms of Use &
                    Privacy Policy. Welcome to Kalkine Media Limited website. Your website access and usage is governed by the
                    applicable Terms of Use
                    & Privacy Policy. Welcome to Kalkine Media Limited website. Your website access and usage is governed by the
                    applicable Terms of Use &
                    Privacy Policy. Welcome to Kalkine Media Limited website. Your website access and usage is governed by the
                    applicable Terms of Use &
                    Privacy Policy. Welcome to Kalkine Media Limited website. Your website access and usage is governed by the
                    applicable Terms of Use &
                    Privacy Policy. Welcome to Kalkine Media Limited website. Your website access and usage is governed by the
                    applicable Terms of Use &
                    Privacy Policy. Welcome to Kalkine Media Limited website. Your website access and usage is governed by the
                    applicable Terms of Use &
                    Privacy Policy. مرحبًا بكم في موقع Kalkine Media Limited. يخضع الوصول إلى موقع الويب الخاص بك واستخدامه لما هو معمول
                    بهشروط الاستخدام & سياسة الخصوصية. Bienvenue sur le site Web de Kalkine Media Limited. L'accès et l'utilisation de votre site Web sont
                    régis par les Conditions
                        d'utilisation & Politique
                        de confidentialité. Bienvenido al sitio web de Kalkine Media Limited. El acceso y el uso de su sitio web se rigen por
                    los Términos de uso y Política de privacidad. Willkommen auf der Website von Kalkine Media Limited. Der Zugriff und die Nutzung Ihrer Website
                    unterliegen den geltenden Nutzungsbedingungen & Datenschutzerklärung. Willkommen auf der Website von Kalkine Media Limited. Der Zugriff und die Nutzung Ihrer Website
                    unterliegen den geltenden Nutzungsbedingungen & Datenschutzerklärung.",https://kalkinemedia.com/us/stocks/energy/can-chevron-nysecvx-justify-its-ai-power-price
CVX,Ohio Rep. David Taylor Bought Up to $30K Worth of Chevron Stock - Benzinga,2026-07-02 15:00:24,"Oops! Something went wrong. Please try again soon or contact support@benzinga.com. A newsletter built for market enthusiasts by market enthusiasts. Top stories, top movers, and trade ideas delivered to your inbox every weekday before and after the market closes.",https://www.benzinga.com/government/26/07/60248279/ohio-rep-david-taylor-bought-30k-worth-chevron-stock
CVX,CVX Upgraded by Wolfe Research -- Rating Changed to Outperform - GuruFocus,2026-07-02 13:39:17,"This website is using a security service to protect itself from online attacks. The action you just performed triggered the security solution. There are several actions that could trigger this block including submitting a certain word or phrase, a SQL command or malformed data. You can email the site owner to let them know you were blocked. Please include what you were doing when this page came up and the Cloudflare Ray ID found at the bottom of this page. Cloudflare Ray ID: a1526309faee7fa4
•

        Your IP:
        Click to reveal
74.235.126.81
•

Performance & security by Cloudflare",https://www.gurufocus.com/news/8943069/cvx-upgraded-by-wolfe-research-rating-changed-to-outperform
CVX,"A Quick Look at Today's Ratings for Chevron(CVX.US), With a Forecast Between $197 to $222 - Moomoo",2026-07-02 13:33:49,"To create a seamless experience and for website quality and improvement purposes, we use cookie technologies for verification and quality purposes, to personalize the content presented, and to provide advertising that may be of specific interest to you. Learn our Privacy Policy here. On Jul 02, major Wall Street analysts update their ratings for $Chevron (CVX.US)$, with price targets ranging from $197 to $222. UBS analyst Manav Gupta maintains with a buy rating, and maintains the target price at $220. Wells Fargo analyst Sam Margolin maintains with a buy rating, and maintains the target price at $222. TD Cowen analyst Jason Gabelman maintains with a hold rating, and adjusts the target price from $205 to $197. RBC Capital analyst Biraj Borkhataria maintains with a buy rating, and maintains the target price at $220. Wolfe Research analyst Doug Leggate upgrades to a buy rating, and sets the target price at $210. Here are the latest investment ratings and price targets for $Chevron (CVX.US)$ from 5 analysts: TipRanks, an independent third party, provides analysis data from financial analysts and calculates the Average Returns and Success Rates of the analysts' recommendations. The information presented is not an investment recommendation and is intended for informational purposes only. Success rate is the number of the analyst's successful ratings, divided by his/her total number of ratings over the past year. A successful rating is one based on if TipRanks' virtual portfolio earned a positive return from the stock. Total average return is the average rate of return that the TipRanks' virtual portfolio has earned over the past year. These portfolios are established based on the analyst's preliminary rating and are adjusted according to the changes in the rating. TipRanks provides a ranking of each analyst up to 5 stars, which is representative of all recommendations from the analyst. An analyst's past performance is evaluated on a scale of 1 to 5 stars, with more stars indicating better performance. The star level is determined by his/her total success rate and average return. Use the share button in your browser  to share the page with your friends Investment products and services are offered through Moomoo Financial Inc., Member SIPC./FINRA. For further information about Moomoo Financial Inc., please visit Financial Industry Regulatory Authority (FINRA)’s BrokerCheck. Options trading entails significant risk and is not appropriate for all customers. It is important that investors read Characteristics and Risks of Standardized Options before engaging in any options trading strategies. Options transactions are often complex and may involve the potential of losing the entire investment in a relatively short period of time. Certain complex options strategies carry additional risk, including the potential for losses that may exceed the original investment amount. Supporting documentation for any claims, if applicable, will be furnished upon request. $0 commission trading is available only to U.S. residents trading in the U.S. markets through Moomoo Financial Inc. Other fees may apply. For more info, visit moomoo.com/us/pricing Investing involves risk and the potential to lose principal. Electronic trading also involves risks. The responsiveness of the trading system may vary due to market conditions, system performance, and other factors. Account access and trade execution may be affected by factors such as market volatility. Investment products are not insured by the FDIC, not a deposit, and may decline in value. The services and products offered on the website are subject to applicable laws and regulations, as well as relevant service terms and policies. The services and products are not available to all customers or in all geographic areas or in any jurisdiction where it is unlawful for us to offer such services and products. Company Address：Moomoo Financial Inc. and Moomoo Technologies Inc, 185 Hudson St Ste. 2600, Jersey City, NJ 07302 Copyright © 2026 Moomoo Technologies Inc. All Rights Reserved.",https://www.moomoo.com/news/post/72401208/a-quick-look-at-today-s-ratings-for-chevron-cvxus?level=1&data_ticket=1783042376474755
CVX,Chevron (CVX) Upgraded to Outperform with $210 Price Target - GuruFocus,2026-07-02 12:56:15,"This website is using a security service to protect itself from online attacks. The action you just performed triggered the security solution. There are several actions that could trigger this block including submitting a certain word or phrase, a SQL command or malformed data. You can email the site owner to let them know you were blocked. Please include what you were doing when this page came up and the Cloudflare Ray ID found at the bottom of this page. Cloudflare Ray ID: a152632f5cb87fa4
•

        Your IP:
        Click to reveal
74.235.126.81
•

Performance & security by Cloudflare",https://www.gurufocus.com/news/8942915/chevron-cvx-upgraded-to-outperform-with-210-price-target?mobile=true
CVX,Advisory: Chevron Corporation’s 2Q 2026 Earnings Conference Call and Webcast - Yahoo Finance Singapore,2026-07-02 12:30:00,"Tip: Try a valid symbol or a specific company name for relevant results HOUSTON, July 02, 2026--(BUSINESS WIRE)--Chevron Corporation (NYSE: CVX), one of the world's leading energy companies, will hold its quarterly earnings conference call on Friday, July 31, 2026 at 11:00 a.m. ET (10:00 a.m. CT). Conference Call Information:Date: Friday, July 31, 2026Time: 11:00 a.m. ET / 10:00 a.m. CTDial-in # (Listen-only mode): 800-918-2066Conference ID #: 3870797 Speakers:Mike Wirth – Chairman of the Board & Chief Executive OfficerEimear Bonner – Chief Financial OfficerJeff Gustavson – President, New EnergiesJeanine Wai – Head of Investor Relations To access the live webcast, visit www.chevron.com. The meeting replay will also be available on the company website under the ""Investors"" section. Chevron is one of the world's leading integrated energy companies. We believe affordable, reliable and ever-cleaner energy is essential to enabling human progress. Chevron produces crude oil and natural gas; manufactures transportation fuels, lubricants, petrochemicals and additives; and develops technologies that enhance our business and the industry. We aim to grow our oil and gas business, lower the carbon intensity of operations and grow new energies businesses. More information about Chevron is available at www.chevron.com. View source version on businesswire.com: https://www.businesswire.com/news/home/20260702569699/en/ Tip: Try a valid symbol or a specific company name for relevant results",https://sg.finance.yahoo.com/news/advisory-chevron-corporation-2q-2026-123000916.html
CVX,Advisory: Chevron Corporation’s 2Q 2026 Earnings Conference Call and Webcast - Business Wire,2026-07-02 12:30:00,The webpage at https://www.businesswire.com/news/home/20260702569699/en/Advisory-Chevron-Corporations-2Q-2026-Earnings-Conference-Call-and-Webcast might be temporarily down or it may have moved permanently to a new web address.,https://www.businesswire.com/news/home/20260702569699/en/Advisory-Chevron-Corporations-2Q-2026-Earnings-Conference-Call-and-Webcast
CVX,Can Chevron (CVX) Stock Justify Its Price After The AI Power Deal? - simplywall.st,2026-07-02 11:53:10,"After a near 97.6% total return over the past five years, Chevron stock no longer looks obviously cheap, and the recent pullback raises the question of whether the current price still offers a comfortable margin for long term investors. The key question now is whether Chevron’s recent share price, after a pullback from shorter term gains, still offers enough value for investors who focus primarily on what they are paying for its long term earnings and cash flow profile. Find out why Chevron's 16.7% return over the last year is lagging behind its peers. The P/E ratio is a useful way to think about what you are paying for each dollar of Chevron’s current earnings. Chevron trades on a P/E of about 29.8x, compared with an Oil and Gas industry average of 12.8x and a peer group average near 34.1x. That places the stock at a premium to the broader sector but slightly below similar large peers. Simply Wall St’s fair P/E for Chevron, which looks at factors such as the company’s scale, profitability profile and risk, is 29.2x, almost in line with where the shares currently sit. Despite the recent attention around the long term Microsoft power deal and Project Kilby, the market multiple suggests investors are neither paying a clear bargain price nor a stretched premium for Chevron’s earnings today. On the P/E multiple, Chevron stock currently looks roughly fairly valued relative to what the company’s earnings profile would typically justify. See what the numbers say about this price — find out in our valuation breakdown. Simply Wall St Narratives for Chevron pick up where the P/E puzzle leaves off by spelling out what kind of future for Chevron's growth, margins and earnings would need to play out for the stock to be worth materially more or less than it is today on the market. Where a single ratio or valuation model gives one figure, these narratives describe the underlying future that figure relies on, so you can monitor whether that story is still unfolding as assumed on the Community page. If you have a number driven view on whether Chevron's Project Kilby and the Microsoft power deal ultimately justify today's valuation, share a Narrative on Chevron in the Simply Wall St community to spell out your thesis. Set out the assumptions behind your view so you can track how it holds up as new results, deal updates and industry data come through. Do you think there's more to the story for Chevron? Head over to our Community to see what others are saying! For Chevron, the current valuation on earnings looks about right rather than clearly cheap or clearly stretched, so the easy value case is no longer on the table. Market multiples suggest investors are now paying a going rate for its size, profitability and risk profile, with the stock screening as a mixed opportunity rather than a clear outlier. From here, the real hinge for both bulls and bears is whether Chevron can turn projects like the Microsoft power agreement into reliable, long run cash flows without triggering the kind of regulatory or political pushback that would cap how highly those earnings are valued. This article by Simply Wall St is general in nature. We provide commentary based on historical data
        and analyst forecasts only using an unbiased methodology and our articles are not intended to be financial advice. It does not constitute a recommendation to buy or sell any stock, and does not take account of your objectives, or your
        financial situation. We aim to bring you long-term focused analysis driven by fundamental data.
        Note that our analysis may not factor in the latest price-sensitive company announcements or qualitative material.
        Simply Wall St has no position in any stocks mentioned. Our new AI Stock Screener scans the market every day to uncover opportunities. • Dividend Powerhouses (3%+ Yield)• Undervalued Small Caps with Insider Buying• High growth Tech and AI CompaniesOr build your own from over 50 metrics. Have feedback on this article? Concerned about the content? Get in touch with us directly. Alternatively, email editorial-team@simplywallst.com Through its subsidiaries, engages in the integrated energy and chemicals operations in the United States and internationally. Excellent balance sheet, good value and pays a dividend. Financial Data provided by S&P Global Market Intelligence LLC, analysis provided by Simply Wall Street Pty Ltd. Copyright © 2026, S&P Global Market Intelligence LLC. All rights reserved. Simply Wall Street Pty Ltd (ACN 600 056 611), is a Corporate Authorised Representative (Authorised Representative Number: 467183) of Sanlam Private Wealth Pty Ltd (AFSL No. 337927). Any advice contained in this website is general advice only and has been prepared without considering your objectives, financial situation or needs. You should not rely on any advice and/or information contained in this website and before making any investment decision we recommend that you consider whether it is appropriate for your situation and seek appropriate financial, taxation and legal advice. Please read our Financial Services Guide before deciding whether to obtain financial services from us. © 2026 Simply Wall Street Pty Ltd, US Design Patent #29/544/281, Community and European Design Registration #2845206",https://simplywall.st/stocks/us/energy/nyse-cvx/chevron/news/can-chevron-cvx-stock-justify-its-price-after-the-ai-power-d
CVX,2 Energy Stocks to Research Further and 1 We Brush Off - StockStory,2026-07-02 09:11:42,"Even if they go mostly unnoticed, energy businesses are the backbone of our country, providing the energy we need to power our lives and businesses. They are also bound to benefit from a friendlier regulatory environment with the “American energy dominance” stance of the Trump administration, and this excitement has led to a six-month gain of 19.7% for the sector - higher than the S&P 500’s 9.3% return. Nevertheless, investors must be mindful as the cycle can unexpectedly turn. When this inevitably happens, only the elite companies will survive and ultimately thrive. Keeping that in mind, here are two energy stocks we think can generate sustainable market-beating returns and one we’re swiping left on. Operating what's essentially an airborne taxi service for some of the world's most remote workplaces, Bristow Group (NYSE:VTOL) operates helicopters that transport workers to offshore oil and gas platforms and conduct search and rescue operations. Bristow Group’s stock price of $40.67 implies a valuation ratio of 5.8x forward EV-to-EBITDA. Read our free research report to see why you should think twice about including VTOL in your portfolio. Operating everything from deepwater drilling rigs to corner gas stations, Chevron (NYSE:CVX) explores for, produces, and transports crude oil and natural gas, then refines that crude oil into gasoline, diesel, and other petroleum products. At $165.78 per share, Chevron trades at 10x forward P/E. Is now a good time to buy? See for yourself in our comprehensive research report, it’s free. Operating one of the largest dairy-based renewable natural gas facilities in the United States, Gevo (NASDAQ:GEVO) produces sustainable aviation fuel and other renewable hydrocarbon fuels from plant-based feedstocks like corn. Gevo is trading at $1.47 per share, or 11x forward EV-to-EBITDA. Is now the right time to buy? Find out in our full research report, it’s free. WHILE YOU’RE HERE: Top 9 Market-Beating Stocks. The best stocks don’t just beat the market once. They do it again. And again. Robust revenue growth, rising free cash flow, returns on capital that leave their competition in the dust. The market has already rewarded these businesses. But our AI platform says the party isn’t over. Find out which 9 stocks made the cut this week — FREE.  Get Our Top 9 Market-Beating Stocks for Free HERE. Stocks that made our list in 2020 include now familiar names such as Nvidia (+1,326% between June 2020 and June 2025) as well as under-the-radar businesses like the once-micro-cap company Kadant (+351% five-year return). Find your next big winner with StockStory today. Data sources: actuals and consensus estimates from StockStory, S&P Global Market Intelligence, and Visible Alpha. Market data from Massive. Provided for general information purposes only and does not constitute investment advice or a recommendation that any particular security, portfolio of securities, transaction or investment strategy is suitable for any specific individual. Information on our investment framework and performance methodology is available here. Copyright 2026, S&P Global Market Intelligence (and its affiliates as applicable). All rights reserved.",https://stockstory.org/us/stocks/nyse/cvx/news/buy-or-sell/2-energy-stocks-to-research-further-and-1-we-brush-off
CVX,Spinnaker Trust Has $6.29 Million Holdings in Chevron Corporation $CVX - MarketBeat,2026-07-02 09:10:46,"Spinnaker Trust lessened its holdings in  Chevron Corporation (NYSE:CVX - Free Report) by 38.8% during the first quarter, according to the company in its most recent Form 13F filing with the Securities & Exchange Commission. The institutional investor  owned 30,377 shares of the oil and gas company's stock after selling 19,294 shares during the quarter. Spinnaker Trust's holdings in Chevron were worth $6,285,000 as of its most recent SEC filing. Several other large investors have also added to or reduced their stakes in the business. Phillip James Consulting Co. acquired a new position in shares of  Chevron during the 4th quarter worth about $26,000.  Core Wealth Advisors LLC acquired a new stake in shares of  Chevron in the fourth quarter valued at about $26,000.  Karpus Management Inc. bought a new stake in  Chevron during the fourth quarter worth about $27,000.  Basso Capital Management L.P. bought a new stake in  Chevron during the fourth quarter worth about $27,000.  Finally, Quattro Advisors LLC acquired a new position in  Chevron during the fourth quarter valued at approximately $27,000. Institutional investors and hedge funds own  72.42% of the company's stock. A number of research analysts have weighed in on the company. Piper Sandler raised their price target on Chevron from $179.00 to $242.00 and gave the company an ""overweight"" rating in a research note on Thursday, March 12th. Sanford C. Bernstein cut their price objective on Chevron from $216.00 to $204.00 and set a ""market perform"" rating for the company in a report on Monday, May 11th. Scotiabank raised their target price on shares of Chevron from $168.00 to $187.00 and gave the company a ""sector perform"" rating in a research note on Wednesday, April 22nd. UBS Group  restated a ""buy"" rating on shares of Chevron in a report on Tuesday, June 23rd. Finally, Royal Bank Of Canada  reaffirmed an ""outperform"" rating and set a $220.00 price target on shares of Chevron in a research report on Tuesday, May 5th. Eighteen analysts have rated the stock with a Buy rating, six have given a Hold rating and one  has assigned  a Sell rating to the stock. Based on data from MarketBeat, Chevron presently has a consensus rating of ""Moderate Buy"" and a consensus price target of $205.52. NYSE:CVX opened at $165.70 on Thursday. Chevron Corporation has a 12-month low of $145.47 and a 12-month high of $214.71. The firm has a market capitalization of $330.01 billion, a price-to-earnings ratio of 28.72, a P/E/G ratio of 0.55 and a beta of 0.50. The stock's 50 day moving average price is $183.99 and its two-hundred day moving average price is $180.34. The company has a quick ratio of 0.84, a current ratio of 1.09 and a debt-to-equity ratio of 0.21. Chevron (NYSE:CVX - Get Free Report) last issued its earnings results on Friday, May 1st. The oil and gas company reported $1.41 EPS for the quarter, topping the consensus estimate of $1.00 by $0.41. The company had revenue of $47.56 billion during the quarter, compared to the consensus estimate of $51.86 billion. Chevron had a return on equity of 6.90% and a net margin of 5.79%.The firm's revenue for the quarter was up 2.1% compared to the same quarter last year. During the same period in the previous year, the company posted $2.18 EPS.  On average, analysts anticipate that  Chevron Corporation will post 15.52 earnings per share for the current year. The business also recently disclosed a quarterly dividend, which was paid on Wednesday, June 10th. Shareholders of record on Tuesday, May 19th were given a dividend of $1.78 per share. This represents a $7.12 dividend on an annualized basis and a yield of 4.3%. The ex-dividend date of this dividend was Tuesday, May 19th. Chevron's payout ratio is 123.40%. In other news, Director John B. Hess sold 380,000 shares of the stock in a transaction dated Wednesday, May 20th. The shares were sold at an average price of $193.20, for a total value of $73,416,000.00. Following the transaction, the director directly owned 278,045 shares of the company's stock, valued at $53,718,294. This represents a 57.75% decrease in their ownership of the stock. The sale was disclosed in a document filed with the Securities & Exchange Commission, which can be accessed through this link. 0.56% of the stock is currently owned by corporate insiders. Here are the key news stories impacting Chevron this week: Chevron Corporation NYSE: CVX is an American multinational energy company engaged in virtually all aspects of the oil and gas industry. As an integrated energy firm, Chevron's core activities include upstream oil and natural gas exploration and production, midstream transportation and storage, downstream refining and marketing of fuels and lubricants, and petrochemical manufacturing through joint ventures and subsidiaries. The company markets fuels under brands such as Chevron, Texaco and Caltex and supplies a range of products and services to retail customers, industrial users and commercial fleets worldwide. Chevron traces its corporate lineage to the early petroleum companies that eventually became Standard Oil of California and has evolved through significant mergers and restructurings, including the acquisitions of Gulf Oil and Texaco. This instant news alert was generated by narrative science technology and financial data from MarketBeat in order to provide readers with the fastest reporting and unbiased coverage. Please send any questions or comments about this story to contact@marketbeat.com. Before you consider Chevron, you'll want to hear this. MarketBeat keeps track of Wall Street's top-rated and best performing research analysts and the stocks they recommend to their clients on a daily basis. MarketBeat has identified the five stocks that top analysts are quietly whispering to their clients to buy now before the broader market catches on... and Chevron wasn't on the list. While Chevron currently has a Moderate Buy rating among analysts, top-rated analysts believe these five stocks are better buys. Enter your email address and we’ll send you MarketBeat’s list of ten stocks set to soar in Summer 2026, despite the threat of tariffs and what's happening in Iran. These ten stocks are incredibly resilient and are likely to thrive in any economic environment. Sign up for MarketBeat All Access to gain access to MarketBeat's full suite of research tools and reports. 345 N Reid Place, Suite 620, Sioux Falls, SD 57103
                                        
                                        contact@marketbeat.com
                                        
                                        (844) 978-6257 © MarketBeat Media, LLC 2010-2026. All rights reserved. © 2026   Fair market value prices are updated every minute and are provided by Massive. Other market data provided is at least 10-minutes delayed and hosted by Barchart Solutions.  Information is provided 'as-is' and solely for informational purposes, not for trading purposes or advice, and is delayed. To see all exchange delays and terms of use please see Barchart's disclaimer. Enter your email address below to receive a concise daily summary of the latest news and analysts’ ratings for Chevron and related companies with MarketBeat.com’s FREE daily ratings newsletter.",https://www.marketbeat.com/instant-alerts/filing-spinnaker-trust-has-629-million-holdings-in-chevron-corporation-cvx-2026-07-02/
CVX,Should You Buy Chevron While It's Below $180 or Wait for a Bigger Dip? - The Globe and Mail,2026-07-02 09:04:39,"Chevron's valuation looks attractive, especially in light of its growth prospects. Buying the stock allows investors to begin receiving Chevron's juicy dividends sooner rather than later. However, Chevron's stock could be available at an even more attractive price if oil prices decline further. Chevron's (NYSE: CVX) sizzling momentum from earlier this year has unquestionably evaporated. Although oil prices remain elevated, the giant energy stock has plunged by nearly 20% from its late March peak. The precarious peace agreement negotiations between the U.S. and Israel have taken a toll on Chevron's share price. Should you buy Chevron stock while it's below $180? Or should you wait for an even bigger dip? Here's a look at the cases for both sides of the argument. Where to invest $1,000 right now? Our analyst team just revealed what they believe are the 10 best stocks to buy right now, when you join Stock Advisor. See the stocks » Perhaps the most compelling reason to buy Chevron stock right now is that its valuation is attractive compared to historical levels. The oil and gas company's average price-to-earnings ratio over the last 10 years was around 23. Chevron's shares currently trade at less than 11.5 times forward earnings. This low valuation isn't due to underlying problems with Chevron's business. Chevron ranks as the world's third-largest energy company by market cap (and the second-largest in the U.S.) Its upstream business margins are the highest in the industry. Chevron is the leader in natural gas. The company commands a leading market share in the retail part of the energy sector. Its capital efficiency bests all of its top rivals. Meanwhile, Chevron appears to be on track to deliver strong growth. The company's acquisition of Hess significantly boosted production capacity. Chevron recently signed a 20-year agreement with Microsoft(NASDAQ: MSFT) to power a huge AI data center in West Texas. Management expects to grow earnings per share and adjusted free cash flow by an average of at least 10% per year. Wall Street remains bullish about Chevron, too. The consensus 12-month price target reflects a potential upside of around 30%. Last, but not least, buying Chevron stock now will allow investors to begin receiving the oil major's juicy dividends sooner rather than later. Chevron's forward dividend yield tops 4.2%. The company has increased its dividend for an impressive 39 consecutive years. On the other hand, waiting for a more attractive buying price could be a smart move. Although Chevron's shares have fallen significantly over the past three months, the stock is still well above its average trading price over the last five years. More importantly, oil prices could decline further. There's still a risk premium in play as negotiations between the U.S. and Iran continue. However, if a lasting peace agreement is reached, we could see oil prices fall sharply -- with Chevron's share price following suit. One phrase you'll see frequently in analyses of Chevron's business, such as those by Morningstar (NASDAQ: MORN), is that the company has an ""oil-leveraged portfolio."" Heavy exposure to oil is great when oil prices are rising, but not-so-great when oil prices are falling. What about the case for buying Chevron for its dividend? The counterargument is that if the stock declines further, holding off would allow you to lock in an even higher yield. Which makes more sense right now -- buying Chevron or holding off? I think the best answer is a balanced one. Chevron is one of the most reliable dividend stocks on the market. If you're an income investor, buying shares sooner rather than later could be your smartest move. However, if you have ample cash to deploy, investing some now and some later could still be wise. There's a good chance that you could get a better deal on this top-tier energy stock. The same logic is applicable if you're not primarily seeking income and have a long-term investment horizon. No one knows for sure whether Chevron (or any other stock, for that matter) will rise or fall over the near term. Investing some now, while continuing to buy more shares later, is a good approach in light of the uncertainty. The Motley Fool Stock Advisor analyst team just identified what they believe are the 10 best stocks for investors to buy now… and Chevron wasn’t one of them. The 10 stocks that made the cut could produce monster returns in the coming years. Consider when Netflix made this list on December 17, 2004... if you invested $1,000 at the time of our recommendation, you’d have $385,055!* Or when Nvidia made this list on April 15, 2005... if you invested $1,000 at the time of our recommendation, you’d have $1,228,089!* Now, it’s worth noting Stock Advisor’s total average return is 902% — a market-crushing outperformance compared to 209% for the S&P 500. Don't miss the latest top 10 list, available with Stock Advisor, and join an investing community built by individual investors for individual investors. Keith Speights has positions in Chevron and Microsoft. The Motley Fool has positions in and recommends Chevron and Microsoft. The Motley Fool has a disclosure policy. All market data (will open in new tab) is provided by Barchart Solutions. Copyright © 2026. Information is provided 'as is' and solely for informational purposes, not for trading purposes or advice. For exchange delays and terms of use, please read disclaimer (will open in new tab). © Copyright 2026 The Globe and Mail Inc. All rights reserved.",https://www.theglobeandmail.com/investing/markets/stocks/CVX-N/pressreleases/3093698/should-you-buy-chevron-while-it-s-below-180-or-wait-for-a-bigger-dip/
CVX,"Dow, S&P 500, Nasdaq Futures Slide As US-Iran War Shock Sends Oil Soaring: Why INDO, DJT, USO, XOM, CVX Kept Traders On Edge Today - Stocktwits",2026-07-02 09:03:47,"U.S. stock futures were sharply lower late Sunday as escalating military conflict in the Middle East drove oil prices higher, sparked a rush into safe-haven assets, and forced investors to reassess inflation and geopolitical risk just as markets were already grappling with AI-driven uncertainty. As of 7.40 p.m. ET, Nasdaq 100 futures and S&P 500 futures were down by 1.1%, while Dow futures were down 1.2%. On Stocktwits, retail sentiment toward the SPDR S&P 500 ETF Trust (SPY) was ‘bullish,’ while sentiment toward the Invesco QQQ Trust (QQQ) was ‘neutral,’ and sentiment toward the SPDR Dow Jones Industrial Average ETF Trust (DIA) was ‘extremely bearish,’ with all ETFs under ‘normal’ message volumes. Markets reacted after joint U.S.-Israeli strikes on Iran killed Supreme Leader Ayatollah Ali Khamenei, marking one of the Islamic Republic’s most consequential turning points since 1979 and raising fears of a prolonged regional conflict. In a video posted Sunday on Truth Social, U.S. President Donald Trump said the U.S. military would continue bombing Iran until its objectives are achieved, warning operations remain ongoing and acknowledging additional American casualties are likely. Trump confirmed that U.S. and Israeli forces had struck hundreds of targets across Iran, including Revolutionary Guard facilities and air defences, while calling on Iranian military and police to surrender “for full immunity or face certain death.” The U.S. military also confirmed its first combat losses in the conflict, with three servicemembers killed and five seriously wounded in an Iranian counterattack. Iran has vowed retaliation, increasing concerns that hostilities could spread across the Middle East and destabilize global shipping routes and energy flows. Ryan Detrick of Carson Group highlighted on X the tightening market conditions, saying, “Bollinger Bands are about as tight as they've been in years. The spring is coiling.” Bollinger Bands typically measure volatility and identify potential overbought or oversold conditions. Oil surged as much as 13% in early trading amid fears that disruptions around the Strait of Hormuz could tighten supplies. The passage handles more than 20% of global oil demand, making it the world’s most critical chokepoint for energy flows. Economist Peter Schiff noted on X that the commodity response was already underway, warning that the rise in oil prices ""will soon show up big time at the pump and in the CPI."" The geopolitical shock comes on top of an already fragile equity backdrop. The S&P 500 ended February lower after turmoil in AI-linked and software shares prompted concerns about whether rapid automation could undermine traditional business models and employment stability. The Kobeissi Letter cautioned on X against emotional trading decisions, urging investors to ""let the dust settle” as markets attempt to absorb vast uncertainty. They said that the Strait of Hormuz “is the biggest risk to financial markets right now, which will drive broader price action,” noting that prolonged disruption could send oil above $100 per barrel and potentially push U.S. inflation toward 5%. Energy Stocks (INDO, XOM, BATL, CVX, USO, XLE): Stocks are trending higher as escalating Middle East tensions push oil prices higher and draw investor attention to energy producers and oil-linked ETFs amid supply disruption risks. DJT: Trump Media shares are trending after Trump posted the Truth Social video confirming ongoing U.S. military operations in Iran and warning the campaign would continue until objectives are met. LMT: The stock is under retail radar as rising Middle East tensions lifted focus on defence contractors, driving discussion around defence spending and potential contract momentum for major contractors. In broader markets, gold rallied toward $5,350 an ounce as investors moved into traditional safe-haven assets following the geopolitical escalation. Bond markets showed defensive positioning, with 10-year Treasury futures firming by 3 ticks as yields held below 4% for the first time since late November. The U.S. Dollar Index strengthened modestly amid increased liquidity demand. Brent crude traded near $79 and U.S. crude near $72 as traders assessed supply risks amid tanker disruptions and uncertainty over Hormuz traffic. Asian markets opened lower as traders shifted away from risk, with shares declining in Australia and Japan. Among the catalysts for the day are the S&P final U.S. manufacturing PMI, ISM manufacturing, and Auto sales. For updates and corrections, email newsroom[at]stocktwits[dot]com. Comments posted here will also appear on symbol pages. Veteran macro investor Jordi Visser said that the fiat financial system wasn't made to handle the speed and scale of artificial intelligence. He said that as AI agents become more independent, crypto infrastructure will be needed. Visser spoke on the Pomp Podcast with Anthony Pompliano on Saturday, saying that AI systems would need financial infrastructure that could handle high-speed execution, autonomous agents, and real-time verification. He added that existing fiat guardrails were not meant to support these functions, which only Bitcoin (BTC) can. “Coming out of a crisis, you want to invest in the fastest horse in the race. Well, the fastest horse in the race coming out of this cycle is crypto, and this time I don't think it's going to stop,” he added. According to Visser, many investors in venture capital, commodities, and macro had come to the same conclusion: AI couldn't grow without crypto-based rails. He also said that verification is a problem. According to Visser, cryptography has become increasingly crucial for verifying identity and authenticity as the volume of AI-generated content and spoofed communications rises. He described verification as a structural requirement in an AI-heavy environment, citing crypto-linked identity approaches. Visser sees the conflict between Anthropic and the Defense Department as a sign of a bigger change that is coming, in which crypto infrastructure will be needed for AI to grow safely, securely, and on its own. Visser points to a growing conflict between AI developers and government agencies, using Anthropic's problems with the U.S. Department of Defense as an example. Anthropic has refused to take away some safety features from its models, even though defense officials want to use them in more ways without restrictions. Visser thinks this standoff shows a bigger problem: AI is moving so quickly that current institutional controls, whether regulatory, financial, or moral, are struggling to keep up. Separately, OpenAI moved forward with partnerships with the government, including those related to defense, while also laying out its own rules for using its products. OpenAI co-founder Sam Altman said the Pentagon’s reported move to phase out Anthropic set an “extremely scary precedent,” as OpenAI finalized its own Defense Department agreement. Read also: Minnesota Launches First State Fraud Fund After Crypto Scams Target Senior Citizens For updates and corrections, email newsroom[at]stocktwits[dot]com. Comments posted here will also appear on symbol pages. Minnesota has set up the first state-run fraud restitution fund in the country to help people who have been victims of scams, while lawmakers are trying to ban crypto kiosks in the state. According to a non-profit organization geared towards older Americans, the fund is meant to help people get back on their feet financially and stabilize their finances, even though it won't fully reimburse most victims. Minnesota has passed separate consumer protection laws to stop scams involving cryptocurrencies, in addition to the restitution fund. The bill, HF3642, sponsored by Rep. Erin Koegel, co-chair of the House Commerce Finance and Policy Committee, aims to prohibit the virtual currency kiosks across the state. The state currently has about 350 licensed kiosks operated by eight to 10 companies, according to the Department of Commerce. The bill was introduced on Monday and discussed on Thursday to prevent the rising scams against the elderly of the state. Police told lawmakers on Thursday that scammers tell victims to put cash into these machines. The money is turned into cryptocurrency and sent to accounts controlled by the scammers. Once sent, it is very hard to track or get back. They added that the scams were mostly hurting senior citizens. Woodbury Detective Lynn Lawrence told the House that officers once found an older woman confused at a gas station crypto kiosk. She had already made “at least 10 Bitcoin transactions in six months.” Lawrence added that the woman “had been giving 50% of her income per month to the scammers” and was scared she might have to live in her car. The Department of Commerce reported 70 complaints last year totaling $540,000 in losses. Refunds averaged only 16% of total losses. While the discussions are ongoing, the House Commerce Committee has not yet voted on the bill. On Thursday, lawmakers said they may add it to a larger commerce bill later in the session. Blockchain security firm PeckShield Alert reported that 15 crypto-related hacks were recorded in February alone, totaling about $26.5 million, with funds moving quickly across wallets, making recovery difficult. The top five hacks pointed out were YieldBlox at $10 million, IoTeX Bridge at $8.8 million, CrossCurveFi at $3 million, FOOMCASH at $2.26 million, and Moonwell at $1.8 million. On Sunday, Georgia hosted an event to help users identify crypto scams. Crypto industry representatives, however, resisted the ban in Minnesota. For instance, CoinFlip general counsel Larry Lipka told lawmakers, “It is inappropriate to ban a legal product because fraud is happening. Not our fault.” He added that machines should not be illegal, since scammers are responsible for the crimes, not the kiosk operators. He said he supports stricter rules and better enforcement instead of a full statewide ban. Read also: HYPE Rallies While Traders Flood Oil, Gold And Bitcoin Perps Amid Iran Tensions For updates and corrections, email newsroom[at]stocktwits[dot]com. Comments posted here will also appear on symbol pages. Global central banks now hold the largest share of gold reserves this century, as gold prices traded higher alongside rising activity in commodity-linked crypto derivatives. Hyperliquid’s HYPE token rallied on Saturday as traders rushed to the decentralized exchange to trade perpetual contracts on oil and precious metals. Hyperliquid (HYPE) was trading at $30.77, up roughly 12.5% on the day and with high 24-hour volume. On Stockwits, the retail sentiment around HYPE moved from ‘extremely bearish’ to ‘bearish’ as chatter levels around it improved from ‘extremely low’ to ‘low’ over the past day. Oil-linked perpetual futures on Hyperliquid rose after the U.S. and Israel launched coordinated missile strikes on Iran. Oil-USDH climbed more than 5% to $71.26, while USOIL-USDH traded above $86.00. The two contracts recorded nearly $4 million in volume and over $5 million in notional open interest, according to Hyperliquid data. Silver-linked perpetuals led commodity derivatives activity on the platform with more than $227 million in 24-hour volume, followed by gold contracts at roughly $173 million. At press time, Bitcoin perpetual futures trading also picked up speed at the same time. There was a rise in trading activity for Bitcoin perpetual futures, with open interest of $1.39 billion and volume of $3.38 billion in 24 hours. BTC perps also saw about $41 million in long liquidations and $25 million in short liquidations. The gains in oil-linked contracts followed coordinated U.S. and Israeli missile strikes on Iran that triggered explosions across Tehran and multiple other cities. Iran retaliated shortly after, targeting multiple U.S. airbases in the region. Iran is a major oil producer and controls access to the Strait of Hormuz, a maritime chokepoint roughly 33 kilometers wide at its narrowest point. Nearly 20% of the global oil supply, about 17 million barrels per day, passes through the strait. Read also: War Rhetoric Isn’t Moving Bitcoin Long Term, Says Analyst George Tung For updates and corrections, email newsroom[at]stocktwits[dot]com. Comments posted here will also appear on symbol pages. As tensions between the U.S. and Iran grew, panic spread to the crypto derivatives markets, where about $1.8 billion in aggressive sell orders came in within an hour. But analyst George Tung pointed out that Bitcoin's sell-offs during wartime appear to be temporary. In the X post on Saturday, the market analyst George Tung argued that while military escalations create immediate volatility within crypto markets, “capital is not structurally leaving” Bitcoin. Tung, who goes by the handle CryptoRUs, further stated that long-term trends are more influenced by the overall state of liquidity and the market structure, since Bitcoin “isn’t tied to any single country’s economy.” The market watcher attached a chart from CryptoQuant exchange netflow data across major geopolitical conflicts seen historically impacting Bitcoin’s price and noted that “the on-chain pattern is consistent.” Meanwhile, Tung noted that the rise of exchange-traded funds (ETFs) and institutional participation meant much of the stress has now been absorbed in derivatives markets rather than sustained spot selling. Spot Bitcoin ETFs saw net inflows of $787 million during the week of February 23–27, with BlackRock's IBIT leading the way with $503 million, as per SoSoValue data. Exchange inflows had risen sharply after Russia’s invasion of Ukraine in February 2022, when Bitcoin fell from around the high range of $30,000 to about $34,000 in a sharp intraday move, according to historical data. Data also showed that during the Israel-Hamas war in October 2023, Bitcoin was trading near $28,000 and briefly dipped toward $27,000 before stabilizing. In June 2025, during the Iran-Israel escalation, Bitcoin traded in the mid-$60,000 range and fell to $63,000 amid high volatility. On Sunday, after a US strike on Iran led to the assassination of Ayatollah Ali Khamenei, the Supreme Leader of Iran, Bitcoin (BTC) traded at $66,313.65, up by 4.5% in the last 24 hours, after hitting an intraday low of $63,857.20. On Stocktwits, the retail sentiment moved up from ‘neutral’ to ‘bullish’ territory; however, chatter around the asset remained at ‘low’ levels over the past day. The Key Opinion Leader also asked market watchers to closely monitor global liquidity, stablecoin supply, interest rate expectations, and regulatory clarity. Michaël van de Poppe, a well-known Bitcoin analyst, doesn't agree with this view. He said that Bitcoin went up at first because of the news, but now it's going down because people aren't sure when the U.S. market will open, and there's a CME gap. It could go up again if it breaks above the 21-day moving average and makes a higher low. Read also: Senator Calls For Ban On Insider Trading After US Strike On Iran Generated $1.2 Million For updates and corrections, email newsroom[at]stocktwits[dot]com. Comments posted here will also appear on symbol pages. Democrat Senator Chris Murphy said on Saturday that he would introduce legislation to ban betting on military actions after traders made significant profits on Polymarket ahead of a U.S. strike on Iran. Murphy, who represents Connecticut, said on X that people were “profiting off war and death” and that he would be drafting a bill “ASAP” to prevent markets from allowing wagers tied to armed conflict. His comments came after Bubblemaps, a blockchain analytics firm, highlighted concentrated betting activity placed shortly before the strike. Bubblemaps identified six wallets that collectively generated roughly $1.2 million betting on the Polymarket contract titled “US strikes Iran by February 28, 2026?” According to the firm, most of the wallets were funded within 24 hours and accumulated “Yes” positions hours before the strike occurred. Public Polymarket profiles show detailed transaction histories. The account labeled “Anon” bought approximately $10,000 worth of “Yes” shares at around 18¢ and later redeemed about 55,555 shares for more than $55,000. Another profile, ""dicedicedice,"" showed nearly $150,000 redeemed from the same contract. Adding to this, a separate account displayed more than $119,000 in profit over the past month, with activity concentrated around the Iran strike market. Adding to the scrutiny, US Congress representative Mike Levin pointed to another Polymarket account called “Magamyman,” which made more than $515,000 in a single day betting on the strike. Levin wrote that the account’s first trade was placed 71 minutes before the news became public and that roughly $87,000 was turned into more than half a million dollars overnight. Levin also noted that President Trump was on Polymarket’s advisory board and that his firm invested double-digit millions into the platform last year. He further referenced prior DOJ and CFTC investigations into Polymarket that were later dropped. Murphy’s proposed legislation came amid increasing political attention on prediction markets, particularly those tied to sensitive geopolitical events. Last month, several Democratic lawmakers co-sponsored the Public Integrity in Financial Prediction Markets Act of 2026, which would prohibit elected officials from trading contracts tied to policies under their control. The Polymarket contract centered on escalating tensions between the United States and Iran. The strike followed heightened rhetoric from former President Donald Trump, who had warned of potential military action if Iran did not curb its nuclear ambitions. Reports of coordinated U.S. and Israeli military activity intensified speculation in global markets, with crypto assets reacting sharply during the escalation. Mike Selig of the CFTC said that the agency filed an amicus curiae brief in support of prediction markets to protect its unique regulatory power in the face of a rise in state-level lawsuits. Selig said that event contracts are not gambling laws, but rather federally regulated derivatives laws. He said that making federal oversight weaker could hurt the integrity of the market, make it harder to protect investors, and damage the United States' reputation as a global financial leader. Read also: OpenAI’s Sam Altman Says Department Of War Blacklisting Anthropic Sets ‘Extremely Scary Precedent’ Amid Pentagon Deal For updates and corrections, email newsroom[at]stocktwits[dot]com. Comments posted here will also appear on symbol pages. These cookies are necessary for the website to function and cannot be switched off in our systems. They are usually only set in response to actions made by you which amount to a request for services, such as setting your privacy preferences, logging in or filling in forms. You can set your browser to block or alert you about these cookies, but some parts of the site will not then work. These cookies do not store any personally identifiable information. As a California consumer, you have the right to opt-out from the sale or sharing of your personal information at any time across business platform, services, businesses and devices. You can opt-out of the sale and sharing of your personal information by using this toggle switch. As a Virginia, Utah, Colorado and Connecticut consumer, you have the right to opt-out from the sale of your personal data and the processing of your personal data for targeted advertising. You can opt-out of the sale of your personal data and targeted advertising by using this toggle switch. For more information on your rights as a United States consumer see our privacy notice. These cookies allow us to count visits and traffic sources so we can measure and improve the performance of our site. They help us to know which pages are the most and least popular and see how visitors move around the site. All information these cookies collect is aggregated and therefore anonymous. If you do not allow these cookies we will not know when you have visited our site, and will not be able to monitor its performance. These cookies may be set through our site by our advertising partners. They may be used by those companies to build a profile of your interests and show you relevant adverts on other sites. They do not store directly personal information, but are based on uniquely identifying your browser and internet device. If you do not allow these cookies, you will experience less targeted advertising.",https://stocktwits.com/news-articles/markets/equity/dow-sp500-nasdaq-futures-slide-us-iran-war-oil-surge-indo-djt-uso-xom-cvx/cZddpWLRIcf
CVX,Chevron Corporation $CVX Shares Bought by iA Global Asset Management Inc. - MarketBeat,2026-07-02 07:52:10,"iA Global Asset Management Inc. raised its holdings in  Chevron Corporation (NYSE:CVX - Free Report) by 6,368.2% during the 1st quarter, according to the company in its most recent Form 13F filing with the SEC. The fund owned 136,479 shares of the oil and gas company's stock after purchasing an additional 134,369 shares during the quarter. iA Global Asset Management Inc.'s holdings in Chevron were worth $28,238,000 at the end of the most recent reporting period. Several other hedge funds and other institutional investors also recently added to or reduced their stakes in the stock. Dakota Wealth Management increased its holdings in shares of  Chevron by 14.9% during the 4th quarter. Dakota Wealth Management now owns 83,265 shares of the oil and gas company's stock valued at $12,690,000 after purchasing an additional 10,822 shares in the last quarter.  Brooklyn FI LLC purchased a new stake in  Chevron during the third quarter worth $431,000.  Clear Trail Advisors LLC purchased a new stake in  Chevron during the fourth quarter worth $10,167,000.  Curtis Advisory Group LLC acquired a new stake in  Chevron during the fourth quarter valued at $1,381,000.  Finally, Indivisible Partners acquired a new stake in  Chevron during the fourth quarter valued at $1,923,000. 72.42% of the stock is owned by institutional investors and hedge funds. Here are the key news stories impacting Chevron this week: In other news, Director John B. Hess sold 380,000 shares of the firm's stock in a transaction that occurred on Wednesday, May 20th. The stock was sold at an average price of $193.20, for a total value of $73,416,000.00. Following the transaction, the director owned 278,045 shares in the company, valued at $53,718,294. This trade represents a 57.75% decrease in their ownership of the stock. The transaction was disclosed in a legal filing with the SEC, which is available through this link. 0.56% of the stock is owned by insiders. CVX stock opened at $165.70 on Thursday. The stock has a market capitalization of $330.01 billion, a P/E ratio of 28.72, a P/E/G ratio of 0.55 and a beta of 0.50. The firm has a 50-day simple moving average of $183.99 and a 200-day simple moving average of $180.34. The company has a quick ratio of 0.84, a current ratio of 1.09 and a debt-to-equity ratio of 0.21. Chevron Corporation has a 52 week low of $145.47 and a 52 week high of $214.71. Chevron (NYSE:CVX - Get Free Report) last released its quarterly earnings results on Friday, May 1st. The oil and gas company reported $1.41 earnings per share for the quarter, topping the consensus estimate of $1.00 by $0.41. The firm had revenue of $47.56 billion during the quarter, compared to the consensus estimate of $51.86 billion. Chevron had a net margin of 5.79% and a return on equity of 6.90%. The company's revenue for the quarter was up 2.1% on a year-over-year basis. During the same quarter in the prior year, the firm earned $2.18 EPS.  Equities analysts forecast that  Chevron Corporation will post 15.52 earnings per share for the current fiscal year. The company also recently announced a quarterly dividend, which was paid on Wednesday, June 10th. Shareholders of record on Tuesday, May 19th were issued a dividend of $1.78 per share. The ex-dividend date of this dividend was Tuesday, May 19th. This represents a $7.12 dividend on an annualized basis and a dividend yield of 4.3%. Chevron's dividend payout ratio  is presently 123.40%. CVX has been the subject of a number of analyst reports. Wells Fargo & Company upped their price objective on shares of Chevron from $204.00 to $222.00 and gave the stock an ""overweight"" rating in a research report on Thursday, April 9th. UBS Group  restated a ""buy"" rating on shares of Chevron in a research report on Tuesday, June 23rd. The Goldman Sachs Group  restated a ""buy"" rating and issued a $216.00 price target on shares of Chevron in a research note on Wednesday, May 6th. Barclays upped their price target on Chevron from $192.00 to $213.00 and gave the stock an ""equal weight"" rating in a report on Tuesday, May 26th. Finally, TD Cowen increased their price target on Chevron from $204.00 to $205.00 and gave the stock a ""hold"" rating in a research report on Friday, May 8th. Eighteen research analysts have rated the stock with a Buy rating, six have given a Hold rating and one  has issued  a Sell rating to the company's stock. According to data from MarketBeat.com, the company presently has an average rating of ""Moderate Buy"" and an average price target of $205.52. Chevron Corporation NYSE: CVX is an American multinational energy company engaged in virtually all aspects of the oil and gas industry. As an integrated energy firm, Chevron's core activities include upstream oil and natural gas exploration and production, midstream transportation and storage, downstream refining and marketing of fuels and lubricants, and petrochemical manufacturing through joint ventures and subsidiaries. The company markets fuels under brands such as Chevron, Texaco and Caltex and supplies a range of products and services to retail customers, industrial users and commercial fleets worldwide. Chevron traces its corporate lineage to the early petroleum companies that eventually became Standard Oil of California and has evolved through significant mergers and restructurings, including the acquisitions of Gulf Oil and Texaco. This instant news alert was generated by narrative science technology and financial data from MarketBeat in order to provide readers with the fastest reporting and unbiased coverage. Please send any questions or comments about this story to contact@marketbeat.com. Before you consider Chevron, you'll want to hear this. MarketBeat keeps track of Wall Street's top-rated and best performing research analysts and the stocks they recommend to their clients on a daily basis. MarketBeat has identified the five stocks that top analysts are quietly whispering to their clients to buy now before the broader market catches on... and Chevron wasn't on the list. While Chevron currently has a Moderate Buy rating among analysts, top-rated analysts believe these five stocks are better buys. Tesla, Nvidia, and Google helped shape the last era of market growth, but the next wave could come from a new group of companies. Inside this report, you’ll find 7 stocks that could play a major role in the next tech-driven market boom. Sign up for MarketBeat All Access to gain access to MarketBeat's full suite of research tools and reports. 345 N Reid Place, Suite 620, Sioux Falls, SD 57103
                                        
                                        contact@marketbeat.com
                                        
                                        (844) 978-6257 © MarketBeat Media, LLC 2010-2026. All rights reserved. © 2026   Fair market value prices are updated every minute and are provided by Massive. Other market data provided is at least 10-minutes delayed and hosted by Barchart Solutions.  Information is provided 'as-is' and solely for informational purposes, not for trading purposes or advice, and is delayed. To see all exchange delays and terms of use please see Barchart's disclaimer.",https://www.marketbeat.com/instant-alerts/filing-chevron-corporation-cvx-shares-bought-by-ia-global-asset-management-inc-2026-07-02/
CVX,Chevron Corporation (CVX) A Top Dividend Aristocrat Stock to Buy amid Growth on New Energies and Strategic Partnerships - Yahoo Finance,2026-07-01 19:53:22,"Tip: Try a valid symbol or a specific company name for relevant results It's an exceptionally tough time to be looking for a job, new data shows Companies are raising prices on your devices — and they’re blaming AI The Dow rose nearly 600 points to hit a fresh record ahead of the July 4 holiday. The Nasdaq slid as chip stocks extended a sell-off. Stocks ticked higher as Wall Street assessed weaker-than-expected hiring and looked for clues toward the Fed's next move. The US economy added just 57,000 jobs in June, well below economist expectations. The unemployment rate dipped to 4.2%. Trump Accounts are launching. Here's how the money will be invested. Investors are bracing for Thursday's jobs report. Here's what to expect. Tech stocks are on pace for their best six-month stretch since 2023 — even with some of the biggest names in the 'penalty box.' US stocks take a breath to begin capping off stellar quarter of gains Nearly 60% of S&P 500 earnings growth this quarter will come from AI infrastructure stocks, one strategist estimates The Supreme Court blocked Trump's bid to fire Fed governor Cook, but gave him sweeping new powers to remove officials elsewhere The Dow closed above 52,000, while tech stocks lifted the S&P 500 and Nasdaq In a 5-4 vote, the Supreme Court ruled that Fed Governor Lisa Cook can remain in her role for the time being The Nasdaq led stock gains at the open after the US and Iran agreed to halt tit-for-tat strikes When it's time to shift from saving to spending, many retirees struggle to know where to begin. AI jitters meet a jobs report and falling oil prices Slate's CEO on launching a $25K EV and why it's 'fun to have a contrarian point of view' Here are a few reads on the US consumer as the summer shopping and travel season begins in earnest Wall Street weighs surging AI costs on stock market rally Americans are warming up to homebuying for the first time in 3 years As oil fades as an inflation concern, will AI take its place? The Fed is watching closely. Luxury brand condos are popping up across the country as developers try to appeal to an international buyer base Worried about SpaceX's volatility? Here's what 401(k) savers should do. Many of the market's biggest winners are hiding in places investors weren't watching a month ago Corporate profits were already at historic highs. This earnings season, they climbed even higher. Trump derailed a major housing bill. Soon, it'll be back on his desk. The stock fell 17% in its first full week of trading, extending a rocky IPO debut The S&P 500 and Nasdaq snapped their two-week win streaks as AI jitters pressured tech The AI giant is reportedly considering pushing back its IPO to improve its chances of reaching a $1 trillion valuation Nasdaq leads slide in US stocks as report of OpenAI IPO delay rattles techs Smartphones are out, data centers are in — and investors are paying attention The housing affordability bill Trump abruptly declined to sign is now headed to his desk. Here's what could happen next. Why Micron's blowout earnings are a headache for Apple The Dow rose, while the S&P 500 and Nasdaq slipped as a surge in Micron failed to deter tech volatility JPMorgan just lost a key contender to replace CEO Jamie Dimon Apple stock plunges after raising prices on MacBooks, iPads amid global memory crisis Nasdaq leads gains for US stocks as Micron eases AI fears, PCE comes in hot Shares popped in after-hours trading as the company outlined plans to break into the data center market Micron's blowout earnings just reset the AI memory trade Micron posted a sizable earnings beat and offered a better-than-anticipated outlook, in a key test for the AI trade. Shares surged. The S&P 500 and Nasdaq fell, as AI jitters persisted ahead of Micron's all-important earnings reveal Wendy's stock surged roughly 30% as retail traders piled in following a viral Reddit post The above button links to Coinbase. Yahoo Finance is not a broker-dealer or investment adviser and does not offer securities or cryptocurrencies for sale or facilitate trading. Coinbase pays us for certain activity generated through this link. Prices displayed are informational. Chevron Corporation (NYSE:CVX) is one of the best dividend aristocrat stocks to buy now. On June 23 at the J.P. Morgan Natural Resources Conference, Jeff Gustavson, President of  Chevron Corporation (NYSE:CVX), New Energies, reiterated a heightened focus on low-carbon technologies, including carbon capture, renewable fuels, lithium, and hydrogen. The push is part of a drive that seeks to meet global energy demand while also delivering shareholder value. While Chevron is the largest natural gas producer in the US, Gustavson expects the company to capitalize on the soaring power demand by leveraging its LNG business. The executive also reiterated that partnerships with the likes of GE Vernova and Caterpillar on equipment, and now Microsoft on data centers, position the company to generate significant value while meeting growing energy demands. The company's subsidiary, Energy Forge One LLC, is poised to build a 2.67 GW natural gas-powered facility co-located with Microsoft's data center campus as part of the Kilby project. Chevron Corporation (NYSE:CVX) is a multinational energy corporation that explores, produces, and transports crude oil and natural gas, and refines them into everyday products like gasoline and plastics. Alongside traditional fossil fuels, the company operates gas stations and invests in lower-carbon technologies like hydrogen, solar, and bioenergy. While we acknowledge the potential of CVX as an investment, we believe certain AI stocks offer greater upside potential and carry less downside risk. If you're looking for an extremely undervalued AI stock that also stands to benefit significantly from Trump-era tariffs and the onshoring trend, see our free report on the best short-term AI stock. READ NEXT: 10 UK Stocks with the Highest Dividends and 10 Best Falling Stocks to Invest In According to Analysts. Disclosure: None. Follow Insider Monkey on Google News. Tip: Try a valid symbol or a specific company name for relevant results",https://finance.yahoo.com/energy/articles/chevron-corporation-cvx-top-dividend-195322539.html
CVX,Chevron (NYSE:CVX) Powers Data Center Push - Kalkine Media,2026-07-01 19:52:00,"Hey ! We have sent you a verification e-mail. Please follow the instructions on the e-mail to complete your registration. If you can't find it,
                    Please check your spam folder Genpact (NYSE:G) AI Push Sparks Fresh Market Buzz Goldman Sachs (NYSE:GS) Value Shift In Russell 1000? Why Chegg (NYSE:CHGG) Is Facing Fresh Market Pressure? Planet Labs (NYSE:PL) Pullback Puts Space Data In Focus Make Kalkine Media

                                       My Trusted Source Chevron links oil swings with natural gas power demand as data centers reshape energy needs. Chevron (NYSE:CVX) remains in focus as crude prices ease while the company advances a major natural gas power project aimed at rising data center electricity demand. The latest developments place the integrated energy major within a changing market backdrop, where traditional oil and gas activity is now meeting new power needs linked to advanced computing. As part of the S&P 500, Chevron continues to stand out as a large energy name balancing crude market volatility with a broader push into reliable electricity supply. Crude oil prices remain one of the most important factors shaping Chevron's market story. Recent price weakness has reflected easing supply concerns and changing signals across global energy markets. When crude benchmarks move lower, attention often turns to how large producers manage production planning, capital priorities, and operating discipline. Chevron's scale gives it exposure across several parts of the energy chain, including exploration, production, refining, and marketing. This integrated model can help the company manage changing conditions, but it does not remove the influence of commodity swings. The current backdrop has made Chevron's ability to balance oil price pressure with long-term project plans a key focus. Chevron's natural gas power project has become a major part of the current narrative. The project is aimed at supporting rising electricity demand from data centers, which are becoming increasingly power-intensive as artificial intelligence, cloud computing, and digital infrastructure expand. This move reflects a broader shift in the energy industry. Large energy companies are no longer viewed only through crude oil and fuel markets. They are also being assessed through their ability to supply reliable power to industries with growing energy needs. The project connects Chevron's natural gas capabilities with a fast-expanding source of electricity demand. This gives the company another way to participate in the changing energy landscape while maintaining its core oil and gas operations. Data centers require steady and reliable power, making energy supply a central issue for technology infrastructure. As computing workloads grow, power availability has become a serious business concern for companies building digital systems. Chevron's move into natural gas power for data center demand highlights how energy companies are adapting to this shift. Natural gas remains important because it can provide stable electricity generation, especially where large-scale power reliability is required. This connection between energy supply and digital infrastructure also links the project with broader Infra real estate themes, where large facilities, grid needs, and long-term development plans increasingly overlap. Chevron operates as an integrated energy company, meaning its business spans upstream production and downstream refining activities. This structure gives the company multiple operating channels across the energy value chain. The upstream business is tied closely to crude and natural gas production, while downstream operations involve refining and marketing fuels and related products. Alongside these established operations, the company's growing power focus adds another dimension to its long-term strategy. This broader model matters because energy markets are changing. Companies with only one source of exposure may face sharper pressure when conditions shift. Chevron's mix of production, refining, and power-related activity gives it several ways to respond to changing demand patterns. Chevron's latest move reflects a wider industry trend. Energy companies are looking for ways to remain relevant as demand patterns shift, electricity needs rise, and power reliability becomes more important. The company is still rooted in
  


    oil and gas stock
   


   , but its natural gas power initiative shows how traditional energy businesses are extending into adjacent areas. Data center demand provides a clear example of how the energy sector can support digital growth without moving away from its core strengths. The strategy also signals that natural gas may remain central to future power planning. While crude prices may move sharply due to supply and geopolitical events, electricity demand from digital infrastructure could provide a different kind of long-term growth driver. Chevron (NYSE:CVX) current outlook carries both supportive and challenging elements. Higher power demand, natural gas project development, and integrated scale provide important strengths. At the same time, crude price swings, supply changes, regulatory pressure, and project execution remain key risks. The main question is whether Chevron can keep balancing its traditional energy operations with new power opportunities. The data center project gives the company a fresh angle, but execution will matter. Large energy projects require careful planning, capital discipline, and steady demand from end users. For now, Chevron remains closely watched because it sits at the intersection of oil, natural gas, power generation, and digital infrastructure demand. That mix keeps the company relevant as the energy sector adjusts to a changing global landscape. The content, including but not limited to any articles, news, quotes, information, data, text, reports, ratings, opinions, images, photos, graphics, graphs, charts, animations and video (Content) is a service of Kalkine Media LLC (Kalkine Media, we or us) and is available for personal and non-commercial use only. The principal purpose of the Content is to educate and inform.  The Content does not contain or imply any recommendation or opinion intended to influence your financial decisions and must not be relied upon by you as such. Some of the Content on this website may be sponsored/non-sponsored, as applicable, but is NOT a solicitation or recommendation to buy, sell or hold the stocks of the company(s) or engage in any investment activity under discussion. Kalkine Media is neither licensed nor qualified to provide investment advice through this platform. Users should make their own enquiries about any investments and Kalkine Media strongly suggests the users to seek advice from a financial adviser, stockbroker or other professional (including taxation and legal advice), as necessary. Kalkine Media hereby disclaims any and all the liabilities to any user for any direct, indirect, implied, punitive, special, incidental or other consequential damages arising from any use of the Content on this website, which is provided without warranties.
The views expressed in the Content by the guests, if any, are their own and do not necessarily represent the views or opinions of Kalkine Media. Some of the images/music that may be used on this website are copyright to their respective owner(s). Kalkine Media does not claim ownership of any of the pictures/music displayed/used on this website unless stated otherwise. The images/music that may be used on this website are taken from various sources on the internet, including paid subscriptions or are believed to be in public domain. We have used reasonable efforts to accredit the source (public domain/CC0 status) to where it was found and indicated it, as necessary. Welcome to Kalkine Media Pty Ltd. website. Your website access and usage is governed by the
                    applicable  Terms of Use
                    & Privacy Policy. Welcome to Kalkine Media LLC website. Your website access and usage is governed by the applicable Terms and Conditions &
                    Privacy Policy. Welcome to Kalkine Media New Zealand Limited website. Your website access and usage is governed by
                    the applicable Terms and
                        Conditions & Privacy
                        Policy. Welcome to Kalkine Media Incorporated website. Your website access and usage is governed by the
                    applicable Terms and
                        Conditions & Privacy
                        Policy. Welcome to Kalkine Media Limited website. Your website access and usage is governed by the
                    applicable Terms of Use &
                    Privacy Policy. Welcome to Kalkine Media Limited website. Your website access and usage is governed by the
                    applicable Terms of Use &
                    Privacy Policy. Welcome to Kalkine Media Limited website. Your website access and usage is governed by the
                    applicable Terms of Use &
                    Privacy Policy. Welcome to Kalkine Media Limited website. Your website access and usage is governed by the
                    applicable Terms of Use &
                    Privacy Policy. Welcome to Kalkine Media Limited website. Your website access and usage is governed by the
                    applicable Terms of Use &
                    Privacy Policy. Welcome to Kalkine Media Limited website. Your website access and usage is governed by the
                    applicable Terms of Use &
                    Privacy Policy. Welcome to Kalkine Media Limited website. Your website access and usage is governed by the
                    applicable Terms of Use &
                    Privacy Policy. Welcome to Kalkine Media Limited website. Your website access and usage is governed by the
                    applicable Terms of Use &
                    Privacy Policy. Welcome to Kalkine Media Limited website. Your website access and usage is governed by the
                    applicable Terms of Use &
                    Privacy Policy. Welcome to Kalkine Media Limited website. Your website access and usage is governed by the
                    applicable Terms of Use &
                    Privacy Policy. Welcome to Kalkine Media Limited website. Your website access and usage is governed by the
                    applicable Terms of Use
                    & Privacy Policy. Welcome to Kalkine Media Limited website. Your website access and usage is governed by the
                    applicable Terms of Use &
                    Privacy Policy. Welcome to Kalkine Media Limited website. Your website access and usage is governed by the
                    applicable Terms of Use &
                    Privacy Policy. Welcome to Kalkine Media Limited website. Your website access and usage is governed by the
                    applicable Terms of Use &
                    Privacy Policy. Welcome to Kalkine Media Limited website. Your website access and usage is governed by the
                    applicable Terms of Use &
                    Privacy Policy. Welcome to Kalkine Media Limited website. Your website access and usage is governed by the
                    applicable Terms of Use &
                    Privacy Policy. مرحبًا بكم في موقع Kalkine Media Limited. يخضع الوصول إلى موقع الويب الخاص بك واستخدامه لما هو معمول
                    بهشروط الاستخدام & سياسة الخصوصية. Bienvenue sur le site Web de Kalkine Media Limited. L'accès et l'utilisation de votre site Web sont
                    régis par les Conditions
                        d'utilisation & Politique
                        de confidentialité. Bienvenido al sitio web de Kalkine Media Limited. El acceso y el uso de su sitio web se rigen por
                    los Términos de uso y Política de privacidad. Willkommen auf der Website von Kalkine Media Limited. Der Zugriff und die Nutzung Ihrer Website
                    unterliegen den geltenden Nutzungsbedingungen & Datenschutzerklärung. Willkommen auf der Website von Kalkine Media Limited. Der Zugriff und die Nutzung Ihrer Website
                    unterliegen den geltenden Nutzungsbedingungen & Datenschutzerklärung.",https://kalkinemedia.com/us/stocks/oil-gas/chevron-nysecvx-powers-data-center-push
CVX,Chevron Corporation (CVX) Partners with Microsoft to Power Texas Data Center - Yahoo Finance,2026-07-01 19:41:13,"Tip: Try a valid symbol or a specific company name for relevant results It's an exceptionally tough time to be looking for a job, new data shows Companies are raising prices on your devices — and they’re blaming AI The Dow rose nearly 600 points to hit a fresh record ahead of the July 4 holiday. The Nasdaq slid as chip stocks extended a sell-off. Stocks ticked higher as Wall Street assessed weaker-than-expected hiring and looked for clues toward the Fed's next move. The US economy added just 57,000 jobs in June, well below economist expectations. The unemployment rate dipped to 4.2%. Trump Accounts are launching. Here's how the money will be invested. Investors are bracing for Thursday's jobs report. Here's what to expect. Tech stocks are on pace for their best six-month stretch since 2023 — even with some of the biggest names in the 'penalty box.' US stocks take a breath to begin capping off stellar quarter of gains Nearly 60% of S&P 500 earnings growth this quarter will come from AI infrastructure stocks, one strategist estimates The Supreme Court blocked Trump's bid to fire Fed governor Cook, but gave him sweeping new powers to remove officials elsewhere The Dow closed above 52,000, while tech stocks lifted the S&P 500 and Nasdaq In a 5-4 vote, the Supreme Court ruled that Fed Governor Lisa Cook can remain in her role for the time being The Nasdaq led stock gains at the open after the US and Iran agreed to halt tit-for-tat strikes When it's time to shift from saving to spending, many retirees struggle to know where to begin. AI jitters meet a jobs report and falling oil prices Slate's CEO on launching a $25K EV and why it's 'fun to have a contrarian point of view' Here are a few reads on the US consumer as the summer shopping and travel season begins in earnest Wall Street weighs surging AI costs on stock market rally Americans are warming up to homebuying for the first time in 3 years As oil fades as an inflation concern, will AI take its place? The Fed is watching closely. Luxury brand condos are popping up across the country as developers try to appeal to an international buyer base Worried about SpaceX's volatility? Here's what 401(k) savers should do. Many of the market's biggest winners are hiding in places investors weren't watching a month ago Corporate profits were already at historic highs. This earnings season, they climbed even higher. Trump derailed a major housing bill. Soon, it'll be back on his desk. The stock fell 17% in its first full week of trading, extending a rocky IPO debut The S&P 500 and Nasdaq snapped their two-week win streaks as AI jitters pressured tech The AI giant is reportedly considering pushing back its IPO to improve its chances of reaching a $1 trillion valuation Nasdaq leads slide in US stocks as report of OpenAI IPO delay rattles techs Smartphones are out, data centers are in — and investors are paying attention The housing affordability bill Trump abruptly declined to sign is now headed to his desk. Here's what could happen next. Why Micron's blowout earnings are a headache for Apple The Dow rose, while the S&P 500 and Nasdaq slipped as a surge in Micron failed to deter tech volatility JPMorgan just lost a key contender to replace CEO Jamie Dimon Apple stock plunges after raising prices on MacBooks, iPads amid global memory crisis Nasdaq leads gains for US stocks as Micron eases AI fears, PCE comes in hot Shares popped in after-hours trading as the company outlined plans to break into the data center market Micron's blowout earnings just reset the AI memory trade Micron posted a sizable earnings beat and offered a better-than-anticipated outlook, in a key test for the AI trade. Shares surged. The S&P 500 and Nasdaq fell, as AI jitters persisted ahead of Micron's all-important earnings reveal Wendy's stock surged roughly 30% as retail traders piled in following a viral Reddit post The above button links to Coinbase. Yahoo Finance is not a broker-dealer or investment adviser and does not offer securities or cryptocurrencies for sale or facilitate trading. Coinbase pays us for certain activity generated through this link. Prices displayed are informational. Chevron Corporation (NYSE:CVX) is one of the best energy dividend stocks to invest in now. On June 22, Chevron Corp (NYSE:CVX) entered into a strategic partnership with Microsoft to develop a co-located facility. The facility is to provide natural gas-fired power for the software giant's data center in Texas. The Co-located facility, dubbed Project Kilby, is to provide dedicated electricity to Microsoft's data center campus for 20 years. The campus is poised to expand Microsoft's data center capacity by 2 gigawatts, supporting over 6,000 construction jobs and hundreds of permanent operational roles. The power supply facility should be up and running by 2028 and ramp up to 2.67 gigawatts over time. While Chevron is poised to announce its final investment decision on the project before year's end, last year it confirmed it is partnering with investment firm Engine No 1 and electric services company GE Vernova on the project. Chevron Corporation (NYSE:CVX) is one of the world's largest integrated energy companies, operating across every phase of the oil, natural gas, and alternative energy industries. While we acknowledge the potential of CVX as an investment, we believe certain AI stocks offer greater upside potential and carry less downside risk. If you're looking for an extremely undervalued AI stock that also stands to benefit significantly from Trump-era tariffs and the onshoring trend, see our free report on the best short-term AI stock. READ NEXT: 8 Mining Stocks with the Highest Dividends and 10 UK Stocks with the Highest Dividends. Disclosure: None. Follow Insider Monkey on Google News. Tip: Try a valid symbol or a specific company name for relevant results",https://finance.yahoo.com/energy/articles/chevron-corporation-cvx-partners-microsoft-194113794.html
CVX,Chevron (CVX) Just Signed A 20 Year Microsoft AI Data Center Power Deal - Yahoo Finance,2026-07-01 17:14:16,"Tip: Try a valid symbol or a specific company name for relevant results It's an exceptionally tough time to be looking for a job, new data shows Companies are raising prices on your devices — and they’re blaming AI The Dow rose nearly 600 points to hit a fresh record ahead of the July 4 holiday. The Nasdaq slid as chip stocks extended a sell-off. Stocks ticked higher as Wall Street assessed weaker-than-expected hiring and looked for clues toward the Fed's next move. The US economy added just 57,000 jobs in June, well below economist expectations. The unemployment rate dipped to 4.2%. Trump Accounts are launching. Here's how the money will be invested. Investors are bracing for Thursday's jobs report. Here's what to expect. Tech stocks are on pace for their best six-month stretch since 2023 — even with some of the biggest names in the 'penalty box.' US stocks take a breath to begin capping off stellar quarter of gains Nearly 60% of S&P 500 earnings growth this quarter will come from AI infrastructure stocks, one strategist estimates The Supreme Court blocked Trump's bid to fire Fed governor Cook, but gave him sweeping new powers to remove officials elsewhere The Dow closed above 52,000, while tech stocks lifted the S&P 500 and Nasdaq In a 5-4 vote, the Supreme Court ruled that Fed Governor Lisa Cook can remain in her role for the time being The Nasdaq led stock gains at the open after the US and Iran agreed to halt tit-for-tat strikes When it's time to shift from saving to spending, many retirees struggle to know where to begin. AI jitters meet a jobs report and falling oil prices Slate's CEO on launching a $25K EV and why it's 'fun to have a contrarian point of view' Here are a few reads on the US consumer as the summer shopping and travel season begins in earnest Wall Street weighs surging AI costs on stock market rally Americans are warming up to homebuying for the first time in 3 years As oil fades as an inflation concern, will AI take its place? The Fed is watching closely. Luxury brand condos are popping up across the country as developers try to appeal to an international buyer base Worried about SpaceX's volatility? Here's what 401(k) savers should do. Many of the market's biggest winners are hiding in places investors weren't watching a month ago Corporate profits were already at historic highs. This earnings season, they climbed even higher. Trump derailed a major housing bill. Soon, it'll be back on his desk. The stock fell 17% in its first full week of trading, extending a rocky IPO debut The S&P 500 and Nasdaq snapped their two-week win streaks as AI jitters pressured tech The AI giant is reportedly considering pushing back its IPO to improve its chances of reaching a $1 trillion valuation Nasdaq leads slide in US stocks as report of OpenAI IPO delay rattles techs Smartphones are out, data centers are in — and investors are paying attention The housing affordability bill Trump abruptly declined to sign is now headed to his desk. Here's what could happen next. Why Micron's blowout earnings are a headache for Apple The Dow rose, while the S&P 500 and Nasdaq slipped as a surge in Micron failed to deter tech volatility JPMorgan just lost a key contender to replace CEO Jamie Dimon Apple stock plunges after raising prices on MacBooks, iPads amid global memory crisis Nasdaq leads gains for US stocks as Micron eases AI fears, PCE comes in hot Shares popped in after-hours trading as the company outlined plans to break into the data center market Micron's blowout earnings just reset the AI memory trade Micron posted a sizable earnings beat and offered a better-than-anticipated outlook, in a key test for the AI trade. Shares surged. The S&P 500 and Nasdaq fell, as AI jitters persisted ahead of Micron's all-important earnings reveal Wendy's stock surged roughly 30% as retail traders piled in following a viral Reddit post The above button links to Coinbase. Yahoo Finance is not a broker-dealer or investment adviser and does not offer securities or cryptocurrencies for sale or facilitate trading. Coinbase pays us for certain activity generated through this link. Prices displayed are informational. Find your next quality investment with Simply Wall St's easy and powerful screener, trusted by over 7 million individual investors worldwide. Chevron and Microsoft have signed a 20 year deal for Chevron to supply electricity to a large AI focused data center in Texas tied to Project Kilby. Chevron is also reviewing additional U.S. data center power projects that would use its natural gas resources. The move signals an expansion of Chevron's role in supplying power to tech infrastructure as AI related electricity demand grows. Chevron, traded as NYSE:CVX, is stepping directly into the data center power business with this long term agreement. Its core shares recently closed at $165.76. The stock is up 6.3% year to date and up 18.6% over the past year, with longer term gains of 19.6% over three years and 95.7% over five years. For investors tracking energy companies that are tying their assets more closely to digital infrastructure, this shift gives Chevron a new angle within its existing portfolio. The 20 year commitment to Project Kilby and the exploration of similar U.S. projects connect Chevron's natural gas and power capabilities to persistent electricity needs from AI data centers. As more data centers seek dedicated power arrangements, this type of agreement could influence how you think about Chevron's role in energy demand linked to technology. Stay updated on the most important news stories for Chevron by adding it to your watchlist or portfolio. Alternatively, explore our Community to discover new perspectives on Chevron. 3 things going right for Chevron that this headline doesn't cover. For Chevron, supplying electricity to Microsoft's AI focused data center through Project Kilby shifts part of its business model from selling raw hydrocarbons to selling long term, contracted power. Instead of only relying on commodity linked oil and gas revenues, Chevron is tying a portion of its Permian natural gas output to a single large buyer with a 20 year power purchase agreement. That can offer more revenue visibility than typical spot gas sales, but it also concentrates volume and execution risk in a capital intensive project. Interest from other U.S. data center operators suggests Chevron is positioning itself alongside peers like ExxonMobil and ConocoPhillips to serve power hungry AI infrastructure, using its gas, pipeline access and project development experience as a differentiator. This move aligns with the narrative that Chevron is using low cost assets and capital efficiency to support long term cash generation, by turning Permian associated gas into contracted power for AI data centers. At the same time, building large gas fired plants for digital infrastructure still leans heavily on hydrocarbons, which could challenge the idea that Chevron is steadily reducing its dependence on traditional oil and gas. The narrative focuses on upstream growth and cost reductions, but it does not fully account for Chevron acting as a dedicated power provider to data centers, which adds a quasi utility element with its own regulatory and execution questions. Knowing what a company is worth starts with understanding its story. Check out one of the top narratives in the Simply Wall St Community for Chevron to help decide what it's worth to you. ⚠️ Concentrating billions of dollars into data center linked gas power plants raises project execution and counterparty risk, especially if construction delays or cost overruns occur before contracts begin to pay off. ⚠️ Analysts have flagged that Chevron's dividend is not fully covered by earnings or free cash flow, so layering on another large capital program increases pressure on cash allocation between growth projects, debt, and shareholder returns. 🎁 Long dated power contracts with a company like Microsoft can provide Chevron with more predictable cash flows than typical commodity exposed gas sales, which some investors may see as helpful in a volatile energy sector. 🎁 If Chevron can replicate the Project Kilby model across multiple U.S. sites, using its existing Permian footprint and midstream links, the company could build a distinct position in powering AI data centers versus peers like ExxonMobil and BP. From here, watch how Chevron structures the final investment decision for Project Kilby, including total capital spending, targeted returns, and how much of the output is locked into firm contracts versus merchant exposure. Investors should also track any additional U.S. data center power deals Chevron announces, how terms compare with the Microsoft agreement, and whether management adjusts dividend or buyback plans to fund these projects. Commentary from competitors such as ExxonMobil and ConocoPhillips on similar AI related power opportunities will help you judge whether Chevron is taking a differentiated approach or simply following the broader sector. To ensure you're always in the loop on how the latest news impacts the investment narrative for Chevron, head to the community page for Chevron to never miss an update on the top community narratives. This article by Simply Wall St is general in nature. We provide commentary based on historical data and analyst forecasts only using an unbiased methodology and our articles are not intended to be financial advice. It does not constitute a recommendation to buy or sell any stock, and does not take account of your objectives, or your financial situation. We aim to bring you long-term focused analysis driven by fundamental data. Note that our analysis may not factor in the latest price-sensitive company announcements or qualitative material. Simply Wall St has no position in any stocks mentioned. Have feedback on this article? Concerned about the content? Get in touch with us directly. Alternatively, email editorial-team@simplywallst.com Tip: Try a valid symbol or a specific company name for relevant results",https://finance.yahoo.com/energy/articles/chevron-cvx-just-signed-20-171416094.html
CVX,Chevron Yields 4.2% Because Oil Prices Make Everyone Nervous. Here’s Why That Thinking Is Outdated - Yahoo Finance,2026-07-01 15:55:34,"Tip: Try a valid symbol or a specific company name for relevant results It's an exceptionally tough time to be looking for a job, new data shows Companies are raising prices on your devices — and they’re blaming AI The Dow rose nearly 600 points to hit a fresh record ahead of the July 4 holiday. The Nasdaq slid as chip stocks extended a sell-off. Stocks ticked higher as Wall Street assessed weaker-than-expected hiring and looked for clues toward the Fed's next move. The US economy added just 57,000 jobs in June, well below economist expectations. The unemployment rate dipped to 4.2%. Trump Accounts are launching. Here's how the money will be invested. Investors are bracing for Thursday's jobs report. Here's what to expect. Tech stocks are on pace for their best six-month stretch since 2023 — even with some of the biggest names in the 'penalty box.' US stocks take a breath to begin capping off stellar quarter of gains Nearly 60% of S&P 500 earnings growth this quarter will come from AI infrastructure stocks, one strategist estimates The Supreme Court blocked Trump's bid to fire Fed governor Cook, but gave him sweeping new powers to remove officials elsewhere The Dow closed above 52,000, while tech stocks lifted the S&P 500 and Nasdaq In a 5-4 vote, the Supreme Court ruled that Fed Governor Lisa Cook can remain in her role for the time being The Nasdaq led stock gains at the open after the US and Iran agreed to halt tit-for-tat strikes When it's time to shift from saving to spending, many retirees struggle to know where to begin. AI jitters meet a jobs report and falling oil prices Slate's CEO on launching a $25K EV and why it's 'fun to have a contrarian point of view' Here are a few reads on the US consumer as the summer shopping and travel season begins in earnest Wall Street weighs surging AI costs on stock market rally Americans are warming up to homebuying for the first time in 3 years As oil fades as an inflation concern, will AI take its place? The Fed is watching closely. Luxury brand condos are popping up across the country as developers try to appeal to an international buyer base Worried about SpaceX's volatility? Here's what 401(k) savers should do. Many of the market's biggest winners are hiding in places investors weren't watching a month ago Corporate profits were already at historic highs. This earnings season, they climbed even higher. Trump derailed a major housing bill. Soon, it'll be back on his desk. The stock fell 17% in its first full week of trading, extending a rocky IPO debut The S&P 500 and Nasdaq snapped their two-week win streaks as AI jitters pressured tech The AI giant is reportedly considering pushing back its IPO to improve its chances of reaching a $1 trillion valuation Nasdaq leads slide in US stocks as report of OpenAI IPO delay rattles techs Smartphones are out, data centers are in — and investors are paying attention The housing affordability bill Trump abruptly declined to sign is now headed to his desk. Here's what could happen next. Why Micron's blowout earnings are a headache for Apple The Dow rose, while the S&P 500 and Nasdaq slipped as a surge in Micron failed to deter tech volatility JPMorgan just lost a key contender to replace CEO Jamie Dimon Apple stock plunges after raising prices on MacBooks, iPads amid global memory crisis Nasdaq leads gains for US stocks as Micron eases AI fears, PCE comes in hot Shares popped in after-hours trading as the company outlined plans to break into the data center market Micron's blowout earnings just reset the AI memory trade Micron posted a sizable earnings beat and offered a better-than-anticipated outlook, in a key test for the AI trade. Shares surged. The S&P 500 and Nasdaq fell, as AI jitters persisted ahead of Micron's all-important earnings reveal Wendy's stock surged roughly 30% as retail traders piled in following a viral Reddit post The above button links to Coinbase. Yahoo Finance is not a broker-dealer or investment adviser and does not offer securities or cryptocurrencies for sale or facilitate trading. Coinbase pays us for certain activity generated through this link. Prices displayed are informational. CVX yields 4% with 39 straight years of dividend growth and 1.30x free cash flow coverage, making oil-price fears look overblown at $168. The Hess acquisition drove a 15% production surge to 3,858 MBOED in Q1 2026, with Permian output crossing 1 million barrels per day. Q1 adjusted EPS beat estimates by 46%, and the negative free cash flow traced to $2.9 billion in reversing timing items, not structural weakness. Act now: the analyst who called NVIDIA in 2010 just named his top 10 AI stocks — and Chevron didn't make the cut. Grab the names FREE today. Chevron (NYSE:CVX) just wrote another check to shareholders, and the market is still treating the company like crude prices are about to collapse. On June 10, Chevron paid out $1.78 per share, the second quarterly distribution at the new rate after a 4% increase declared Jan. 30, marking the 39th consecutive annual dividend increase. The payment lands at a moment when retail investors are bifurcated between dividend hunters and oil-volatility traders, and the data argues the dividend hunters have the better read. The headline yield sits near 4% at recent prices, with Chevron shares closing at $164.78 on June 30. That yield exists because the stock has pulled back, not because the payout is in trouble. Here is why the nervousness driving the discount looks outdated. Start with the streak. Chevron's 39 consecutive years of dividend increases places it in the elite Dividend Aristocrat tier, and the company has now strung together 16 consecutive quarters of returning more than $5 billion to shareholders. That cadence held through the 2020 pandemic crash, the 2022 oil spike, and the 2025 price normalization. The growth profile matters too. The quarterly dividend has moved from $1.63 in 2024 to $1.71 in 2025 to $1.78 in 2026. Stretch the lens further and the quarterly payout has risen from roughly $0.68 to $0.72 in 2010 to $1.78 today, which is approximately a 2.5x increase over 16 years. Act now: the analyst who called NVIDIA in 2010 just named his top 10 AI stocks — and Chevron didn't make the cut. Grab the names FREE today. The 2020 row is the stress test that matters. Chevron maintained the dividend with $1.7 billion of free cash flow against a $9.7 billion payout. Management chose to defend the streak rather than reset it. With 2025 free cash flow at $16.6 billion and the trailing dividend covered 1.30x, the bar for trouble is considerably higher than today's price action implies. The bear case rests on oil prices. So look at oil prices. Brent crude exploded to $138.21 per barrel on April 7, after the Strait of Hormuz disruption, then collapsed through May and June. As of June 22, Brent traded at $76.49 while WTI sat at $78.94 on the same day. WTI is down 21% in a single month, and the market is pricing CVX as if that downward pressure will continue indefinitely. That assumption ignores the EIA's published outlook. The May 2026 Short-Term Energy Outlook expects Brent to average around $106 per barrel in May and June, falling to $89 in Q4 and $79 in 2027 as Middle East production normalizes. Even in the bearish forward path, Brent settles in a range where Chevron's payout is comfortably covered. The second piece of the bear case, that Chevron's Q1 results showed cracks, also fails on inspection. Q1 2026 adjusted EPS came in at $1.41 versus a 97-cent estimate — a 46% beat. That is the sixth consecutive quarterly EPS beat. Free cash flow did print negative at negative $1.549 billion, but the company specifically attributed that to unfavorable timing effects worth roughly $2.9 billion, including mark-to-market derivative mismatches, LIFO inventory accounting, and working capital outflows from the March 2026 commodity price spike. Those are reversing items that should unwind in coming quarters. The Hess acquisition closed in 2025, and Q1 2026 is the first clean quarter showing what it does to the production base. Worldwide net oil-equivalent production surged 15% to 3,858 MBOED, with U.S. output exceeding 2 million barrels per day for the third consecutive quarter and Permian production crossing 1 million BOE per day. CEO Mike Wirth framed the quarter this way: ""Our U.S. refineries operated at record crude throughput in March, capital spending remains within guidance, and our structural cost reductions are firmly on track. This disciplined performance supports dependable cash generation, enabling us to continue returning significant capital to shareholders, while investing in advantaged long-lived assets."" The capital-return arithmetic backs him up. Chevron returned $27.1 billion to shareholders in 2025, including $12.1 billion in buybacks plus the dividend, and added another $2.5 billion of repurchases in Q1 2026. The buyback at $168 is reducing share count at a meaningfully lower cost than at the $214.71 52-week high. Chevron now trades at a forward P/E of 12, with a PEG ratio of 0.69 and an analyst target price of $217.14. The consensus tilts buy, with 5 strong buy, 13 buy, 6 hold, and 1 sell rating. Shares have still returned 14% over the past year and roughly 57% over the past five years. Retail sentiment confirms the disconnect between price action and fundamentals. Reddit sentiment on CVX through early-to-mid June ran bullish across all six data points, with an average sentiment score of 72 and a range of 66 to 76. The conversation splits between dividend investors on r/stocks and options traders on r/wallstreetbets positioning around ""Gulf chaos"" calls, but neither cohort is questioning the payout. The watch items from here are clean. First, Q2 free cash flow needs to swing positive as the March working capital build unwinds. Second, Brent needs to settle in the $75 to $85 range the EIA projects rather than slip toward the $55.44 December 2025 low. Third, the 40th consecutive annual increase, expected in January 2027, would lock in another rung on a streak few energy companies can claim. At a 4% yield, with 1.30x free cash flow coverage, a record 39-year increase history, and a production base that just stepped up 15%, the dividend is doing what it has done for four decades. The nervousness around it is what looks dated. Act now: the analyst who called NVIDIA in 2010 just named his top 10 AI stocks — and Chevron didn't make the cut. Grab the names FREE today. Contact editorial@247wallst.com for any questions or corrections. Tip: Try a valid symbol or a specific company name for relevant results",https://finance.yahoo.com/energy/articles/chevron-yields-4-2-because-155534709.html
CVX,Chevron Yields 4.2% Because Oil Prices Make Everyone Nervous. Here's Why That Thinking Is Outdated - 24/7 Wall St.,2026-07-01 15:55:34,"CVX yields 4% with 39 straight years of dividend growth and 1.30x free cash flow coverage, making oil-price fears look overblown at $168. The Hess acquisition drove a 15% production surge to 3,858 MBOED in Q1 2026, with Permian output crossing 1 million barrels per day. Q1 adjusted EPS beat estimates by 46%, and the negative free cash flow traced to $2.9 billion in reversing timing items, not structural weakness. Act now: the analyst who called NVIDIA in 2010 just named his top 10 AI stocks — and Chevron didn't make the cut. Grab the names FREE today. Chevron (NYSE:CVX | CVX Price Prediction) just wrote another check to shareholders, and the market is still treating the company like crude prices are about to collapse. On June 10, Chevron paid out $1.78 per share, the second quarterly distribution at the new rate after a 4% increase declared Jan. 30, marking the 39th consecutive annual dividend increase. The payment lands at a moment when retail investors are bifurcated between dividend hunters and oil-volatility traders, and the data argues the dividend hunters have the better read. The headline yield sits near 4% at recent prices, with Chevron shares closing at $164.78 on June 30. That yield exists because the stock has pulled back, not because the payout is in trouble. Here is why the nervousness driving the discount looks outdated. Start with the streak. Chevron’s 39 consecutive years of dividend increases places it in the elite Dividend Aristocrat tier, and the company has now strung together 16 consecutive quarters of returning more than $5 billion to shareholders. That cadence held through the 2020 pandemic crash, the 2022 oil spike, and the 2025 price normalization. The growth profile matters too. The quarterly dividend has moved from $1.63 in 2024 to $1.71 in 2025 to $1.78 in 2026. Stretch the lens further and the quarterly payout has risen from roughly $0.68 to $0.72 in 2010 to $1.78 today, which is approximately a 2.5x increase over 16 years. The 2020 row is the stress test that matters. Chevron maintained the dividend with $1.7 billion of free cash flow against a $9.7 billion payout. Management chose to defend the streak rather than reset it. With 2025 free cash flow at $16.6 billion and the trailing dividend covered 1.30x, the bar for trouble is considerably higher than today’s price action implies. The bear case rests on oil prices. So look at oil prices. Brent crude exploded to $138.21 per barrel on April 7, after the Strait of Hormuz disruption, then collapsed through May and June. As of June 22, Brent traded at $76.49 while WTI sat at $78.94 on the same day. WTI is down 21% in a single month, and the market is pricing CVX as if that downward pressure will continue indefinitely. That assumption ignores the EIA’s published outlook. The May 2026 Short-Term Energy Outlook expects Brent to average around $106 per barrel in May and June, falling to $89 in Q4 and $79 in 2027 as Middle East production normalizes. Even in the bearish forward path, Brent settles in a range where Chevron’s payout is comfortably covered. The second piece of the bear case, that Chevron’s Q1 results showed cracks, also fails on inspection. Q1 2026 adjusted EPS came in at $1.41 versus a 97-cent estimate — a 46% beat. That is the sixth consecutive quarterly EPS beat. Free cash flow did print negative at negative $1.549 billion, but the company specifically attributed that to unfavorable timing effects worth roughly $2.9 billion, including mark-to-market derivative mismatches, LIFO inventory accounting, and working capital outflows from the March 2026 commodity price spike. Those are reversing items that should unwind in coming quarters. Act now: the analyst who called NVIDIA in 2010 just named his top 10 AI stocks — and Chevron didn't make the cut. Grab the names FREE today. The Hess acquisition closed in 2025, and Q1 2026 is the first clean quarter showing what it does to the production base. Worldwide net oil-equivalent production surged 15% to 3,858 MBOED, with U.S. output exceeding 2 million barrels per day for the third consecutive quarter and Permian production crossing 1 million BOE per day. CEO Mike Wirth framed the quarter this way: “Our U.S. refineries operated at record crude throughput in March, capital spending remains within guidance, and our structural cost reductions are firmly on track. This disciplined performance supports dependable cash generation, enabling us to continue returning significant capital to shareholders, while investing in advantaged long-lived assets.” The capital-return arithmetic backs him up. Chevron returned $27.1 billion to shareholders in 2025, including $12.1 billion in buybacks plus the dividend, and added another $2.5 billion of repurchases in Q1 2026. The buyback at $168 is reducing share count at a meaningfully lower cost than at the $214.71 52-week high. Chevron now trades at a forward P/E of 12, with a PEG ratio of 0.69 and an analyst target price of $217.14. The consensus tilts buy, with 5 strong buy, 13 buy, 6 hold, and 1 sell rating. Shares have still returned 14% over the past year and roughly 57% over the past five years. Retail sentiment confirms the disconnect between price action and fundamentals. Reddit sentiment on CVX through early-to-mid June ran bullish across all six data points, with an average sentiment score of 72 and a range of 66 to 76. The conversation splits between dividend investors on r/stocks and options traders on r/wallstreetbets positioning around “Gulf chaos” calls, but neither cohort is questioning the payout. The watch items from here are clean. First, Q2 free cash flow needs to swing positive as the March working capital build unwinds. Second, Brent needs to settle in the $75 to $85 range the EIA projects rather than slip toward the $55.44 December 2025 low. Third, the 40th consecutive annual increase, expected in January 2027, would lock in another rung on a streak few energy companies can claim. At a 4% yield, with 1.30x free cash flow coverage, a record 39-year increase history, and a production base that just stepped up 15%, the dividend is doing what it has done for four decades. The nervousness around it is what looks dated. Act now: the analyst who called NVIDIA in 2010 just named his top 10 AI stocks — and Chevron didn't make the cut. Grab the names FREE today. Contact editorial@247wallst.com for any questions or corrections. Joel South covers large-cap stocks, dividend investing, and major market trends, with a focus on earnings analysis, valuation, and turning complex data into actionable insights for investors. He brings more than 15 years of experience as an investor and financial journalist, including 12 years at The Motley Fool, where he served as an investment analyst, Bureau Chief, and later led the Fool.com investing news desk. He has also co-hosted an investing podcast and appeared across TV and radio discussing market trends. Our top personal finance-related articles today. Your wallet will thank you later. Energy company Chevron (NYSE:CVX | CVX Price Prediction) and ExxonMobil (NYSE:XOM) both closed out full-year 2025 with record production, rising… Oil and energy company ExxonMobil (NYSE:XOM | XOM Price Prediction) and Chevron (NYSE:CVX) closed out 2025 with results that reveal… With WTI crude sitting at $71.13 per barrel as of early March, oil remains roughly $29 short of the $100… With WTI crude sitting at $80 per barrel as of early March, oil remains roughly $20 short of the $100… Chevron (NYSE:CVX | CVX Price Prediction) and ConocoPhillips (NYSE:COP) closed 2025 with results that expose a fundamental divide in how… Good news for investors: Chevron (NYSE:CVX) is paying its quarterly dividend today, March 10, 2026, at $1.78 per share, marking… Shares of Exxon Mobil (NYSE:XOM | XOM Price Prediction) and Chevron (NYSE:CVX) are sliding again midday Friday, extending a month-long… Crude oil has whipsawed investors all year. WTI spiked to $112.25 per barrel in mid-May as the Iran conflict rattled… At $180.40, Chevron (NYSE:CVX | CVX Price Prediction) sits in a wait-and-see zone for many analysts. The integrated major has…",https://247wallst.com/investing/2026/07/01/chevron-yields-4-2-because-oil-prices-make-everyone-nervous-heres-why-that-thinking-is-outdated/
CVX,ExxonMobil vs. Chevron: The Illusion of Revenue Scale - The Motley Fool,2026-07-01 15:50:00,"Exxon Mobil maintains a sizable lead in quarterly revenue, while both energy giants report steady results with only minor fluctuations over two years. ExxonMobil (XOM +0.59%) and Chevron (CVX +2.12%) are the undisputed titans of the oil and gas sector. Both are integrated oil and gas giants and top dividend-paying companies, but one is significantly larger than the other. ExxonMobil primarily generates revenue by exploring for, extracting, and refining oil and natural gas globally, while also manufacturing commercial petrochemicals, olefins, and specialized chemical products. It recently reached a preliminary agreement to supply liquefied natural gas (LNG) to South Africa and secured a Supreme Court ruling in Cuban litigation, while reporting a net income margin of about 5% for the quarter ended March 31, 2026. Like ExxonMobil, Chevron (CVX +2.12%) primarily generates revenue from the exploration, extraction, pipeline transportation, and refining of crude oil and natural gas, as well as the production of industrial bulk petrochemicals. Chevron recently signed a power agreement with Microsoft (MSFT +1.69%) in Texas and posted an earnings before interest and tax (EBIT), or operating margin, of 7% EBIT margin for the quarter ended March 31, 2026. Revenue here refers to the data provider's standardized income-statement revenue line item, and it serves as a critical foundational metric that shows individual investors the gross amount of money a business generates from its daily core operations before deducting operating costs, administrative expenses, or taxes. Data source: Company filings. Data as of June 23, 2026. ExxonMobil remains significantly larger than Chevron by revenue, typically bringing in over 70% more revenue every quarter. This top-line dominance is backed by an immense physical asset base and significantly higher daily volumes. Our team of credit card pros don’t just recommend this card—they actually use it. Motley Fool Money calls it a top pick for a reason. ExxonMobil’s FY 2025 annual production hit a 40-year high of 4.7 million barrels of oil equivalent every single day (MBOED), with production from the Permian Basin and Guyana hitting all-time highs. Although ExxonMobil’s total revenue is significantly higher than Chevron’s, the upstream (oil and gas exploration and production) revenues for both are surprisingly close. This gap is mainly driven by ExxonMobil's massive international downstream refining footprint and higher total daily production volumes. When our analyst team has a stock tip, it can pay to listen. After all, Stock Advisor’s total average return is 911% — a market-crushing outperformance compared to 208% for the S&P 500. They just revealed what they believe are the 10 best stocks for investors to buy right now… Chevron also delivered record production in 2025, but its net production of 3.7 MBOED was well below ExxonMobil’s. ExxonMobil’s landmark 2024 $60 billion acquisition of Pioneer Natural Resources significantly expanded its production volumes, especially in the Permian Basin. Not to be left behind, Chevron acquired Hess for $53 billion in 2025, gaining a massive footprint mainly in Guyana and the Bakken. So both companies have made huge growth moves to expand their volumes and top lines. Remarkably, a larger revenue base doesn’t necessarily translate into higher profits, due to the gap in downstream operations. Over the trailing 12 months, both ExxonMobil and Chevron posted operating margins of around 10%. Eventually, they’re both titans of the oil industry and solid stocks to own for the long term for investors in energy. The Motley Fool Stock Advisor analyst team just identified what they believe are the 10 best stocks for investors to buy now… and the ExxonMobil wasn’t one of them. The 10 stocks that made the cut are built for long-term growth and could produce monster returns in the coming years. Consider when Netflix made this list on December 17, 2004... if you invested $1,000 at the time of our recommendation, you’d have $400,101!* Or when Nvidia made this list on April 15, 2005... if you invested $1,000 at the time of our recommendation, you’d have $1,212,683!* That performance is why people listen. With a track record of beating the S&P 500 by 4x, Stock Advisor offers a distinct advantage. Don't miss Stock Advisor's latest top 10 stocks, and join an investing community built for the long haul. Neha Chamaria has no position in any of the stocks mentioned. The Motley Fool has positions in and recommends Chevron and Microsoft. The Motley Fool has a disclosure policy. This tech could reach $80 trillion. Imagine a technology worth over 16 Nvidias. What in the world could be worth 16 Nvidias? The answer is a radical tech breakthrough that our experts think is transforming every walk of life. And this giant leap forward has many on Wall Street very excited. *Average returns of all recommendations since inception. Cost basis and return based on previous market day close. Our team of credit card pros don’t just recommend this card—they actually use it. Motley Fool Money calls it a top pick for a reason. Invest better with The Motley Fool. Get stock recommendations, portfolio guidance, and more from The Motley Fool's premium services. © 1995 - 2026 The Motley Fool. All rights reserved. *$249 for one year is a promotional price for new members only. 50% discount based on the current list price of Epic of $499/year. Membership will renew annually at the then-current list price. Offer expires on July 6th, 2026, at 11:59 pm PDT.",https://www.fool.com/coverage/charts/2026/07/01/exxonmobil-vs-chevron-the-illusion-of-revenue-scale/
CVX,ExxonMobil vs. Chevron: The Illusion of Revenue Scale - The Globe and Mail,2026-07-01 15:11:52,"Exxon Mobil consistently maintains a substantially larger revenue base than Chevron across all observed reporting periods. Both companies experienced relatively stable quarter-over-quarter revenue with only minor fluctuations in recent quarters. Both oil giants recently made major acquisitions and generate similar margins despite a significant revenue gap. ExxonMobil(NYSE:XOM) and Chevron(NYSE:CVX) are the undisputed titans of the oil and gas sector. Both are integrated oil and gas giants and top dividend-paying companies, but one is significantly larger than the other. ExxonMobil primarily generates revenue by exploring for, extracting, and refining oil and natural gas globally, while also manufacturing commercial petrochemicals, olefins, and specialized chemical products. It recently reached a preliminary agreement to supply liquefied natural gas (LNG) to South Africa and secured a Supreme Court ruling in Cuban litigation, while reporting a net income margin of about 5% for the quarter ended March 31, 2026. Like ExxonMobil, Chevron(NYSE:CVX) primarily generates revenue from the exploration, extraction, pipeline transportation, and refining of crude oil and natural gas, as well as the production of industrial bulk petrochemicals. Chevron recently signed a power agreement with Microsoft(NASDAQ:MSFT) in Texas and posted an earnings before interest and tax (EBIT), or operating margin, of 7% EBIT margin for the quarter ended March 31, 2026. Revenue here refers to the data provider's standardized income-statement revenue line item, and it serves as a critical foundational metric that shows individual investors the gross amount of money a business generates from its daily core operations before deducting operating costs, administrative expenses, or taxes. Data source: Company filings. Data as of June 23, 2026. ExxonMobil remains significantly larger than Chevron by revenue, typically bringing in over 70% more revenue every quarter. This top-line dominance is backed by an immense physical asset base and significantly higher daily volumes. ExxonMobil’s FY 2025 annual production hit a 40-year high of 4.7 million barrels of oil equivalent every single day (MBOED), with production from the Permian Basin and Guyana hitting all-time highs. Although ExxonMobil’s total revenue is significantly higher than Chevron’s, the upstream (oil and gas exploration and production) revenues for both are surprisingly close. This gap is mainly driven by ExxonMobil's massive international downstream refining footprint and higher total daily production volumes. Chevron also delivered record production in 2025, but its net production of 3.7 MBOED was well below ExxonMobil’s. ExxonMobil’s landmark 2024 $60 billion acquisition of Pioneer Natural Resources significantly expanded its production volumes, especially in the Permian Basin. Not to be left behind, Chevron acquired Hess for $53 billion in 2025, gaining a massive footprint mainly in Guyana and the Bakken. So both companies have made huge growth moves to expand their volumes and top lines. Remarkably, a larger revenue base doesn’t necessarily translate into higher profits, due to the gap in downstream operations. Over the trailing 12 months, both ExxonMobil and Chevron posted operating margins of around 10%. Eventually, they’re both titans of the oil industry and solid stocks to own for the long term for investors in energy. The Motley Fool Stock Advisor analyst team just identified what they believe are the 10 best stocks for investors to buy now… and ExxonMobil wasn’t one of them. The 10 stocks that made the cut could produce monster returns in the coming years. Consider when Netflix made this list on December 17, 2004... if you invested $1,000 at the time of our recommendation, you’d have $385,055!* Or when Nvidia made this list on April 15, 2005... if you invested $1,000 at the time of our recommendation, you’d have $1,228,089!* Now, it’s worth noting Stock Advisor’s total average return is 902% — a market-crushing outperformance compared to 209% for the S&P 500. Don't miss the latest top 10 list, available with Stock Advisor, and join an investing community built by individual investors for individual investors. Neha Chamaria has no position in any of the stocks mentioned. The Motley Fool has positions in and recommends Chevron and Microsoft. The Motley Fool has a disclosure policy. All market data (will open in new tab) is provided by Barchart Solutions. Copyright © 2026. Information is provided 'as is' and solely for informational purposes, not for trading purposes or advice. For exchange delays and terms of use, please read disclaimer (will open in new tab). © Copyright 2026 The Globe and Mail Inc. All rights reserved.",https://www.theglobeandmail.com/investing/markets/stocks/CVX-N/pressreleases/3080253/exxonmobil-vs-chevron-the-illusion-of-revenue-scale/
CVX,Chevron stock price forecast: Support at $161.83 as CVX slides 1.63% to $165.73 - Traders Union,2026-07-01 14:37:28,"This website is using a security service to protect itself from online attacks. The action you just performed triggered the security solution. There are several actions that could trigger this block including submitting a certain word or phrase, a SQL command or malformed data. You can email the site owner to let them know you were blocked. Please include what you were doing when this page came up and the Cloudflare Ray ID found at the bottom of this page. Cloudflare Ray ID: a15265795d53eb57
•

        Your IP:
        Click to reveal
74.235.126.81
•

Performance & security by Cloudflare",https://tradersunion.com/news/financial-news/show/2546434-chevron-slides-1-63percent-to-usd165-73/
CVX,"Zacks Industry Outlook Highlights Exxon, Chevron and BP - The Globe and Mail",2026-07-01 14:08:00,"Chicago, IL – July 1, 2026 – Today, Zacks Equity Research discusses Exxon Mobil Corp. XOM, Chevron Corp. CVX and BP plc BP. Link: https://www.zacks.com/commentary/2945215/3-integrated-energy-stocks-to-gain-from-promising-industry-trend The crude pricing environment is still promising for the integrated energy company's exploration and production operations. The integrated players also have a stable midstream business that generates cashflows during all the business cycles, thereby making the prospects of the Zacks Oil and Gas Integrated International industry promising. Due to their integrated business model, Exxon Mobil Corp, Chevron Corp. and BP plc are well-positioned to make the most of the promising business environment. The Zacks Oil and Gas Integrated International industry covers companies primarily involved in upstream, midstream and downstream operations. These companies have upstream businesses in the United States (including prolific shale plays and the deepwater Gulf of Mexico), Asia, South America, Africa, Australia and Europe. Midstream operations of energy companies entail transporting oil, natural gas liquids and refined petroleum products. In downstream businesses, the firms buy raw crude to produce refined petroleum products. The companies' downstream activities involve chemical businesses that manufacture raw materials for making plastics. The integrated players are now gradually focusing on renewables, leading to the energy transition. The firms aim to lower emissions from operations and cut the carbon intensity of the products sold. Favorable Oil Price to Aid Cash Flows: The price of West Texas Intermediate (""WTI"") crude is hovering around the $70 per barrel mark. The oil price is significantly higher than the shut-in prices of key resources in the United States, which is still promising for the exploration and production business of integrated players in the industry. Sturdy Midstream Demand: With the possibility of upstream activities remaining advantageous, thanks to handsome commodity prices, oil and gas production is expected to stay satisfactory. This will likely boost the demand for pipeline and storage assets since more commodities will need to be transported and stored. Importantly, the midstream business has lower exposure to commodity price volatility since shippers generally book pipeline assets for the long term, thereby generating stable fee-based revenues. Business Diversification: International integrated energy companies are gradually investing in the renewable business. Thus, by diversifying operations, companies will be able to capitalize on the mounting demand for cleaner energy. The Zacks Oil and Gas Integrated International industry is part of the broader Zacks Oil - Energy sector. The industry carries a Zacks Industry Rank #99, which places it in the top 40% of more than 250 Zacks industries. The group's Zacks Industry Rank, which is basically the average of the Zacks Rank of all the member stocks, indicates bright near-term prospects. Our research shows that the top 50% of the Zacks-ranked industries outperform the bottom 50% by a factor of more than 2 to 1. Before we present a few stocks that you may want to bet on or keep an eye on, let's take a look at the industry's recent stock market performance and valuation picture. The Zacks Oil and Gas Integrated International industry has outperformed the Zacks S&P 500 composite over the past year, but lagged the broader Zacks Oil - Energy sector over the same time frame. The industry has rallied 23.5% over this period compared with the S&P 500's surge of 22% and the broader sector's improvement of 24.7%. Since oil and gas companies are debt-laden, it makes sense to value them based on the Enterprise Value/Earnings before Interest, Tax, Depreciation and Amortization (EV/EBITDA) ratio. This is because the valuation metric takes not just equity into account but also the level of debt. On the basis of the trailing 12-month EV/EBITDA, the industry is currently trading at 5.93X, lower than the S&P 500's 18.21X. It is also below the sector's trailing 12-month EV/EBITDA of 6.50X. Over the past five years, the industry has traded as high as 7.37X and as low as 2.79X, with a median of 4.18X. BP is an integrated energy giant and is well-positioned to capitalize on oil prices, which are still promising, through its upstream operations. Increasing global demand for LNG will continue to support natural gas. Therefore, BP, currently carrying a Zacks Rank #3 (Hold), is well-positioned to benefit from the rising demand for clean energy. You can see the complete list of today's Zacks #1 Rank (Strong Buy) stocks here. With upstream businesses contributing the most to its earnings, ExxonMobil's business outlook seems promising, thanks to handsome oil prices. Investors should also keep in mind that #3 Ranked XOM, has a strong balance sheet, on which it could rely during an unfavorable business environment. The debt to capitalization of ExxonMobil is at 15.44%, lower than the 29.6% of the industry's composite stocks. Coming to the integrated energy giant's dividend commitment story, over the past 43 years, ExxonMobil has been rewarding its shareholders with annual dividend hikes at an average rate of 5.8%. Chevron is an integrated energy giant with a stable business model. In the Permian, the most prolific basin in the United States, CVX, with a Zacks Rank of 3, has a strong footprint. Also, the company has a pristine balance sheet with significantly lower debt capital exposure than the industry's composite stocks. Free: Instant Access to Zacks' Market-Crushing Strategies Since 2000, our top stock-picking strategies have blown away the S&P's +7.7% average gain per year. Amazingly, they soared with average gains of +48.4%, +50.2% and +56.7% per year. Today you can tap into those powerful strategies – and the high-potential stocks they uncover – free. No strings attached. Join us on Facebook: https://www.facebook.com/ZacksInvestmentResearch/ Zacks Investment Research is under common control with affiliated entities (including a broker-dealer and an investment adviser), which may engage in transactions involving the foregoing securities for the clients of such affiliates. Past performance is no guarantee of future results. Inherent in any investment is the potential for loss. This material is being provided for informational purposes only and nothing herein constitutes investment, legal, accounting or tax advice, or a recommendation to buy, sell or hold a security. No recommendation or advice is being given as to whether any investment is suitable for a particular investor. It should not be assumed that any investments in securities, companies, sectors or markets identified and described were or will be profitable. All information is current as of the date of herein and is subject to change without notice. Any views or opinions expressed may not reflect those of the firm as a whole. Zacks Investment Research does not engage in investment banking, market making or asset management activities of any securities. These returns are from hypothetical portfolios consisting of stocks with Zacks Rank = 1 that were rebalanced monthly with zero transaction costs. These are not the returns of actual portfolios of stocks. The S&P 500 is an unmanaged index. Visit https://www.zacks.com/performance  for information about the performance numbers displayed in this press release. Our team of experts has just released the 5 stocks with the greatest probability of gaining +100% or more in the coming months. Of those 5, Director of Research Sheraz Mian highlights the one stock set to climb highest. This top pick is a little-known satellite-based communications firm. Space is projected to become a trillion dollar industry, and this company's customer base is growing fast. Analysts have forecasted a major revenue breakout in 2025. Of course, all our elite picks aren't winners but this one could far surpass earlier Zacks' Stocks Set to Double like Hims & Hers Health, which shot up +209%. This article originally published on Zacks Investment Research (zacks.com). All market data (will open in new tab) is provided by Barchart Solutions. Copyright © 2026. Information is provided 'as is' and solely for informational purposes, not for trading purposes or advice. For exchange delays and terms of use, please read disclaimer (will open in new tab). © Copyright 2026 The Globe and Mail Inc. All rights reserved.",https://www.theglobeandmail.com/investing/markets/stocks/CVX-N/pressreleases/3078803/zacks-industry-outlook-highlights-exxon-chevron-and-bp/
CVX,Forum Financial Management LP Has $2.99 Million Stock Position in Chevron Corporation $CVX - MarketBeat,2026-07-01 07:38:57,"Forum Financial Management LP lessened its stake in shares of  Chevron Corporation (NYSE:CVX - Free Report) by 58.0% during the first quarter, according to the company in its most recent disclosure with the SEC. The fund owned 14,451 shares of the oil and gas company's stock after selling 19,930 shares during the quarter. Forum Financial Management LP's holdings in Chevron were worth $2,990,000 as of its most recent SEC filing. Several other institutional investors also recently modified their holdings of the stock. D.B. Root & Company LLC grew its position in  Chevron by 1.0% during the 4th quarter. D.B. Root & Company LLC now owns 5,552 shares of the oil and gas company's stock worth $846,000 after acquiring an additional 57 shares during the last quarter.  Chatterton & Associates Inc. raised its position in  Chevron by 1.7% in the first quarter. Chatterton & Associates Inc. now owns 3,427 shares of the oil and gas company's stock valued at $652,000 after purchasing an additional 57 shares during the last quarter.  First United Bank & Trust boosted its stake in shares of  Chevron by 0.5% during the first quarter. First United Bank & Trust now owns 12,532 shares of the oil and gas company's stock valued at $2,593,000 after purchasing an additional 57 shares in the last quarter.  Fox Hill Wealth Management boosted its stake in shares of  Chevron by 1.7% during the fourth quarter. Fox Hill Wealth Management now owns 3,443 shares of the oil and gas company's stock valued at $525,000 after purchasing an additional 57 shares in the last quarter.  Finally, Cornerstone Planning Group LLC boosted its stake in shares of  Chevron by 6.8% during the fourth quarter. Cornerstone Planning Group LLC now owns 930 shares of the oil and gas company's stock valued at $142,000 after purchasing an additional 59 shares in the last quarter. 72.42% of the stock is currently owned by institutional investors and hedge funds. Here are the key news stories impacting Chevron this week: In other news, Director John B. Hess sold 380,000 shares of the company's stock in a transaction dated Wednesday, May 20th. The shares were sold at an average price of $193.20, for a total transaction of $73,416,000.00. Following the transaction, the director owned 278,045 shares in the company, valued at approximately $53,718,294. This represents a 57.75% decrease in their ownership of the stock. The sale was disclosed in a document filed with the Securities & Exchange Commission, which is accessible through this link. Company insiders own  0.56% of the company's stock. Chevron stock opened at $165.69 on Wednesday. The stock has a market capitalization of $329.99 billion, a price-to-earnings ratio of 28.72, a PEG ratio of 0.57 and a beta of 0.48. Chevron Corporation has a 52-week low of $142.51 and a 52-week high of $214.71. The stock's 50 day moving average price is $184.34 and its two-hundred day moving average price is $180.24. The company has a debt-to-equity ratio of 0.21, a quick ratio of 0.84 and a current ratio of 1.09. Chevron (NYSE:CVX - Get Free Report) last released its quarterly earnings data on Friday, May 1st. The oil and gas company reported $1.41 earnings per share for the quarter, beating the consensus estimate of $1.00 by $0.41. Chevron had a net margin of 5.79% and a return on equity of 6.90%. The company had revenue of $47.56 billion during the quarter, compared to analyst estimates of $51.86 billion. During the same quarter in the previous year, the business posted $2.18 EPS. Chevron's revenue for the quarter was up 2.1% compared to the same quarter last year.  On average, equities analysts predict that  Chevron Corporation will post 15.41 earnings per share for the current year. The business also recently declared a quarterly dividend, which was paid on Wednesday, June 10th. Shareholders of record on Tuesday, May 19th were paid a $1.78 dividend. This represents a $7.12 annualized dividend and a yield of 4.3%. The ex-dividend date of this dividend was Tuesday, May 19th. Chevron's payout ratio is 123.40%. Several research firms have recently issued reports on CVX. The Goldman Sachs Group  reaffirmed a ""buy"" rating and issued a $216.00 price objective on shares of Chevron in a research note on Wednesday, May 6th. Weiss Ratings downgraded shares of Chevron from a ""hold (c+)"" rating to a ""hold (c)"" rating in a research report on Tuesday, June 2nd. Citigroup upped their price target on shares of Chevron from $210.00 to $235.00 and gave the company a ""buy"" rating in a research report on Thursday, April 2nd. TD Cowen raised their price target on shares of Chevron from $204.00 to $205.00 and gave the company a ""hold"" rating in a research note on Friday, May 8th. Finally, Royal Bank Of Canada  reiterated an ""outperform"" rating and set a $220.00 price target on shares of Chevron in a report on Tuesday, May 5th. Eighteen analysts have rated the stock with a Buy rating, six have issued  a Hold rating and one  has issued  a Sell rating to the company. According to MarketBeat.com, the company presently has an average rating of ""Moderate Buy"" and a consensus price target of $205.52. Chevron Corporation NYSE: CVX is an American multinational energy company engaged in virtually all aspects of the oil and gas industry. As an integrated energy firm, Chevron's core activities include upstream oil and natural gas exploration and production, midstream transportation and storage, downstream refining and marketing of fuels and lubricants, and petrochemical manufacturing through joint ventures and subsidiaries. The company markets fuels under brands such as Chevron, Texaco and Caltex and supplies a range of products and services to retail customers, industrial users and commercial fleets worldwide. Chevron traces its corporate lineage to the early petroleum companies that eventually became Standard Oil of California and has evolved through significant mergers and restructurings, including the acquisitions of Gulf Oil and Texaco. Want to see what other hedge funds are holding CVX? Visit HoldingsChannel.com to get the latest 13F filings and insider trades for Chevron Corporation (NYSE:CVX - Free Report). This instant news alert was generated by narrative science technology and financial data from MarketBeat in order to provide readers with the fastest reporting and unbiased coverage. Please send any questions or comments about this story to contact@marketbeat.com. Before you consider Chevron, you'll want to hear this. MarketBeat keeps track of Wall Street's top-rated and best performing research analysts and the stocks they recommend to their clients on a daily basis. MarketBeat has identified the five stocks that top analysts are quietly whispering to their clients to buy now before the broader market catches on... and Chevron wasn't on the list. While Chevron currently has a Moderate Buy rating among analysts, top-rated analysts believe these five stocks are better buys. The space race is growing fast, and you don’t have to have gotten in early on SpaceX to profit. This report shows seven space stocks you can buy today that may grow as rockets, satellites, defense, space internet, and new space technology become more important. Sign up for MarketBeat All Access to gain access to MarketBeat's full suite of research tools and reports. 345 N Reid Place, Suite 620, Sioux Falls, SD 57103
                                        
                                        contact@marketbeat.com
                                        
                                        (844) 978-6257 © MarketBeat Media, LLC 2010-2026. All rights reserved. © 2026   Fair market value prices are updated every minute and are provided by Massive. Other market data provided is at least 10-minutes delayed and hosted by Barchart Solutions.  Information is provided 'as-is' and solely for informational purposes, not for trading purposes or advice, and is delayed. To see all exchange delays and terms of use please see Barchart's disclaimer.",https://www.marketbeat.com/instant-alerts/filing-forum-financial-management-lp-has-299-million-stock-position-in-chevron-corporation-cvx-2026-07-01/
CVX,"Castellan Group Sells 9,140 Shares of Chevron Corporation $CVX - MarketBeat",2026-07-01 07:38:56,"Castellan Group cut its stake in shares of  Chevron Corporation (NYSE:CVX - Free Report) by 44.5% during the first quarter, according to the company in its most recent Form 13F filing with the SEC. The firm owned 11,381 shares of the oil and gas company's stock after selling 9,140 shares during the quarter. Chevron makes up  approximately  0.3% of Castellan Group's holdings, making the stock its 23rd biggest holding. Castellan Group's holdings in Chevron were worth $2,355,000 at the end of the most recent reporting period. Several other institutional investors and hedge funds have also recently modified their holdings of CVX. Dakota Wealth Management raised its holdings in shares of  Chevron by 14.9% in the fourth quarter. Dakota Wealth Management now owns 83,265 shares of the oil and gas company's stock valued at $12,690,000 after acquiring an additional 10,822 shares in the last quarter.  Brooklyn FI LLC bought a new position in  Chevron during the 3rd quarter worth about $431,000.  Clear Trail Advisors LLC purchased a new position in  Chevron during the 4th quarter valued at about $10,167,000.  Curtis Advisory Group LLC purchased a new position in  Chevron during the 4th quarter valued at about $1,381,000.  Finally, Indivisible Partners purchased a new position in  Chevron during the 4th quarter valued at about $1,923,000. Institutional investors own  72.42% of the company's stock. Here are the key news stories impacting Chevron this week: Several brokerages have recently weighed in on CVX. Wells Fargo & Company upped their price target on shares of Chevron from $204.00 to $222.00 and gave the stock an ""overweight"" rating in a research report on Thursday, April 9th. Piper Sandler lifted their price objective on shares of Chevron from $179.00 to $242.00 and gave the company an ""overweight"" rating in a report on Thursday, March 12th. Scotiabank boosted their price objective on shares of Chevron from $168.00 to $187.00 and gave the stock a ""sector perform"" rating in a research note on Wednesday, April 22nd. Citigroup upped their target price on Chevron from $210.00 to $235.00 and gave the stock a ""buy"" rating in a report on Thursday, April 2nd. Finally, Zacks Research lowered Chevron from a ""strong-buy"" rating to a ""hold"" rating in a report on Monday, June 8th. Eighteen equities research analysts have rated the stock with a Buy rating, six have issued  a Hold rating and one  has given a Sell rating to the stock. According to data from MarketBeat, the stock  has an average rating of ""Moderate Buy"" and an average price target of $205.52. CVX stock opened at $165.69 on Wednesday. Chevron Corporation has a one year low of $142.51 and a one year high of $214.71. The firm has a market cap of $329.99 billion, a price-to-earnings ratio of 28.72, a PEG ratio of 0.57 and a beta of 0.48. The company has a debt-to-equity ratio of 0.21, a quick ratio of 0.84 and a current ratio of 1.09. The firm has a 50-day simple moving average of $184.34 and a two-hundred day simple moving average of $180.24. Chevron (NYSE:CVX - Get Free Report) last issued its quarterly earnings data on Friday, May 1st. The oil and gas company reported $1.41 earnings per share (EPS) for the quarter, topping analysts' consensus estimates of $1.00 by $0.41. The firm had revenue of $47.56 billion for the quarter, compared to the consensus estimate of $51.86 billion. Chevron had a net margin of 5.79% and a return on equity of 6.90%. The company's quarterly revenue was up 2.1% compared to the same quarter last year. During the same quarter in the previous year, the firm earned $2.18 EPS.  On average, equities analysts forecast that  Chevron Corporation will post 15.41 EPS for the current fiscal year. The company also recently announced a quarterly dividend, which was paid on Wednesday, June 10th. Shareholders of record on Tuesday, May 19th were paid a $1.78 dividend. This represents a $7.12 annualized dividend and a yield of 4.3%. The ex-dividend date was Tuesday, May 19th. Chevron's dividend payout ratio (DPR) is 123.40%. In other Chevron news, Director John B. Hess sold 380,000 shares of Chevron stock in a transaction on Wednesday, May 20th. The shares were sold at an average price of $193.20, for a total value of $73,416,000.00. Following the transaction, the director directly owned 278,045 shares of the company's stock, valued at approximately $53,718,294. The trade was a 57.75% decrease in their ownership of the stock. The transaction was disclosed in a document filed with the Securities & Exchange Commission, which can be accessed through the SEC website. Corporate insiders own  0.56% of the company's stock. Chevron Corporation NYSE: CVX is an American multinational energy company engaged in virtually all aspects of the oil and gas industry. As an integrated energy firm, Chevron's core activities include upstream oil and natural gas exploration and production, midstream transportation and storage, downstream refining and marketing of fuels and lubricants, and petrochemical manufacturing through joint ventures and subsidiaries. The company markets fuels under brands such as Chevron, Texaco and Caltex and supplies a range of products and services to retail customers, industrial users and commercial fleets worldwide. Chevron traces its corporate lineage to the early petroleum companies that eventually became Standard Oil of California and has evolved through significant mergers and restructurings, including the acquisitions of Gulf Oil and Texaco. Want to see what other hedge funds are holding CVX? Visit HoldingsChannel.com to get the latest 13F filings and insider trades for Chevron Corporation (NYSE:CVX - Free Report). This instant news alert was generated by narrative science technology and financial data from MarketBeat in order to provide readers with the fastest reporting and unbiased coverage. Please send any questions or comments about this story to contact@marketbeat.com. Before you consider Chevron, you'll want to hear this. MarketBeat keeps track of Wall Street's top-rated and best performing research analysts and the stocks they recommend to their clients on a daily basis. MarketBeat has identified the five stocks that top analysts are quietly whispering to their clients to buy now before the broader market catches on... and Chevron wasn't on the list. While Chevron currently has a Moderate Buy rating among analysts, top-rated analysts believe these five stocks are better buys. With the proliferation of data centers and electric vehicles, the electric grid will only get more strained. Download this report to learn how energy stocks can play a role in your portfolio as the global demand for energy continues to grow. Sign up for MarketBeat All Access to gain access to MarketBeat's full suite of research tools and reports. 345 N Reid Place, Suite 620, Sioux Falls, SD 57103
                                        
                                        contact@marketbeat.com
                                        
                                        (844) 978-6257 © MarketBeat Media, LLC 2010-2026. All rights reserved. © 2026   Fair market value prices are updated every minute and are provided by Massive. Other market data provided is at least 10-minutes delayed and hosted by Barchart Solutions.  Information is provided 'as-is' and solely for informational purposes, not for trading purposes or advice, and is delayed. To see all exchange delays and terms of use please see Barchart's disclaimer.",https://www.marketbeat.com/instant-alerts/filing-castellan-group-sells-9140-shares-of-chevron-corporation-cvx-2026-07-01/
CVX,BXM Wealth LLC Lowers Position in Chevron Corporation $CVX - MarketBeat,2026-07-01 07:17:46,"BXM Wealth LLC cut its stake in shares of  Chevron Corporation (NYSE:CVX - Free Report) by 92.7% during the 1st quarter, according to the company in its most recent 13F filing with the Securities and Exchange Commission. The institutional investor  owned 8,427 shares of the oil and gas company's stock after selling 106,540 shares during the period. Chevron comprises approximately  1.3% of BXM Wealth LLC's investment portfolio, making the stock its 19th largest holding. BXM Wealth LLC's holdings in Chevron were worth $1,744,000 as of its most recent filing with the Securities and Exchange Commission. Other hedge funds have also recently bought and sold shares of the company. Dakota Wealth Management increased its holdings in shares of  Chevron by 14.9% in the fourth quarter. Dakota Wealth Management now owns 83,265 shares of the oil and gas company's stock worth $12,690,000 after purchasing an additional 10,822 shares during the period.  Brooklyn FI LLC bought a new stake in  Chevron during the third quarter valued at $431,000.  Clear Trail Advisors LLC bought a new stake in  Chevron during the fourth quarter valued at $10,167,000.  Curtis Advisory Group LLC purchased a new position in  Chevron during the fourth quarter worth about $1,381,000.  Finally, Indivisible Partners purchased a new position in  Chevron during the fourth quarter worth about $1,923,000. 72.42% of the stock is owned by hedge funds and other institutional investors. Shares of Chevron stock opened at $165.69 on Wednesday. The firm has a market capitalization of $329.99 billion, a PE ratio of 28.72, a price-to-earnings-growth ratio of 0.57 and a beta of 0.48. The company has a current ratio of 1.09, a quick ratio of 0.84 and a debt-to-equity ratio of 0.21. Chevron Corporation has a 12 month low of $142.51 and a 12 month high of $214.71. The business's 50-day moving average price is $184.34 and its 200-day moving average price is $180.24. Chevron (NYSE:CVX - Get Free Report) last released its earnings results on Friday, May 1st. The oil and gas company reported $1.41 earnings per share for the quarter, topping analysts' consensus estimates of $1.00 by $0.41. The company had revenue of $47.56 billion during the quarter, compared to the consensus estimate of $51.86 billion. Chevron had a return on equity of 6.90% and a net margin of 5.79%.Chevron's quarterly revenue was up 2.1% compared to the same quarter last year. During the same quarter in the previous year, the company posted $2.18 EPS.  Sell-side analysts forecast that  Chevron Corporation will post 15.41 EPS for the current fiscal year. The firm also recently declared a quarterly dividend, which was paid on Wednesday, June 10th. Shareholders of record on Tuesday, May 19th were paid a dividend of $1.78 per share. The ex-dividend date of this dividend was Tuesday, May 19th. This represents a $7.12 annualized dividend and a dividend yield of 4.3%. Chevron's dividend payout ratio (DPR) is 123.40%. Several analysts have weighed in on the company. Barclays raised their price target on Chevron from $192.00 to $213.00 and gave the company an ""equal weight"" rating in a report on Tuesday, May 26th. Zacks Research lowered Chevron from a ""strong-buy"" rating to a ""hold"" rating in a report on Monday, June 8th. Morgan Stanley decreased their price objective on shares of Chevron from $214.00 to $210.00 and set an ""overweight"" rating on the stock in a research report on Monday. Wells Fargo & Company lifted their target price on shares of Chevron from $204.00 to $222.00 and gave the company an ""overweight"" rating in a research report on Thursday, April 9th. Finally, HSBC raised shares of Chevron from a ""hold"" rating to a ""buy"" rating and set a $215.00 price target for the company in a research note on Friday, March 20th. Eighteen investment analysts have rated the stock with a Buy rating, six have issued  a Hold rating and one  has given a Sell rating to the company. Based on data from MarketBeat.com, the company presently has a consensus rating of ""Moderate Buy"" and a consensus target price of $205.52. Here are the key news stories impacting Chevron this week: In other news, Director John B. Hess sold 380,000 shares of the business's stock in a transaction that occurred on Wednesday, May 20th. The shares were sold at an average price of $193.20, for a total value of $73,416,000.00. Following the completion of the sale, the director directly owned 278,045 shares in the company, valued at approximately $53,718,294. The trade was a 57.75% decrease in their position. The sale was disclosed in a legal filing with the SEC, which can be accessed through this hyperlink. Insiders own  0.56% of the company's stock. Chevron Corporation NYSE: CVX is an American multinational energy company engaged in virtually all aspects of the oil and gas industry. As an integrated energy firm, Chevron's core activities include upstream oil and natural gas exploration and production, midstream transportation and storage, downstream refining and marketing of fuels and lubricants, and petrochemical manufacturing through joint ventures and subsidiaries. The company markets fuels under brands such as Chevron, Texaco and Caltex and supplies a range of products and services to retail customers, industrial users and commercial fleets worldwide. Chevron traces its corporate lineage to the early petroleum companies that eventually became Standard Oil of California and has evolved through significant mergers and restructurings, including the acquisitions of Gulf Oil and Texaco. Want to see what other hedge funds are holding CVX? Visit HoldingsChannel.com to get the latest 13F filings and insider trades for Chevron Corporation (NYSE:CVX - Free Report). This instant news alert was generated by narrative science technology and financial data from MarketBeat in order to provide readers with the fastest reporting and unbiased coverage. Please send any questions or comments about this story to contact@marketbeat.com. Before you consider Chevron, you'll want to hear this. MarketBeat keeps track of Wall Street's top-rated and best performing research analysts and the stocks they recommend to their clients on a daily basis. MarketBeat has identified the five stocks that top analysts are quietly whispering to their clients to buy now before the broader market catches on... and Chevron wasn't on the list. While Chevron currently has a Moderate Buy rating among analysts, top-rated analysts believe these five stocks are better buys. Nuclear energy is entering a new growth cycle as rising power demand, expanding data centers, and renewed policy support bring the sector back into focus. After strong gains in recent years, the most impactful phase of nuclear investment may still be ahead.

This report highlights seven nuclear energy stocks positioned across the value chain—combining near-term revenue with long-term upside as next-generation technologies scale. Click the link below to unlock the full list. Sign up for MarketBeat All Access to gain access to MarketBeat's full suite of research tools and reports. 345 N Reid Place, Suite 620, Sioux Falls, SD 57103
                                        
                                        contact@marketbeat.com
                                        
                                        (844) 978-6257 © MarketBeat Media, LLC 2010-2026. All rights reserved. © 2026   Fair market value prices are updated every minute and are provided by Massive. Other market data provided is at least 10-minutes delayed and hosted by Barchart Solutions.  Information is provided 'as-is' and solely for informational purposes, not for trading purposes or advice, and is delayed. To see all exchange delays and terms of use please see Barchart's disclaimer.",https://www.marketbeat.com/instant-alerts/filing-bxm-wealth-llc-lowers-position-in-chevron-corporation-cvx-2026-07-01/
CVX,Here is Why Chevron (CVX) is Among the 12 Best NYSE Stocks to Buy for Dividends - Yahoo Finance,2026-07-01 04:19:00,"Tip: Try a valid symbol or a specific company name for relevant results It's an exceptionally tough time to be looking for a job, new data shows Companies are raising prices on your devices — and they’re blaming AI The Dow rose nearly 600 points to hit a fresh record ahead of the July 4 holiday. The Nasdaq slid as chip stocks extended a sell-off. Stocks ticked higher as Wall Street assessed weaker-than-expected hiring and looked for clues toward the Fed's next move. The US economy added just 57,000 jobs in June, well below economist expectations. The unemployment rate dipped to 4.2%. Trump Accounts are launching. Here's how the money will be invested. Investors are bracing for Thursday's jobs report. Here's what to expect. Tech stocks are on pace for their best six-month stretch since 2023 — even with some of the biggest names in the 'penalty box.' US stocks take a breath to begin capping off stellar quarter of gains Nearly 60% of S&P 500 earnings growth this quarter will come from AI infrastructure stocks, one strategist estimates The Supreme Court blocked Trump's bid to fire Fed governor Cook, but gave him sweeping new powers to remove officials elsewhere The Dow closed above 52,000, while tech stocks lifted the S&P 500 and Nasdaq In a 5-4 vote, the Supreme Court ruled that Fed Governor Lisa Cook can remain in her role for the time being The Nasdaq led stock gains at the open after the US and Iran agreed to halt tit-for-tat strikes When it's time to shift from saving to spending, many retirees struggle to know where to begin. AI jitters meet a jobs report and falling oil prices Slate's CEO on launching a $25K EV and why it's 'fun to have a contrarian point of view' Here are a few reads on the US consumer as the summer shopping and travel season begins in earnest Wall Street weighs surging AI costs on stock market rally Americans are warming up to homebuying for the first time in 3 years As oil fades as an inflation concern, will AI take its place? The Fed is watching closely. Luxury brand condos are popping up across the country as developers try to appeal to an international buyer base Worried about SpaceX's volatility? Here's what 401(k) savers should do. Many of the market's biggest winners are hiding in places investors weren't watching a month ago Corporate profits were already at historic highs. This earnings season, they climbed even higher. Trump derailed a major housing bill. Soon, it'll be back on his desk. The stock fell 17% in its first full week of trading, extending a rocky IPO debut The S&P 500 and Nasdaq snapped their two-week win streaks as AI jitters pressured tech The AI giant is reportedly considering pushing back its IPO to improve its chances of reaching a $1 trillion valuation Nasdaq leads slide in US stocks as report of OpenAI IPO delay rattles techs Smartphones are out, data centers are in — and investors are paying attention The housing affordability bill Trump abruptly declined to sign is now headed to his desk. Here's what could happen next. Why Micron's blowout earnings are a headache for Apple The Dow rose, while the S&P 500 and Nasdaq slipped as a surge in Micron failed to deter tech volatility JPMorgan just lost a key contender to replace CEO Jamie Dimon Apple stock plunges after raising prices on MacBooks, iPads amid global memory crisis Nasdaq leads gains for US stocks as Micron eases AI fears, PCE comes in hot Shares popped in after-hours trading as the company outlined plans to break into the data center market Micron's blowout earnings just reset the AI memory trade Micron posted a sizable earnings beat and offered a better-than-anticipated outlook, in a key test for the AI trade. Shares surged. The S&P 500 and Nasdaq fell, as AI jitters persisted ahead of Micron's all-important earnings reveal Wendy's stock surged roughly 30% as retail traders piled in following a viral Reddit post The above button links to Coinbase. Yahoo Finance is not a broker-dealer or investment adviser and does not offer securities or cryptocurrencies for sale or facilitate trading. Coinbase pays us for certain activity generated through this link. Prices displayed are informational. With an annual dividend yield of 4.16%, Chevron Corporation (NYSE:CVX) is included among the 12 Best NYSE Stocks to Buy for Dividends. Chevron Corporation (NYSE:CVX) manufactures and sells a range of high-quality refined products, including gasoline, diesel, marine and aviation fuels, premium base oil, finished lubricants, and fuel oil additives. Chevron Corporation (NYSE:CVX)'s low-cost and long-lived global assets, strong track record of dividend growth, and high yield make it an attractive option for any dividend portfolio. The oil and gas major has grown its payouts for 39 consecutive years, granting it the coveted title of a Dividend Aristocrat. Chevron has been able to maintain its strong commitment to shareholders even through multiple commodity downturns, since its business has been designed to comfortably cover its dividend even at crude prices of below $50 per barrel. The company intends to lower its breakeven point even further and remains on track to deliver its $3 to $4 billion structural cost reduction target by the end of 2026. Chevron's access to the vast and low-cost assets in Guyana through its recent acquisition of Hess, and its dominant position as the largest foreign oil producer in Venezuela, further add to its appeal. Moreover, the energy giant has also now jumped on the data center bandwagon after it recently signed a long-term deal with Microsoft to provide natural-gas-fired power for a proposed data center campus in West Texas. While we acknowledge the potential of CVX as an investment, we believe certain AI stocks offer greater upside potential and carry less downside risk. If you're looking for an extremely undervalued AI stock that also stands to benefit significantly from Trump-era tariffs and the onshoring trend, see our free report on the best short-term AI stock. READ NEXT: 12 Best NASDAQ Stocks to Buy for Dividends and 12 Best S&P 500 Stocks to Buy for Dividends Disclosure: None. Follow Insider Monkey on Google News. Tip: Try a valid symbol or a specific company name for relevant results",https://finance.yahoo.com/markets/stocks/articles/why-chevron-cvx-among-12-041905889.html
CVX,Chevron (CVX) Price Target Lowered at Morgan Stanley. Here is Why - Yahoo Finance,2026-07-01 04:17:00,"Tip: Try a valid symbol or a specific company name for relevant results It's an exceptionally tough time to be looking for a job, new data shows Companies are raising prices on your devices — and they’re blaming AI The Dow rose nearly 600 points to hit a fresh record ahead of the July 4 holiday. The Nasdaq slid as chip stocks extended a sell-off. Stocks ticked higher as Wall Street assessed weaker-than-expected hiring and looked for clues toward the Fed's next move. The US economy added just 57,000 jobs in June, well below economist expectations. The unemployment rate dipped to 4.2%. Trump Accounts are launching. Here's how the money will be invested. Investors are bracing for Thursday's jobs report. Here's what to expect. Tech stocks are on pace for their best six-month stretch since 2023 — even with some of the biggest names in the 'penalty box.' US stocks take a breath to begin capping off stellar quarter of gains Nearly 60% of S&P 500 earnings growth this quarter will come from AI infrastructure stocks, one strategist estimates The Supreme Court blocked Trump's bid to fire Fed governor Cook, but gave him sweeping new powers to remove officials elsewhere The Dow closed above 52,000, while tech stocks lifted the S&P 500 and Nasdaq In a 5-4 vote, the Supreme Court ruled that Fed Governor Lisa Cook can remain in her role for the time being The Nasdaq led stock gains at the open after the US and Iran agreed to halt tit-for-tat strikes When it's time to shift from saving to spending, many retirees struggle to know where to begin. AI jitters meet a jobs report and falling oil prices Slate's CEO on launching a $25K EV and why it's 'fun to have a contrarian point of view' Here are a few reads on the US consumer as the summer shopping and travel season begins in earnest Wall Street weighs surging AI costs on stock market rally Americans are warming up to homebuying for the first time in 3 years As oil fades as an inflation concern, will AI take its place? The Fed is watching closely. Luxury brand condos are popping up across the country as developers try to appeal to an international buyer base Worried about SpaceX's volatility? Here's what 401(k) savers should do. Many of the market's biggest winners are hiding in places investors weren't watching a month ago Corporate profits were already at historic highs. This earnings season, they climbed even higher. Trump derailed a major housing bill. Soon, it'll be back on his desk. The stock fell 17% in its first full week of trading, extending a rocky IPO debut The S&P 500 and Nasdaq snapped their two-week win streaks as AI jitters pressured tech The AI giant is reportedly considering pushing back its IPO to improve its chances of reaching a $1 trillion valuation Nasdaq leads slide in US stocks as report of OpenAI IPO delay rattles techs Smartphones are out, data centers are in — and investors are paying attention The housing affordability bill Trump abruptly declined to sign is now headed to his desk. Here's what could happen next. Why Micron's blowout earnings are a headache for Apple The Dow rose, while the S&P 500 and Nasdaq slipped as a surge in Micron failed to deter tech volatility JPMorgan just lost a key contender to replace CEO Jamie Dimon Apple stock plunges after raising prices on MacBooks, iPads amid global memory crisis Nasdaq leads gains for US stocks as Micron eases AI fears, PCE comes in hot Shares popped in after-hours trading as the company outlined plans to break into the data center market Micron's blowout earnings just reset the AI memory trade Micron posted a sizable earnings beat and offered a better-than-anticipated outlook, in a key test for the AI trade. Shares surged. The S&P 500 and Nasdaq fell, as AI jitters persisted ahead of Micron's all-important earnings reveal Wendy's stock surged roughly 30% as retail traders piled in following a viral Reddit post The above button links to Coinbase. Yahoo Finance is not a broker-dealer or investment adviser and does not offer securities or cryptocurrencies for sale or facilitate trading. Coinbase pays us for certain activity generated through this link. Prices displayed are informational. With an annual dividend yield of 4.30%, Chevron Corporation (NYSE:CVX) is included among the 10 Energy Stocks with Highest Dividends. Chevron Corporation (NYSE:CVX) manufactures and sells a range of high-quality refined products, including gasoline, diesel, marine and aviation fuels, premium base oil, finished lubricants, and fuel oil additives. On June 29, Morgan Stanley lowered its price target on Chevron Corporation (NYSE:CVX) from $214 to $210, but reiterated its 'Overweight' rating on the shares. The revised target, which still represents an upside of almost 27% from the current price level, follows the analyst firm's updated estimates to reflect the recent changes in energy prices. Morgan Stanley noted that the WTI crude price has fallen by nearly 60% from its recent peak in April and is now trading only slightly above its pre-conflict levels after the US and Iran signed a memorandum of understanding to end the war on June 14. Known for its strong commitment to shareholders, Chevron Corporation (NYSE:CVX) has grown its dividend for 39 consecutive years and boasts the coveted title of a Dividend Aristocrat. The company's business has been designed to comfortably cover its payouts even at crude prices below $50 per barrel, allowing it to sustain its dividends even through multiple commodity downturns, including the oil market collapse in 2020. Meridian Hedged Equity Fund stated the following regarding Chevron Corporation (NYSE:CVX) in its Q1 2026 investor letter: ""Chevron Corporation (NYSE:CVX) operates as a globally diversified integrated energy company, with upstream crude oil exploration and production complementing its downstream refinement and retail operations. Our investment thesis is anchored in the company's strict capital discipline, its highly efficient Permian Basin footprint, and the strategic benefits expected from the integration of recently acquired Hess Corporation. Together, these strengths support the potential for durable free-cash-flow generation, consistent dividend growth, and steady share repurchases across commodity cycles. Chevron's stock benefited in March from a sharp rise in oil prices following supply disruptions, but performance was also supported by better-than-expected earnings earlier in the quarter. These results reinforced confidence in the company's management team, operational strength and financial discipline. We maintained our position throughout the quarter."" While we acknowledge the potential of CVX as an investment, we believe certain AI stocks offer greater upside potential and carry less downside risk. If you're looking for an extremely undervalued AI stock that also stands to benefit significantly from Trump-era tariffs and the onshoring trend, see our free report on the best short-term AI stock. READ NEXT: 12 Best NYSE Stocks to Buy for Dividends and 12 Best NASDAQ Stocks to Buy for Dividends Disclosure: None. Follow Insider Monkey on Google News. Tip: Try a valid symbol or a specific company name for relevant results",https://finance.yahoo.com/energy/articles/chevron-cvx-price-target-lowered-041744338.html
CVX,Chevron (CVX) Stock Drops Despite Market Gains: Important Facts to Note - Yahoo Finance Singapore,2026-06-30 21:45:03,"Tip: Try a valid symbol or a specific company name for relevant results Chevron (CVX) ended the recent trading session at $165.76, demonstrating a -1.61% change from the preceding day's closing price. The stock fell short of the S&P 500, which registered a gain of 0.79% for the day. At the same time, the Dow added 0.26%, and the tech-heavy Nasdaq gained 1.52%. Shares of the oil company have depreciated by 9.34% over the course of the past month, underperforming the Oils-Energy sector's loss of 4.84%, and the S&P 500's loss of 1.82%. The upcoming earnings release of Chevron will be of great interest to investors. The company's earnings per share (EPS) are projected to be $5.9, reflecting a 233.33% increase from the same quarter last year. In the meantime, our current consensus estimate forecasts the revenue to be $58.23 billion, indicating a 29.91% growth compared to the corresponding quarter of the prior year. For the full year, the Zacks Consensus Estimates are projecting earnings of $15.41 per share and revenue of $220.32 billion, which would represent changes of +111.39% and +16.55%, respectively, from the prior year. It's also important for investors to be aware of any recent modifications to analyst estimates for Chevron. These latest adjustments often mirror the shifting dynamics of short-term business patterns. As a result, upbeat changes in estimates indicate analysts' favorable outlook on the business health and profitability. Our research reveals that these estimate alterations are directly linked with the stock price performance in the near future. To exploit this, we've formed the Zacks Rank, a quantitative model that includes these estimate changes and presents a viable rating system. The Zacks Rank system, which varies between #1 (Strong Buy) and #5 (Strong Sell), carries an impressive track record of exceeding expectations, confirmed by external audits, with stocks at #1 delivering an average annual return of +25% since 1988. Over the past month, the Zacks Consensus EPS estimate has moved 2.07% lower. Chevron is currently a Zacks Rank #3 (Hold). Looking at its valuation, Chevron is holding a Forward P/E ratio of 10.93. This valuation marks a premium compared to its industry average Forward P/E of 7.12. It's also important to note that CVX currently trades at a PEG ratio of 0.57. The PEG ratio bears resemblance to the frequently used P/E ratio, but this parameter also includes the company's expected earnings growth trajectory. As of the close of trade yesterday, the Oil and Gas - Integrated - International industry held an average PEG ratio of 0.58. The Oil and Gas - Integrated - International industry is part of the Oils-Energy sector. At present, this industry carries a Zacks Industry Rank of 99, placing it within the top 41% of over 250 industries. The strength of our individual industry groups is measured by the Zacks Industry Rank, which is calculated based on the average Zacks Rank of the individual stocks within these groups. Our research shows that the top 50% rated industries outperform the bottom half by a factor of 2 to 1. Be sure to follow all of these stock-moving metrics, and many more, on Zacks.com. Want the latest recommendations from Zacks Investment Research? Today, you can download 7 Best Stocks for the Next 30 Days. Click to get this free report Chevron Corporation (CVX) : Free Stock Analysis Report This article originally published on Zacks Investment Research (zacks.com). Tip: Try a valid symbol or a specific company name for relevant results",https://sg.finance.yahoo.com/news/chevron-cvx-stock-drops-despite-214503829.html
CVX,Chevron (NYSE:CVX) Trading Down 1.7% After Analyst Downgrade - MarketBeat,2026-06-30 21:15:14,"Chevron Corporation (NYSE:CVX - Get Free Report)'s share price fell 1.7% during mid-day trading on Tuesday after Morgan Stanley lowered their price target on the stock from $214.00 to $210.00. Morgan Stanley currently has an overweight rating on the stock. Chevron traded as low as $165.20 and last traded at $165.69. 19,381,589 shares were traded  during mid-day trading, an increase of 65% from the average daily volume of 11,727,348 shares. The stock had previously closed at $168.47. A number of other equities research analysts have also recently commented on CVX. BNP Paribas Exane raised Chevron from a ""neutral"" rating to an ""outperform"" rating and set a $174.00 price objective for the company in a research note on Friday, April 17th. Weiss Ratings lowered Chevron from a ""hold (c+)"" rating to a ""hold (c)"" rating in a research note on Tuesday, June 2nd. Bank of America raised their target price on Chevron from $188.00 to $206.00 and gave the stock a ""buy"" rating in a report on Monday, March 2nd. Citigroup upped their price target on Chevron from $210.00 to $235.00 and gave the company a ""buy"" rating in a research note on Thursday, April 2nd. Finally, Sanford C. Bernstein cut their price target on shares of Chevron from $216.00 to $204.00 and set a ""market perform"" rating on the stock in a research report on Monday, May 11th. Eighteen equities research analysts have rated the stock with a Buy rating, six have assigned  a Hold rating and one  has assigned  a Sell rating to the company. According to data from MarketBeat, Chevron  has an average rating of ""Moderate Buy"" and an average price target of $205.52. In other Chevron news, Director John B. Hess sold 380,000 shares of the business's stock in a transaction dated Wednesday, May 20th. The stock was sold at an average price of $193.20, for a total value of $73,416,000.00. Following the completion of the transaction, the director directly owned 278,045 shares of the company's stock, valued at approximately $53,718,294. The trade was a 57.75% decrease in their ownership of the stock. The transaction was disclosed in a legal filing with the Securities & Exchange Commission, which is accessible through the SEC website. Insiders own  0.56% of the company's stock. Here are the key news stories impacting Chevron this week: Large investors have recently bought and sold shares of the business. Midwest Capital Advisors LLC bought a new stake in  Chevron in the 1st quarter valued at $25,000.  Core Wealth Advisors LLC bought a new position in  Chevron during the 4th quarter worth about $26,000.  Phillip James Consulting Co. bought a new position in  Chevron during the 4th quarter worth about $26,000.  Basso Capital Management L.P. acquired a new stake in shares of  Chevron in the 4th quarter valued at about $27,000.  Finally, Karpus Management Inc. acquired a new stake in shares of  Chevron in the 4th quarter valued at about $27,000. 72.42% of the stock is owned by institutional investors. The stock has a market cap of $329.99 billion, a price-to-earnings ratio of 28.72, a P/E/G ratio of 0.56 and a beta of 0.48. The company has a 50 day simple moving average of $184.71 and a 200-day simple moving average of $180.14. The company has a current ratio of 1.09, a quick ratio of 0.84 and a debt-to-equity ratio of 0.21. Chevron (NYSE:CVX - Get Free Report) last posted its quarterly earnings data on Friday, May 1st. The oil and gas company reported $1.41 earnings per share for the quarter, topping the consensus estimate of $1.00 by $0.41. The company had revenue of $47.56 billion during the quarter, compared to analysts' expectations of $51.86 billion. Chevron had a return on equity of 6.90% and a net margin of 5.79%.Chevron's revenue for the quarter was up 2.1% compared to the same quarter last year. During the same period in the prior year, the firm earned $2.18 earnings per share.  Research analysts expect that  Chevron Corporation will post 15.88 EPS for the current year. The company also recently declared a quarterly dividend, which was paid on Wednesday, June 10th. Shareholders of record on Tuesday, May 19th were given a dividend of $1.78 per share. The ex-dividend date of this dividend was Tuesday, May 19th. This represents a $7.12 dividend on an annualized basis and a yield of 4.3%. Chevron's dividend payout ratio  is 123.40%. Chevron Corporation NYSE: CVX is an American multinational energy company engaged in virtually all aspects of the oil and gas industry. As an integrated energy firm, Chevron's core activities include upstream oil and natural gas exploration and production, midstream transportation and storage, downstream refining and marketing of fuels and lubricants, and petrochemical manufacturing through joint ventures and subsidiaries. The company markets fuels under brands such as Chevron, Texaco and Caltex and supplies a range of products and services to retail customers, industrial users and commercial fleets worldwide. Chevron traces its corporate lineage to the early petroleum companies that eventually became Standard Oil of California and has evolved through significant mergers and restructurings, including the acquisitions of Gulf Oil and Texaco. This instant news alert was generated by narrative science technology and financial data from MarketBeat in order to provide readers with the fastest reporting and unbiased coverage. Please send any questions or comments about this story to contact@marketbeat.com. Before you consider Chevron, you'll want to hear this. MarketBeat keeps track of Wall Street's top-rated and best performing research analysts and the stocks they recommend to their clients on a daily basis. MarketBeat has identified the five stocks that top analysts are quietly whispering to their clients to buy now before the broader market catches on... and Chevron wasn't on the list. While Chevron currently has a Moderate Buy rating among analysts, top-rated analysts believe these five stocks are better buys. With the proliferation of data centers and electric vehicles, the electric grid will only get more strained. Download this report to learn how energy stocks can play a role in your portfolio as the global demand for energy continues to grow. Sign up for MarketBeat All Access to gain access to MarketBeat's full suite of research tools and reports. 345 N Reid Place, Suite 620, Sioux Falls, SD 57103
                                        
                                        contact@marketbeat.com
                                        
                                        (844) 978-6257 © MarketBeat Media, LLC 2010-2026. All rights reserved. © 2026   Fair market value prices are updated every minute and are provided by Massive. Other market data provided is at least 10-minutes delayed and hosted by Barchart Solutions.  Information is provided 'as-is' and solely for informational purposes, not for trading purposes or advice, and is delayed. To see all exchange delays and terms of use please see Barchart's disclaimer.",https://www.marketbeat.com/instant-alerts/chevron-nysecvx-trading-down-17-after-analyst-downgrade-2026-06-30/
CVX,This Energy Stock Pays a 4.2% Dividend That You Can Bank On - The Motley Fool,2026-06-30 20:48:00,"Chevron is one of the market's most reliable energy dividend stocks. Chevron (CVX +2.12%), one of the world's largest integrated energy companies, pays a forward dividend yield of 4.2%. It's raised its dividend annually for 39 consecutive years, putting it on track to become a Dividend King if it maintains that streak for 50 years in a row. Let's see why Chevron will remain a reliable income stock even as oil prices endure some volatile swings. Chevron owns upstream exploration and extraction, midstream pipeline infrastructure, and downstream refining and chemical production businesses. When oil prices rise, upstream businesses flourish as their revenue growth outpaces their expenses -- but downstream businesses can struggle with rising input costs. Declining oil prices can help downstream companies but hurt upstream ones. Midstream companies, which merely charge tolls for using their pipelines, can generate stable profits in both environments. Chevron's scale and diversification across all three markets make it a more reliable, all-weather play on the energy market than stand-alone upstream, midstream, and downstream companies. It has a presence in 180 countries, but most of its oil and natural gas comes from the U.S., Kazakhstan, and Australia rather than the volatile Middle East. Over the past 12 months, Chevron spent 95% of its free cash flow (FCF) on its dividends. That high cash dividend payout might seem like a red flag, but the energy giant has plenty of ways to generate more cash. It's expanding its Tengiz Field in Kazakhstan, upgrading its main field in the Permian Basin, launching new deepwater projects in the Gulf of Mexico, increasing its natural gas production in Australia, and ramping up its presence in Guyana, one of the world's fastest-growing oil regions, through its recent acquisition of Hess. Chevron expects those catalysts to boost its oil and gas production by 2%-3% annually through 2030. To achieve that expansion without crushing its margins, it aims to reduce its structural costs by $3 billion to $4 billion by the end of 2026. Analysts expect its adjusted EPS to nearly double this year, yet its stock still looks like a bargain at 11 times forward earnings. Chevron's stock declined over the past month as oil prices pulled back, but it should easily weather the downturn and continue to raise its dividends. It's been a reliable income stock for nearly four decades, and it will remain a top energy dividend play for the foreseeable future. Leo Sun has no position in any of the stocks mentioned. The Motley Fool has positions in and recommends Chevron. The Motley Fool has a disclosure policy. *Average returns of all recommendations since inception. Cost basis and return based on previous market day close. Invest better with The Motley Fool. Get stock recommendations, portfolio guidance, and more from The Motley Fool's premium services. © 1995 - 2026 The Motley Fool. All rights reserved.",https://www.fool.com/investing/2026/06/30/this-energy-stock-pays-a-x-dividend-that-you-can-b/
CVX,This Energy Stock Pays a 4.2% Dividend That You Can Bank On - The Globe and Mail,2026-06-30 20:09:08,"Chevron has raised its dividend annually for nearly four decades. Its scale, diversification, and low valuation make it a great buy right now. Chevron(NYSE: CVX), one of the world's largest integrated energy companies, pays a forward dividend yield of 4.2%. It's raised its dividend annually for 39 consecutive years, putting it on track to become a Dividend King if it maintains that streak for 50 years in a row. Let's see why Chevron will remain a reliable income stock even as oil prices endure some volatile swings. Missed Nvidia in 2009? This Rare Signal Is Flashing Again.In 2009, a ""Double Down"" signal flashed for a little-known chipmaker called Nvidia. For the first time in years, that same ""Total Conviction"" signal is flashing for a company 1/100th the size of Nvidia. Continue » Chevron owns upstream exploration and extraction, midstream pipeline infrastructure, and downstream refining and chemical production businesses. When oil prices rise, upstream businesses flourish as their revenue growth outpaces their expenses -- but downstream businesses can struggle with rising input costs. Declining oil prices can help downstream companies but hurt upstream ones. Midstream companies, which merely charge tolls for using their pipelines, can generate stable profits in both environments. Chevron's scale and diversification across all three markets make it a more reliable, all-weather play on the energy market than stand-alone upstream, midstream, and downstream companies. It has a presence in 180 countries, but most of its oil and natural gas comes from the U.S., Kazakhstan, and Australia rather than the volatile Middle East. Over the past 12 months, Chevron spent 95% of its free cash flow (FCF) on its dividends. That high cash dividend payout might seem like a red flag, but the energy giant has plenty of ways to generate more cash. It's expanding its Tengiz Field in Kazakhstan, upgrading its main field in the Permian Basin, launching new deepwater projects in the Gulf of Mexico, increasing its natural gas production in Australia, and ramping up its presence in Guyana, one of the world's fastest-growing oil regions, through its recent acquisition of Hess. Chevron expects those catalysts to boost its oil and gas production by 2%-3% annually through 2030. To achieve that expansion without crushing its margins, it aims to reduce its structural costs by $3 billion to $4 billion by the end of 2026. Analysts expect its adjusted EPS to nearly double this year, yet its stock still looks like a bargain at 11 times forward earnings. Chevron's stock declined over the past month as oil prices pulled back, but it should easily weather the downturn and continue to raise its dividends. It's been a reliable income stock for nearly four decades, and it will remain a top energy dividend play for the foreseeable future. The Motley Fool Stock Advisor analyst team just identified what they believe are the 10 best stocks for investors to buy now… and Chevron wasn’t one of them. The 10 stocks that made the cut could produce monster returns in the coming years. Consider when Netflix made this list on December 17, 2004... if you invested $1,000 at the time of our recommendation, you’d have $397,890!* Or when Nvidia made this list on April 15, 2005... if you invested $1,000 at the time of our recommendation, you’d have $1,196,664!* Now, it’s worth noting Stock Advisor’s total average return is 902% — a market-crushing outperformance compared to 207% for the S&P 500. Don't miss the latest top 10 list, available with Stock Advisor, and join an investing community built by individual investors for individual investors. Leo Sun has no position in any of the stocks mentioned. The Motley Fool has positions in and recommends Chevron. The Motley Fool has a disclosure policy. All market data (will open in new tab) is provided by Barchart Solutions. Copyright © 2026. Information is provided 'as is' and solely for informational purposes, not for trading purposes or advice. For exchange delays and terms of use, please read disclaimer (will open in new tab). © Copyright 2026 The Globe and Mail Inc. All rights reserved.",https://www.theglobeandmail.com/investing/markets/stocks/CVX-N/pressreleases/3062760/this-energy-stock-pays-a-4-2-dividend-that-you-can-bank-on/
CVX,Is Chevron (NYSE:CVX) Gaining Fresh Institutional Interest? - Kalkine Media,2026-06-30 15:52:00,"Hey ! We have sent you a verification e-mail. Please follow the instructions on the e-mail to complete your registration. If you can't find it,
                    Please check your spam folder Genpact (NYSE:G) AI Push Sparks Fresh Market Buzz Goldman Sachs (NYSE:GS) Value Shift In Russell 1000? Why Chegg (NYSE:CHGG) Is Facing Fresh Market Pressure? Planet Labs (NYSE:PL) Pullback Puts Space Data In Focus Make Kalkine Media

                                       My Trusted Source Chevron remains in focus as institutional activity, dividend strength, and energy market trends shape sentiment. Chevron (NYSE:CVX), a major integrated oil and gas company, has drawn renewed market attention after fresh institutional activity placed the stock back in focus. The update showed Patriot Financial Group Insurance Agency increasing its position during the latest reporting period, adding to broader interest around Chevron’s operating results, dividend profile, energy market exposure, and recent share movement. As a member of the S&P 500, Chevron remains one of the most closely tracked energy names as market participants assess how institutional positioning, crude oil trends, and company-level performance are shaping its outlook. Chevron moved into sharper focus after Patriot Financial Group Insurance Agency significantly expanded its position in the company. The filing showed that the firm increased its stake during the latest quarter, ending the period with a larger share base than before. Institutional activity can draw attention because it reflects how professional money managers are adjusting exposure to large-cap companies. In Chevron’s case, the increase comes at a time when energy markets remain active due to crude price movement, global supply conditions, and changing expectations around large integrated producers. Chevron’s scale makes it a central name in the U.S.
  


    energy stock
   


   market. The company operates across exploration, production, refining, transportation, chemicals, and marketing. This integrated structure allows it to participate across different stages of the energy value chain, giving the business exposure to both upstream production and downstream operations. The institutional update does not stand alone. Other firms also adjusted their Chevron positions during the same reporting period, showing that the company remains widely followed within major portfolios. For a large energy company, these ownership shifts can become part of a broader discussion around valuation, dividend strength, and commodity-linked performance. Chevron’s recent quarterly update also added to the market conversation. The company reported stronger-than-expected per-share results, while revenue reflected the broader dynamics affecting the oil and gas industry. The result highlighted Chevron’s ability to navigate an environment shaped by energy price changes, production trends, and operating cost pressures. Integrated energy companies often experience moving conditions across different business segments, as upstream operations respond to commodity pricing while downstream operations reflect refining margins and product demand. Chevron’s performance remains closely connected to crude oil and natural gas markets. When energy prices strengthen, upstream activity can support cash generation. When prices soften, operational efficiency and cost discipline become even more important. The latest update also showed that Chevron continues to operate with a large balance sheet and a substantial global footprint. Its business includes major projects across different regions, making execution an important factor in future performance. For readers tracking
  


    Dividend Yield
   


   , Chevron’s shareholder-return profile remains a key part of its market identity. The company’s dividend announcement kept income-focused attention on the stock, especially as energy names continue to play a major role in broader market income discussions. Chevron’s dividend remains one of the most closely followed parts of the company’s story. The company recently paid a quarterly dividend, reinforcing its standing among major U.S. energy businesses known for regular shareholder distributions. Dividend policy is especially important for mature integrated energy companies because many market participants view these stocks through the lens of cash generation, balance sheet strength, and distribution consistency. Chevron’s dividend profile remains tied to its ability to manage commodity cycles while funding projects and maintaining operational flexibility. The dividend also places Chevron within broader market discussions around NYSE dividend yield scan, especially as income-focused strategies continue to compare large energy companies with other dividend-paying sectors. However, dividend strength depends on more than one quarterly payment. It also relies on commodity prices, project performance, cost management, capital spending, and overall financial discipline. For Chevron, this means the dividend story remains closely linked with the company’s ability to sustain cash flow through different energy market conditions. The latest payout keeps Chevron relevant among U.S. energy names where income, scale, and commodity exposure all matter at the same time. Chevron’s market position remains tied to the broader oil and gas environment. The company operates as a global integrated energy producer with exposure to crude oil, natural gas, refining, chemicals, and fuel distribution. Energy markets have been shaped by global supply concerns, geopolitical tension, demand trends, and project development cycles. Chevron’s size gives it access to major resource basins, while its downstream operations provide additional exposure to refined product markets. The company’s connection to large-scale energy infrastructure also keeps it relevant to broader industrial development themes. Major energy projects often require pipelines, processing facilities, export systems, and long-term logistics support, connecting Chevron’s activity with Infra real estate themes across the U.S. market. Chevron’s latest trading movement also showed that the stock remains sensitive to market sentiment. Large-cap energy shares can move with crude oil prices, company results, dividend updates, and ownership filings. This makes Chevron a name that often sits at the centre of discussions around energy exposure and defensive income characteristics. Still, the business faces clear variables. Commodity markets remain unpredictable, regulatory pressure continues affecting the energy sector, and major project delivery requires careful execution. Chevron’s future direction will likely depend on how well it balances production growth, capital discipline, dividend commitments, and operational efficiency. Chevron (NYSE:CVX), valuation remains an active discussion after the latest institutional update, recent trading movement, dividend announcement, and quarterly results. Some market observers may focus on the company’s scale, dividend profile, and energy exposure, while others may watch valuation metrics, commodity sensitivity, and operating trends. The stock’s recent movement showed that sentiment can shift even around large and established companies. For Chevron, valuation depends heavily on expectations for crude prices, production activity, refining conditions, dividend sustainability, and cost discipline. Institutional ownership trends add another layer to this valuation debate. A larger position from one firm may suggest confidence in the company’s long-term profile, while insider activity may prompt additional attention around timing and sentiment. The content, including but not limited to any articles, news, quotes, information, data, text, reports, ratings, opinions, images, photos, graphics, graphs, charts, animations and video (Content) is a service of Kalkine Media LLC (Kalkine Media, we or us) and is available for personal and non-commercial use only. The principal purpose of the Content is to educate and inform.  The Content does not contain or imply any recommendation or opinion intended to influence your financial decisions and must not be relied upon by you as such. Some of the Content on this website may be sponsored/non-sponsored, as applicable, but is NOT a solicitation or recommendation to buy, sell or hold the stocks of the company(s) or engage in any investment activity under discussion. Kalkine Media is neither licensed nor qualified to provide investment advice through this platform. Users should make their own enquiries about any investments and Kalkine Media strongly suggests the users to seek advice from a financial adviser, stockbroker or other professional (including taxation and legal advice), as necessary. Kalkine Media hereby disclaims any and all the liabilities to any user for any direct, indirect, implied, punitive, special, incidental or other consequential damages arising from any use of the Content on this website, which is provided without warranties.
The views expressed in the Content by the guests, if any, are their own and do not necessarily represent the views or opinions of Kalkine Media. Some of the images/music that may be used on this website are copyright to their respective owner(s). Kalkine Media does not claim ownership of any of the pictures/music displayed/used on this website unless stated otherwise. The images/music that may be used on this website are taken from various sources on the internet, including paid subscriptions or are believed to be in public domain. We have used reasonable efforts to accredit the source (public domain/CC0 status) to where it was found and indicated it, as necessary. Welcome to Kalkine Media Pty Ltd. website. Your website access and usage is governed by the
                    applicable  Terms of Use
                    & Privacy Policy. Welcome to Kalkine Media LLC website. Your website access and usage is governed by the applicable Terms and Conditions &
                    Privacy Policy. Welcome to Kalkine Media New Zealand Limited website. Your website access and usage is governed by
                    the applicable Terms and
                        Conditions & Privacy
                        Policy. Welcome to Kalkine Media Incorporated website. Your website access and usage is governed by the
                    applicable Terms and
                        Conditions & Privacy
                        Policy. Welcome to Kalkine Media Limited website. Your website access and usage is governed by the
                    applicable Terms of Use &
                    Privacy Policy. Welcome to Kalkine Media Limited website. Your website access and usage is governed by the
                    applicable Terms of Use &
                    Privacy Policy. Welcome to Kalkine Media Limited website. Your website access and usage is governed by the
                    applicable Terms of Use &
                    Privacy Policy. Welcome to Kalkine Media Limited website. Your website access and usage is governed by the
                    applicable Terms of Use &
                    Privacy Policy. Welcome to Kalkine Media Limited website. Your website access and usage is governed by the
                    applicable Terms of Use &
                    Privacy Policy. Welcome to Kalkine Media Limited website. Your website access and usage is governed by the
                    applicable Terms of Use &
                    Privacy Policy. Welcome to Kalkine Media Limited website. Your website access and usage is governed by the
                    applicable Terms of Use &
                    Privacy Policy. Welcome to Kalkine Media Limited website. Your website access and usage is governed by the
                    applicable Terms of Use &
                    Privacy Policy. Welcome to Kalkine Media Limited website. Your website access and usage is governed by the
                    applicable Terms of Use &
                    Privacy Policy. Welcome to Kalkine Media Limited website. Your website access and usage is governed by the
                    applicable Terms of Use &
                    Privacy Policy. Welcome to Kalkine Media Limited website. Your website access and usage is governed by the
                    applicable Terms of Use
                    & Privacy Policy. Welcome to Kalkine Media Limited website. Your website access and usage is governed by the
                    applicable Terms of Use &
                    Privacy Policy. Welcome to Kalkine Media Limited website. Your website access and usage is governed by the
                    applicable Terms of Use &
                    Privacy Policy. Welcome to Kalkine Media Limited website. Your website access and usage is governed by the
                    applicable Terms of Use &
                    Privacy Policy. Welcome to Kalkine Media Limited website. Your website access and usage is governed by the
                    applicable Terms of Use &
                    Privacy Policy. Welcome to Kalkine Media Limited website. Your website access and usage is governed by the
                    applicable Terms of Use &
                    Privacy Policy. مرحبًا بكم في موقع Kalkine Media Limited. يخضع الوصول إلى موقع الويب الخاص بك واستخدامه لما هو معمول
                    بهشروط الاستخدام & سياسة الخصوصية. Bienvenue sur le site Web de Kalkine Media Limited. L'accès et l'utilisation de votre site Web sont
                    régis par les Conditions
                        d'utilisation & Politique
                        de confidentialité. Bienvenido al sitio web de Kalkine Media Limited. El acceso y el uso de su sitio web se rigen por
                    los Términos de uso y Política de privacidad. Willkommen auf der Website von Kalkine Media Limited. Der Zugriff und die Nutzung Ihrer Website
                    unterliegen den geltenden Nutzungsbedingungen & Datenschutzerklärung. Willkommen auf der Website von Kalkine Media Limited. Der Zugriff und die Nutzung Ihrer Website
                    unterliegen den geltenden Nutzungsbedingungen & Datenschutzerklärung.",https://kalkinemedia.com/us/stocks/energy/is-chevron-nysecvx-gaining-fresh-institutional-interest
CVX,Chevron stock price forecast: $165.1 support as CVX trades flat - Traders Union,2026-06-30 15:27:47,"This website is using a security service to protect itself from online attacks. The action you just performed triggered the security solution. There are several actions that could trigger this block including submitting a certain word or phrase, a SQL command or malformed data. You can email the site owner to let them know you were blocked. Please include what you were doing when this page came up and the Cloudflare Ray ID found at the bottom of this page. Cloudflare Ray ID: a15265749f64eb57
•

        Your IP:
        Click to reveal
74.235.126.81
•

Performance & security by Cloudflare",https://tradersunion.com/news/financial-news/show/2533765-chevron-slips-0-51percent-to-usd167-59/
CVX,3 Integrated Energy Stocks to Gain From Promising Industry Trend - The Globe and Mail,2026-06-30 14:57:34,"The Zacks Oil and Gas Integrated International industry covers companies primarily involved in upstream, midstream and downstream operations. These companies have upstream businesses in the United States (including prolific shale plays and the deepwater Gulf of Mexico), Asia, South America, Africa, Australia and Europe. Midstream operations of energy companies entail transporting oil, natural gas liquids and refined petroleum products. In downstream businesses, the firms buy raw crude to produce refined petroleum products. The companies’ downstream activities involve chemical businesses that manufacture raw materials for making plastics. The integrated players are now gradually focusing on renewables, leading to the energy transition. The firms aim to lower emissions from operations and cut the carbon intensity of the products sold. Favorable Oil Price to Aid Cash Flows: The price of West Texas Intermediate (“WTI”) crude is hovering around the $70 per barrel mark. The oil price is significantly higher than the shut-in prices of key resources in the United States, which is still promising for the exploration and production business of integrated players in the industry. Sturdy Midstream Demand: With the possibility of upstream activities remaining advantageous, thanks to handsome commodity prices, oil and gas production is expected to stay satisfactory. This will likely boost the demand for pipeline and storage assets since more commodities will need to be transported and stored. Importantly, the midstream business has lower exposure to commodity price volatility since shippers generally book pipeline assets for the long term, thereby generating stable fee-based revenues. Business Diversification: International integrated energy companies are gradually investing in the renewable business. Thus, by diversifying operations, companies will be able to capitalize on the mounting demand for cleaner energy. The Zacks Oil and Gas Integrated International industry is part of the broader Zacks Oil - Energy sector. The industry carries a Zacks Industry Rank #99, which places it in the top 40% of more than 250 Zacks industries. The group’s Zacks Industry Rank, which is basically the average of the Zacks Rank of all the member stocks, indicates bright near-term prospects. Our research shows that the top 50% of the Zacks-ranked industries outperform the bottom 50% by a factor of more than 2 to 1. Before we present a few stocks that you may want to bet on or keep an eye on, let’s take a look at the industry’s recent stock market performance and valuation picture. The Zacks Oil and Gas Integrated International industry has outperformed the Zacks S&P 500 composite over the past year, but lagged the broader Zacks Oil - Energy sector over the same time frame. The industry has rallied 23.5% over this period compared with the S&P 500’s surge of 22% and the broader sector’s improvement of 24.7%. Since oil and gas companies are debt-laden, it makes sense to value them based on the Enterprise Value/Earnings before Interest, Tax, Depreciation and Amortization (EV/EBITDA) ratio. This is because the valuation metric takes not just equity into account but also the level of debt. On the basis of the trailing 12-month EV/EBITDA, the industry is currently trading at 5.93X, lower than the S&P 500’s 18.21X. It is also below the sector’s trailing 12-month EV/EBITDA of 6.50X. Over the past five years, the industry has traded as high as 7.37X and as low as 2.79X, with a median of 4.18X. BP is an integrated energy giant and is well-positioned to capitalize on oil prices, which are still promising, through its upstream operations. Increasing global demand for LNG will continue to support natural gas. Therefore, BP, currently carrying a Zacks Rank #3 (Hold), is well-positioned to benefit from the rising demand for clean energy.  You can see the complete list of today’s Zacks #1 Rank (Strong Buy) stocks here. With upstream businesses contributing the most to its earnings, ExxonMobil’s business outlook seems promising, thanks to handsome oil prices. Investors should also keep in mind that #3 Ranked XOM, has a strong balance sheet, on which it could rely during an unfavorable business environment. The debt to capitalization of ExxonMobil is at 15.44%, lower than the 29.6% of the industry’s composite stocks. Coming to the integrated energy giant’s dividend commitment story, over the past 43 years, ExxonMobil has been rewarding its shareholders with annual dividend hikes at an average rate of 5.8%. Chevron is an integrated energy giant with a stable business model. In the Permian, the most prolific basin in the United States, CVX, with a Zacks Rank of 3, has a strong footprint. Also, the company has a pristine balance sheet with significantly lower debt capital exposure than the industry’s composite stocks. Quantum Computing is the next technological revolution, and it could be even more advanced than AI. While some believed the technology was years away, it is already present and moving fast. Large hyperscalers, such as Microsoft, Google, Amazon, Oracle, and even Meta and Tesla, are scrambling to integrate quantum computing into their infrastructure. Senior Stock Strategist Kevin Cook reveals 7 carefully selected stocks poised to dominate the quantum computing landscape in his report, Beyond AI: The Quantum Leap in Computing Power. Kevin was among the early experts who recognized NVIDIA's enormous potential back in 2016. Now, he has keyed in on what could be ""the next big thing"" in quantum computing supremacy. Today, you have a rare chance to position your portfolio at the forefront of this opportunity. This article originally published on Zacks Investment Research (zacks.com). All market data (will open in new tab) is provided by Barchart Solutions. Copyright © 2026. Information is provided 'as is' and solely for informational purposes, not for trading purposes or advice. For exchange delays and terms of use, please read disclaimer (will open in new tab). © Copyright 2026 The Globe and Mail Inc. All rights reserved.",https://www.theglobeandmail.com/investing/markets/stocks/CVX/pressreleases/3057156/3-integrated-energy-stocks-to-gain-from-promising-industry-trend/
CVX,Chevron (NYSE:CVX) Stays Central To Oil and Gas Stocks Watch - Kalkine Media,2026-06-30 12:13:00,"Hey ! We have sent you a verification e-mail. Please follow the instructions on the e-mail to complete your registration. If you can't find it,
                    Please check your spam folder Genpact (NYSE:G) AI Push Sparks Fresh Market Buzz Goldman Sachs (NYSE:GS) Value Shift In Russell 1000? Why Chegg (NYSE:CHGG) Is Facing Fresh Market Pressure? Planet Labs (NYSE:PL) Pullback Puts Space Data In Focus Make Kalkine Media

                                       My Trusted Source Chevron drew attention as crude markets steadied after easing geopolitical tensions, with its integrated energy operations across production, refining, and chemicals remaining central to sector discussion. Chevron (NYSE:CVX) came into focus as crude prices eased after a US-Iran framework helped calm supply-chain concerns across global energy markets. The integrated energy major remains closely watched across the S&P 500, given its broad presence in upstream production, refining, chemicals, and global energy distribution. As equity markets moved higher and oil rebounded from recent weakness, Chevron’s scale and diversified operations kept it central to the wider energy conversation. The
  


    Oil and Gas Stocks
   


   sector remains central to the global economy, supplying fuel for transport, industry, power generation, and petrochemical production. Companies operating in this space are closely tied to changes in crude prices, shipping routes, inventory levels, and geopolitical developments. Recent easing in energy tensions helped calm concerns around supply movement. This shift brought renewed attention to large integrated companies that operate across several stages of the energy value chain. Chevron is an integrated energy company with operations spanning crude production, refining, marketing, and chemicals. Its upstream division focuses on exploration and production, while its downstream business converts crude into fuels and related products. The company’s chemicals operations add another layer to its business, producing materials used across industrial, packaging, construction, and consumer markets. This integrated model allows Chevron (NYSE:CVX) to operate across multiple parts of the energy chain rather than relying on a single business line. Chevron’s integrated structure is important during changing crude market conditions. When crude prices move lower, refining operations may benefit from reduced feedstock costs. When crude prices move higher, production operations may gain greater relevance. This balance helps explain why integrated energy majors often remain in focus during volatile market periods. Chevron’s broad operating base gives it exposure to both crude production and refined product demand. Energy supply chains remain a major factor for global
  


    Oil and Gas Stocks
   


   markets. Crude must move from production regions to refineries and then into finished product markets through pipelines, ports, tankers, and distribution networks. Any disruption to shipping routes can affect market sentiment. The recent easing of tensions helped improve confidence around energy movement, although caution remains part of the broader market backdrop. For Chevron, smooth movement of crude and refined products remains important because of its global footprint. Crude prices influence energy companies, inflation expectations, transport costs, and broader market sentiment. When oil weakens, upstream businesses may face pressure, while consumers and refiners may see some relief. The recent market setting showed this mixed picture. Oil eased after geopolitical tensions cooled, while equity benchmarks climbed. This created a layered environment for energy companies, with Chevron remaining visible due to its scale and diversified structure. Chevron’s downstream refining operations play an important role in its business. Refineries convert crude into gasoline, diesel, jet fuel, and other products used across the economy. Refining performance depends on product demand, crude input costs, facility efficiency, and regional supply conditions. During periods of shifting oil prices, downstream operations can help shape how integrated energy companies respond to market movement. Chevron’s chemicals exposure adds another dimension to its integrated model. Chemical products are used across packaging, construction, automotive, and industrial applications. This business connects the company with demand beyond traditional fuel markets. It also highlights how major energy companies remain involved in materials used across many parts of the economy. The broader market environment was constructive as major US indices moved higher. Energy names traded against a backdrop of easing crude concerns and improving equity sentiment. Chevron’s (NYSE:CVX) role as a major energy company kept it relevant during this session. Its position across production, refining, and chemicals made it a key name to watch as markets assessed the impact of calmer supply conditions. Several trends continue shaping the energy sector. Inventory levels remain closely watched, especially when seasonal demand increases. Shipping security is also important, as global crude movement depends on reliable maritime routes. Another major theme is the evolving energy mix. While hydrocarbons remain deeply embedded in the global economy, energy companies continue adjusting operations to meet changing expectations around efficiency, reliability, and emissions. Chevron operates among a small group of global integrated energy majors. These companies compete across production, refining, chemicals, and global distribution. Its scale, infrastructure base, and diversified operations help define its market position. Compared with companies focused only on production or refining, Chevron’s integrated structure provides exposure across multiple stages of the energy chain. Chevron’s importance extends beyond the energy sector. As a major US-listed company, its movement can influence broader market sentiment around energy, inflation, industrial activity, and global stability. When crude prices shift due to geopolitical developments, companies such as Chevron often become part of the wider market discussion. Its global operations and integrated structure make it a central name within
  


    Oil and Gas Stocks
   


   . The content, including but not limited to any articles, news, quotes, information, data, text, reports, ratings, opinions, images, photos, graphics, graphs, charts, animations and video (Content) is a service of Kalkine Media LLC (Kalkine Media, we or us) and is available for personal and non-commercial use only. The principal purpose of the Content is to educate and inform.  The Content does not contain or imply any recommendation or opinion intended to influence your financial decisions and must not be relied upon by you as such. Some of the Content on this website may be sponsored/non-sponsored, as applicable, but is NOT a solicitation or recommendation to buy, sell or hold the stocks of the company(s) or engage in any investment activity under discussion. Kalkine Media is neither licensed nor qualified to provide investment advice through this platform. Users should make their own enquiries about any investments and Kalkine Media strongly suggests the users to seek advice from a financial adviser, stockbroker or other professional (including taxation and legal advice), as necessary. Kalkine Media hereby disclaims any and all the liabilities to any user for any direct, indirect, implied, punitive, special, incidental or other consequential damages arising from any use of the Content on this website, which is provided without warranties.
The views expressed in the Content by the guests, if any, are their own and do not necessarily represent the views or opinions of Kalkine Media. Some of the images/music that may be used on this website are copyright to their respective owner(s). Kalkine Media does not claim ownership of any of the pictures/music displayed/used on this website unless stated otherwise. The images/music that may be used on this website are taken from various sources on the internet, including paid subscriptions or are believed to be in public domain. We have used reasonable efforts to accredit the source (public domain/CC0 status) to where it was found and indicated it, as necessary. Welcome to Kalkine Media Pty Ltd. website. Your website access and usage is governed by the
                    applicable  Terms of Use
                    & Privacy Policy. Welcome to Kalkine Media LLC website. Your website access and usage is governed by the applicable Terms and Conditions &
                    Privacy Policy. Welcome to Kalkine Media New Zealand Limited website. Your website access and usage is governed by
                    the applicable Terms and
                        Conditions & Privacy
                        Policy. Welcome to Kalkine Media Incorporated website. Your website access and usage is governed by the
                    applicable Terms and
                        Conditions & Privacy
                        Policy. Welcome to Kalkine Media Limited website. Your website access and usage is governed by the
                    applicable Terms of Use &
                    Privacy Policy. Welcome to Kalkine Media Limited website. Your website access and usage is governed by the
                    applicable Terms of Use &
                    Privacy Policy. Welcome to Kalkine Media Limited website. Your website access and usage is governed by the
                    applicable Terms of Use &
                    Privacy Policy. Welcome to Kalkine Media Limited website. Your website access and usage is governed by the
                    applicable Terms of Use &
                    Privacy Policy. Welcome to Kalkine Media Limited website. Your website access and usage is governed by the
                    applicable Terms of Use &
                    Privacy Policy. Welcome to Kalkine Media Limited website. Your website access and usage is governed by the
                    applicable Terms of Use &
                    Privacy Policy. Welcome to Kalkine Media Limited website. Your website access and usage is governed by the
                    applicable Terms of Use &
                    Privacy Policy. Welcome to Kalkine Media Limited website. Your website access and usage is governed by the
                    applicable Terms of Use &
                    Privacy Policy. Welcome to Kalkine Media Limited website. Your website access and usage is governed by the
                    applicable Terms of Use &
                    Privacy Policy. Welcome to Kalkine Media Limited website. Your website access and usage is governed by the
                    applicable Terms of Use &
                    Privacy Policy. Welcome to Kalkine Media Limited website. Your website access and usage is governed by the
                    applicable Terms of Use
                    & Privacy Policy. Welcome to Kalkine Media Limited website. Your website access and usage is governed by the
                    applicable Terms of Use &
                    Privacy Policy. Welcome to Kalkine Media Limited website. Your website access and usage is governed by the
                    applicable Terms of Use &
                    Privacy Policy. Welcome to Kalkine Media Limited website. Your website access and usage is governed by the
                    applicable Terms of Use &
                    Privacy Policy. Welcome to Kalkine Media Limited website. Your website access and usage is governed by the
                    applicable Terms of Use &
                    Privacy Policy. Welcome to Kalkine Media Limited website. Your website access and usage is governed by the
                    applicable Terms of Use &
                    Privacy Policy. مرحبًا بكم في موقع Kalkine Media Limited. يخضع الوصول إلى موقع الويب الخاص بك واستخدامه لما هو معمول
                    بهشروط الاستخدام & سياسة الخصوصية. Bienvenue sur le site Web de Kalkine Media Limited. L'accès et l'utilisation de votre site Web sont
                    régis par les Conditions
                        d'utilisation & Politique
                        de confidentialité. Bienvenido al sitio web de Kalkine Media Limited. El acceso y el uso de su sitio web se rigen por
                    los Términos de uso y Política de privacidad. Willkommen auf der Website von Kalkine Media Limited. Der Zugriff und die Nutzung Ihrer Website
                    unterliegen den geltenden Nutzungsbedingungen & Datenschutzerklärung. Willkommen auf der Website von Kalkine Media Limited. Der Zugriff und die Nutzung Ihrer Website
                    unterliegen den geltenden Nutzungsbedingungen & Datenschutzerklärung.",https://kalkinemedia.com/us/stocks/oil-gas/chevron-nysecvx-stays-central-to-oil-and-gas-stocks-watch
CVX,XOM Or CVX? Wall Street Sees More Upside In One Oil Major - Stocktwits,2026-06-30 10:01:51,"As oil prices edge higher amid intense global uncertainty stemming from the war between the U.S. and Iran, energy stocks are back in focus. Exxon Mobil Corp. (XOM) and Chevron Corp. (CVX) are two of the largest and most prominent American oil majors that stand to gain from the rally in energy markets, as crude oil prices remain above $100 a barrel. While both companies offer exposure to the oil trade, Wall Street consensus estimates suggest that one of these stocks may be the better bet, even as retail interest in both continues to grow. The Spring, Texas-based oil giant has a strong upward trajectory this year in light of the global oil supply disruptions due to the blockage of the Strait of Hormuz. XOM stock has risen more than 30% in 2026 alone, hitting an all-time high of $176.41 at the height of the crisis in late March. In its latest earnings report, Exxon posted revenues of $85.14 billion, surging past Wall Street expectations of $81.13 billion, and reported adjusted earnings of $1.16 per share despite a $700 million hit on closed hedges due to the war in the Middle East. Profit was driven by higher crude prices and record production in Guyana, where the company said net production in the first quarter set a new quarterly record of over 900,000 gross barrels per day. The company said that since 2019, it has removed more than $15 billion in structural costs, and expects this to reach $20 billion by 2030. Exxon also posted strong cash flow from operations of $8.7 billion for the quarter. Chevron, which is headquartered in Houston, has also climbed significantly in 2026, rising nearly 26% so far this year. In its first-quarter (Q1), the company’s adjusted earnings per share of $1.41 beat analyst expectations, although revenues of $48.61 billion missed estimates. The softer top-line performance comes amid ongoing headwinds for operations, including war-related production disruptions and specific asset legal charges. The company’s shares also touched an all-time high around March. However, last week, Berkshire Hathaway Inc. said that it had sold about $8 billion worth of Chevron shares in the first quarter, reducing its position by about a third. Analysts on Wall Street have a 12-month average price target of $168.32 on XOM shares, indicating an upside potential of about 5% compared to its last close, as per Koyfin data. Of the 25 analysts covering the stock, 11 have a ‘Buy’ or higher rating on the shares, while 13 have a ‘Hold’ rating and one analyst has a ‘Sell’ rating. Meanwhile, the platform’s data shows that the 12-month average price target of $214.87 on Chevron shares indicates an upside potential of about 9.5%, signaling that Wall Street sees CVX shares having more room to grow. Of the 25 analysts covering the stock, 18 have a rating of ‘Buy’ or higher. The forward price-to-earnings (P/E) ratio of CVX is also more attractive than XOM’s. According to data from Koyfin, CVX has a forward P/E ratio of 12.6x, while XOM has a forward P/E ratio of 13.3x, suggesting that investors are paying slightly less for Chevron’s expected future earnings. On Stocktwits, retail sentiment around XOM stock was in the ‘bearish’ territory amid ‘high’ message volumes at the time of writing. Platform data also shows that retail chatter jumped by more than 230% over 24 hours. Meanwhile, retail sentiment around CVX stock improved from the ‘bearish’ to ‘neutral’ territory, even as retail chatter jumped 300% in a day. On Light, Sweet Crude Oil Futures (CL_F), retail sentiment was in the ‘bearish’ territory amid ‘high’ message volumes. For updates and corrections, email newsroom[at]stocktwits[dot]com. Comments posted here will also appear on symbol pages. Shares of Charter Communications Inc. (CHTR) climbed nearly 1% in Monday’s overnight trade and garnered significant retail attention after a company director reported a purchase worth nearly $1.4 million in its common stock. On Stocktwits, retail chatter around the broadband and cable operator jumped 238.5% over the past 24 hours, as per platform data, amid ‘bullish’ sentiment. Mauricio Ramos, a director at the company, purchased 9,929 Class A common stock on May 15, as per a filing with the U.S. Securities and Exchange Commission. Ramos purchased the shares at a weighted average price of $140.9314 per share, for a total value of about $1,399 million. After the transaction, Ramos directly owns 19,309 shares of the company. On Monday, Charter Communications announced that its Spectrum internet service launched ultra-low latency connectivity powered by L4S (Low Latency, Low Loss, Scalable Throughput) technology. The L4S technology is designed to reduce delays in real-time applications such as gaming, AI tools, and video calls, the company said. The feature is already available in Dallas–Fort Worth, Reno, Rochester, and St. Louis, with a broader rollout planned across the country. Retail traders on Stocktwits actively discussed the insider buy. One user noted Ramos’ purchase, adding, “Insiders are voting with their pocket books.  This will start to catch people's eyes soon.” Another bullish user said, “could see a big short squeeze soon here.” CHTR stock has declined more than 32% so far this year. Meanwhile, the Communication Services Select Sector SPDR Fund (XLC), which invests in telecommunications and media companies, has gained 0.07% in the same time. For updates and corrections, email newsroom[at]stocktwits[dot]com. Comments posted here will also appear on symbol pages. Rocket Lab USA (RKLB) outlined a series of upcoming events this week, including a fresh Electron launch for Japanese satellite operator Synspective, a NASA-backed fuel storage mission, and a shareholder voting reminder tied to the company’s annual meeting. The stock is on track for a third week of gains after notching a fresh all-time high on Monday’s trading session. Rocket Lab on Monday confirmed its next Electron mission for Japanese Earth-imaging company Synspective Inc. will launch no earlier than May 22 from Launch Complex 1 in New Zealand. In a post on the X platform, the company said the mission, nicknamed “Viva La StriX,” will deploy another synthetic-aperture radar satellite to Synspective’s growing constellation. The upcoming launch will represent the ninth Electron mission supporting Synspective’s StriX satellite network. The radar satellites are designed to capture Earth observation data regardless of weather or lighting conditions. On Sunday, the California-based launch provider said its upcoming LOXSAT mission will carry technology developed by Eta Space aboard an Electron rocket later this year. The mission aims to study cryogenic propellant storage and handling capabilities in low Earth orbit, technology viewed as critical for long-duration space travel and orbital refueling systems. Rocket Lab stated that it will provide both the launch vehicle and spacecraft platform for the LOXSAT mission in partnership with NASA and Eta Space. Rocket Lab stock traded over 1% lower Overnight, heading into Tuesday. RKLB’s revenue growth and development on its Neutron rocket programs has made it a growing challenger to Elon Musk-led SpaceX in commercial launches and defense-related space services. Separately, Rocket Lab urged investors to submit votes on the Board’s various recommendations ahead of its May 20, shareholder deadline linked to the company’s annual meeting. For its fiscal first-quarter (Q1), the company reported a revenue of $200.3 million, marking a 63.5% year-on-year increase, while its contract backlog expanded to a record $2.2 billion. The company also said that launch activity during Q1 exceeded the total number of missions completed throughout all of 2025. On Stocktwits, retail sentiment around the stock changed to ‘bearish’ from ‘neutral’ territory the previous day. A user said, “my target was 120…..   And now I wouldn’t be surprised to see 200 :) Just got that feeling”. Another user said, “I sold last week but bought back just want to see which direction this is heading to and i didn't want to miss the boat.” Also See: HD Stock: Stifel Turns More Cautious Ahead Of Earnings Report, Warns Of Cooling Demand For updates and corrections, email newsroom[at]stocktwits[dot]com. Comments posted here will also appear on symbol pages. Shares of Hims & Hers Health, Inc. (HIMS) slipped 0.4% in overnight trading heading into Tuesday after the telehealth firm increased its convertible debt offering to $350 million as it ramps up funding for its proposed Eucalyptus acquisition and broader AI healthcare expansion plans. HIMS stock slumped 11% on Monday to record its lowest levels in over a month. Hims & Hers said it priced $350 million of 0.00% convertible senior notes due 2032, increasing the size of the offering from the previously announced $300 million. The company also granted purchasers an option to buy an additional $52.5 million in notes. The company estimates net proceeds of $338.5 million, or about $389.5 million if the additional option is fully exercised. Hims said the proceeds will help preserve financial flexibility while supporting its international expansion strategy, including the proposed Eucalyptus acquisition expected to close in mid-2026. The company also plans to invest heavily in tech, fulfillment operations, and AI to improve customer experience and better leverage its closed-loop healthcare data ecosystem. The notes carry an initial conversion price of $29.53 per share, representing a 32.5% premium to Hims & Hers’ last close. The financing comes months after Hims & Hers announced plans to acquire Eucalyptus in a deal valued at up to $1.15 billion. The deal is expected to expand the company’s footprint across Australia, Japan, Canada, Germany and the UK. Eucalyptus operates several telehealth brands including Juniper and Pilot and has served over 775,000 customers globally. CEO Andrew Dudum previously said that the acquisition would boost the company’s ability to deliver localized healthcare services globally, while expanding access to personalized digital care. The acquisition structure also gives Hims & Hers flexibility to fund portions of future deferred and earnout payments using either stock or cash. Hims & Hers has also been rapidly scaling its AI healthcare initiatives. Earlier this month, the company launched Labs AI, an AI healthcare assistant integrated into its platform that helps users interpret lab tests, biomarker trends and long-term health risks. According to the company, Labs AI can analyze up to 130 biomarkers alongside medical history, lifestyle data and longitudinal health to generate personalized insights. Investor interest around Hims’ diagnostics also increased after Dudum hinted at interest in a blood-test company that claims it could predict heart attacks within 12 months with 86% accuracy. The company’s broader healthcare strategy has moved beyond telehealth prescriptions into more integrated and recurring-care models. Recently, Hims launched Testosterone Rx+, a daily hormone-support pill combining Enclomiphene with zinc, vitamins and L-arginine. The product builds on earlier hormone-health offerings launched last year that focused on fertility-friendly testosterone support and combination therapies. The company’s hormone-health programs also include at-home lab testing, symptom screening and virtual care services as Hims pushes toward more data-driven treatment ecosystems. Investor focus has additionally shifted toward peptides as a future growth category, with potential upsides from the upcoming FDA discussions around peptide compounds eligible for compounding. Additionally, Hims has shifted towards branded therapies through partnerships with Novo Nordisk and Eli Lilly, offering drugs including Wegovy, Ozempic, Zepbound and Mounjaro through its platform. Dudum previously compared the company’s broader healthcare strategy to Netflix’s early growth model, saying Hims aims to expand healthcare choice and accessibility rather than rely on a single treatment category. On Stocktwits, retail sentiment for HIMS was ‘bearish’ amid ‘low’ message volume. One user said, “This allows us to close that Eucalyptus deal without using much dilution because of the Capped call attached to this convertible note..” Another user said, “this stock is cooked. Back to mid teens. Will have green week in late July on fda peptide news  then sell off again until earnings.” For updates and corrections, email newsroom[at]stocktwits[dot]com. Read Next: NIO Stock Extends 3-Day Rout: CEO Leans On Firefly’s iPhone-Like Appeal To Stand Out In China EV War Comments posted here will also appear on symbol pages. The sharp selloff in U.S. government bonds may be far from over, according to market experts, as Treasury yields near levels last seen in 2007. The 30-year Treasury yield closed at 5.12% last week, near its highest level since 2007. The 20-year Treasury yield also climbed to roughly 5.145%, underscoring mounting pressure across the long end of the bond market. ""The question going forward is: will guys really buy here because I believe this (selloff) will continue to persist,"" said Padhraic Garvey, head of global rates and debt strategy at ING, as per a Reuters report. “We’re probably headed to 4.75% in the next round,” Garvey added, warning that even a modest rise in long-term inflation expectations could drive yields another 10 to 30 basis points higher “very easily.” The benchmark 10-year Treasury yield rose to around 4.62% late Monday. Wall Street analysts have cited recent hotter-than-expected inflation readings amid the Iran war, rising oil prices, and massive fiscal deficits for the ongoing pressure in the bond market. Economist Steve Hanke noted these factors for higher yields across the world in a post on X, adding that “bond vigilantes are riding again.” Other market veterans are also warning that traditional buyers of U.S. debt are no longer providing the same stabilizing force. Guneet Dhingra, head of U.S. rates strategy at BNP Paribas, reportedly said that once 30-year yields broke above 5%, the market effectively lost a clear ceiling, while in the past, certain levels tended to act as barriers. ""Now that we have no anchor, what stops bond yields from going up in a world of high inflation, ever-rising deficits, and global bond yield pressure?"" Dhingra said, as per Reuters. Meanwhile, Gregory Peters, co-chief investment officer at PGIM Fixed Income, reportedly said that although elevated Treasury yields appear attractive, he remains wary of long-dated government bonds. As per a Bloomberg report, Peters noted, “The global bond market is in disarray as investors are losing confidence.” Veteran investor Peter Schiff has also warned that traders may still be underestimating how high both oil prices and bond yields could climb. Amid rising bond yields and growing inflationary pressures, some market participants are expecting the Federal Reserve to move toward a rate hike rather than a rate cut. Ed Yardeni, President of Yardeni Research, reportedly said he believes the Fed is “likely” to raise key borrowing rates by a quarter of a percentage point as soon as July. Market commentary service The Kobeissi Letter also said that interest rate futures are increasingly signaling that the Fed’s next policy move could be a rate increase rather than a cut. The firm added that markets see the odds of the Fed lowering interest rates before July 2027 to be minimal. Meanwhile, U.S. equities were down in Monday’s overnight trading. The SPDR S&P 500 ETF (SPY), which tracks the benchmark S&P 500 index, was down 0.34% at the time of writing, while the Invesco QQQ Trust (QQQ), which mirrors the Nasdaq 100, fell 0.54%, and the SPDR Dow Jones Industrial Average ETF (DIA) declined 0.21%. The iShares 20+ Year Treasury Bond ETF (TLT) was also down 0.14% at the time of writing, while the Rbb Fund Inc. US Treasury 30 Year Bond ETF (UTHY) was up 0.13%. Retail sentiment around SPY on Stocktwits was in the ‘extremely bullish’ territory and for TLT, it was in the ‘bearish’ territory. For updates and corrections, email newsroom[at]stocktwits[dot]com. Comments posted here will also appear on symbol pages. Home Depot (HD) has drawn attention after Stifel reduced its price target on the home improvement retailer to $320 from a previous $375, while reiterating a ‘Hold’ rating, ahead of its fiscal first-quarter (Q1) earnings on Tuesday. The adjustment reflects a more cautious stance on near-term demand trends across the home improvement industry, as investors seek clearer signals on consumer spending and housing-related activity. In its latest note, Stifel indicated that Home Depot’s recent performance data points to weaker-than-expected momentum in comparale sales, according to TheFly. The firm also adjusted expectations for the second through fourth quarters, now modeling relatively flat sales growth as broader economic conditions continue to weigh on discretionary renovation activity. The updated projections signal a shift in expectations for the home improvement sector, which has benefited in prior years from elevated remodeling activity and pandemic-era housing demand. Home Depot stock inched 0.7% higher overnight, heading into Tuesday. On Friday, Piper Sandler also trimmed its price target slightly to $421 from $422 while maintaining an ‘Overweight’ rating. Piper Sandler said tax refund activity during Q1 stood out but did not clearly translate into a measurable lift in retail spending, suggesting that many middle- and upper-income households may have opted to save rather than spend those funds. Home Depot is expected to report its Q1 earnings on Tuesday, with analysts seeing a revenue of $41.5 billion and earnings per share of $3.41, according to Fiscal AI data. The company heads into earnings after a recent sharp downturn in its share price, with its stock falling over 14% in the past month. A central theme heading into results is the company’s accelerating shift toward professional contractors, a segment management has prioritized amid constrained housing turnover. With homeowners less likely to relocate due to higher mortgage rates, renovation activity has increasingly concentrated around essential upgrades and large-scale contractor-led projects. This structural shift is expected to play a major role in determining whether Home Depot can stabilize comparable sales despite weaker discretionary demand from casual shoppers. Also See: MELI Stock In Spotlight: Michael Burry Says The Latin American Tech Giant 'Comes Cheap’ Despite Strong Growth For updates and corrections, email newsroom[at]stocktwits[dot]com. Comments posted here will also appear on symbol pages. These cookies are necessary for the website to function and cannot be switched off in our systems. They are usually only set in response to actions made by you which amount to a request for services, such as setting your privacy preferences, logging in or filling in forms. You can set your browser to block or alert you about these cookies, but some parts of the site will not then work. These cookies do not store any personally identifiable information. As a California consumer, you have the right to opt-out from the sale or sharing of your personal information at any time across business platform, services, businesses and devices. You can opt-out of the sale and sharing of your personal information by using this toggle switch. As a Virginia, Utah, Colorado and Connecticut consumer, you have the right to opt-out from the sale of your personal data and the processing of your personal data for targeted advertising. You can opt-out of the sale of your personal data and targeted advertising by using this toggle switch. For more information on your rights as a United States consumer see our privacy notice. These cookies allow us to count visits and traffic sources so we can measure and improve the performance of our site. They help us to know which pages are the most and least popular and see how visitors move around the site. All information these cookies collect is aggregated and therefore anonymous. If you do not allow these cookies we will not know when you have visited our site, and will not be able to monitor its performance. These cookies may be set through our site by our advertising partners. They may be used by those companies to build a profile of your interests and show you relevant adverts on other sites. They do not store directly personal information, but are based on uniquely identifying your browser and internet device. If you do not allow these cookies, you will experience less targeted advertising.",https://stocktwits.com/news-articles/markets/equity/xom-or-cvx-wall-street-sees-more-upside-in-one-oil-major/cZXuk4bReZS
CVX,Chevron Corporation $CVX Shares Purchased by Janney Montgomery Scott LLC - MarketBeat,2026-06-30 09:36:02,"Janney Montgomery Scott LLC grew its position in shares of  Chevron Corporation (NYSE:CVX - Free Report) by 6.8% during the 1st quarter, according to its most recent filing with the Securities and Exchange Commission (SEC). The fund owned 1,251,102 shares of the oil and gas company's stock after purchasing an additional 79,439 shares during the period. Chevron accounts for about  0.6% of Janney Montgomery Scott LLC's investment portfolio, making the stock its 26th largest position. Janney Montgomery Scott LLC owned about 0.06% of Chevron worth $258,853,000 at the end of the most recent reporting period. A number of other hedge funds and other institutional investors have also modified their holdings of CVX. Core Wealth Advisors LLC purchased a new position in shares of  Chevron during the fourth quarter valued at approximately $26,000.  Phillip James Consulting Co. purchased a new stake in  Chevron in the 4th quarter worth approximately $26,000.  Basso Capital Management L.P. purchased a new stake in  Chevron in the 4th quarter worth approximately $27,000.  Karpus Management Inc. acquired a new position in  Chevron in the 4th quarter valued at $27,000.  Finally, Quattro Advisors LLC acquired a new position in  Chevron in the 4th quarter valued at $27,000. 72.42% of the stock is currently owned by hedge funds and other institutional investors. Here are the key news stories impacting Chevron this week: In related news, Director John B. Hess sold 380,000 shares of the firm's stock in a transaction that occurred on Wednesday, May 20th. The shares were sold at an average price of $193.20, for a total value of $73,416,000.00. Following the transaction, the director owned 278,045 shares in the company, valued at approximately $53,718,294. This trade represents a 57.75% decrease in their ownership of the stock. The transaction was disclosed in a filing with the SEC, which is accessible through the SEC website. Insiders own  0.56% of the company's stock. Shares of NYSE CVX opened at $168.61 on Tuesday. Chevron Corporation has a 52-week low of $142.40 and a 52-week high of $214.71. The firm has a fifty day moving average of $184.71 and a 200-day moving average of $180.14. The stock has a market capitalization of $335.81 billion, a PE ratio of 29.22, a P/E/G ratio of 0.56 and a beta of 0.48. The company has a quick ratio of 0.84, a current ratio of 1.09 and a debt-to-equity ratio of 0.21. Chevron (NYSE:CVX - Get Free Report) last issued its earnings results on Friday, May 1st. The oil and gas company reported $1.41 earnings per share for the quarter, topping the consensus estimate of $1.00 by $0.41. Chevron had a return on equity of 6.90% and a net margin of 5.79%.The business had revenue of $47.56 billion for the quarter, compared to analyst estimates of $51.86 billion. During the same period last year, the company posted $2.18 EPS. The business's quarterly revenue was up 2.1% on a year-over-year basis.  On average, analysts anticipate that  Chevron Corporation will post 15.88 EPS for the current year. The company also recently declared a quarterly dividend, which was paid on Wednesday, June 10th. Shareholders of record on Tuesday, May 19th were paid a dividend of $1.78 per share. The ex-dividend date was Tuesday, May 19th. This represents a $7.12 annualized dividend and a yield of 4.2%. Chevron's dividend payout ratio  is currently 123.40%. Several research firms have recently issued reports on CVX. The Goldman Sachs Group  restated a ""buy"" rating and set a $216.00 price objective on shares of Chevron in a report on Wednesday, May 6th. Mizuho upped their target price on Chevron from $225.00 to $230.00 and gave the company an ""outperform"" rating in a research note on Wednesday, May 27th. Royal Bank Of Canada  reiterated an ""outperform"" rating and set a $220.00 target price on shares of Chevron in a research report on Tuesday, May 5th. Barclays raised their price target on Chevron from $192.00 to $213.00 and gave the stock an ""equal weight"" rating in a research note on Tuesday, May 26th. Finally, HSBC upgraded Chevron from a ""hold"" rating to a ""buy"" rating and set a $215.00 price target for the company in a report on Friday, March 20th. Eighteen investment analysts have rated the stock with a Buy rating, six have assigned  a Hold rating and one  has issued  a Sell rating to the company. Based on data from MarketBeat.com, Chevron  has a consensus rating of ""Moderate Buy"" and an average target price of $205.52. Chevron Corporation NYSE: CVX is an American multinational energy company engaged in virtually all aspects of the oil and gas industry. As an integrated energy firm, Chevron's core activities include upstream oil and natural gas exploration and production, midstream transportation and storage, downstream refining and marketing of fuels and lubricants, and petrochemical manufacturing through joint ventures and subsidiaries. The company markets fuels under brands such as Chevron, Texaco and Caltex and supplies a range of products and services to retail customers, industrial users and commercial fleets worldwide. Chevron traces its corporate lineage to the early petroleum companies that eventually became Standard Oil of California and has evolved through significant mergers and restructurings, including the acquisitions of Gulf Oil and Texaco. This instant news alert was generated by narrative science technology and financial data from MarketBeat in order to provide readers with the fastest reporting and unbiased coverage. Please send any questions or comments about this story to contact@marketbeat.com. Before you consider Chevron, you'll want to hear this. MarketBeat keeps track of Wall Street's top-rated and best performing research analysts and the stocks they recommend to their clients on a daily basis. MarketBeat has identified the five stocks that top analysts are quietly whispering to their clients to buy now before the broader market catches on... and Chevron wasn't on the list. While Chevron currently has a Moderate Buy rating among analysts, top-rated analysts believe these five stocks are better buys. Learn the basics of options trading and how to use them to boost returns and manage risk with this free report from MarketBeat. Click the link below to get your free copy. Sign up for MarketBeat All Access to gain access to MarketBeat's full suite of research tools and reports. 345 N Reid Place, Suite 620, Sioux Falls, SD 57103
                                        
                                        contact@marketbeat.com
                                        
                                        (844) 978-6257 © MarketBeat Media, LLC 2010-2026. All rights reserved. © 2026   Fair market value prices are updated every minute and are provided by Massive. Other market data provided is at least 10-minutes delayed and hosted by Barchart Solutions.  Information is provided 'as-is' and solely for informational purposes, not for trading purposes or advice, and is delayed. To see all exchange delays and terms of use please see Barchart's disclaimer.",https://www.marketbeat.com/instant-alerts/filing-chevron-corporation-cvx-shares-purchased-by-janney-montgomery-scott-llc-2026-06-30/
CVX,Best-performing stocks of 2026 so far - Finbold,2026-06-30 09:09:15,"Type @ to mention symbols, or topics Or sign in / sign up with password? By submitting my information, I agree to
                the Privacy Policy
                and Terms of Service. Or sign in / sign up with password? By submitting my information, I agree to
                the Privacy Policy
                and Terms of Service. Or sign in / sign up with password? By submitting my information, I agree to
                the Privacy Policy
                and Terms of Service. Or sign in / sign up with password? By submitting my information, I agree to
                the Privacy Policy
                and Terms of Service. As the first half of 2026 comes to a close, market leadership has shifted toward companies with direct exposure to some of the year’s strongest investment themes. Strong demand tied to artificial intelligence, energy security, and capital spending has driven standout gains, while more consumer-dependent businesses have struggled to keep pace. Sector performance data shows energy leading all major market groups with a gain of 19.91% through the first six months of 2026. The sector has benefited from higher oil prices and concerns over global supply disruptions. Notably, crude prices rose amid tensions in the Middle East, boosting earnings for major producers such as ExxonMobil (NYSE: XOM) and Chevron (NYSE: CVX), while strong refining margins supported industry profits. Energy companies also benefited from growing electricity demand tied to AI data centers, increasing demand for energy infrastructure and services. Technology followed closely with an 18.92% return, fueled by continued investment in AI infrastructure, including semiconductors, cloud computing, and data centers. Strong spending by major technology companies boosted demand across the semiconductor supply chain, with hardware and infrastructure firms leading gains as investors favored businesses directly benefiting from the AI buildout. Industrials gained 17.85%, making it the third-best-performing sector in 2026 so far. The sector benefited from spending on AI infrastructure, energy projects, manufacturing expansion, and defense programs, boosting demand for electrical equipment, power systems, and industrial machinery. Defense and aerospace companies also contributed to gains amid higher government spending and ongoing supply constraints in commercial aviation. Real Estate gained 10.35% in the first half of the year, supported by improving credit conditions and expectations for stronger transaction activity. Consumer Defensive and Utilities posted gains of 7.14% and 7.05%, respectively, while Basic Materials rose 5.61% on the back of industrial activity and commodity demand. Healthcare advanced a more modest 3.88%. At the other end of the market, consumer cyclical was the weakest-performing sector, falling 6.70% as higher borrowing costs, inflation concerns, and softer consumer sentiment weighed on discretionary spending. Communication Services declined 1.43%, while Financials were largely flat, gaining just 0.16%. Overall, the first half of 2026 was marked by a shift toward sectors benefiting from AI investment, infrastructure spending, and energy-related tailwinds, while consumer-focused industries lagged amid ongoing economic pressures. Whether that leadership persists in the second half will likely depend on commodity prices, AI spending trends, interest rate expectations, and broader economic conditions. Best Crypto Exchange for Intermediate Traders and Investors Invest in cryptocurrencies and 3,000+ other assets including stocks and precious metals. 0% commission on stocks - buy in bulk or just a fraction from as little as $10. Other fees apply. For more information, visit etoro.com/trading/fees. Copy top-performing traders in real time, automatically. eToro USA is registered with FINRA for securities trading. Apply now to join Finbold as a crypto/finance news writer! By subscribing you agree with Finbold
                    T&C’s
                    & Privacy Policy Type @ to mention symbols, or topics Copyright © 2026 Finbold.com. All rights reserved. Use of this site constitutes acceptance of our Terms of Service. Finbold is a news and information website. This Site may contain sponsored content, advertisements, and third-party materials, for which Finbold expressly disclaims any liability. RISK WARNING: Cryptocurrencies are high-risk investments and you should not expect to be protected if something goes wrong. Don’t invest unless you’re prepared to lose all the money you invest. (Click
                    here to learn more about cryptocurrency risks.) By accessing this Site, you acknowledge that you understand these risks and that Finbold bears no responsibility for any losses, damages, or consequences resulting from your use of the Site or reliance on its content.
                Click here to learn more.",https://finbold.com/best-performing-stocks-of-2026-so-far/
CVX,Chevron Corporation $CVX Stock Holdings Boosted by Patriot Financial Group Insurance Agency LLC - MarketBeat,2026-06-30 09:07:52,"Patriot Financial Group Insurance Agency LLC grew its position in shares of  Chevron Corporation (NYSE:CVX - Free Report) by 132.3% during the 1st quarter, according to the company in its most recent filing with the SEC. The firm owned 38,148 shares of the oil and gas company's stock after purchasing an additional 21,723 shares during the quarter. Patriot Financial Group Insurance Agency LLC's holdings in Chevron were worth $7,893,000 as of its most recent filing with the SEC. A number of other hedge funds and other institutional investors also recently modified their holdings of CVX. Chemung Canal Trust Co. boosted its stake in  Chevron by 3.4% during the first quarter. Chemung Canal Trust Co. now owns 12,464 shares of the oil and gas company's stock valued at $2,579,000 after buying an additional 408 shares in the last quarter.  Janney Montgomery Scott LLC raised its position in  Chevron by 6.8% in the first quarter. Janney Montgomery Scott LLC now owns 1,251,102 shares of the oil and gas company's stock worth $258,853,000 after acquiring an additional 79,439 shares in the last quarter.  Horizon Bancorp Inc. IN raised its position in  Chevron by 9.0% in the first quarter. Horizon Bancorp Inc. IN now owns 1,519 shares of the oil and gas company's stock worth $314,000 after acquiring an additional 125 shares in the last quarter.  Diamant Asset Management Inc. lifted its holdings in  Chevron by 20,935.5% in the 1st quarter. Diamant Asset Management Inc. now owns 1,095,949 shares of the oil and gas company's stock valued at $226,752,000 after acquiring an additional 1,090,739 shares during the last quarter.  Finally, J. L. Bainbridge & Co. Inc. lifted its holdings in  Chevron by 3.0% in the 1st quarter. J. L. Bainbridge & Co. Inc. now owns 2,200 shares of the oil and gas company's stock valued at $455,000 after acquiring an additional 65 shares during the last quarter. Institutional investors own  72.42% of the company's stock. In other news, Director John B. Hess sold 380,000 shares of Chevron stock in a transaction that occurred on Wednesday, May 20th. The shares were sold at an average price of $193.20, for a total value of $73,416,000.00. Following the transaction, the director directly owned 278,045 shares of the company's stock, valued at $53,718,294. This trade represents a 57.75% decrease in their ownership of the stock. The transaction was disclosed in a legal filing with the SEC, which is available at this link. 0.56% of the stock is currently owned by company insiders. Shares of NYSE CVX opened at $168.61 on Tuesday. The company has a quick ratio of 0.84, a current ratio of 1.09 and a debt-to-equity ratio of 0.21. Chevron Corporation has a 12 month low of $142.40 and a 12 month high of $214.71. The company has a market cap of $335.81 billion, a price-to-earnings ratio of 29.22, a P/E/G ratio of 0.56 and a beta of 0.48. The business has a fifty day simple moving average of $184.71 and a 200-day simple moving average of $180.14. Chevron (NYSE:CVX - Get Free Report) last issued its quarterly earnings results on Friday, May 1st. The oil and gas company reported $1.41 earnings per share for the quarter, topping analysts' consensus estimates of $1.00 by $0.41. The firm had revenue of $47.56 billion for the quarter, compared to analysts' expectations of $51.86 billion. Chevron had a return on equity of 6.90% and a net margin of 5.79%.Chevron's revenue was up 2.1% on a year-over-year basis. During the same quarter last year, the business posted $2.18 EPS.  Sell-side analysts predict that  Chevron Corporation will post 15.88 EPS for the current year. The company also recently announced a quarterly dividend, which was paid on Wednesday, June 10th. Shareholders of record on Tuesday, May 19th were issued a $1.78 dividend. This represents a $7.12 annualized dividend and a dividend yield of 4.2%. The ex-dividend date was Tuesday, May 19th. Chevron's dividend payout ratio (DPR) is presently 123.40%. Several equities analysts have recently weighed in on the stock. Piper Sandler raised their price objective on shares of Chevron from $179.00 to $242.00 and gave the company an ""overweight"" rating in a research report on Thursday, March 12th. Weiss Ratings downgraded shares of Chevron from a ""hold (c+)"" rating to a ""hold (c)"" rating in a report on Tuesday, June 2nd. Wells Fargo & Company increased their target price on shares of Chevron from $204.00 to $222.00 and gave the company an ""overweight"" rating in a research note on Thursday, April 9th. Bank of America raised their target price on shares of Chevron from $188.00 to $206.00 and gave the stock a ""buy"" rating in a report on Monday, March 2nd. Finally, Royal Bank Of Canada  restated an ""outperform"" rating and issued a $220.00 price target on shares of Chevron in a research report on Tuesday, May 5th. Eighteen research analysts have rated the stock with a Buy rating, six have given a Hold rating and one  has issued  a Sell rating to the company's stock. According to MarketBeat.com, Chevron  has an average rating of ""Moderate Buy"" and an average target price of $205.52. Here are the key news stories impacting Chevron this week: Chevron Corporation NYSE: CVX is an American multinational energy company engaged in virtually all aspects of the oil and gas industry. As an integrated energy firm, Chevron's core activities include upstream oil and natural gas exploration and production, midstream transportation and storage, downstream refining and marketing of fuels and lubricants, and petrochemical manufacturing through joint ventures and subsidiaries. The company markets fuels under brands such as Chevron, Texaco and Caltex and supplies a range of products and services to retail customers, industrial users and commercial fleets worldwide. Chevron traces its corporate lineage to the early petroleum companies that eventually became Standard Oil of California and has evolved through significant mergers and restructurings, including the acquisitions of Gulf Oil and Texaco. This instant news alert was generated by narrative science technology and financial data from MarketBeat in order to provide readers with the fastest reporting and unbiased coverage. Please send any questions or comments about this story to contact@marketbeat.com. Before you consider Chevron, you'll want to hear this. MarketBeat keeps track of Wall Street's top-rated and best performing research analysts and the stocks they recommend to their clients on a daily basis. MarketBeat has identified the five stocks that top analysts are quietly whispering to their clients to buy now before the broader market catches on... and Chevron wasn't on the list. While Chevron currently has a Moderate Buy rating among analysts, top-rated analysts believe these five stocks are better buys. Learn the basics of options trading and how to use them to boost returns and manage risk with this free report from MarketBeat. Click the link below to get your free copy. Sign up for MarketBeat All Access to gain access to MarketBeat's full suite of research tools and reports. 345 N Reid Place, Suite 620, Sioux Falls, SD 57103
                                        
                                        contact@marketbeat.com
                                        
                                        (844) 978-6257 © MarketBeat Media, LLC 2010-2026. All rights reserved. © 2026   Fair market value prices are updated every minute and are provided by Massive. Other market data provided is at least 10-minutes delayed and hosted by Barchart Solutions.  Information is provided 'as-is' and solely for informational purposes, not for trading purposes or advice, and is delayed. To see all exchange delays and terms of use please see Barchart's disclaimer. Enter your email address below to receive InsiderTrades.com’s daily insider buying and selling report for Chevron and related companies.",https://www.marketbeat.com/instant-alerts/filing-chevron-corporation-cvx-stock-holdings-boosted-by-patriot-financial-group-insurance-agency-llc-2026-06-30/
CVX,Diamant Asset Management Inc. Has $226.75 Million Stock Holdings in Chevron Corporation $CVX - MarketBeat,2026-06-30 07:47:27,"Diamant Asset Management Inc. increased its holdings in shares of  Chevron Corporation (NYSE:CVX - Free Report) by 20,935.5% in the first quarter, according to the company in its most recent filing with the SEC. The institutional investor  owned 1,095,949 shares of the oil and gas company's stock after purchasing an additional 1,090,739 shares during the quarter. Chevron accounts for  0.7% of Diamant Asset Management Inc.'s holdings, making the stock its 24th biggest position. Diamant Asset Management Inc. owned approximately 0.06% of Chevron worth $226,752,000 as of its most recent SEC filing. Several other hedge funds have also recently bought and sold shares of CVX. Core Wealth Advisors LLC acquired a new position in shares of  Chevron in the fourth quarter valued at approximately $26,000.  Phillip James Consulting Co. acquired a new stake in shares of  Chevron during the fourth quarter worth $26,000.  Basso Capital Management L.P. acquired a new stake in shares of  Chevron during the fourth quarter worth $27,000.  Karpus Management Inc. acquired a new stake in shares of  Chevron during the fourth quarter worth $27,000.  Finally, Quattro Advisors LLC bought a new stake in  Chevron in the 4th quarter valued at $27,000. 72.42% of the stock is currently owned by institutional investors and hedge funds. In related news, Director John B. Hess sold 380,000 shares of the firm's stock in a transaction dated Wednesday, May 20th. The shares were sold at an average price of $193.20, for a total value of $73,416,000.00. Following the completion of the sale, the director directly owned 278,045 shares in the company, valued at approximately $53,718,294. This trade represents a 57.75% decrease in their position. The sale was disclosed in a document filed with the SEC, which is accessible through the SEC website. Company insiders own  0.56% of the company's stock. CVX has been the subject of a number of research analyst reports. Piper Sandler upped their target price on shares of Chevron from $179.00 to $242.00 and gave the stock an ""overweight"" rating in a research note on Thursday, March 12th. TD Cowen lifted their price target on Chevron from $204.00 to $205.00 and gave the company a ""hold"" rating in a research note on Friday, May 8th. Bank of America boosted their price target on Chevron from $188.00 to $206.00 and gave the company a ""buy"" rating in a report on Monday, March 2nd. The Goldman Sachs Group  reaffirmed a ""buy"" rating and set a $216.00 price objective on shares of Chevron in a research report on Wednesday, May 6th. Finally, Scotiabank increased their price objective on Chevron from $168.00 to $187.00 and gave the stock a ""sector perform"" rating in a report on Wednesday, April 22nd. Eighteen analysts have rated the stock with a Buy rating, six have given a Hold rating and one  has given a Sell rating to the company. According to MarketBeat.com, Chevron currently has an average rating of ""Moderate Buy"" and a consensus price target of $205.52. Here are the key news stories impacting Chevron this week: Shares of CVX opened at $168.61 on Tuesday. The company has a current ratio of 1.09, a quick ratio of 0.84 and a debt-to-equity ratio of 0.21. The company's fifty day simple moving average is $184.71 and its 200 day simple moving average is $180.14. Chevron Corporation has a 1-year low of $142.40 and a 1-year high of $214.71. The company has a market cap of $335.81 billion, a price-to-earnings ratio of 29.22, a PEG ratio of 0.56 and a beta of 0.48. Chevron (NYSE:CVX - Get Free Report) last announced its quarterly earnings results on Friday, May 1st. The oil and gas company reported $1.41 EPS for the quarter, beating analysts' consensus estimates of $1.00 by $0.41. Chevron had a net margin of 5.79% and a return on equity of 6.90%. The firm had revenue of $47.56 billion during the quarter, compared to analysts' expectations of $51.86 billion. During the same quarter last year, the company posted $2.18 earnings per share. The company's revenue for the quarter was up 2.1% compared to the same quarter last year.  On average, research analysts forecast that  Chevron Corporation will post 15.88 earnings per share for the current fiscal year. The company also recently announced a quarterly dividend, which was paid on Wednesday, June 10th. Stockholders of record on Tuesday, May 19th were issued a $1.78 dividend. This represents a $7.12 dividend on an annualized basis and a dividend yield of 4.2%. The ex-dividend date of this dividend was Tuesday, May 19th. Chevron's dividend payout ratio  is presently 123.40%. Chevron Corporation NYSE: CVX is an American multinational energy company engaged in virtually all aspects of the oil and gas industry. As an integrated energy firm, Chevron's core activities include upstream oil and natural gas exploration and production, midstream transportation and storage, downstream refining and marketing of fuels and lubricants, and petrochemical manufacturing through joint ventures and subsidiaries. The company markets fuels under brands such as Chevron, Texaco and Caltex and supplies a range of products and services to retail customers, industrial users and commercial fleets worldwide. Chevron traces its corporate lineage to the early petroleum companies that eventually became Standard Oil of California and has evolved through significant mergers and restructurings, including the acquisitions of Gulf Oil and Texaco. Want to see what other hedge funds are holding CVX? Visit HoldingsChannel.com to get the latest 13F filings and insider trades for Chevron Corporation (NYSE:CVX - Free Report). This instant news alert was generated by narrative science technology and financial data from MarketBeat in order to provide readers with the fastest reporting and unbiased coverage. Please send any questions or comments about this story to contact@marketbeat.com. Before you consider Chevron, you'll want to hear this. MarketBeat keeps track of Wall Street's top-rated and best performing research analysts and the stocks they recommend to their clients on a daily basis. MarketBeat has identified the five stocks that top analysts are quietly whispering to their clients to buy now before the broader market catches on... and Chevron wasn't on the list. While Chevron currently has a Moderate Buy rating among analysts, top-rated analysts believe these five stocks are better buys. Click the link to see MarketBeat's list of seven stocks and why their long-term outlooks are very promising. Sign up for MarketBeat All Access to gain access to MarketBeat's full suite of research tools and reports. 345 N Reid Place, Suite 620, Sioux Falls, SD 57103
                                        
                                        contact@marketbeat.com
                                        
                                        (844) 978-6257 © MarketBeat Media, LLC 2010-2026. All rights reserved. © 2026   Fair market value prices are updated every minute and are provided by Massive. Other market data provided is at least 10-minutes delayed and hosted by Barchart Solutions.  Information is provided 'as-is' and solely for informational purposes, not for trading purposes or advice, and is delayed. To see all exchange delays and terms of use please see Barchart's disclaimer.",https://www.marketbeat.com/instant-alerts/filing-diamant-asset-management-inc-has-22675-million-stock-holdings-in-chevron-corporation-cvx-2026-06-30/
CVX,"Apollon Wealth Management LLC Purchases 10,733 Shares of Chevron Corporation $CVX - MarketBeat",2026-06-30 07:07:23,"Apollon Wealth Management LLC raised its position in shares of  Chevron Corporation (NYSE:CVX - Free Report) by 11.5% in the 1st quarter, according to the company in its most recent disclosure with the SEC. The fund owned 104,285 shares of the oil and gas company's stock after buying an additional 10,733 shares during the quarter. Apollon Wealth Management LLC's holdings in Chevron were worth $21,577,000 at the end of the most recent reporting period. Other institutional investors have also modified their holdings of the company. Phillip James Consulting Co. purchased a new stake in  Chevron during the fourth quarter valued at approximately $26,000.  Core Wealth Advisors LLC purchased a new position in  Chevron in the fourth quarter worth $26,000.  Karpus Management Inc. purchased a new position in  Chevron in the fourth quarter worth $27,000.  Basso Capital Management L.P. acquired a new position in shares of  Chevron during the fourth quarter worth $27,000.  Finally, Quattro Advisors LLC acquired a new position in shares of  Chevron during the fourth quarter worth $27,000. 72.42% of the stock is currently owned by institutional investors. Shares of CVX stock opened at $168.61 on Tuesday. The stock's 50-day simple moving average is $184.71 and its 200-day simple moving average is $180.14. The company has a debt-to-equity ratio of 0.21, a quick ratio of 0.84 and a current ratio of 1.09. The firm has a market capitalization of $335.81 billion, a PE ratio of 29.22, a P/E/G ratio of 0.56 and a beta of 0.48. Chevron Corporation has a fifty-two week low of $142.40 and a fifty-two week high of $214.71. Chevron (NYSE:CVX - Get Free Report) last released its earnings results on Friday, May 1st. The oil and gas company reported $1.41 EPS for the quarter, topping analysts' consensus estimates of $1.00 by $0.41. The firm had revenue of $47.56 billion during the quarter, compared to the consensus estimate of $51.86 billion. Chevron had a return on equity of 6.90% and a net margin of 5.79%.The company's revenue was up 2.1% compared to the same quarter last year. During the same quarter in the previous year, the company posted $2.18 earnings per share.  Equities analysts expect that  Chevron Corporation will post 15.88 earnings per share for the current year. The firm also recently disclosed a quarterly dividend, which was paid on Wednesday, June 10th. Stockholders of record on Tuesday, May 19th were issued a $1.78 dividend. This represents a $7.12 annualized dividend and a dividend yield of 4.2%. The ex-dividend date of this dividend was Tuesday, May 19th. Chevron's dividend payout ratio  is 123.40%. A number of research firms have recently weighed in on CVX. Mizuho raised their price objective on Chevron from $225.00 to $230.00 and gave the stock an ""outperform"" rating in a research report on Wednesday, May 27th. The Goldman Sachs Group  reaffirmed a ""buy"" rating and set a $216.00 target price on shares of Chevron in a research report on Wednesday, May 6th. Scotiabank increased their price target on Chevron from $168.00 to $187.00 and gave the company a ""sector perform"" rating in a research note on Wednesday, April 22nd. HSBC raised Chevron from a ""hold"" rating to a ""buy"" rating and set a $215.00 price target for the company in a report on Friday, March 20th. Finally, Royal Bank Of Canada  restated an ""outperform"" rating and set a $220.00 price target on shares of Chevron in a research note on Tuesday, May 5th. Eighteen equities research analysts have rated the stock with a Buy rating, six have assigned  a Hold rating and one  has given a Sell rating to the company. Based on data from MarketBeat, the company presently has an average rating of ""Moderate Buy"" and an average target price of $205.52. Here are the key news stories impacting Chevron this week: In other news, Director John B. Hess sold 380,000 shares of the stock in a transaction on Wednesday, May 20th. The shares were sold at an average price of $193.20, for a total value of $73,416,000.00. Following the sale, the director owned 278,045 shares in the company, valued at $53,718,294. This represents a 57.75% decrease in their ownership of the stock. The transaction was disclosed in a legal filing with the Securities & Exchange Commission, which is available through the SEC website. 0.56% of the stock is owned by company insiders. Chevron Corporation NYSE: CVX is an American multinational energy company engaged in virtually all aspects of the oil and gas industry. As an integrated energy firm, Chevron's core activities include upstream oil and natural gas exploration and production, midstream transportation and storage, downstream refining and marketing of fuels and lubricants, and petrochemical manufacturing through joint ventures and subsidiaries. The company markets fuels under brands such as Chevron, Texaco and Caltex and supplies a range of products and services to retail customers, industrial users and commercial fleets worldwide. Chevron traces its corporate lineage to the early petroleum companies that eventually became Standard Oil of California and has evolved through significant mergers and restructurings, including the acquisitions of Gulf Oil and Texaco. This instant news alert was generated by narrative science technology and financial data from MarketBeat in order to provide readers with the fastest reporting and unbiased coverage. Please send any questions or comments about this story to contact@marketbeat.com. Before you consider Chevron, you'll want to hear this. MarketBeat keeps track of Wall Street's top-rated and best performing research analysts and the stocks they recommend to their clients on a daily basis. MarketBeat has identified the five stocks that top analysts are quietly whispering to their clients to buy now before the broader market catches on... and Chevron wasn't on the list. While Chevron currently has a Moderate Buy rating among analysts, top-rated analysts believe these five stocks are better buys. Unlock the timeless value of gold with our exclusive 2026 Gold Forecasting Report. Explore why gold remains the ultimate investment for safeguarding wealth against inflation, economic shifts, and global uncertainties. Whether you're planning for future generations or seeking a reliable asset in turbulent times, this report is your essential guide to making informed decisions. Sign up for MarketBeat All Access to gain access to MarketBeat's full suite of research tools and reports. 345 N Reid Place, Suite 620, Sioux Falls, SD 57103
                                        
                                        contact@marketbeat.com
                                        
                                        (844) 978-6257 © MarketBeat Media, LLC 2010-2026. All rights reserved. © 2026   Fair market value prices are updated every minute and are provided by Massive. Other market data provided is at least 10-minutes delayed and hosted by Barchart Solutions.  Information is provided 'as-is' and solely for informational purposes, not for trading purposes or advice, and is delayed. To see all exchange delays and terms of use please see Barchart's disclaimer.",https://www.marketbeat.com/instant-alerts/filing-apollon-wealth-management-llc-purchases-10733-shares-of-chevron-corporation-cvx-2026-06-30/
CVX,"GOOGL added, CVX and BAC trimmed — Berkshire's reported leanThe interesting rows on Berkshire's Holdings List aren't the 0.00 megacaps, it's the Shares Chg column. GOOGL +39.99M at 6.12% of the book, CVX -45.78M down to 4.53%, BAC -3.67M at 9. - Moomoo",2026-06-30 05:48:56,"To create a seamless experience and for website quality and improvement purposes, we use cookie technologies for verification and quality purposes, to personalize the content presented, and to provide advertising that may be of specific interest to you. Learn our Privacy Policy here.",https://www.moomoo.com/community/feed/googl-added-cvx-and-bac-trimmed-berkshire-s-reported-leanthe-116837484855302?chain_id=Name1K9-3FXPhg.1l46mr0&global_content=%7B%22promote_id%22%3A13764%2C%22sub_promote_id%22%3A57%2C%22f%22%3A%22www.moomoo.com%2Fstock%2FAAPL-CA%22%7D
