ticker,title,date,content,url
GS,26FAIR8-GS.jpeg - Greater Milwaukee Today,2026-07-28 19:37:49,"Get updates from the editors of The FREEMAN, The DAILY NEWS, The NEWS GRAPHIC and The ENTERPRISE sent directly to your email inbox. Sign up to start receiving our convenient, FREE, email newsletters today! Your browser is out of date and potentially vulnerable to security risks.We recommend switching to one of the following browsers:",https://www.gmtoday.com/26fair8-gs-jpeg/image_bf0ab77f-cb80-419b-82d2-1878d3353184.html
GS,2026 Sun Belt Football Media Day: Podium - Watch/Listen - Powered by SIDEARM Showcase - Georgia Southern University Athletics,2026-07-28 18:10:28,The use of software that blocks ads hinders our ability to serve you the content you came here to enjoy. We ask that you consider turning off your ad blocker so we can deliver you the best experience possible while you are here.,https://gseagles.com/watch?Archive=8505&type=Live
GS,"RBI buys back Rs 12,604 crore of government bonds to smooth debt repayments - PSU Watch",2026-07-28 17:30:28,"New Delhi: The Reserve Bank of India (RBI) on Tuesday bought back government securities worth Rs 12,604 crore through an auction aimed at smoothing the government's debt redemption profile and managing public debt more efficiently. The central bank accepted bids worth Rs 12,604.07 crore against total offers of Rs 16,959.07 crore received from market participants. The biggest buyback was in the 7.33 percent Government Security (GS) 2026, with the RBI accepting Rs 8,960.69 crore worth of securities out of Rs 9,160.69 crore offered. It also bought back Rs 2,400.39 crore of 8.15 percent GS 2026, Rs 893 crore of 5.74 percent GS 2026 and Rs 350 crore of 8.24 percent GS 2027. The cut-off prices were fixed at Rs 100.48 for the 7.33 percent GS 2026, Rs 100.10 for the 5.74 percent GS 2026, Rs 100.86 for the 8.15 percent GS 2026 and Rs 101.40 for the 8.24 percent GS 2027. The weighted average accepted prices were largely in line with the cut-off prices. The buyback allows the government to retire bonds before they mature, thereby reducing the amount that would otherwise have to be repaid on the maturity date. Such operations help spread out repayment obligations, lower refinancing risks and improve the overall maturity profile of government debt. The exercise is not primarily aimed at injecting liquidity into the banking system. In fact, banking system liquidity is already estimated to be in a surplus of about Rs 1.01 lakh crore as on July 27, according to RBI data. Instead, the operation forms part of the government's debt management strategy, enabling it to prepay near-maturity securities when market conditions are favourable and reduce future redemption pressures. The RBI, acting as the government's debt manager, carries out buybacks mainly for debt management rather than monetary policy. The key objectives are: Reduce redemption pressure: Large volumes of bonds maturing around the same time can strain the government's cash flows. Buying them back in advance spreads out repayment obligations. Lower refinancing risk: By retiring debt early, the government avoids having to refinance a large amount at one point, especially if interest rates become less favourable. Improve the maturity profile: Buybacks help smooth the government's borrowing calendar and optimise the composition of outstanding debt. Support bond market functioning: Investors receive cash for securities they may otherwise hold until maturity, improving market efficiency. Any liquidity impact is incidental and, in this case, secondary given the existing surplus liquidity in the banking system. The operation therefore reflects prudent public debt management rather than a response to liquidity stress or an attempt to stimulate the financial system. (PSU Watch is India's Business News centre that places the spotlight on PSUs, Bureaucracy, Defence and Public Policy. 👉 Click to join our channel now: PSUWatch WhatsApp Channel. Prefer LinkedIn? Follow PSU Watch on LinkedIN. Click to stay connected on Twitter here and stay updated)",https://psuwatch.com/newsupdates/rbi-buys-back-rs-12604-crore-of-government-bonds-to-smooth-debt-repayments
GS,Vikings Sign Linebacker Jamal Adams & Running Back Jordan Mims - Minnesota Vikings,2026-07-28 14:52:29,"EAGAN, Minn. — Veterans are reporting for 2026 Vikings Training Camp and welcoming two new arrivals Tuesday, as the team signed three-time Pro Bowler Jamal Adams and running back Jordan Mims. Minnesota on Tuesday signed Adams, who will turn 31 in October. Adams (@PresidentMal on Instagram) was selected 6th overall by the Jets in 2017 and made the Pro Bowl as a safety in three of his first four seasons (2018-20). Adams converted to linebacker in 2025 for Las Vegas and made four starts in 17 games for the Raiders. The switch resulted in 45 tackles, including five for a loss, and one sack, boosting his latter total to 22.5. A Lewisville, Texas native, Adams starred for three seasons at LSU before turning pro. He was a feared blitzer and strong tackler early in his NFL career on the Jets and Seahawks before injuries limited his performance. Across 70 starts from 2017-21, Adams had 443 tackles, including 43 for a loss, plus 21.5 sacks, 33 pass breakups, seven forced fumbles and four picks. He managed just 15 games from 2022-24. New Vikings General Manager Nolan Teasley overlapped with Adams in Seattle for four seasons (2020-23) after the Seahawks acquired Adams from the Jets during the 2020 preseason. Adams' resurgence last season (playing 40 percent of the defensive snaps) after limited stints the prior year on Tennessee and Detroit led to a Vikings tryout. The veteran enters an ILB room led by Blake Cashman and Eric Wilson. The former teamed with Adams on the Jets (2019) when he was a rookie. Under Defensive Coordinator Brian Flores, the Vikings have experienced significant success when having safety Joshua Metellus start plays from numerous positions, including linebacker spots. Minnesota additionally signed Mims, a former Fresno State standout on Tuesday. Mims most recently spent the 2025 season on the Titans practice squad. He signed with the 49ers in May but was released June 10. He worked out with the Vikings thereafter as the team was winding down its offseason program. Originally signed as an undrafted free agent by Buffalo in 2023, Mims was released during the Bills final roster cuts that year. He spent the 2024 and 2025 campaigns with New Orleans, both on practice squad and the active roster. Mims made his NFL debut for the Saints in October 2024; he played just two games that season but in 2024 appeared in 11 games. He recorded 20 carries for 70 rushing yards, as well as 12 catches for 71 receiving yards. Mims was waived by New Orleans in May 2025 and signed with Tennessee. Collegiately, Mims had a solid first two seasons for Fresno State before missing 2019 due to an injury. After returning to action in 2020, he broke out in 2021, finishing the season with 710 rushing yards and six rushing touchdowns, in addition to 25 catches for 324 yards and four TDs through the air. He garnered ample attention in Week 9 when he racked up 186 yards and two touchdowns to help hand San Diego State its first loss of the year. Mims also impressed in the New Mexico Bowl, rushing for 165 yards and two touchdowns and hauling in five catches for 71 yards and a receiving score. He subsequently earned New Mexico Bowl Offensive MVP honors. Mims then made the most of a bonus year of college in 2022, leading the Bulldogs with 261 carries for 1,372 yards and 18 touchdowns (second most rushing TDs in a season by a Fresno State player all-time) to earn First-Team All-Mountain West honors. A California native, Mims grew up in East Palo Alto and attended Menlo-Atherton High School, where he teamed with former Vikings cornerback Mekhi Blackmon. Mims finished his high school career with 474 carries for 4,080 yards and 46 touchdowns — in addition to 50 catches for 687 receiving yards and five touchdowns. View photos of the Vikings roster as of July 27, 2026. Join the Vikings at Twin Cities Orthopedics Performance Center for 2026 Vikings Training Camp presented by U.S. Bank! © 2026 Minnesota Vikings Football, LLC , All Rights Reserved.",https://www.vikings.com/news/jamal-adams-jordan-mims-roster-moves-signing-2026
GS,GS6301988 Bond Coupon Profile — Rate & Payments - TradingView,2026-07-28 14:39:43,"Select market data provided by ICE Data Services. Select reference data provided by FactSet. Copyright © 2026 FactSet Research Systems Inc.Copyright © 2026, American Bankers Association. CUSIP Database provided by FactSet Research Systems Inc. All rights reserved. SEC filings and other documents provided by Quartr.© 2026 TradingView, Inc.",https://www.tradingview.com/symbols/FINRA-GS6301988/profile-coupon/
GS,Karol G Shows How Color and Confidence Define Global Pop - Young Hollywood,2026-07-28 13:20:44,"The Colombian superstar's global takeover is about more than music—it's about confidence, community, and a vibrant visual world. Karol G's rise to global superstardom isn't just about chart-topping hits. It's a lesson in how color, confidence, and community can create a movement that transcends language and genre. It’s impossible to talk about global pop right now without talking about Karol G. Her ascent isn't just a story about a musician finding an audience; it's a blueprint for what a 21st-century superstar looks and feels like. Young Hollywood sees her impact as a phenomenon that proves stardom now travels on vibes, aesthetics, and a deep sense of self, just as much as it does on a killer hook. For decades, breaking through on a global scale often meant conforming to a certain mold. But Karol G has completely flipped that script. Her success isn't about sanding down the edges for mass appeal. Instead, it’s about amplifying her unique perspective, creating a world so magnetic that everyone, regardless of what language they speak, wants to be a part of it. A huge part of that world is built on color. Think about the bold, unapologetic hues that define her look and her entire era. This isn't just a stylistic choice; it's a form of communication. Color becomes an extension of her confidence, a visual language that signals joy, power, and a refusal to be muted. It’s a statement that her brand of pop is vibrant, alive, and impossible to ignore. This use of what is essentially a pop-art color theory goes beyond just aesthetics. It creates an immediate emotional connection. When fans see her, they don't just see a performer; they see a mood board for self-expression. It gives her entire audience permission to be just as bold, making her visual identity a shared experience rather than just a top-down celebrity trend. It’s a uniform for a club you actually want to belong to. Then there's the confidence. It’s the engine driving the entire Karol G movement. She projects a kind of radical self-acceptance that feels both aspirational and deeply relatable. This isn't the unapproachable confidence of an old-school diva; it's the earned confidence of someone who knows their worth and, more importantly, wants you to know yours, too. This is precisely why her message translates so seamlessly across different cultures and languages. Confidence is a universal language. You don’t need to understand every word to understand the feeling of someone owning their power on stage. Her performance and presence communicate a story of empowerment that resonates whether you're in her native Colombia or anywhere else on the planet. It bypasses the need for literal translation. Perhaps the most crucial element of her success is the community she has so deliberately built. Karol G doesn't just have fans; she has a loyal, passionate base that sees themselves in her journey. She has cultivated a bond that feels personal and direct, turning her massive stadium shows into something that feels more like massive gatherings of like-minded people celebrating together. This connection is the glue that holds her global empire together. It ensures that her influence isn't fleeting or based on a single hit. By making her audience feel like part of the story, she’s built a sustainable movement rooted in mutual respect and admiration. It’s a powerful reminder that in the modern pop landscape, connection is the most valuable currency, and she's minted her own. It becomes a two-way street. The energy she gets from her community fuels her confidence, which in turn informs her vibrant visual world. Each piece of the puzzle—the color, the confidence, the community—strengthens the others, creating a feedback loop of positive energy that has propelled her to the absolute stratosphere. What we're witnessing with Karol G is more than just the rise of another pop star. It’s the crystallization of a new formula for global success. It’s definitive proof that authenticity, a strong visual point of view, and a genuine fan connection can be more powerful than any traditional marketing plan or genre limitation. For a generation that values authenticity above all else, her approach is incredibly resonant. She demonstrates that you don't have to choose between being yourself and being successful on a massive scale. In fact, her entire career proves that one is the direct result of the other. The more herself she becomes, the bigger her world gets. Karol G isn't just making music; she's painting the world in her own colors, proving that true global pop isn't about a single sound. It’s about a feeling, a look, and a community that anyone can join. And frankly, it's a much more interesting and vibrant world because of it. How Karol G Painted the World Pink and Became a New Kind of Star 6 Latina Music Artists You Need To Be Listening To! Everything We Know So Far About ""The White Lotus"" Season 4! 5 Actors Who Completely Transformed Themselves For a Role Why Everyone's Talking About Laufey’s ""Madwoman"" Music Video! Spring Break Skin: An Expert’s Guide To Looking & Feeling Your Best! Celebrity interviews, music, sports, film & culture — straight from the source since 2007. Committed to accessibility — read our Accessibility Statement. If you use a screen reader and are having trouble with this site, email info@younghollywood.com or call 310-481-2282 for assistance.",https://younghollywood.com/scene/karol-g-global-pop-color-theory-ms4ooprp.html
GS,Goldman Sachs (GS) Announces New Series AA Preferred Stock Issua - GuruFocus,2026-07-28 12:22:30,"This website is using a security service to protect itself from online attacks. The action you just performed triggered the security solution. There are several actions that could trigger this block including submitting a certain word or phrase, a SQL command or malformed data. You can email the site owner to let them know you were blocked. Please include what you were doing when this page came up and the Cloudflare Ray ID found at the bottom of this page. Cloudflare Ray ID: a2287050ff8a09cf
•

        Your IP:
        Click to reveal
20.169.53.113
•

Performance & security by Cloudflare",https://www.gurufocus.com/news/8982601/goldman-sachs-gs-announces-new-series-aa-preferred-stock-issuance
GS,Mikey G's Feeling at Home in Midtown - The Raincross Gazette,2026-07-28 12:00:47,"The Elizabeth Street shop is thriving, and its new bagel line, inherited from the bakery it once shared a kitchen with, has customers coming in for reasons beyond the coffee. Four months into its Elizabeth Street location, Mikey G's is among the first food and drink businesses to open since the business corridors inside Magnolia Center started going by Midtown. Mikey G's is not the first business to find success in Magnolia Center. The area has been a vibrant hub of business in Riverside for over half a century. The Sire has endured on Magnolia Avenue for decades, and Condron Coffee and The Outpost are among the wave of successes on Sunnyside Drive. What Mikey G's represents is a continuation, not a beginning. Still, the shop is open and thriving. It opened this spring and has become a go-to for people looking for an excellent product without downtown parking hassles. ""This location has really exceeded our expectations,"" said Jake Driscoll, an owner. ""The flow of traffic that has come through, the people who are excited, not only about the drinks, but about the bagels."" Driscoll said the Midtown name struck him as a good look for what is happening in Riverside. It is already one of the places people use to explain where Midtown is. That it sits a few blocks from Condron does not seem to trouble him, and neither do the ones opening downtown. A new coffee shop in Riverside has stopped being news and become something closer to a running joke. ""There's always going to be more coffee shops that open up, and if that's a reality, we see that as a good thing,"" Driscoll said. ""More coffee in Riverside helps coffee in Riverside as a whole. We're always going to be Mikey G's."" Some of the traffic is not there for coffee at all. Mikey G's acquired Parzel's Bagelry, the bakery it once shared a kitchen with at Harvest Christian Fellowship on Arlington, from founder Kali Hathaway, and the bagels have built a following of their own. The bagels that built their own following - Driscoll says some customers come in for these alone, then discover the drinks. (David Fouts) ""We owe a lot to Kali,"" Driscoll said. ""She was down to hand off her dream of bagels to us."" ""We wanted to have a food option, but it seems like we have even a customer base who will come in just to grab a bagel, which is amazing,"" Driscoll said. ""So we have to let them know that we also have delicious drinks as well."" They do. The espresso tonics and matcha on tap are worth the trip on a hot afternoon. The original location at Harvest still opens Sundays from 7 a.m. to 2 p.m., though the bulk of the business now runs out of Elizabeth Street. What the corridor has is a handful of businesses that opened at different times, for different reasons, and ended up serving the same few blocks. The older ones kept it going through years before the Midtown designation. The newest are opening into a neighborhood that has just been handed a name. ""We just get the benefit off of the energy, the momentum that's happening in this side of town,"" Driscoll said. Driscoll would not say whether more locations are coming. ""At the end of the day, we're dreamers,"" he said. ""We're always open to other opportunities, but at this very moment, we're very grateful to be in Midtown."" More information: Mikey G's is located at 3780 Elizabeth St. and is open 7 a.m. to 5 p.m. daily. The original location, 6115 Arlington Ave., is open Sundays from 7 a.m. to 2 p.m. Follow the shop on Instagram at @bigmikeygs. Let us email you Riverside's news and events every morning. For free! Community Editor. Born and raised Riversider. Bleachers and sidelines. Wife, two boys, and a couple of Boston Terriers. 
I love this place. Roddy Barberan, who joined the downtown restaurant in 2025, draws on family cooking traditions from coastal Ecuador. Brothers John and Michael Leyba open a Downtown cafe rooted in guest service, a diverse menu, and a simple idea: everyone deserves a place to reset. What started as a birthday party experiment has grown into one of Riverside's most distinctive new venues, one glass at a time. Richard Munio's Sub Station has fed generations of UCR students since 1972. Now, with Bannockburn Village slated for demolition, it's counting down its final weeks. Let us email you Riverside's news and events every morning. For free! Always know what's happening in Riverside Join the 16,097 other Riversiders who start their day with The Gazette Always free, no spam ever, and we'll never share your email. Join the 16,097 other Riversiders who start their day with The Gazette Always free, no spam ever, and we'll never share your email. You've successfully subscribed to The Raincross Gazette. Success! Check your email for magic link to sign-in.",https://www.raincrossgazette.com/mikey-gs-feeling-at-home-in-midtown/
GS,"The Goldman Sachs Group, Inc. $GS Shares Sold by Rokos Capital Management LLP - MarketBeat",2026-07-28 10:59:37,"Rokos Capital Management LLP trimmed its holdings in  The Goldman Sachs Group, Inc. (NYSE:GS - Free Report) by 53.7% during the first quarter, according to the company in its most recent filing with the Securities and Exchange Commission. The fund owned 59,409 shares of the investment management company's stock after selling 68,938 shares during the period. Rokos Capital Management LLP's holdings in The Goldman Sachs Group were worth $50,250,000 as of its most recent filing with the Securities and Exchange Commission. Several other hedge funds have also recently added to or reduced their stakes in GS. Audent Global Asset Management LLC boosted its holdings in shares of  The Goldman Sachs Group by 10.1% during the fourth quarter. Audent Global Asset Management LLC now owns 5,238 shares of the investment management company's stock worth $4,604,000 after purchasing an additional 479 shares during the last quarter.  Robeco Institutional Asset Management B.V. lifted its holdings in shares of  The Goldman Sachs Group by 3.9% during the 4th quarter. Robeco Institutional Asset Management B.V. now owns 215,482 shares of the investment management company's stock worth $189,409,000 after acquiring an additional 8,154 shares during the period.  Oak Grove Capital LLC acquired a new stake in shares of  The Goldman Sachs Group in the fourth quarter worth approximately $1,890,000.  Nomura Asset Management Co. Ltd. boosted its position in shares of  The Goldman Sachs Group by 2.6% in the fourth quarter. Nomura Asset Management Co. Ltd. now owns 141,990 shares of the investment management company's stock worth $124,809,000 after acquiring an additional 3,653 shares during the last quarter.  Finally, Global Retirement Partners LLC grew its holdings in  The Goldman Sachs Group by 35.0% in the fourth quarter. Global Retirement Partners LLC now owns 11,944 shares of the investment management company's stock valued at $10,499,000 after purchasing an additional 3,098 shares during the period. 71.21% of the stock is currently owned by hedge funds and other institutional investors. A number of equities analysts have weighed in on the stock. Jefferies Financial Group  set a $1,299.00 price target on shares of The Goldman Sachs Group in a research note on Wednesday, July 15th. Bank of America boosted their price objective on shares of The Goldman Sachs Group from $1,150.00 to $1,300.00 and gave the company a ""buy"" rating in a research note on Thursday, July 16th. Morgan Stanley  set a $1,145.00 price objective on The Goldman Sachs Group in a report on Wednesday, July 15th. Oppenheimer lowered The Goldman Sachs Group from a ""market perform"" rating to an ""underperform"" rating in a research report on Tuesday, June 30th. Finally, BMO Capital Markets boosted their price target on The Goldman Sachs Group from $1,070.00 to $1,190.00 and gave the company a ""market perform"" rating in a research report on Wednesday, July 15th. One investment analyst  has rated the stock with a Strong Buy rating, nine have given a Buy rating, twelve have issued  a Hold rating and one  has issued  a Sell rating to the stock. According to MarketBeat.com, the stock presently has a consensus rating of ""Hold"" and a consensus target price of $1,061.43. Get Our Latest Research Report on The Goldman Sachs Group In other The Goldman Sachs Group news, CFO Denis P. Coleman sold 6,857 shares of the firm's stock in a transaction dated Thursday, May 14th. The stock was sold at an average price of $973.55, for a total value of $6,675,632.35. Following the transaction, the chief financial officer directly owned 31,070 shares of the company's stock, valued at $30,248,198.50. This trade represents a 18.08% decrease in their ownership of the stock. The transaction was disclosed in a document filed with the SEC, which is available through this hyperlink. Also, insider Kathryn H. Ruemmler sold 14,292 shares of the business's stock in a transaction dated Wednesday, May 6th. The stock was sold at an average price of $939.07, for a total value of $13,421,188.44. Following the transaction, the insider owned 15,657 shares in the company, valued at approximately $14,703,018.99. This represents a 47.72% decrease in their position. Additional details regarding this sale are available in the official SEC disclosure. In the last three months, insiders sold 31,450 shares of company stock worth $29,668,201. Corporate insiders own  0.55% of the company's stock. Here are the key news stories impacting The Goldman Sachs Group this week: Shares of GS stock opened at $1,046.53 on Tuesday. The stock has a market cap of $308.73 billion, a price-to-earnings ratio of 16.15, a price-to-earnings-growth ratio of 1.08 and a beta of 1.30. The company has a quick ratio of 0.63, a current ratio of 1.11 and a debt-to-equity ratio of 2.83. The Goldman Sachs Group, Inc. has a fifty-two week low of $694.05 and a fifty-two week high of $1,153.99. The firm's 50 day moving average price is $1,049.36 and its two-hundred day moving average price is $952.59. The Goldman Sachs Group (NYSE:GS - Get Free Report) last released its quarterly earnings data on Tuesday, July 14th. The investment management company reported $20.98 earnings per share (EPS) for the quarter, topping the consensus estimate of $14.47 by $6.51. The Goldman Sachs Group had a net margin of 15.53% and a return on equity of 18.59%. The company had revenue of $20.34 billion during the quarter, compared to the consensus estimate of $16.22 billion. During the same period in the previous year, the firm earned $10.91 earnings per share. The Goldman Sachs Group's revenue for the quarter was up 39.4% on a year-over-year basis.  On average, analysts anticipate that  The Goldman Sachs Group, Inc. will post 68.83 EPS for the current year. The business also recently declared a quarterly dividend, which will be paid on Tuesday, September 29th. Investors of record on Tuesday, September 1st will be issued a $5.00 dividend. The ex-dividend date is Tuesday, September 1st. This represents a $20.00 annualized dividend and a yield of 1.9%. This is an increase from The Goldman Sachs Group's previous quarterly dividend of $4.50. The Goldman Sachs Group's payout ratio is currently 30.87%. The Goldman Sachs Group, Inc is a global investment banking and financial services firm headquartered in New York City. Founded in 1869 as a commercial paper business, the company has grown into a diversified financial institution that provides a broad range of services to corporations, financial institutions, governments and individuals. The firm is led by Chief Executive Officer David M. Solomon and operates across major financial centers worldwide. Goldman Sachs' core businesses include investment banking, global markets, asset and wealth management, and consumer banking. Want to see what other hedge funds are holding GS? Visit HoldingsChannel.com to get the latest 13F filings and insider trades for The Goldman Sachs Group, Inc. (NYSE:GS - Free Report). This instant news alert was generated by narrative science technology and financial data from MarketBeat in order to provide readers with the fastest reporting and unbiased coverage. Please send any questions or comments about this story to contact@marketbeat.com. Before you consider The Goldman Sachs Group, you'll want to hear this. MarketBeat keeps track of Wall Street's top-rated and best performing research analysts and the stocks they recommend to their clients on a daily basis. MarketBeat has identified the five stocks that top analysts are quietly whispering to their clients to buy now before the broader market catches on... and The Goldman Sachs Group wasn't on the list. While The Goldman Sachs Group currently has a Hold rating among analysts, top-rated analysts believe these five stocks are better buys. Learn the basics of options trading and how to use them to boost returns and manage risk with this free report from MarketBeat. Click the link below to get your free copy. Sign up for MarketBeat All Access to gain access to MarketBeat's full suite of research tools and reports. 345 N Reid Place, Suite 620, Sioux Falls, SD 57103
                                        
                                        contact@marketbeat.com
                                        
                                        (844) 978-6257 © MarketBeat Media, LLC 2010-2026. All rights reserved. © 2026   Fair market value prices are updated every minute and are provided by Massive. Other market data provided is at least 10-minutes delayed and hosted by Barchart Solutions.  Information is provided 'as-is' and solely for informational purposes, not for trading purposes or advice, and is delayed. To see all exchange delays and terms of use please see Barchart's disclaimer.",https://www.marketbeat.com/instant-alerts/filing-the-goldman-sachs-group-inc-gs-shares-sold-by-rokos-capital-management-llp-2026-07-28/
GS,This Nike GS Drop Will Make You Wish You Had Tiny Feet - Highsnobiety,2026-07-28 10:09:00,"Nike’s youth-focused Grade School line has long functioned as an incubator for color palettes. Stripping away predictable monochrome schemes, the Jumpman and Swoosh stables frequently use GS sizing to flex their most creative visual experiments. That playful DNA is front and center with the release of the Nike GS Air Force 1 Low Black/Multi. What makes this iteration stand out is its asymmetric color scheme layered over a stealthy base. A vibrant spectrum of accents sits against a smooth black backdrop, for a perfectly balanced finish. Admittedly, the Air Force 1 is best-known and loved for its Triple White and Triple Black editions, but rather than adhering to strict color symmetry, this design leans into a dynamic visual contrast that catches the eye from every angle. A crisp black leather base across the toe box, quarter panels, and eyestays, maintains the iconic Air Force 1 character. But a fiery pop of Laser Orange, Picante Red, and Action Grape sweeps across the Swoosh and back tab in an asymmetric layout with gradient detailing. A clean black midsole is only broken by multicolored branded detailing wrapping the heel of each shoe, echoing the palette that plays out in the upper. The Nike GS Air Force 1 Low Black/Multi proves that Bruce Kilgore’s timeless silhouette still has plenty of room to play. And while this one is reserved for the smaller feet, we’re hoping it might inspire a colorful revolution for the classic model. Highsnobiety has affiliate marketing partnerships, which means we may receive a commission from your purchase. Want to shop the products our editors actually love? Visit HS Shopping and subscribe to Shopper for recs on all things fashion, footwear, and beauty. Titel Media GmbH (Highsnobiety), is committed to facilitating and improving the accessibility and usability of its Website, www.highsnobiety.com. Titel Media GmbH strives to ensure that its Website services and content are accessible to persons with disabilities including users of screen reader technology. To accomplish this, Titel Media GmbH tests, remediates and maintains the Website in-line with the Web Content Accessibility Guidelines (WCAG), which also bring the Website into conformance with the Americans with Disabilities Act of 1990. Please be aware that our efforts to maintain accessibility and usability are ongoing. While we strive to make the Website as accessible as possible some issues can be encountered by different assistive technology as the range of assistive technology is wide and varied. If, at any time, you have specific questions or concerns about the accessibility of any particular webpage on this Website, please contact us at accessibility@highsnobiety.com, +49 (0)30 235 908 500. If you do encounter an accessibility issue, please be sure to specify the web page and nature of the issue in your email and/or phone call, and we will make all reasonable efforts to make that page or the information contained therein accessible for you.",https://www.highsnobiety.com/p/nike-air-force-1-gs-black-multi/
GS,"Big dreams, lifelong learning and innovation: L-G’s 3 mantras for J-K youth - ThePrint",2026-07-28 09:53:00,"Srinagar, Jul 28 (PTI) Jammu and Kashmir Lieutenant Governor Manoj Sinha on Tuesday urged the youth to dream big as they are not merely job seekers but makers of India’s future. He urged students to embrace three guiding principles — big dreams, lifelong learning and always embracing innovation. Addressing a job fair at a college here, Sinha said the greatest value of such initiatives lies in the confidence they instil in young people. “You are not merely job-seekers. You are the makers of India’s future. In your hands rests your career as well as the direction of the nation’s development. You are the strength of Skill India, the face of Digital India, and the true bearers of Aatmanirbhar Bharat,” the Lieutenant Governor said. “Dream big and focus on new discoveries. The future belongs to those who seek new solutions, develop new thinking, and lead change. Success is meaningful only when achieved with ethics and responsibility,” he said. The job fair brought together more than 50 reputed companies across diverse sectors including information technology, healthcare, banking, financial services, manufacturing, retail, hospitality, education, logistics, and engineering. Sinha described the job fair as a powerful means of connecting the aspirations of the youth with opportunities, and as an important step toward building the nation’s bright future. “This is a platform where dreams meet direction, where education meets industry, and where the foundation of a new Jammu and Kashmir is being strengthened,” he said. The lieutenant governor stressed that colleges and universities must evolve into institutions that prepare students for life beyond examinations. “Education should not be confined to classrooms. It must prepare every student to begin life’s journey with confidence, skills, and practical understanding,” he said. PTI MIJ APL This report is auto-generated from PTI news service. ThePrint holds no responsibility for its content.",https://theprint.in/india/big-dreams-lifelong-learning-and-innovation-l-gs-3-mantras-for-j-k-youth/2998940/?amp
GS,GS Chain Terminates Proposed Acquisition Of GMM Acquisition Corp - TradingView,2026-07-28 09:45:03,"Select market data provided by ICE Data Services. Select reference data provided by FactSet. Copyright © 2026 FactSet Research Systems Inc.Copyright © 2026, American Bankers Association. CUSIP Database provided by FactSet Research Systems Inc. All rights reserved. SEC filings and other documents provided by Quartr.© 2026 TradingView, Inc.","https://www.tradingview.com/news/reuters.com,2026:newsml_TUC2CH91J:0-gs-chain-terminates-proposed-acquisition-of-gmm-acquisition-corp/"
GS,REG - GS Chain PLC - Termination of Potential Acquisition - TradingView,2026-07-28 09:44:21,"THE INFORMATION CONTAINED WITHIN THIS ANNOUNCEMENT IS DEEMED BY THE COMPANY TO CONSTITUTE INSIDE INFORMATION AS STIPULATED UNDER THE MARKET ABUSE REGULATION (EU) NO. 596/2014, AS AMENDED WHICH, BY VIRTUE OF THE EUROPEAN UNION (WITHDRAWAL) ACT 2018, FORMS PART OF UK LAW. ON THE PUBLICATION OF THIS ANNOUNCEMENT VIA A REGULATORY INFORMATION SERVICE (""RIS""), THIS INSIDE INFORMATION IS NOW CONSIDERED TO BE IN THE PUBLIC DOMAIN. GS Chain Plc, a UK company admitted to the Equity Shares (Shell Companies) category of the Official List of the Financial Conduct Authority (the ""Official List"") and to the main market of the London Stock Exchange (""Main Market""), announces that the proposed acquisition of GMM Acquisition Corp, Inc (""GMM"") that was previously announced on 17 February 2026 (""Potential Acquisition"") has been terminated by mutual agreement of the respective boards and management of the Company and GMM. As the Proposed Acquisition is not proceeding, the Company will be making an application to the FCA to lift the temporary suspension and restore the listing of its ordinary shares of £0.000167 each on the Official List and to trading on the Main Market of the London Stock Exchange and will update the market accordingly. GS Chain was initially formed for the purpose of acquiring an interest in an operating company or business within the technology sector. The Company's initial areas of focus include businesses leveraging advanced technology in the automotive, fintech, real estate, banking, finance, telecommunications and blockchain industries, although the Board may consider opportunities in other sectors where it believes they would be suitable for the Company. The directors of the Company will therefore continue to focus on identifying and completing an alternative acquisition that supports its strategy and has the potential to deliver long-term value for its shareholders. Certain statements in this announcement, are, or may be deemed to be, forward looking statements. Forward looking statements are identiﬁed by their use of terms and phrases such as ''believe'', ''could'', ""should"" ''envisage'', ''estimate'', ''intend'', ''may'', ''plan'', ''potentially'', ""expect"", ''will'' or the negative of those, variations or comparable expressions, including references to assumptions. These forward-looking statements are not based on historical facts but rather on the Directors' current expectations and assumptions regarding the Company's future growth, results of operations, performance, future capital and other expenditures (including the amount, nature and sources of funding thereof), competitive advantages, business prospects and opportunities. Such forward-looking statements reﬂect the Directors' current beliefs and assumptions and are based on information currently available to the Directors. RNS may use your IP address to confirm compliance with the terms and conditions, to analyse how you engage with the information contained in this communication, and to share such analysis on an anonymised basis with others as part of our commercial services. For further information about how RNS and the London Stock Exchange use the personal data you provide us, please see our Privacy Policy.   END  MSCPPUPCMUPQUBR Select market data provided by ICE Data Services. Select reference data provided by FactSet. Copyright © 2026 FactSet Research Systems Inc.Copyright © 2026, American Bankers Association. CUSIP Database provided by FactSet Research Systems Inc. All rights reserved. SEC filings and other documents provided by Quartr.© 2026 TradingView, Inc.","https://www.tradingview.com/news/reuters.com,2026-07-28:newsml_RSb1804Oa:0-reg-gs-chain-plc-termination-of-potential-acquisition/"
GS,"Empowered Funds LLC Increases Position in The Goldman Sachs Group, Inc. $GS - MarketBeat",2026-07-28 08:37:23,"Empowered Funds LLC lifted its holdings in  The Goldman Sachs Group, Inc. (NYSE:GS - Free Report) by 207.9% during the 1st quarter, according to the company in its most recent Form 13F filing with the SEC. The firm owned 59,672 shares of the investment management company's stock after buying an additional 40,289 shares during the quarter. Empowered Funds LLC's holdings in The Goldman Sachs Group were worth $50,482,000 at the end of the most recent quarter. A number of other institutional investors and hedge funds have also recently modified their holdings of GS. Vanguard Group Inc. lifted its position in shares of  The Goldman Sachs Group by 1.5% during the fourth quarter. Vanguard Group Inc. now owns 29,014,431 shares of the investment management company's stock worth $25,503,685,000 after purchasing an additional 418,820 shares during the last quarter.  State Street Corp grew its holdings in shares of  The Goldman Sachs Group by 2.1% in the fourth quarter. State Street Corp now owns 19,564,783 shares of the investment management company's stock worth $17,197,444,000 after purchasing an additional 394,198 shares during the last quarter.  Fisher Asset Management LLC grew its holdings in shares of  The Goldman Sachs Group by 1.7% in the fourth quarter. Fisher Asset Management LLC now owns 6,771,556 shares of the investment management company's stock worth $5,952,199,000 after purchasing an additional 110,134 shares during the last quarter.  Geode Capital Management LLC increased its stake in  The Goldman Sachs Group by 0.7% in the 4th quarter. Geode Capital Management LLC now owns 6,726,721 shares of the investment management company's stock worth $5,896,795,000 after buying an additional 45,266 shares during the period.  Finally, Bank of America Corp DE increased its stake in  The Goldman Sachs Group by 3.4% in the 4th quarter. Bank of America Corp DE now owns 5,978,034 shares of the investment management company's stock worth $5,254,692,000 after buying an additional 194,109 shares during the period. 71.21% of the stock is owned by institutional investors. Here are the key news stories impacting The Goldman Sachs Group this week: Shares of The Goldman Sachs Group stock opened at $1,046.53 on Tuesday. The company has a market capitalization of $308.73 billion, a PE ratio of 16.15, a P/E/G ratio of 1.08 and a beta of 1.30. The company has a 50-day simple moving average of $1,049.36 and a two-hundred day simple moving average of $952.59. The Goldman Sachs Group, Inc. has a one year low of $694.05 and a one year high of $1,153.99. The company has a debt-to-equity ratio of 2.83, a quick ratio of 0.63 and a current ratio of 1.11. The Goldman Sachs Group (NYSE:GS - Get Free Report) last released its quarterly earnings results on Tuesday, July 14th. The investment management company reported $20.98 earnings per share for the quarter, beating analysts' consensus estimates of $14.47 by $6.51. The Goldman Sachs Group had a net margin of 15.53% and a return on equity of 18.59%. The business had revenue of $20.34 billion for the quarter, compared to analysts' expectations of $16.22 billion. During the same period last year, the business earned $10.91 EPS. The company's revenue was up 39.4% compared to the same quarter last year.  Research analysts expect that  The Goldman Sachs Group, Inc. will post 68.83 EPS for the current fiscal year. The company also recently announced a quarterly dividend, which will be paid on Tuesday, September 29th. Shareholders of record on Tuesday, September 1st will be paid a $5.00 dividend. This represents a $20.00 annualized dividend and a yield of 1.9%. This is a positive change from The Goldman Sachs Group's previous quarterly dividend of $4.50. The ex-dividend date is Tuesday, September 1st. The Goldman Sachs Group's payout ratio is 30.87%. In other The Goldman Sachs Group news, CFO Denis P. Coleman sold 6,857 shares of The Goldman Sachs Group stock in a transaction on Thursday, May 14th. The shares were sold at an average price of $973.55, for a total value of $6,675,632.35. Following the transaction, the chief financial officer directly owned 31,070 shares of the company's stock, valued at approximately $30,248,198.50. The trade was a 18.08% decrease in their ownership of the stock. The transaction was disclosed in a document filed with the Securities & Exchange Commission, which can be accessed through the SEC website. Also, CAO Sheara J. Fredman sold 10,301 shares of the stock in a transaction on Friday, May 1st. The shares were sold at an average price of $929.17, for a total value of $9,571,380.17. Following the sale, the chief accounting officer owned 6,338 shares of the company's stock, valued at approximately $5,889,079.46. This represents a 61.91% decrease in their position. The disclosure for this sale is available in the SEC filing. Over the last three months, insiders have sold 31,450 shares of company stock valued at $29,668,201. 0.55% of the stock is currently owned by insiders. GS has been the subject of several research reports. Keefe, Bruyette & Woods boosted their price objective on shares of The Goldman Sachs Group from $1,050.00 to $1,130.00 and gave the company a ""market perform"" rating in a research report on Wednesday, July 15th. Dbs Bank raised their target price on shares of The Goldman Sachs Group from $890.00 to $1,050.00 in a research report on Thursday, May 7th. Rothschild & Co Redburn lifted their price target on shares of The Goldman Sachs Group from $870.00 to $920.00 and gave the company a ""neutral"" rating in a research note on Thursday, June 25th. Morgan Stanley  set a $1,145.00 price target on The Goldman Sachs Group in a report on Wednesday, July 15th. Finally, Royal Bank Of Canada  reissued a ""neutral"" rating on shares of The Goldman Sachs Group in a research note on Monday, April 13th. One analyst  has rated the stock with a Strong Buy rating, nine have issued  a Buy rating, twelve have assigned  a Hold rating and one  has assigned  a Sell rating to the company's stock. Based on data from MarketBeat.com, the stock currently has an average rating of ""Hold"" and a consensus target price of $1,061.43. Check Out Our Latest Analysis on The Goldman Sachs Group The Goldman Sachs Group, Inc is a global investment banking and financial services firm headquartered in New York City. Founded in 1869 as a commercial paper business, the company has grown into a diversified financial institution that provides a broad range of services to corporations, financial institutions, governments and individuals. The firm is led by Chief Executive Officer David M. Solomon and operates across major financial centers worldwide. Goldman Sachs' core businesses include investment banking, global markets, asset and wealth management, and consumer banking. Want to see what other hedge funds are holding GS? Visit HoldingsChannel.com to get the latest 13F filings and insider trades for The Goldman Sachs Group, Inc. (NYSE:GS - Free Report). This instant news alert was generated by narrative science technology and financial data from MarketBeat in order to provide readers with the fastest reporting and unbiased coverage. Please send any questions or comments about this story to contact@marketbeat.com. Before you consider The Goldman Sachs Group, you'll want to hear this. MarketBeat keeps track of Wall Street's top-rated and best performing research analysts and the stocks they recommend to their clients on a daily basis. MarketBeat has identified the five stocks that top analysts are quietly whispering to their clients to buy now before the broader market catches on... and The Goldman Sachs Group wasn't on the list. While The Goldman Sachs Group currently has a Hold rating among analysts, top-rated analysts believe these five stocks are better buys. Robotics and automation are rapidly becoming essential infrastructure across healthcare, manufacturing, logistics, and many other industries. ""Physical AI"" is coming to the United States, and there are four ways that investors can gain exposure to this new robotics revolution. Plus, learn which seven companies are most positioned to benefit as intelligent robots enter the workforce. Sign up for MarketBeat All Access to gain access to MarketBeat's full suite of research tools and reports. 345 N Reid Place, Suite 620, Sioux Falls, SD 57103
                                        
                                        contact@marketbeat.com
                                        
                                        (844) 978-6257 © MarketBeat Media, LLC 2010-2026. All rights reserved. © 2026   Fair market value prices are updated every minute and are provided by Massive. Other market data provided is at least 10-minutes delayed and hosted by Barchart Solutions.  Information is provided 'as-is' and solely for informational purposes, not for trading purposes or advice, and is delayed. To see all exchange delays and terms of use please see Barchart's disclaimer.",https://www.marketbeat.com/instant-alerts/filing-empowered-funds-llc-increases-position-in-the-goldman-sachs-group-inc-gs-2026-07-28/
GS,GS E&C completes TBM excavation for Melbourne highway project - The Korea Herald,2026-07-28 04:24:18,"Business GS E&C completes TBM excavation for Melbourne highway project GS Engineering & Construction announced Tuesday that it has completed tunnel boring machine excavation for a key section of Melbourne's North East Link highway project, marking a major milestone in the South Korean builder's first Australian infrastructure project. Two tunnel boring machines, each measuring 15.6 meters in diameter, reached their designated endpoints after completing their respective excavation sections, the company said. The breakthrough concludes a major phase of the project that required precise machine operation and systematic construction management. GS E&C said the achievement demonstrates its ability to manage large-scale overseas infrastructure projects and complex tunneling work. The North East Link project will connect Melbourne’s M80 Ring Road with the Eastern Freeway, improving road connectivity in the northeastern part of the city. The project includes the construction of 6.5 kilometers of tunnels, along with interchanges and connections to existing surface roads. GS E&C is participating in the project as an equity investor in the Spark Consortium and a member of the Design & Construction Joint Venture. In 2021, Australia’s State of Victoria signed a primary package project contract for the NEL road with the Spark Consortium. The NEL road project contract was valued at approximately 10.1 trillion won ($6.9 billion), and GS E&C’s share of the construction amounts to 2.8 trillion won. This is the second largest single overseas project undertaken by the company following the 2009 United Arab Emirates plant project. GS E&C will carry out subsequent construction phases including installing road structures; installing electrical, lighting and safety systems; and constructing road connections, aiming to open the tunnel by the end of 2028. “This TBM breakthrough proves our overseas tunnel construction capabilities to the world,” an GS E&C official said. “We will proceed with the remaining phases with quality and safety management as priorities.” Lee pitches aircraft, minerals and K-Beauty to power Korea-Brazil growth Lee calls for joint development of next-generation commercial aircraft SK hynix posts record Q2 profit of W60.5tr, misses forecasts Korea eyes $19.8b Texas gas power project as 1st US investment deal South Korea to enshrine nuclear nonproliferation in submarine law [Graphic News] Package theft tops single-person households' vacation worries Small opportunities, events and tips for international residents in Korea A spotlight on Korean artists who rose to prominence in unexpected ways, and moments behind their breakthroughs SK Chair Chey ordered to pay ex-wife W944b in divorce asset ruling US announces 12.5% tariffs on S. Korea, 59 others over forced labor concerns Between stadiums, BTS' V turns to a book on quiet power of everyday life White phosphorus leaks at US air base in Pyeongtaek YouTube-inspired 'Yatcha' fights spread in Korean schools, spark concerns Address : Huam-ro 4-gil 10, Yongsan-gu,Seoul, Korea
Tel : +82-2-727-0114
Online newspaper registration No : Seoul 아03711 Date of registration : 2015.04.28
Publisher. Editor : Choi Jin-Young
Juvenile Protection Manager : Choi He-suk The Korea Herald by Herald Corporation. Copyright Herald Corporation. All Rights Reserved.",https://www.koreaherald.com/article/10822854
GS,GS Engineering & Construction announced on the 28th that it has successfully completed the excav.. - 매일경제,2026-07-28 02:36:15,"GS Engineering & Construction announced on the 28th that it has successfully completed the excavation (掘進) of the section to be constructed with TBM (tunnel excavation equipment) among the 6.5km long tunnel work of the North East Link (NEL) Road Corporation in Melbourne, Australia. GS E&C is a stake investor in the ""Spark Consortium"" and a participant in design and construction joint ventures. Tunnel construction is a key process that requires precise construction and systematic process management in road infrastructure construction. A GS E&C official explained, ""This excavation completion is an important milestone for the NEL project and is evaluated as an achievement of GS E&C's long-distance tunnel construction and large infrastructure project management capabilities."" Following the completion of the tunnel excavation, follow-up processes such as the installation of road structures inside the tunnel, electricity, lighting, and safety facilities, and road connection construction are carried out sequentially, aiming to open at the end of 2028. NEL Road Corporation is GS Engineering & Construction's first entry into the Australian infrastructure construction market. It is a project to connect the M80 ring road in northeast Melbourne and the eastern highway, which includes the construction of a 6.5 km tunnel section and a ground road connection. The NEL road construction project cost is about KRW 10.1 trillion based on the exchange rate at the time of order, of which GS E&C's construction cost is about KRW 2.8 trillion. This is the second largest single overseas project carried out by GS Engineering & Construction after the United Arab Emirates (UAE) plant project in 2009. At the time of the order, the NEL road construction project attracted attention as the largest road infrastructure project in Victoria, Australia. ※ This article was translated using AI technology for reader convenience. Maeil Business(MK) provides these translations ""as they are"" and makes no warranties of any kind, either
explicitly or implicitly, regarding accuracy, reliability and marketability, suitability for a particular purpose,
etc. of translation.
Please be informed that the content provided may not be translated accurately due to limitations in machine
translation before using this service. Copyright (c) 매경AX. Maeil Business News Korea & mk.co.kr, All rights reserved.
Prohibition of unauthorized reproduction, redistribution, and use of AI learning",https://www.mk.co.kr/en/realestate/12109282
GS,"Blackrock (BLK.US), Goldman Sachs (GS.US), and Fidelity all strongly support the CLARITY Act, with stablecoin controversy emerging as the biggest obstacle. - Moomoo",2026-07-28 01:29:39,"To create a seamless experience and for website quality and improvement purposes, we use cookie technologies for verification and quality purposes, to personalize the content presented, and to provide advertising that may be of specific interest to you. Learn our Privacy Policy here. Other financial institutions have adopted divergent stances, yet their core demands remain aligned. According to Woofun AI, Samara Cohen, Head of Global Market Development at Blackrock (BLK.US), told Politico that she views the CLARITY Act as a crucial step toward building an investor-centric regulatory framework. Meanwhile, the Innovation Crypto Council, representing the digital asset industry, released a report titled ""Myths and Facts"" in defense of the legislation, emphasizing that it can strengthen regulation, enhance customer protection, and combat illicit financial activities. Although the report carries an industry stance, Blackrock's endorsement—coming from a giant that manages vast, regulated investment and tokenized assets—carries decisive weight, compelling lawmakers to heed this voice from a traditional financial powerhouse. Blackrock's shift in stance is closely tied to its business strategy. As of the end of June, the company managed assets totaling $15.3 trillion, a scale that gives its views far more weight than those of typical crypto‑industry players. In his 2026 Chairman's Letter to Shareholders, Larry Fink disclosed that Blackrock manages nearly $80 billion in assets through digital‑asset exchange‑traded products, holds $65 billion in stablecoin reserves, and operates the largest RWA (real‑world asset) tokenization fund. Looking back, Fink had once described cryptocurrencies in 2017 as a manifestation of money‑laundering demand; however, Blackrock subsequently launched multiple BTC‑ and Ethereum‑related products, expanded its tokenization‑fund offerings, and grew its stablecoin‑reserve management business. In an official interview in 2025, Fink acknowledged that he had evolved and improved. Today, what was once an institution that viewed the crypto market primarily as a hub for financial crime is calling for clearer regulatory frameworks—ones that align with its rapidly expanding exposure to digital assets. Woofun AI's analysis shows that other financial institutions hold divergent views, yet their core concerns remain aligned. Goldman Sachs (GS.US) CEO David Solomon supports advancing the CLARITY Act, acknowledging its shortcomings but arguing that a clear market structure would enhance stability and create a transparent environment for the growth of digital‑asset firms. Fidelity's public policy team describes the framework as balanced and capable of providing legal clarity, benefiting U.S. investors and strengthening America's position in the digital‑asset market. Meanwhile, Charles Schwab (SCHW.US), in a market research report released on July 24, characterized the bill's passage as a key factor in rekindling institutional interest—though this remains an analytical assessment rather than an official endorsement. These companies share a common practical challenge: ambiguous asset classifications make it difficult to plan for custody, trading, tokenization, and product development. Notably, despite support from institutional firms, controversies hindering the bill's progress persist, with the most significant issue being stablecoin rewards. The new framework prohibits paying interest-like returns on passively held stablecoin balances but allows rewards based on trading activity or platform engagement. Banks argue that such incentives could siphon deposits away from regulated financial institutions, while crypto‑industry players contend that overly restrictive measures would shield banks from competitive pressure. Goldman Sachs (GS.US)'s stance is particularly pivotal: Solomon supports advancing the bill, whereas other banking executives continue to oppose the stablecoin rewards provisions, emphasizing the value of establishing market rules rather than dismissing banking sector concerns. The deep-seated legislative hurdles involve political ethics and the scope of compliance. Legislators disagree on the extent to which senior officials and their family members should be restricted from issuing, promoting, or profiting from digital assets, as well as on which entity would enforce such restrictions. Moreover, the debate over the applicability of compliance obligations centers on decentralized platforms and software developers that do not hold customer assets. These issues go far beyond determining which regulatory agency should oversee a particular token. Blackrock (BLK.US), Goldman Sachs (GS.US), and Fidelity each have their own commercial considerations behind pushing these bills; clear rules could reduce legal uncertainty in existing or planned business areas. Compared with smaller competitors, large corporations are better positioned to shoulder the costs of licensing, reporting, and compliance. However, corporate support does not mean that every provision will benefit consumers or promote fair competition; it merely indicates that regulatory uncertainty has already weighed on large financial institutions. The real test ahead is whether lawmakers can resolve disputes over stablecoin incentives, political ethics, and compliance before institutional backing begins to wane. Illegal and Violation Use the share button in your browser  to share the page with your friends Investment products and services are offered through Moomoo Financial Inc., Member SIPC./FINRA. For further information about Moomoo Financial Inc., please visit Financial Industry Regulatory Authority (FINRA)’s BrokerCheck. Options trading entails significant risk and is not appropriate for all customers. It is important that investors read Characteristics and Risks of Standardized Options before engaging in any options trading strategies. Options transactions are often complex and may involve the potential of losing the entire investment in a relatively short period of time. Certain complex options strategies carry additional risk, including the potential for losses that may exceed the original investment amount. Supporting documentation for any claims, if applicable, will be furnished upon request. $0 commission trading is available only to U.S. residents trading in the U.S. markets through Moomoo Financial Inc. Other fees may apply. For more info, visit moomoo.com/us/pricing Investing involves risk and the potential to lose principal. Electronic trading also involves risks. The responsiveness of the trading system may vary due to market conditions, system performance, and other factors. Account access and trade execution may be affected by factors such as market volatility. Investment products are not insured by the FDIC, not a deposit, and may decline in value. The services and products offered on the website are subject to applicable laws and regulations, as well as relevant service terms and policies. The services and products are not available to all customers or in all geographic areas or in any jurisdiction where it is unlawful for us to offer such services and products. Company Address：Moomoo Financial Inc. and Moomoo Technologies Inc, 185 Hudson St Ste. 2600, Jersey City, NJ 07302 Copyright © 2026 Moomoo Technologies Inc. All Rights Reserved.",https://www.moomoo.com/news/post/73603073/blackrock-blkus-goldman-sachs-gsus-and-fidelity-all-strongly-support?level=1&data_ticket=1785288001540596
GS,"""Only 6 limited edition for professionals""...BMW F900 GS Enduro Pro Edition - 매일경제",2026-07-28 01:19:56,"BMW Motorrad will sell only six BMW F900 GS Enduro Pro Edition in Korea, which has enhanced off-road driving performance. BMW Motorrad announced that it will start selling the F900 GS Enduro Pro Edition through BMW Motorrad Shop Online at 2 p.m. on the 28th. The price is 23.8 million won, including VAT, and a three-year guarantee that is valid around the world without mileage restrictions is provided. This limited edition is a model with improved Humro driving performance based on the middle-class adventure motorcycle F900GS. The exterior has a ""Style GS Trophy"" color that combines racing blue metallic, racing red, and light white. The core specification is the 'Enduro Pro Package'. The front wheel is equipped with a 45mm diameter fully adjustable show and an inverted fork, and the rear wheel is equipped with a fully adjustable ZF socks spring strut with an auxiliary tank, allowing the suspension to be finely adjusted depending on the road surface and driving environment. The position of the handlebar is also 24mm higher than that of the basic model. It is a setting to secure a stable posture and operability in an off-road environment where you stand up and drive. Off-road tires and M-endurance chains with block-type tread patterns were also applied. The dynamometer is an 895 cc water-cooled series two-cylinder engine. It exerts a maximum output of 105 horsepower and a maximum torque of 9.5kg·m, and is equipped with a titanium-based AccraPovic Sports rear silencer. In addition to the basic lane and road, the driving mode provides a 'riding mode pro' including dynamic and enduro modes. Dynamic traction control, ABS pro, keyless ride, tire pressure monitoring system, cruise control, etc. are also applied by default. This article has been translated by GripLabs Mingo AI. ※ This article was translated using AI technology for reader convenience. Maeil Business(MK) provides these translations ""as they are"" and makes no warranties of any kind, either
explicitly or implicitly, regarding accuracy, reliability and marketability, suitability for a particular purpose,
etc. of translation.
Please be informed that the content provided may not be translated accurately due to limitations in machine
translation before using this service. Copyright (c) 매경AX. Maeil Business News Korea & mk.co.kr, All rights reserved.
Prohibition of unauthorized reproduction, redistribution, and use of AI learning",https://www.mk.co.kr/en/business/12109156
GS,"Final Trade: GNRC, DAL, GS, C - CNBC",2026-07-27 22:08:00,"Got a confidential news tip? We want to hear from you. Sign up for free newsletters and get more CNBC delivered to your inbox Get this delivered to your inbox, and more info about our products and services. © 2026 Versant Media, LLC. All Rights Reserved. A Versant Media Company. Data is a real-time snapshot *Data is delayed at least 15 minutes.
      Global Business and Financial News, Stock Quotes, and Market Data
      and Analysis.",https://www.cnbc.com/video/2026/07/27/final-trade-gnrc-dal-gs-c.html
GS,Vikings Announce Roster Moves as 2026 Training Camp Opens - Minnesota Vikings,2026-07-27 20:46:56,"EAGAN, Minn. — The Vikings on Monday announced multiple roster moves at the onset of 2026 Training Camp. The team announced it has waived undrafted rookie linebacker Keli Lawson and waived undrafted rookie receiver Luke Wysong, who received a non-football injury designation. Additionally, undrafted rookie running back Kejon Owens received a non-football illness designation. View photos of the Vikings players arriving for 2026 Training Camp at TCO Performance Center. Rookies and select veterans, including all four rostered quarterbacks, arrived at Twin Cities Orthopedics Performance Center Sunday for the initial launching of camp. Remaining veterans are scheduled to arrive on Tuesday. View photos of the Vikings roster as of July 27, 2026. Players will participate in the first session open to media members on Wednesday and ramp up toward Saturday's practice, the first this year scheduled to be open to the public. Join the Vikings at Twin Cities Orthopedics Performance Center for 2026 Vikings Training Camp presented by U.S. Bank! © 2026 Minnesota Vikings Football, LLC , All Rights Reserved.",https://www.vikings.com/news/2026-roster-moves-training-camp-keli-lawson
GS,GS.AMB Bond Coupon Profile — Rate & Payments - TradingView,2026-07-27 20:06:20,"Select market data provided by ICE Data Services. Select reference data provided by FactSet. Copyright © 2026 FactSet Research Systems Inc.Copyright © 2026, American Bankers Association. CUSIP Database provided by FactSet Research Systems Inc. All rights reserved. SEC filings and other documents provided by Quartr.© 2026 TradingView, Inc.",https://www.tradingview.com/symbols/FINRA-GS.AMB/profile-coupon/
GS,GS.AMB Bond Risk Profile - TradingView,2026-07-27 19:57:42,"Select market data provided by ICE Data Services. Select reference data provided by FactSet. Copyright © 2026 FactSet Research Systems Inc.Copyright © 2026, American Bankers Association. CUSIP Database provided by FactSet Research Systems Inc. All rights reserved. SEC filings and other documents provided by Quartr.© 2026 TradingView, Inc.",https://www.tradingview.com/symbols/FINRA-GS.AMB/profile-risks/
GS,The Kids’ Air Jordan 3 “Chalk” Drops On August 8th - Sneaker News,2026-07-27 18:30:16,"This website is using a security service to protect itself from online attacks. The action you just performed triggered the security solution. There are several actions that could trigger this block including submitting a certain word or phrase, a SQL command or malformed data. You can email the site owner to let them know you were blocked. Please include what you were doing when this page came up and the Cloudflare Ray ID found at the bottom of this page. Cloudflare Ray ID: a22870ab2a12ae6a
•

        Your IP:
        Click to reveal
20.169.53.113
•

Performance & security by Cloudflare",https://sneakernews.com/2026/07/27/air-jordan-3-gs-chalk-true-blue-kinetic-green-track-red-io2076-100/
GS,Is It Worth It? Karol G’s ‘Viajando Por El Mundo Tropitour’ - remezcla.com,2026-07-27 17:26:02,"Following the highly successful run of the Mañana Será Bonito Tour—which solidified Karol G’s global star power when it became the highest-grossing tour by a Latina and led to her becoming the first Latina to headline Coachella—the Colombian singer kicked off her “Viajando Por El Mundo Tropitour” on Friday, July 24, with two sold-out shows at Soldier Field in Chicago, IL. The “Tropitour” isn’t just another stadium concert. It’s evidence that Karol G’s becoming one of the defining live performers of this generation while expanding what’s possible for Latines, but more specifically Latinas. Seeing La Bichota live and in command of a colossal-sized crowd makes it clear why she’s become a worldwide phenomenon: she combines spectacle, intimacy, and an unapologetically feminine vision in a way few artists currently can. The real impact of Karol G’s work isn’t the elaborate productions or sold-out stadiums. It’s how she has turned a genre that has historically sidelined women into a space where thousands of women see themselves centered. An hour before Karol G even took the stage, it seemed as if every single one of the 62,000 seats was filled and buzzing with fans (dressed mostly in orange and pink) eagerly waiting for her to take the stage. The Venezuelan artist Elena Rose opened the night with songs like “Caracas en el 2000,” “Gangsta Ángel,” and “Carteras Chinas.” The opening act on the “Tropitour” is set to change and will also include Becky G and Greeicy. A countdown clock appeared 80 minutes later on the massive screens, giving fans 3:15 minutes to get to their seats. The screams began long before Karol G appeared and only got louder as the show progressed. The concert opened with an animated video telling the story of a woman who remembers the power of her voice. The three-minute montage ended with the tagline “Forever wild, forever free,” before “Latina Foreva” was projected on the screen and the beat for the empowerment ballad dropped, signaling the start of an electric night. She then moved into a “Tropicoqueta” vibe for the song, complete with an elaborate headdress, massive feathers and climbing up an elephant-sized parrot to sing “Papasito.” The all-female group Mariachi Reyna de Los Ángeles came out playing Son de la Negra as the stage’s colors flashed to green, white and red for the Mexican flag, before backing Karol G up as she sang “Ese Hombre es Malo,” “200 COPAS” and “MAMIII” (sans Becky G). For the second half of her show, Karol G made her way down to the crowd and performed from a second stage located in the middle of the floor. There, she set off high-octane dance party vibes with Daddy Yankee’s “Rompe,” “Dile Luna,” Bandida Entrenada,” and “Ojos Ferrari.” From there, DJ Daiky Gamboa took over to remix some of Karol G’s hits that wouldn’t be performed live. It gave her time to get back to the main stage and do a costume change into the last set of her show. The pace began to slow down as she transitioned to salsa beats (her band played Willie Colón’s “La Murga” before jumping into Tusa) and began to wind down for the night. Fan interactions were sprinkled throughout the show, including one moment in which she agreed to send a lucky couple to Paris for their honeymoon. She ended the night with sweet, melancholy hits “Milagros,” “Si Antes Te Hubiera Conocido” and “Viajando Por El Mundo,” where fans held up their phones to make sure they made those final moments last. In terms of surprises, one of the highlights of the night featured a new song debut. Rather than take the stage for an encore, Karol finished the night backstage, projected onto the big screens, singing and dancing to her new song “Matadora.” This was my first time seeing Karol G in concert. I was a fan of her music but never considered going to see her live. However, during the Mañana Será Bonito Tour, my Instagram feed was constantly filled with photos and videos of friends at her shows having a blast. That was enough to pique my curiosity and get me to tune in to “Karol G: Tomorrow was Beautiful” on Netflix. Watching the documentary on the tour made me realize what she’s doing is rewriting the rules, and in the process, we get to watch history be made. She had to fight an uphill battle to get the Mañana Será Bonito Tour greenlit, and it ended up being one of the most successful endeavors for Latine music. Reggaeton is a male-dominated genre full of misogyny, obstacles, and hypersexualization of women. The space is designed to keep women out, and yet Karol has risen to the top. She’s done it with a smile on her face, owning her femininity, embracing and being unapologetic about her sexuality, with thousands of girly pop fans cheering her on along the way. While Shakira recently set the record for the highest-grossing Latin tour of all time with her Las Mujeres Ya No Lloran World Tour, Karol G is only the second Latina in recent decades to mount a global stadium tour of this scale. It’s a path laid out by Selena Quintanilla (which Karol pays homage to in the documentary and during night two of her Chicago stop) but still too few women at the top. The nearly two-and-a-half-hour show was an over-the-top spectacle with elaborate set pieces, vibrant colors, and heart-thumping beats that gave you no choice but to move your body. Critics took to social media to say the concert was a repeat of her Coachella performance, which I would have never known if I hadn’t read the comments. Even if true, it’s a show worth taking out on the road with its extravagant set pieces and the energy Karol, her dancers, and musicians brought to the night. Given she already mixed things up on night two at Chicago with visuals, fans can likely expect changes as the tour progresses. If these two sold-out stadium shows are any indicator of what’s to come, it stands to reason that Karol G’s Viajando Por El Mundo Tropitour is set to break her own records and pave the way for a new generation of entertainers. This site is protected by reCAPTCHA and Google Privacy Policy and the Terms of service. These cookies may be set through our site by our advertising partners. They may be used by those companies to build a profile of your interests and show you relevant adverts on other sites. They do not store directly personal information, but are based on uniquely identifying your browser and internet device. If you do not allow these cookies, you will experience less targeted advertising. These cookies are necessary for the website to function and cannot be switched off in our systems. They are usually only set in response to actions made by you which amount to a request for services, such as setting your privacy preferences, logging in or filling in forms. You can set your browser to block or alert you about these cookies, but some parts of the site will not then work. These cookies do not store any personally identifiable information. These cookies allow us to count visits and traffic sources so we can measure and improve the performance of our site. They help us to know which pages are the most and least popular and see how visitors move around the site. All information these cookies collect is aggregated and therefore anonymous. If you do not allow these cookies we will not know when you have visited our site, and will not be able to monitor its performance. These cookies enable the website to provide enhanced functionality and personalisation. They may be set by us or by third party providers whose services we have added to our pages. If you do not allow these cookies then some or all of these services may not function properly. By clicking “Accept All Cookies”, you agree to the storing of cookies on your device to enhance site navigation, analyze site usage, and assist in our marketing efforts.",https://remezcla.com/features/music/is-it-worth-it-karol-gs-viajando-por-el-mundo-tropitour/
GS,"Hear Karol G sing about her ""fatty"" in new track ‘Matador’ - GRUNGECAKE",2026-07-27 16:35:29,"Karol G has officially entered a new chapter with the release of her latest single, ‘Matador’, arriving just as she launches her highly anticipated new tour. The track showcases the global superstar’s signature energy, blending her powerful vocals with the bold, genre-defying sound that has helped her become one of Latin music’s biggest names. The release comes as fans around the world gather to experience Karol G’s newest live production, featuring a fresh visual direction, electrifying performances, and a celebration of her evolution as an artist. With ‘Matador’, Karol G continues to push creative boundaries whilst connecting with millions of listeners through her fearless storytelling and undeniable charisma. Following the success of her previous projects, the new single signals an exciting era for the award-winning artist as she continues to dominate stages worldwide. The name ""GRUNGECAKE"" reflects the joining of two extremes: ""Grunge"" represents the grit and struggle of an artist's journey, whilst ""Cake"" represents the ultimate goal of success. The platform has been recognised by major outlets such as The New York Times, Billboard, Complex, and more.  All articles are posted by admin or are sponsored posts. Your email address will not be published. Required fields are marked * Save my name, email, and website in this browser for the next time I comment. GRUNGECAKE is a prominent global digital media brand covering music, culture and lifestyle. The company is recognised by and works with the Recording Academy/GRAMMYs.",https://grungecake.com/karol-g-matador/pop-culture/137455/
GS,GS DCF Analysis: Intrinsic Value $1620 vs Price $1061 - GuruFocus,2026-07-27 15:11:28,"This website is using a security service to protect itself from online attacks. The action you just performed triggered the security solution. There are several actions that could trigger this block including submitting a certain word or phrase, a SQL command or malformed data. You can email the site owner to let them know you were blocked. Please include what you were doing when this page came up and the Cloudflare Ray ID found at the bottom of this page. Cloudflare Ray ID: a228716a082eb75a
•

        Your IP:
        Click to reveal
20.169.53.113
•

Performance & security by Cloudflare",https://www.gurufocus.com/news/8980098/gs-dcf-analysis-intrinsic-value-1620-vs-price-1061
GS,The Official Site of the Minnesota Vikings - Minnesota Vikings,2026-07-27 15:03:45,"The Minnesota Vikings will take on the Detroit Lions at U.S. Bank Stadium in the team's first-ever Rivalries game on Sunday, Dec. 20 at 7:20 p.m. CT! Introduced last season, the Rivalries program features alternate uniforms and fan gear inspired by the community. Stay tuned for more information. © 2026 Minnesota Vikings Football, LLC , All Rights Reserved.",https://www.vikings.com/rivalries
GS,BMW R 12 G/S GS Trophy Competition Bike Showcases Adventure Performance at Its Peak - stupidDOPE,2026-07-27 11:44:21,"Adventure motorcycles occupy a unique position within the broader motorcycle industry. Unlike purpose-built motocross machines or dedicated touring bikes, they are expected to perform competently across a remarkably wide range of conditions, from paved highways and gravel roads to technical trails and remote backcountry terrain. As the segment has matured, manufacturers have increasingly emphasized versatility, often marketing adventure motorcycles as machines capable of doing everything reasonably well. The challenge, however, lies in demonstrating those capabilities beyond carefully produced promotional campaigns. BMW Motorrad has long addressed that challenge through the International GS Trophy, its biennial off-road competition that places riders in demanding real-world environments where mechanical reliability, rider skill, and thoughtful engineering are tested under genuinely difficult conditions. For the 2026 edition, set against Romania’s mountains, forests, river crossings, and technical terrain, BMW has developed a dedicated R 12 G/S GS Trophy Competition Bike. Although this exact motorcycle will not be offered for public sale, its significance extends beyond exclusivity. Nearly every component used to prepare the competition machine is available through BMW’s own accessory catalog, effectively transforming the bike into a practical blueprint for enthusiasts seeking similar capability. That decision reflects a notable degree of confidence in BMW’s production platform. Rather than constructing an unobtainable factory prototype filled with bespoke racing parts, the company demonstrates what can be achieved using components that customers can realistically purchase. In doing so, the R 12 G/S GS Trophy Competition Bike becomes less a one-off competition special and more a compelling case study in modular adventure motorcycle design. The International GS Trophy has evolved into one of BMW Motorrad’s most influential proving grounds. Unlike traditional motorcycle racing, outright speed plays only a secondary role. Competitors navigate challenging terrain through navigation exercises, technical riding sections, endurance stages, and teamwork-oriented challenges designed to reward consistency and adaptability rather than outright horsepower. Those conditions provide meaningful engineering validation. Steep climbs, uneven surfaces, river crossings, loose rock, mud, and extended days in remote environments expose weaknesses that ordinary road testing may never reveal. The motorcycles must perform reliably under sustained physical demands while remaining manageable for riders with varying skill levels. By developing a competition motorcycle around production-based hardware, BMW effectively demonstrates confidence that its engineering philosophy extends beyond controlled demonstrations into authentic off-road environments. That credibility carries considerable weight within the adventure riding community. At the heart of the R 12 G/S sits BMW’s familiar 1,170cc air/oil-cooled boxer twin. Producing 109 horsepower and 85 lb-ft of torque, the engine reflects an increasingly uncommon philosophy in an era where many manufacturers pursue higher peak outputs through liquid cooling and more aggressive performance tuning. Instead, BMW emphasizes predictable power delivery. For adventure riding, this approach often proves more valuable than headline horsepower figures. Technical trails require smooth throttle response, controllable low-end torque, and mechanical durability rather than maximum acceleration. The horizontally opposed boxer configuration also contributes practical advantages. Its low center of gravity improves balance during slow-speed maneuvering while enhancing stability across uneven terrain. Although the engine’s cylinder heads remain visually exposed, decades of refinement have demonstrated the platform’s remarkable resilience under demanding conditions. The continued use of air/oil cooling also reinforces the motorcycle’s mechanical simplicity without sacrificing meaningful real-world capability. Perhaps the most interesting aspect of the GS Trophy Competition Bike lies not in what has been added, but where those additions originate. Nearly every modification comes directly from BMW Motorrad’s accessory catalog. Manufacturers frequently showcase concept motorcycles equipped with specialized racing components unavailable to ordinary consumers, creating an aspirational image that cannot realistically be replicated. The Competition Bike serves instead as an illustration of how thoughtfully selected factory accessories can transform an already capable platform into a significantly more specialized off-road machine. This accessibility enhances the motorcycle’s credibility. Owners interested in preparing their own R 12 G/S for extended adventure travel or technical trail riding can follow much of the same equipment strategy without relying upon custom fabrication or aftermarket experimentation. Adventure motorcycles inevitably balance two competing priorities. They must remain rugged enough for technical off-road riding while offering sufficient comfort for the extended highway journeys often required to reach those destinations. BMW’s Comfort Package addresses that dual-purpose expectation. Hill Start Control reduces stress during steep inclines, particularly when the motorcycle carries luggage or navigates loose terrain. Gear Shift Assist Pro enables clutchless shifting that improves riding efficiency while minimizing fatigue over longer distances. Heated grips extend riding seasons into colder environments, while cruise control significantly improves highway comfort during multi-day expeditions. None of these features individually redefine the riding experience. Collectively, however, they contribute meaningfully to rider endurance. Reducing physical and cognitive workload allows greater attention to navigation, terrain assessment, and overall safety throughout demanding journeys. The Enduro Package Pro shifts emphasis from comfort toward capability. Off-road tires provide the most immediately noticeable improvement, increasing traction across loose surfaces where conventional dual-sport rubber may struggle. The inclusion of an 18-inch rear wheel also aligns with established off-road preferences. Compared with larger road-oriented wheel configurations, this setup expands tire options while improving compliance over rough terrain. Handlebar risers further support standing riding posture, an essential technique during technical off-road riding that improves weight distribution, visibility, and motorcycle control. These modifications illustrate an important principle. BMW prioritizes ergonomic refinement rather than radical mechanical transformation. The motorcycle remains fundamentally recognizable while becoming substantially better suited to challenging environments. Adventure motorcycles frequently succeed or fail according to suspension performance. The R 12 G/S provides 8.2 inches of front suspension travel and 7.8 inches at the rear, complemented by 9.4 inches of ground clearance. Those figures position the motorcycle comfortably within serious adventure territory. More importantly, they reflect thoughtful compromise. Excessive suspension travel may improve extreme off-road capability while compromising stability, accessibility, and road manners. Conversely, insufficient travel limits rider confidence once terrain becomes increasingly technical. BMW appears to have selected specifications capable of supporting demanding trail conditions without sacrificing broader versatility. That balanced approach remains one of the defining characteristics of successful adventure motorcycle engineering. Visually, the GS Trophy Competition Bike draws heavily from BMW Motorrad’s long-standing adventure heritage. The Lightwhite paint, blue Motorsport tank striping, and distinctive red seat reference familiar BMW design language while avoiding unnecessary retro styling. Only the official GS Trophy graphics remain exclusive to competition motorcycles. Interestingly, that exclusivity serves more symbolic than functional purposes. Every mechanical improvement remains accessible to customers. Only the visual identifiers separating competitors from consumers remain unavailable. This subtle distinction reinforces the motorcycle’s authenticity. For enthusiasts, that represents a considerably more meaningful proposition than producing an artificially unattainable special edition. The BMW R 12 G/S GS Trophy Competition Bike demonstrates an increasingly thoughtful approach to product development within the adventure motorcycle segment. Rather than showcasing an unattainable factory prototype built around proprietary racing components, BMW uses the International GS Trophy as an opportunity to highlight what its production platform can achieve through carefully selected factory accessories. That strategy strengthens the motorcycle’s credibility by allowing riders to replicate much of the competition specification using components already available through the company’s catalog. The combination of the proven 1,170cc boxer twin, Comfort Package, Enduro Package Pro, generous suspension travel, and purpose-built ergonomics reflects a philosophy centered on balanced capability rather than exaggerated specifications. Every modification serves a practical objective, improving rider control, endurance, or confidence without fundamentally altering the motorcycle’s approachable character. Although the exact GS Trophy Competition Bike will remain exclusive to riders competing in Romania’s demanding 2026 International GS Trophy, its greatest contribution lies in demonstrating the versatility of the underlying R 12 G/S platform. By publishing nearly the entire build sheet, BMW invites adventure riders to view the motorcycle not simply as a competition machine, but as an attainable blueprint for serious exploration. It is a compelling reminder that genuine adventure capability often results from thoughtful refinement rather than dramatic reinvention. The BMW R 12 G/S GS Trophy Competition Bike is built exclusively for the 2026 International GS Trophy. Riders interested in the production R 12 G/S and its available factory accessories can learn more through BMW Motorrad’s official channels.",https://stupiddope.com/2026/07/bmw-r-12-g-s-gs-trophy-competition-bike-showcases-adventure-performance-at-its-peak/
GS,"Waverly Advisors LLC Purchases 1,124 Shares of The Goldman Sachs Group, Inc. $GS - MarketBeat",2026-07-27 10:10:15,"Waverly Advisors LLC increased its position in shares of  The Goldman Sachs Group, Inc. (NYSE:GS - Free Report) by 5.2% during the 1st quarter, according to its most recent Form 13F filing with the Securities & Exchange Commission. The firm owned 22,810 shares of the investment management company's stock after acquiring an additional 1,124 shares during the quarter. Waverly Advisors LLC's holdings in The Goldman Sachs Group were worth $19,297,000 at the end of the most recent quarter. A number of other hedge funds and other institutional investors have also recently added to or reduced their stakes in GS. Garton & Associates Financial Advisors LLC acquired a new stake in shares of  The Goldman Sachs Group during the 4th quarter worth approximately $26,000.  Manning & Napier Advisors LLC lifted its holdings in  The Goldman Sachs Group by 287.5% in the fourth quarter. Manning & Napier Advisors LLC now owns 31 shares of the investment management company's stock valued at $27,000 after buying an additional 23 shares during the period.  Steph & Co. bought a new position in  The Goldman Sachs Group in the first quarter valued at approximately $27,000.  Lifetime Wealth Management P.C. acquired a new stake in  The Goldman Sachs Group during the 4th quarter worth $29,000.  Finally, Kohmann Bosshard Financial Services LLC acquired a new stake in  The Goldman Sachs Group during the 4th quarter worth $31,000. 71.21% of the stock is currently owned by institutional investors and hedge funds. A number of research firms have recently weighed in on GS. Royal Bank Of Canada  reissued a ""neutral"" rating on shares of The Goldman Sachs Group in a research note on Monday, April 13th. Morgan Stanley  set a $1,145.00 price objective on The Goldman Sachs Group in a research note on Wednesday, July 15th. Barclays increased their target price on The Goldman Sachs Group from $1,048.00 to $1,245.00 and gave the company an ""overweight"" rating in a research note on Wednesday, July 15th. HSBC raised their target price on The Goldman Sachs Group from $729.00 to $765.00 in a report on Monday, May 4th. Finally, BNP Paribas Exane lowered their price target on The Goldman Sachs Group from $970.00 to $940.00 and set a ""neutral"" rating for the company in a research note on Friday, April 24th. One investment analyst  has rated the stock with a Strong Buy rating, nine have assigned  a Buy rating, twelve have issued  a Hold rating and one  has assigned  a Sell rating to the company. Based on data from MarketBeat.com, The Goldman Sachs Group currently has an average rating of ""Hold"" and an average target price of $1,061.43. Get Our Latest Research Report on The Goldman Sachs Group Here are the key news stories impacting The Goldman Sachs Group this week: In other The Goldman Sachs Group news, CAO Sheara J. Fredman sold 10,301 shares of The Goldman Sachs Group stock in a transaction that occurred on Friday, May 1st. The shares were sold at an average price of $929.17, for a total value of $9,571,380.17. Following the transaction, the chief accounting officer owned 6,338 shares of the company's stock, valued at approximately $5,889,079.46. The trade was a 61.91% decrease in their ownership of the stock. The sale was disclosed in a filing with the SEC, which is available through the SEC website. Also, insider Kathryn H. Ruemmler sold 14,292 shares of the stock in a transaction on Wednesday, May 6th. The stock was sold at an average price of $939.07, for a total transaction of $13,421,188.44. Following the sale, the insider directly owned 15,657 shares of the company's stock, valued at $14,703,018.99. This represents a 47.72% decrease in their position. Additional details regarding this sale are available in the official SEC disclosure. Over the last quarter, insiders have sold 31,450 shares of company stock valued at $29,668,201. 0.55% of the stock is currently owned by corporate insiders. GS stock opened at $1,059.81 on Monday. The Goldman Sachs Group, Inc. has a 1-year low of $694.05 and a 1-year high of $1,153.99. The company has a current ratio of 1.11, a quick ratio of 0.63 and a debt-to-equity ratio of 2.83. The firm has a market cap of $312.65 billion, a PE ratio of 16.36, a P/E/G ratio of 1.08 and a beta of 1.30. The business's 50-day moving average price is $1,047.33 and its two-hundred day moving average price is $951.94. The Goldman Sachs Group (NYSE:GS - Get Free Report) last released its quarterly earnings results on Tuesday, July 14th. The investment management company reported $20.98 EPS for the quarter, topping analysts' consensus estimates of $14.47 by $6.51. The Goldman Sachs Group had a return on equity of 18.59% and a net margin of 15.53%.The company had revenue of $20.34 billion for the quarter, compared to analyst estimates of $16.22 billion. During the same quarter last year, the firm posted $10.91 earnings per share. The Goldman Sachs Group's revenue was up 39.4% compared to the same quarter last year.  As a group, research analysts forecast that  The Goldman Sachs Group, Inc. will post 68.83 earnings per share for the current year. The business also recently announced a quarterly dividend, which will be paid on Tuesday, September 29th. Shareholders of record on Tuesday, September 1st will be issued a dividend of $5.00 per share. This is an increase from The Goldman Sachs Group's previous quarterly dividend of $4.50. The ex-dividend date is Tuesday, September 1st. This represents a $20.00 annualized dividend and a yield of 1.9%. The Goldman Sachs Group's dividend payout ratio  is 27.78%. The Goldman Sachs Group, Inc is a global investment banking and financial services firm headquartered in New York City. Founded in 1869 as a commercial paper business, the company has grown into a diversified financial institution that provides a broad range of services to corporations, financial institutions, governments and individuals. The firm is led by Chief Executive Officer David M. Solomon and operates across major financial centers worldwide. Goldman Sachs' core businesses include investment banking, global markets, asset and wealth management, and consumer banking. This instant news alert was generated by narrative science technology and financial data from MarketBeat in order to provide readers with the fastest reporting and unbiased coverage. Please send any questions or comments about this story to contact@marketbeat.com. Before you consider The Goldman Sachs Group, you'll want to hear this. MarketBeat keeps track of Wall Street's top-rated and best performing research analysts and the stocks they recommend to their clients on a daily basis. MarketBeat has identified the five stocks that top analysts are quietly whispering to their clients to buy now before the broader market catches on... and The Goldman Sachs Group wasn't on the list. While The Goldman Sachs Group currently has a Hold rating among analysts, top-rated analysts believe these five stocks are better buys. The space race is growing fast, and you don’t have to have gotten in early on SpaceX to profit. This report shows seven space stocks you can buy today that may grow as rockets, satellites, defense, space internet, and new space technology become more important. Sign up for MarketBeat All Access to gain access to MarketBeat's full suite of research tools and reports. 345 N Reid Place, Suite 620, Sioux Falls, SD 57103
                                        
                                        contact@marketbeat.com
                                        
                                        (844) 978-6257 © MarketBeat Media, LLC 2010-2026. All rights reserved. © 2026   Fair market value prices are updated every minute and are provided by Massive. Other market data provided is at least 10-minutes delayed and hosted by Barchart Solutions.  Information is provided 'as-is' and solely for informational purposes, not for trading purposes or advice, and is delayed. To see all exchange delays and terms of use please see Barchart's disclaimer. Enter your email below to receive daily updates and analyst ratings for The Goldman Sachs Group and related companies from The Early Bird.",https://www.marketbeat.com/instant-alerts/filing-waverly-advisors-llc-purchases-1124-shares-of-the-goldman-sachs-group-inc-gs-2026-07-27/
GS,Avoiding Lag: Real-Time Signals in (GS) Movement - Stock Traders Daily,2026-07-27 09:36:02,"Our AI models have generated three distinct trading strategies tailored to different risk profiles and holding periods. Each strategy incorporates sophisticated risk management parameters designed to optimize position sizing and minimize drawdown risk. Blue = Current Price
Red = Resistance
Green = Support Instant access — no password needed Get institutional-grade analysis with API integration and custom risk models. You're about to add GS to your personalized dashboard for ongoing analysis and alerts. To access your My Stocks dashboard and receive personalized analysis, you'll need to create a free account. © 2025 Stock Traders Daily - Quantitative Research Division. All rights reserved. | 📚 Full News Archive | 🍁 Canada Edition | 🇬🇧 UK Edition | 🌐 Crypto Edition",https://news.stocktradersdaily.com/news_release/20/Avoiding_Lag:_Real-Time_Signals_in_GS_Movement_072726093602_1785159362.html
GS,Maldivian signs LOI for two DHC-6-300-Gs - ch-aviation,2026-07-27 07:11:44,"Maldivian deHavilland DHC-6 TwinOtter, © Maldivian Maldivian (Q2, Malé)  has signed a letter of intent with De Havilland Aircraft of Canada for two DHC-6-300-Gs, the manufacturer announced at the Farnborough Airshow 2026. Neither delivery dates nor configuration were disclosed. The aircraft would be the first DHC-6-300-Gs delivered to the Maldives, which De Havilland described as the world's largest operating market for the type. ""The Twin Otter has been an integral part of aviation in the Maldives for decades, and this newest generation aircraft will allow us to continue providing the dependable service our passengers expect while benefiting from the aircraft's latest technological and operational enhancements,"" Island Aviation Services managing director Ibrahim Iyas said. Island Aviation Services, which trades under the Maldivian brand, operates eleven DHC-6-300s to connect Malé with resorts and remote islands across the Maldivian archipelago. It also flies one A320-200, one A330-200, three ATR42-600s, two ATR72-600s, one DHC-8-200, one DHC-8-Q200 and five DHC-8-Q300s. Spain’s Plus Ultra ties Zapatero to bailout commission ATR looking into ATR72-600 modifications for US market Syrianair eyes 8-Airbus-jet order, to double fleet in 2026 Spain’s Plus Ultra ties Zapatero to bailout commission ATR looking into ATR72-600 modifications for US market Syrianair eyes 8-Airbus-jet order, to double fleet in 2026 Get full, unrestricted access to all of ch-aviation's news and data for 14 days. Our Data and News subscriptions grant you access to our extensive databases for
                                Commercial and Business Aviation. You can read our Exclusive News Stories, look up
                                Aircraft Operators, analyse global aircraft fleets, browse hundreds of thousands of
                                Airline Schedules, or find email addresses of Senior Managers to contact. We've got you
                                covered on more than 51,000 Operators, 110,000 Aircraft, and 14,000 Airports. Need
                                Intelligence to make informed decisions? These subscriptions are for you. We offer a comprehensive aviation industry database utilised by various entities such as operators, airports, FBO's, charter brokers, aircraft finance, lease and trading, OEMs, MROs, technical suppliers, technology providers and many more. Join our free Business Aviation Webinar - Wednesday at 15:00 (CET) / 09:00AM (ET)! Join our free webinar for a quick tour around ch-aviation with an introduction to its Business Aviation data & news and best practices for a flying start.",https://www.ch-aviation.com/news/169884-maldivian-signs-loi-for-two-dhc-6-300-gs
GS,What to Expect from VIAJANDO POR EL MUNDO TROPITOUR Setlist - Ticketmaster Blog,2026-07-27 07:00:00,"Update (July 27): This article has been updated with Karol G’s latest average setlist and live photos from the tour. Karol G is taking Tropicoqueta on the road. Throughout this summer, the Colombian superstar is celebrating her latest album with the VIAJANDO POR EL MUNDO TROPITOUR across North America. Released in June 2025, Tropicoqueta debuted at No. 3 on the Billboard 200 and also became Karol G’s fourth chart-topping album on the Latin Albums tally. Below, find out what to expect on Karol G’s VIAJANDO POR EL MUNDO TROPITOUR, including a complete list of concert dates and cities, VIP info, and an average setlist. Grab tickets for Karol G shows on Ticketmaster. <span data-mce-type=""bookmark"" style=""display: inline-block; width: 0px; overflow: hidden; line-height: 0;"" class=""mce_SELRES_start""></span> Fresh off headlining Coachella and introducing the world to her Tropicoqueta era, Karol G is keeping the party going with the run of stadium dates across North America. The tour takes its name and focus from both “Viajando Por El Mundo,” the superstar’s 2025 collaboration with Manu Chao, which served as a single off Tropicoqueta, as well as the rest of the album. Fans can expect a show that moves between hits from Karol G’s latest album, including “Si Antes Te Hubiera Conocido,” “LATINA FOREVA,” “Papasito” and “Ivonny Bonita,” and highlights from her past multi platinum-selling eras, showcasing Karol G’s status as a modern reggaeton and cumbia icon and Latin pop pioneer. Karol G’s VIAJANDO POR EL MUNDO TROPITOUR kicked off on July 24 and 25, 2026 with back-to-back shows at Chicago’s Soldier Field. The superstar is touring North America through the early fall, with stops in major cities like Toronto, Las Vegas, Seattle, Atlanta and Tampa before concluding on October 15 at AT&T Stadium in Arlington, Texas. The tour will also include multi-night stops at major venues like SoFi Stadium in Inglewood, California; Levi’s Stadium in Santa Clara, California; El Paso’s Sun Bowl Stadium; MetLife Stadium in East Rutherford, New Jersey; and Hard Rock Stadium in Miami. Tickets for Karol G’s VIAJANDO POR EL MUNDO TROPITOUR went on sale in May 2026, but there’s still time to score great seats via Ticketmaster. Fans will have the opportunity to purchase five (5) VIP package options for the VIAJANDO POR EL MUNDO TROPITOUR. VIP packages include perks such as: *Locations may vary by venue; see specific date for details.
**Local liquor laws apply.
***No artist participation included in package. To purchase a VIP Package, visit your event page and look for the gold star on the seat map or above the list of ticket options. Note that pricing, premium experiences and VIP packages can vary by event. See your VIAJANDO POR EL MUNDO TROPITOUR event page for current ticket options, verified inventory, seat maps, lineup details, and venue-specific policies. Explore the average setlist for the 2026 tour, based on Karol G’s opening night in Chicago. Karol G’s setlist typically includes anchors such as “Tusa,” “Bichota,” “TQG,” and “AMARGURA.” The Latin star is also highlighting tracks from her 2025 album Tropicoqueta, including singles “Si Antes Te Hubiera Conocido,” “LATINA FOREVA,” “Papasito,” “Ivonny Bonita” and “Viajando Por el Mundo.” Becky G is set to join Karol G as a special guest on the following dates of the VIAJANDO POR EL MUNDO TROPITOUR: Fans will have the opportunity to purchase five (5) VIP package options for the VIAJANDO POR EL MUNDO TROPITOUR. VIP packages include perks such as: *Locations may vary by venue; see specific date for details.
**Local liquor laws apply.
***No artist participation included in package. Based on opening night of the 2026 tour, fans can typically expect songs from Karol G’s 2025 album, Tropicoqueta, in addition to other favorites from across her discography. Karol G tickets are available via Ticketmaster. Standard Tickets are still available for many dates. While exact set lengths may vary, the superstar’s 2026 outing a longer tour than some previous shows. With recent evenings spanning more than 25 songs, Karol G’s live show typically lasts somewhere between 90 minutes and two hours. Tickets and VIP packages are now on sale for VIAJANDO POR EL MUNDO TROPITOUR. Standard Tickets and VIP Packages are still available for many dates. Nightly Karol G setlists can also be found on Ticketmaster. Update (July 28): This article has been updated with Avenged Sevenfold’s latest information, setlist and photos from the tour. Life Is But a Dream…and it’s b... Update (July 27): This article has been updated with Guns N’ Roses’ latest tour dates and setlist info. The Guns N’ Roses: World Tour 2026 ... Update (July 27): This article has been updated with the Goo Goo Dolls’ latest setlist information. Goo Goo Dolls have unveiled their Summer 2026 Tour ... By continuing past this page, you agree to our Terms of Use. By continuing past this page, you agree to our Terms of Use.",https://blog.ticketmaster.com/karol-g-setlist/
GS,Goldman Sachs (GS) CEO Backs Clarity Act for Digital Asset Regulation - GuruFocus,2026-07-27 06:34:00,"This website is using a security service to protect itself from online attacks. The action you just performed triggered the security solution. There are several actions that could trigger this block including submitting a certain word or phrase, a SQL command or malformed data. You can email the site owner to let them know you were blocked. Please include what you were doing when this page came up and the Cloudflare Ray ID found at the bottom of this page. Cloudflare Ray ID: a22871861e50b75a
•

        Your IP:
        Click to reveal
20.169.53.113
•

Performance & security by Cloudflare",https://www.gurufocus.com/news/8979562/goldman-sachs-gs-ceo-backs-clarity-act-for-digital-asset-regulation?mobile=true
GS,"GS: India can handle oil at $90, economy more resilient than expected - CNBC",2026-07-27 05:29:00,"Monday - Friday, 11:00 - 12:00 SIN/HK  |  0500 - 06:00 CET Got a confidential news tip? We want to hear from you. Sign up for free newsletters and get more CNBC delivered to your inbox Get this delivered to your inbox, and more info about our products and services. © 2026 Versant Media, LLC. All Rights Reserved. A Versant Media Company. Data is a real-time snapshot *Data is delayed at least 15 minutes.
      Global Business and Financial News, Stock Quotes, and Market Data
      and Analysis. This site is now part of Versant. By continuing, you agree to our Terms. You also acknowledge that our updated Privacy Policy applies, including your existing data. For info on your data rights, click “Your Privacy Choices” or see “Your Rights” in our Privacy Policy. We and our partners also use tools on this site to provide the services, personalize your experience, and for analytics, marketing, and advertising. If you previously opted out of selling, sharing, or targeted advertising on this site, you will need to update your Privacy Choice. We may collect personal data from and about you through this site for “targeted advertising,” “selling,” or “sharing,” as defined by applicable privacy laws. Some states provide residents (or their authorized agents) with the right to opt out of these practices. See the “Your Rights” section of our Privacy Policy for more info. If you reside in one of these states (or are an authorized agent) you can opt out of targeted advertising, selling, or sharing, occurring on this site by moving the toggle below to the left and clicking “Confirm My Choice.” Your choice through the toggle is specific to this site. If you access other Versant sites and services, you will need to opt out for each. Also, if you clear your cookies on this browser or use another browser or device, you will need to opt out again. You can change your choice any time. In addition to the toggle, you should also provide the information requested in our “Opt-Out Form” (accessible by clicking the “+” below), which will enable us to take action on your opt-out election more broadly than just on this site (e.g., we will be able to stop sharing your email with third parties in order to target you with adverting on other site and services, such as social media platforms). You may also enable where available and provided for under applicable privacy laws, a universal tool that automatically communicates your opt out preference, such as the Global Privacy Control (“GPC”). If detected, we will process your GPC signal as if you had opted out through the toggle. If you opt-out, you may continue to see advertising, including ads that may be based on personal information processed before you opted out. Residents (or authorized agents) of states listed in the “Your Rights” section of our Privacy Policy: To opt out of targeted advertising, selling, or sharing occurring on this site for this browser and device, move the toggle to the left and click “Confirm My Choice.”Residents (or authorized agents) of states not listed in the “Your Rights” section of our Privacy Policy: If we do not detect that you are in one of the states listed in the “Your Rights” section of our Privacy Policy, we cannot ensure that we will be able to apply your opt out choice, even if you utilize the toggle.Please note, your choice through the toggle is specific to this site, for this browser and device. If you access other Versant sites and services, you will need to opt out for each. Also, if you clear your cookies on this browser or use another browser or device, you will need to opt out again. You can change your choice any time.If you opt-out, you may continue to see advertising, including ads that may be based on personal data processed before you opted out. You should also provide the info requested in this Opt-Out Form, which will enable us to take action on your opt-out election more broadly than just this site (e.g., we will be able to stop sharing your email with third parties in order to target you with adverting on other sites and services, such as social media platforms).",https://www.cnbc.com/video/2026/07/27/gs-india-can-manage-oil-at-90-economy-more-resilient-than-expected.html
GS,GS6342193 Bond Risk Profile - TradingView,2026-07-27 04:03:22,"Select market data provided by ICE Data Services. Select reference data provided by FactSet. Copyright © 2026 FactSet Research Systems Inc.Copyright © 2026, American Bankers Association. CUSIP Database provided by FactSet Research Systems Inc. All rights reserved. SEC filings and other documents provided by Quartr.© 2026 TradingView, Inc.",https://www.tradingview.com/symbols/FINRA-GS6342193/profile-risks/
GS,Mailbag: Vikings Return for Opening of 2026 Training Camp - Minnesota Vikings,2026-07-27 02:01:55,"Do you have a comment or question? Send it to the Mailbag. Every Monday we'll post several comments and/or questions. Click here to submit a comment or question to Mailbag. Remember to include your name and town in the email. If Twitter / X is your jam, you can send a question to me that way as well. We are back — well, select Vikings players reported Sunday, and the remainder of the roster is due to report Tuesday — but it's pretty much time to roll out the ol' football. I appreciate folks accommodating me taking a break last week and made the most of the time during a camping trip ""Up North"" with my family and neighbors. A canoe trek and a separate kayak paddle while observing wildlife offered serenity, and we had plenty of laughs with the group. Fans will be able to hear from Head Coach Kevin O'Connell and new General Manager Nolan Teasley during a press conference scheduled for 12:30 p.m. (CT) Tuesday. Defensive Coordinator Brian Flores is scheduled for a presser on Wednesday, the first ramp-up day of acclimation practice; Offensive Coordinator Wes Phillips and Special Teams Coordinator Matt Daniels are scheduled to speak Thursday. Fans will be able to view the team on the field for the first time on Saturday when the team hosts Back Together Weekend: Saturday Edition. Visit vikings.com/camp for information. The organization is excited to host Legends Weekend as part of the opening festivities. View photos of the Vikings roster as of July 27, 2026. Since there's still a bit of time before we recap the O'Connell-Teasley presser and any on-field action, I wanted to include the links for our camp positional previews before getting to a few questions. How's everybody doing? Been a while since I wrote. I really liked the comments by Jason G. (on July 13). I agree that Brian Robison, E.J. Henderson, Carl Lee were underrated players, but Doug Martin at DE and Joey Browner at S were two of the best to play their positions! I also love to talk about the some of the underrated players that have passed through here. Henry Thomas at DT, Steve Jordan at TE, Sidney Rice at WR, Ed White at G and Korey Stringer at T. Welcome back to the conversation and good to hear from you. I sincerely appreciate everyone who helps keep the discussion of Vikings and NFL topics going during the lulls, and I always look forward to people who ramp up their communication as the season approaches and kicks off. My Vikings Entertainment Network colleagues look forward to relaying the sights, sounds and summaries of training camp as everyone readies for the 2026 season. Recognition for Martin's overall impact may have been reduced by some rough seasons for the Purple, but by the end of the '80s, he had helped the Vikings course correct. His 61.5 sacks ranked fourth in franchise history when Martin retired, trailing only Carl Eller, Jim Marshall and Alan Page, and the total still ranks ninth all-time. If not for Ronnie Lott and the run of Super Bowls by the 49ers, Browner would have been even more appreciated beyond Vikings fandom. Thomas and Jordan were key in helping Minnesota close the '80s and open the '90s with some strong seasons. Rice's 2009 season was one of the best a receiver could hope for, but his 83 catches for 1,312 yards and eight touchdowns accounted for roughly one-third of his career stats in seven total seasons. It does make one wonder what would have happened had he benefited from more continuity at QB. White stacked impressive performances for eight seasons with the Vikings and nine more with the Chargers, totaling four Pro Bowls. Stringer tragically passed away on Aug. 1, 2001, as he was following his first career Pro Bowl and preparing for his seventh NFL season. Colleague Lindsey Young will have a story on Stringer's legacy this Saturday on Vikings.com, and a recognition will be part of camp. Jim Lindsey. I remember him on the roster, and I used to have a card of him. I don't remember much from him as far as an offensive performer. I do recall him scoring a TD at the OLD outdoor stadium. The Lions partially blocked a field goal, and it rolled to the Detroit 1. A member of the Lions was blocking to keep the Vikings away from the ball hoping it would roll into the end zone for a touchback. The blocker's foot accidentally touched the ball, and it rolled into the end zone as a live ball. No one from either team noticed the nudge except Lindsey as he fell on the ball when it crossed the goal line. The other players looked uncertain at what happened until a ref signaled the touchdown. Was that the game Alan Page had a couple early flags on him that fired him up that helped lead to his MVP season? I recall Page scored three safeties that season with the third happening in a home playoff game against Dallas. I remember it was a home game against Detroit at Minnesota but not sure it was the same game. I also believe that stadium was the last one to have both teams on the same sideline. The team sent condolences this week to the family of Jim Lindsey, who passed away at age 81 on July 19 in his home state of Arkansas. Lindsey was drafted by the Vikings in the NFL and the Bills in the AFL in 1966, the year before the leagues began the common draft to prepare for the 1970 merger. He played a reserve role on offense and contributed significantly on special teams, serving as a five-time captain for the unit. His captaincy began in 1968 and ran through his retirement. The play remembered by Jason involved the kind of awareness and savvy that Hall of Fame Head Coach Bud Grant loved, and it's just one example of how Lindsey endeared himself to Grant. Here is a screenshot from the original play-by-play booklet from that game: Jason's memory also is correct in that Page had an interesting penalty sequence and responded with the dominance that resulted in him becoming the first defensive player to win NFL MVP and with one of three safeties that season (the other was against Buffalo). In going through the play-by-play from that game (included below), Page garnered a personal foul on a second-and-10. On the following snap, Greg Landry threw the ball out of bounds, but Page was penalized for roughing the passer, resulting in another first down. Page sacked Landry for a loss of 9 on the ensuing play to create a second-and-19. After a 5-yard offsides penalty against Carl Eller, Landry tripped for a loss of 11 (tackle credited to Gary Larsen) and Detroit suffered a 15-yard holding penalty added to the play to create a second-and-40 on which Page recorded a 4-yard tackle for loss. On third-and-44, Detroit dusted off a QB sneak (I'm laughing about this as I type it, and hopefully it adds to your reading enjoyment), which resulted in a gain of 2 before Page made the tackle. I went back and read the Star Tribune recap of the uncanny sequence involving Page. From Sid Hartman's Dec. 12, 1971, column, beginning with a quote from Grant: ""It doesn't pay to get Alan Page upset. He has been having a super year, but when they called successive 15-yard penalties on him, he seemed to come up with a little extra, and he was a part of some big plays that helped us win the game."" Page admitted that he got a little angry when the two penalties were called. ""On the first penalty, I used the head slap on a Detroit lineman,"" he said. ""This move is legal if you use it on the first step with an open hand. To my knowledge, I did that legally, but the official saw it [differently]. The second penalty was justified. It came on a pass play when Greg Landry threw the ball. I got my hands up high trying to block the pass. When I came down, I landed on the top of Landry's head."" That season was the fourth in nine consecutive campaigns in which Page was selected to the Pro Bowl and his second of five First-Team All-Pro selections. The NFL MVP began being awarded in 1957, and the only other instance of a defensive player winning occurred in 1986 (Giants LB and Hall of Famer Lawrence Taylor). Page generously has allowed his MVP trophy to be displayed at the Minnesota Vikings Museum since the venue opened in 2018. I'm biased but believe it's worth a visit. View photos of the top 10 receivers of all-time for the Vikings. In your estimation, which players and maybe coaches are under a microscope of scrutiny during this Vikings Training Camp? Coaches and players are best served if they have a general confidence in their physical attributes, as well as the ability to block out external voices/forces beyond a player's control. That said, it's also at least somewhat helpful to understand players are not just competing with anyone else within the position group but also anyone else on the planet that a team could find to make it better. Thus, it's best to put the best foot forward and treat every day as a job interview. That can be true at any point in time but also the case when a new GM comes aboard. O'Connell has often expressed an interest in wanting to help each player reach the best version of himself on any day. That goes for him, as well. I think all coaches and players understand continuous evaluation and progress tracking, whether that's sure-fire starters and All-Pro players or those who are participating in their first pro camp. The Vikings App features all the best content from the Vikings Entertainment Network! Turn on push notifications to be the first to get breaking news, live score updates and join Drops to win free merch! © 2026 Minnesota Vikings Football, LLC , All Rights Reserved. In order to provide you with free high-quality content that you love to watch and offers that are more relevant to you, the National Football League collects and shares certain personal information.

Because we respect your privacy, we also provide you choices with respect to your personal information. You may use the toggles in the sections below to opt out of certain cookies (e.g., pixels), including the use of targeting cookies that may be deemed to result in the “sale” or “sharing” of personal information under certain United States laws. If you choose to opt out of these cookies, you will still see ads, though they may be less relevant to you.

You are always free to turn optional cookies back on using this cookie preference center.

For more information about how we collect and share your personal information and other privacy choices you may have, refer to our
            Privacy Policy. These cookies are necessary for the website to function and cannot be switched off in our systems. They are usually only set in response to actions made by you which amount to a request for services, such as setting your privacy preferences, logging in or filling in forms. You can set your browser to block or alert you about these cookies, but some parts of the site might not work as a result. These cookies allow us to count visits and traffic sources so we can measure and improve the performance of our site. They help us to know which pages are the most and least popular and see how visitors move around the site. If you do not allow these cookies we will not know when you have visited our site, and will not be able to monitor its performance. These cookies enable the website to provide enhanced functionality and personalization. They may be set by us or by third party providers whose services we have added to our pages. If you do not allow these cookies then some or all of these services may not function properly. Under certain state laws in the United States, “sale” or “sharing” of personal information is defined broadly and in a way that may include allowing third parties to receive certain information for certain functions, including but not limited to targeted advertising. These laws may provide residents with the right to opt out of such sales or sharing of their personal information. To opt out of the sale or sharing of your personal information collected through cookies, move the toggle to the left and select ""Confirm My Choices"". If you choose to opt out of this data sharing, you will still see ads, though they may be less relevant to you. These ads may be based on historical information or information shared or sold by other sources. You will need to renew this choice each time you clear your cookies or use a new browser or device. This opt-out applies only to certain cookie (“online”) data we have about you. If you wish to communicate your opt out choices with respect to selling or sharing other types of data beyond cookies (e.g., “offline” data) you may do so by submitting a privacy request form via the “Your Privacy Choices” link located in the footer of this website’s homepage.",https://www.vikings.com/news/training-camp-2026-legends-mailbag
GS,GS6340141 Bond Risk Profile - TradingView,2026-07-27 00:29:17,"Select market data provided by ICE Data Services. Select reference data provided by FactSet. Copyright © 2026 FactSet Research Systems Inc.Copyright © 2026, American Bankers Association. CUSIP Database provided by FactSet Research Systems Inc. All rights reserved. SEC filings and other documents provided by Quartr.© 2026 TradingView, Inc.",https://www.tradingview.com/symbols/FINRA-GS6340141/profile-risks/
GS,GS5451066 Bond Risk Profile - TradingView,2026-07-26 16:33:20,"Select market data provided by ICE Data Services. Select reference data provided by FactSet. Copyright © 2026 FactSet Research Systems Inc.Copyright © 2026, American Bankers Association. CUSIP Database provided by FactSet Research Systems Inc. All rights reserved. SEC filings and other documents provided by Quartr.© 2026 TradingView, Inc.",https://www.tradingview.com/symbols/FINRA-GS5451066/profile-risks/
GS,GS5824636 Bond Coupon Profile — Rate & Payments - TradingView,2026-07-26 15:57:57,"Select market data provided by ICE Data Services. Select reference data provided by FactSet. Copyright © 2026 FactSet Research Systems Inc.Copyright © 2026, American Bankers Association. CUSIP Database provided by FactSet Research Systems Inc. All rights reserved. SEC filings and other documents provided by Quartr.© 2026 TradingView, Inc.",https://www.tradingview.com/symbols/FINRA-GS5824636/profile-coupon/
GS,Is Goldman Sachs’ Private Markets and Hedging Expansion Altering The Investment Case For Goldman Sachs Group (GS)? - simplywall.st,2026-07-26 15:40:46,"The latest GPUs need a type of rare earth metal called Neodymium and there are only 29 companies in the world exploring or producing it. Find the list for free. To own Goldman Sachs today, you need to believe it can keep growing fee-based wealth and asset management while managing capital and regulatory demands. The new private markets platform for wealthy clients fits directly into that story, but does not remove near term risks around regulation and market volatility. The AEGIS Hedging Solutions deal and the heavy use of long dated funding add tools, yet do not fundamentally change those core risks. Among the recent announcements, the Q2 2026 earnings jump, with net income of US$6,628 million and diluted EPS of US$20.98, is most relevant here. Stronger profitability gives Goldman more flexibility to invest in private markets access and risk management services while still funding dividends and buybacks. For investors focused on fee-based growth as a key catalyst, that earnings backdrop helps frame how much room Goldman has to keep scaling its alternatives and wealth platforms. But while fee growth is appealing, investors should be aware of how unresolved regulatory shifts could suddenly reshape Goldman's capital needs and... Read the full narrative on Goldman Sachs Group (it's free!) Goldman Sachs Group's narrative projects $68.3 billion revenue and $20.3 billion earnings by 2029. Uncover how Goldman Sachs Group's forecasts yield a $978.35 fair value, a 8% downside to its current price. Some analysts are far more optimistic, assuming revenues could reach about US$74.7 billion and earnings US$22.6 billion by 2029, yet they still flag AI driven disruption of traditional advisory and fee income as a serious risk that the latest private markets and hedging moves may or may not fully offset. Explore 7 other fair value estimates on Goldman Sachs Group - why the stock might be worth as much as 7% more than the current price! Don't just follow the ticker - dig into the data and build a conviction that's truly your own. Don't miss your shot at the next 10-bagger. Our latest stock picks just dropped: This article by Simply Wall St is general in nature. We provide commentary based on historical data
    and analyst forecasts only using an unbiased methodology and our articles are not intended to be financial advice. It does not constitute a recommendation to buy or sell any stock, and does not take account of your objectives, or your
    financial situation. We aim to bring you long-term focused analysis driven by fundamental data.
    Note that our analysis may not factor in the latest price-sensitive company announcements or qualitative material.
    Simply Wall St has no position in any stocks mentioned. We've created the ultimate portfolio companion for stock investors, and it's free. • Connect an unlimited number of Portfolios and see your total in one currency• Be alerted to new Warning Signs or Risks via email or mobile• Track the Fair Value of your stocks Have feedback on this article? Concerned about the content? Get in touch with us directly. Alternatively, email editorial-team@simplywallst.com A financial institution, provides a range of financial services for corporations, financial institutions, governments, and individuals in the Americas, Europe, the Middle East, Africa, and Asia. Good value with proven track record and pays a dividend. Financial Data provided by S&P Global Market Intelligence LLC, analysis provided by Simply Wall Street Pty Ltd. Copyright © 2026, S&P Global Market Intelligence LLC. All rights reserved. Simply Wall Street Pty Ltd (ACN 600 056 611), is a Corporate Authorised Representative (Authorised Representative Number: 467183) of Sanlam Private Wealth Pty Ltd (AFSL No. 337927). Any advice contained in this website is general advice only and has been prepared without considering your objectives, financial situation or needs. You should not rely on any advice and/or information contained in this website and before making any investment decision we recommend that you consider whether it is appropriate for your situation and seek appropriate financial, taxation and legal advice. Please read our Financial Services Guide before deciding whether to obtain financial services from us. © 2026 Simply Wall Street Pty Ltd, US Design Patent #29/544/281, Community and European Design Registration #2845206",https://simplywall.st/stocks/us/diversified-financials/nyse-gs/goldman-sachs-group/news/is-goldman-sachs-private-markets-and-hedging-expansion-alter
GS,The Adventure Bike That Can Replace Almost Everything In Your Garage - Top Speed,2026-07-26 13:34:14,"If you’ve been blessed enough to have a garage full of motorcycles, then chances are that it looks something like this. A sport bike stands under a cover in the corner, ridden just twice since spring, because hitting the track requires an interstate journey, but touring isn’t its forte. A dirt bike lies behind it with flat tires and a battery tethered to a trickle charger. Parked out front is the tourer that has been doing the daily grind. Three bikes, barely enough time to maintain all of them, piling expenses, and only one of them that hits the road with some regularity. That’s a hard-to-admit reality of one person with multiple bikes. This article has been updated with more context on the bike's versatility and real-world performance. Trouble is, none of those three bikes could cover the other two. They are all specialized products for a given use case, and anything outside of that is a compromise that, at the very least, is annoying, and at best, is avoided. A genuine do-everything machine, then, has to clear a higher bar than any one of those three individually. It needs enough chassis composure and power delivery to feel legitimately quick on a road that rewards commitment. At the same time, it has to offer enough wind protection and ergonomic range to make hours between fuel stops feel routine rather than punishing. A middleweight ADV is a great solution to replace two or more bikes, but you might crave the power deficit it has against the sport bike. While there’s also the need for enough ground clearance and suspension travel to survive loose surfaces. Very few bikes meet these criteria. Fewer still do it without feeling like a compromise stacked on a compromise. BMW built the R 80 G/S in 1980 on the idea that one motorcycle could genuinely go anywhere, and the latest R 1300 GS pushes that idea further than any generation before it. The 1,300cc boxer-twin sits low in a two-part frame that uses the engine itself as a stressed member, a layout BMW has used since the platform's earliest days to keep weight centered. At $20,395, it costs more than a sport bike and a dirt bike combined in some cases, but it’s also the very point that it’s trying to make: that it might be the only bike a rider needs to buy for a long time to come. We’ll admit it: a full-size adventure bike doesn't exactly seem right for a one-bike garage, but that’s exactly what makes the BMW R 1300 GS special. And you don’t have to take our word for it, either. The bike has really proven itself out in the real world, showing it can do it all, including globe-trotting, off-roading, commuting, and even carving corners up a mountain road. Few bikes come close to proving everything the brochure says out in the real world quite like the GS. Let’s start with globe-trotting. Unless you’re living under a rock, you’d know that the GS is the benchmark when it comes to around-the-world bike rides. Yes, more reliable and sensible options exist, like the Kawasaki KLR650, but there’s a reason rivals still gravitate toward the GS. The bike has everything it takes to be a globe-trotter, including plenty of power, all-road capability, and reliability and easy maintenance. All of that comes down to how BMW has engineered the motorcycle, including its low center of gravity, unique telelever front suspension, maintenance-free shaft drive, and more. The R 1300 GS balances that personality with the genuine ability to have fun on the road. The best proof of this is that the R 1300 GS has set a hill climb record, which is usually reserved for much lighter sports bikes. Ridden by Greg Mansell, a slightly modified R 1300 GS broke a 15-year-old hill climb record at the Bouley Bay Hillclimb, clocking a time of 45.13 seconds, beating the previous record by 0.02 seconds. Heck, it outperformed the mental BMW M 1000 XR, demonstrating just how capable the GS platform can be. Adventure touring and canyon carving are two ends of a spectrum, but the R 1300 GS somehow does both exceptionally well. Yes, it is still not perfect. On trails, you will feel its heft, and on corners, it will be slower to turn in than a sports bike. But can a sports bike tour, or can most tourers set a hill climb record? Mostly not. That’s the reason why we’ve picked the R 1300 GS as the bike that can replace almost everything in your garage. Every R 1300 GS has four riding modes as standard in the form of Eco, Rain, Road, and Enduro, each recalibrating throttle response and traction control for a different kind of day in the saddle. The optional Dynamics package adds Shift Assistant Pro for clutchless gear changes, Dynamic Suspension Adjustment (DSA), a sportier brake setup, and a pair of Pro riding modes that push the same chassis toward opposite ends of what one motorcycle can be asked to do. One setting dials in for the canyon road. Another tackles the washed-out fire road. So true do-it-all capabilities in an ADV with optional extras that still cost less than some of its competitors. You could decide to throw everything at the big GS, and it’ll handle it with aplomb. Switch into Dynamic or Dynamic Pro, and the throttle mapping sharpens, delivering power right off the lightest twist of the wrist instead of easing into it the way Road mode does. Shift Assistant Pro, part of the same Dynamics package, lets the rider go up and down the gearbox without ever touching the clutch lever. So transitioning from the urban environment to a set of twisties is a fluid change from convenience to excitement. The optional DSA suspension firms up damping on the fly as lean angle and speed climb, holding the chassis flatter under hard braking into a bend than the standard setup. None of it turns a 523-pound adventure bike into a proper sport bike, but it closes the gap substantially. Enduro mode alone, standard on every R 1300 GS, already loosens the electronics' grip on loose surfaces, letting the rear step out a little without traction control slamming the door shut on it. Enduro Pro, unlocked through the same Dynamics package, goes further still. Tuned around aggressive knobby rubber, it dials back electronic intervention enough that a rider can power the bike through sand or loose rock on throttle input rather than on what the electronics allow. Riders chasing serious trail use can also swap the standard cast wheels for optional forged enduro wheels, shaving weight in the unsprung mass spinning at each end of the bike. It’s truly the most durable ADV for America. The R 1300 GS’ versatile range continues to hold up away from a canyon or a trail as well, and it’s exactly why it gets the respect that it does for catering to all kinds of riding duties. The standard seat sits at 33.4 inches, but optional low and high comfort seats swing that range from 31.5 to 35 inches, so the R 1300 GS fits a range of riders. Heated grips and a Tire Pressure Monitor come standard, and so does a sport windscreen that adjusts by hand for better wind protection at highway speed. Radar-based guidance backs the optional Active Cruise Control that holds a set following distance in traffic or on a long interstate stretch, cutting fatigue on both kinds of ride. Add the optional Vario luggage system and the same bike can carry a week of gear for the tour. None of this versatility matters if the engine underneath it can't rack up the miles to prove it. The liquid-cooled 1,300cc ShiftCam boxer-twin features double overhead cams and BMW's variable valve timing, filling out the power curve to 145 hp and 110 lb-ft through a six-speed gearbox and a shaft final drive. While previously infamous for reliability issues, BMW has come a long way to bust those myths. The shaft drive is the first reliability win on its own, since it skips the sprockets, chain lube, and midlife replacement a chain-driven system eventually requires. BMW also spaces oil change intervals at 6,000 miles and valve clearance checks at 12,000, a decently long interval to keep things refreshed after your continent-crossing antics are done. The boxer's cylinder heads sit out in open air on either side of the bike rather than buried under bodywork, so cooling and access both work in the engine's favor over a long ownership run. It’s also one of the reasons that the big GS actually costs less to own and maintain. None of that guarantees a trouble-free bike on its own, but it's a proven assimilation of parts and engineering that has carried generations of GS owners past six figures on the odometer, and there's no reason to expect this one to break that streak. The R 1300 GS’ closest rivals don’t seem to win outright. The Ducati Multistrada V4 undercuts it on price, is more powerful at 170 horsepower, but riding on 19-inch cast wheels hints at its road-to-light-trails focus rather than a complete all-round build. The KTM 1390 Super Adventure R swings the other way entirely, priced higher at $21,649 with a proper 21-inch spoked front wheel, and 9.45 inches of suspension travel at each end, tipping the scales more towards off-road terrain. While the 1390 Super Adventure S is nearly as road-focused as a road and track weapon. Neither rival is a huge compromise, as the inherent traits of an adventure-tourer remain intact and lots of versatility is built in by default. The Ducati is the sharper road bike; the KTM is an either-or situation, given the trims. But the GS is neither the fastest nor the most extreme of the three, but it's the only one that doesn't ever demand a rider to give up an entire category of riding. And that is the whole point of owning just the one. We want to hear from you. Share your perspective in the comments below, and please keep the conversation respectful. By subscribing, you agree to receive newsletter and marketing emails, and accept our Terms of Use and Privacy Policy. You can unsubscribe anytime.",https://www.topspeed.com/adventure-bike-can-replace-almost-everything-in-garage/
GS,GS5717439 Bond Risk Profile - TradingView,2026-07-26 13:04:27,"Select market data provided by ICE Data Services. Select reference data provided by FactSet. Copyright © 2026 FactSet Research Systems Inc.Copyright © 2026, American Bankers Association. CUSIP Database provided by FactSet Research Systems Inc. All rights reserved. SEC filings and other documents provided by Quartr.© 2026 TradingView, Inc.",https://www.tradingview.com/symbols/FINRA-GS5717439/profile-risks/
GS,"GS5403410 ETF Profile: Dividends, Returns (FINRA:GS5403410) - TradingView",2026-07-26 12:25:59,"Select market data provided by ICE Data Services. Select reference data provided by FactSet. Copyright © 2026 FactSet Research Systems Inc.Copyright © 2026, American Bankers Association. CUSIP Database provided by FactSet Research Systems Inc. All rights reserved. SEC filings and other documents provided by Quartr.© 2026 TradingView, Inc.",https://www.tradingview.com/symbols/FINRA-GS5403410/profile/
GS,GS5493920 Bond Coupon Profile — Rate & Payments - TradingView,2026-07-26 12:22:51,"Select market data provided by ICE Data Services. Select reference data provided by FactSet. Copyright © 2026 FactSet Research Systems Inc.Copyright © 2026, American Bankers Association. CUSIP Database provided by FactSet Research Systems Inc. All rights reserved. SEC filings and other documents provided by Quartr.© 2026 TradingView, Inc.",https://www.tradingview.com/symbols/FINRA-GS5493920/profile-coupon/
GS,GS5313167 Bond Risk Profile - TradingView,2026-07-26 11:57:38,"Select market data provided by ICE Data Services. Select reference data provided by FactSet. Copyright © 2026 FactSet Research Systems Inc.Copyright © 2026, American Bankers Association. CUSIP Database provided by FactSet Research Systems Inc. All rights reserved. SEC filings and other documents provided by Quartr.© 2026 TradingView, Inc.",https://www.tradingview.com/symbols/FINRA-GS5313167/profile-risks/
GS,GS4729051 Bond Coupon Profile — Rate & Payments - TradingView,2026-07-26 11:01:09,"Select market data provided by ICE Data Services. Select reference data provided by FactSet. Copyright © 2026 FactSet Research Systems Inc.Copyright © 2026, American Bankers Association. CUSIP Database provided by FactSet Research Systems Inc. All rights reserved. SEC filings and other documents provided by Quartr.© 2026 TradingView, Inc.",https://www.tradingview.com/symbols/FINRA-GS4729051/profile-coupon/
GS,"The Goldman Sachs Group, Inc. $GS Position Lowered by Unio Capital LLC - MarketBeat",2026-07-26 10:08:48,"Unio Capital LLC trimmed its position in  The Goldman Sachs Group, Inc. (NYSE:GS - Free Report) by 6.3% in the first quarter, according to its most recent disclosure with the SEC. The institutional investor  owned 20,657 shares of the investment management company's stock after selling 1,394 shares during the period. The Goldman Sachs Group accounts for about  3.7% of Unio Capital LLC's investment portfolio, making the stock its 14th biggest holding. Unio Capital LLC's holdings in The Goldman Sachs Group were worth $17,476,000 at the end of the most recent reporting period. Several other hedge funds and other institutional investors have also recently bought and sold shares of the company. Brighton Jones LLC grew its position in shares of  The Goldman Sachs Group by 17.1% in the 4th quarter. Brighton Jones LLC now owns 3,474 shares of the investment management company's stock worth $1,989,000 after acquiring an additional 508 shares in the last quarter.  Revolve Wealth Partners LLC lifted its stake in  The Goldman Sachs Group by 7.0% during the fourth quarter. Revolve Wealth Partners LLC now owns 888 shares of the investment management company's stock worth $508,000 after purchasing an additional 58 shares during the last quarter.  Sivia Capital Partners LLC boosted its holdings in  The Goldman Sachs Group by 90.1% in the second quarter. Sivia Capital Partners LLC now owns 1,551 shares of the investment management company's stock worth $1,098,000 after purchasing an additional 735 shares during the period.  Schnieders Capital Management LLC. increased its stake in  The Goldman Sachs Group by 9.3% during the second quarter. Schnieders Capital Management LLC. now owns 821 shares of the investment management company's stock valued at $581,000 after purchasing an additional 70 shares during the last quarter.  Finally, Main Street Financial Solutions LLC increased its stake in  The Goldman Sachs Group by 22.2% during the second quarter. Main Street Financial Solutions LLC now owns 2,150 shares of the investment management company's stock valued at $1,522,000 after purchasing an additional 391 shares during the last quarter. 71.21% of the stock is owned by institutional investors. Here are the key news stories impacting The Goldman Sachs Group this week: GS has been the subject of several research reports. Zacks Research raised shares of The Goldman Sachs Group from a ""hold"" rating to a ""strong-buy"" rating in a report on Thursday, July 16th. Wells Fargo & Company lifted their target price on The Goldman Sachs Group from $1,195.00 to $1,325.00 and gave the company an ""overweight"" rating in a research note on Wednesday, July 15th. Oppenheimer lowered The Goldman Sachs Group from a ""market perform"" rating to an ""underperform"" rating in a report on Tuesday, June 30th. Evercore  reissued an ""outperform"" rating on shares of The Goldman Sachs Group in a report on Monday, July 6th. Finally, Daiwa Securities Group upped their price objective on The Goldman Sachs Group from $891.00 to $930.00 and gave the stock a ""neutral"" rating in a research note on Tuesday, May 5th. One research analyst  has rated the stock with a Strong Buy rating, nine have assigned  a Buy rating, twelve have issued  a Hold rating and one  has given a Sell rating to the stock. According to data from MarketBeat.com, the stock  has a consensus rating of ""Hold"" and an average price target of $1,061.43. Check Out Our Latest Report on The Goldman Sachs Group In related news, CFO Denis P. Coleman sold 6,857 shares of the firm's stock in a transaction that occurred on Thursday, May 14th. The shares were sold at an average price of $973.55, for a total transaction of $6,675,632.35. Following the transaction, the chief financial officer owned 31,070 shares in the company, valued at $30,248,198.50. This trade represents a 18.08% decrease in their ownership of the stock. The transaction was disclosed in a legal filing with the Securities & Exchange Commission, which is available through the SEC website. Also, CAO Sheara J. Fredman sold 10,301 shares of the business's stock in a transaction that occurred on Friday, May 1st. The stock was sold at an average price of $929.17, for a total value of $9,571,380.17. Following the sale, the chief accounting officer directly owned 6,338 shares in the company, valued at approximately $5,889,079.46. The trade was a 61.91% decrease in their position. Additional details regarding this sale are available in the official SEC disclosure. In the last 90 days, insiders have sold 31,450 shares of company stock valued at $29,668,201. Company insiders own  0.55% of the company's stock. Shares of GS stock opened at $1,059.81 on Friday. The Goldman Sachs Group, Inc. has a 12-month low of $694.05 and a 12-month high of $1,153.99. The company has a debt-to-equity ratio of 2.83, a current ratio of 1.11 and a quick ratio of 0.63. The firm has a market capitalization of $312.65 billion, a price-to-earnings ratio of 16.36, a price-to-earnings-growth ratio of 1.08 and a beta of 1.30. The business has a 50 day simple moving average of $1,047.33 and a 200 day simple moving average of $951.92. The Goldman Sachs Group (NYSE:GS - Get Free Report) last announced its earnings results on Tuesday, July 14th. The investment management company reported $20.98 earnings per share for the quarter, beating the consensus estimate of $14.47 by $6.51. The Goldman Sachs Group had a return on equity of 18.59% and a net margin of 15.53%.The firm had revenue of $20.34 billion for the quarter, compared to the consensus estimate of $16.22 billion. During the same quarter in the previous year, the business earned $10.91 EPS. The firm's revenue for the quarter was up 39.4% on a year-over-year basis.  On average, equities research analysts anticipate that  The Goldman Sachs Group, Inc. will post 68.83 EPS for the current year. The business also recently announced a quarterly dividend, which will be paid on Tuesday, September 29th. Investors of record on Tuesday, September 1st will be given a $5.00 dividend. The ex-dividend date is Tuesday, September 1st. This represents a $20.00 dividend on an annualized basis and a yield of 1.9%. This is a boost from The Goldman Sachs Group's previous quarterly dividend of $4.50. The Goldman Sachs Group's payout ratio is currently 27.78%. The Goldman Sachs Group, Inc is a global investment banking and financial services firm headquartered in New York City. Founded in 1869 as a commercial paper business, the company has grown into a diversified financial institution that provides a broad range of services to corporations, financial institutions, governments and individuals. The firm is led by Chief Executive Officer David M. Solomon and operates across major financial centers worldwide. Goldman Sachs' core businesses include investment banking, global markets, asset and wealth management, and consumer banking. This instant news alert was generated by narrative science technology and financial data from MarketBeat in order to provide readers with the fastest reporting and unbiased coverage. Please send any questions or comments about this story to contact@marketbeat.com. Before you consider The Goldman Sachs Group, you'll want to hear this. MarketBeat keeps track of Wall Street's top-rated and best performing research analysts and the stocks they recommend to their clients on a daily basis. MarketBeat has identified the five stocks that top analysts are quietly whispering to their clients to buy now before the broader market catches on... and The Goldman Sachs Group wasn't on the list. While The Goldman Sachs Group currently has a Hold rating among analysts, top-rated analysts believe these five stocks are better buys. Robotics and automation are rapidly becoming essential infrastructure across healthcare, manufacturing, logistics, and many other industries. ""Physical AI"" is coming to the United States, and there are four ways that investors can gain exposure to this new robotics revolution. Plus, learn which seven companies are most positioned to benefit as intelligent robots enter the workforce. Sign up for MarketBeat All Access to gain access to MarketBeat's full suite of research tools and reports. 345 N Reid Place, Suite 620, Sioux Falls, SD 57103
                                        
                                        contact@marketbeat.com
                                        
                                        (844) 978-6257 © MarketBeat Media, LLC 2010-2026. All rights reserved. © 2026   Fair market value prices are updated every minute and are provided by Massive. Other market data provided is at least 10-minutes delayed and hosted by Barchart Solutions.  Information is provided 'as-is' and solely for informational purposes, not for trading purposes or advice, and is delayed. To see all exchange delays and terms of use please see Barchart's disclaimer.",https://www.marketbeat.com/instant-alerts/filing-the-goldman-sachs-group-inc-gs-position-lowered-by-unio-capital-llc-2026-07-26/
GS,GS5990589 Bond Risk Profile - TradingView,2026-07-26 09:58:44,"Select market data provided by ICE Data Services. Select reference data provided by FactSet. Copyright © 2026 FactSet Research Systems Inc.Copyright © 2026, American Bankers Association. CUSIP Database provided by FactSet Research Systems Inc. All rights reserved. SEC filings and other documents provided by Quartr.© 2026 TradingView, Inc.",https://www.tradingview.com/symbols/FINRA-GS5990589/profile-risks/
GS,GS6227950 Bond Risk Profile - TradingView,2026-07-26 05:56:31,"Select market data provided by ICE Data Services. Select reference data provided by FactSet. Copyright © 2026 FactSet Research Systems Inc.Copyright © 2026, American Bankers Association. CUSIP Database provided by FactSet Research Systems Inc. All rights reserved. SEC filings and other documents provided by Quartr.© 2026 TradingView, Inc.",https://www.tradingview.com/symbols/FINRA-GS6227950/profile-risks/
GS,GS5678791 Bond Risk Profile - TradingView,2026-07-26 05:40:34,"Select market data provided by ICE Data Services. Select reference data provided by FactSet. Copyright © 2026 FactSet Research Systems Inc.Copyright © 2026, American Bankers Association. CUSIP Database provided by FactSet Research Systems Inc. All rights reserved. SEC filings and other documents provided by Quartr.© 2026 TradingView, Inc.",https://www.tradingview.com/symbols/FINRA-GS5678791/profile-risks/
GS,GS5346737 Bond Risk Profile - TradingView,2026-07-26 04:53:56,"Select market data provided by ICE Data Services. Select reference data provided by FactSet. Copyright © 2026 FactSet Research Systems Inc.Copyright © 2026, American Bankers Association. CUSIP Database provided by FactSet Research Systems Inc. All rights reserved. SEC filings and other documents provided by Quartr.© 2026 TradingView, Inc.",https://www.tradingview.com/symbols/FINRA-GS5346737/profile-risks/
GS,GS4537923 Bond Coupon Profile — Rate & Payments - TradingView,2026-07-26 04:17:47,"Select market data provided by ICE Data Services. Select reference data provided by FactSet. Copyright © 2026 FactSet Research Systems Inc.Copyright © 2026, American Bankers Association. CUSIP Database provided by FactSet Research Systems Inc. All rights reserved. SEC filings and other documents provided by Quartr.© 2026 TradingView, Inc.",https://www.tradingview.com/symbols/FINRA-GS4537923/profile-coupon/
GS,GS Retail Arranges Program for Rainbow Box Orchestra Members to Join Pyeongchang Daegwallyeong Music Festival - 스포츠조선,2026-07-26 02:41:31,"By
																						
												SoHyung, Kim Members of the Rainbow Box Orchestra, sponsored by GS Retail, took part in the Pyeongchang Daegwallyeong Music Festival. The Pyeongchang Daegwallyeong Music Festival, a classical music event held in Pyeongchang, Gangwon State, is marking its 23rd edition this year. Under the theme of ""Inheritance and Innovation,"" it opened on July 23 and runs through Aug. 2 across Pyeongchang, Gangwon State. The festival will feature a range of performances, including chamber music, solo recitals and orchestral concerts. It will also offer side events such as coffee and wine academies with artists. Rainbow Box, GS Retail's flagship cultural social contribution program, has been run since 2005 with Hope Friend Hunger Countermeasures. Now in its 21st year, the program has accumulated 5.45 billion won in donations and has supported instrument education and ensemble activities for more than 13,000 children at 755 local children's centers nationwide, helping them build emotional stability and develop artistic talent. GS Retail, which began sponsoring the Pyeongchang Daegwallyeong Music Festival in 2024, has expanded artistic experiences for Rainbow Box members through its collaboration with the Gangwon Art & Culture Foundation. This year, the company organized a two-day, one-night program for 26 participants, including Rainbow Box Orchestra members and instructors. They attended performances and a special lecture by mathematician Minhyong Kim, spending time experiencing classical music and a variety of arts and culture firsthand. Park Kyung-rang, head of the ESG team in GS Retail's policy support division, said, ""We will continue our ESG activities so that Rainbow Box members can keep growing their dreams through diverse cultural experiences."" Kim So-hyung, Sportschosun compact@sportschosun.com This article has been translated by GripLabs Mingo AI. © 2000-2026 Copyright The Sportschosun All rights reserved.",https://www.sportschosun.com/en/culture/2026-07-26/202607260100158410010217
GS,How Many G's Do F1 Drivers Experience? 2026 F1 G-Force Data - Yahoo Sports,2026-07-26 02:32:00,"F1 drivers experience roughly 2 to 3G during normal 2026 racing laps, with braking events averaging 2.0 to 2.3G across the heaviest stops of the season. Spa produced the hardest braking zone measured so far, at 2.34G. The 2026 cars generate lower peaks than the 6G-plus figures quoted for the previous generation, because they run lighter and carry less downforce. Normal racing produces roughly 2 to 3G through most corners and straights. The hardest braking zone of the 2026 season sits at Spa, averaging 2.34G from 275 km/h to 93 km/h in 2.08 seconds. The softest braking zone among the nine circuits measured is Silverstone, at 1.78G. Standing-start acceleration averages 1.0G from 0-100 km/h and 1.4G from 100-200 km/h. The highest confirmed g-force in a modern F1 crash is 67G, from Romain Grosjean’s 2020 Bahrain accident. The 2026 cars run a minimum weight of 768kg, about 30kg lighter than the previous generation, with roughly 30 percent less downforce in cornering trim. Spa-Francorchamps produced the hardest braking of the 2026 season so far. The top five qualifiers there averaged 2.34G through the entire braking zone into the Bus Stop chicane, slowing from 275 km/h to 93 km/h in 2.08 seconds. Every figure in that graphic comes from F1 Chronicle’s analysis of official F1 timing data for the 2026 season: the median deceleration across the full braking zone for the top five qualifiers at each round, taken from dry sessions across rounds one to ten. That whole-zone average is a deliberate choice, and it explains why these numbers read lower than the peak figures quoted elsewhere. Instantaneous peak deceleration spikes higher for a fraction of a second at the sharpest point of a stop, but qualifying telemetry of this kind cannot responsibly be used to claim a specific peak. The averages here are lower because they measure something different, not because they are less accurate. G-force measures acceleration against the pull of gravity. One G equals the force a stationary body feels at rest on Earth; braking, cornering or accelerating at 2G means the body is being pushed with twice its own weight. A road car braking hard at a red light pulls about 1G. An F1 car under braking pulls more than double that. F1 generates such high g-force because of downforce. The front and rear wings, floor and diffuser press the car onto the track at speed, which lets the tyres generate far more grip than a road car’s. More grip means the car can brake later, corner faster and accelerate harder, and every one of those forces registers as g on the driver’s body and neck. Belgian Grand Prix standing-start telemetry from the top five finishers shows a 2026 car accelerating at 1.0G on average from 0-100 km/h, rising to 1.4G from 100-200 km/h. That climb is the counterintuitive part. A road car’s hardest acceleration comes off the line, when the engine’s torque advantage is greatest and there is nothing left to give as speed builds. An F1 car does the opposite. Downforce grows with speed, and grip grows with it, so a 2026 car accelerates harder at 150 km/h than it does leaving the grid, even though the engine produces roughly the same power throughout. F1 Chronicle’s breakdown of how much horsepower an F1 car has covers where that power comes from; this is what the car does with it once the tyres have grip to use. Spa sits at the top of the list at 2.34G, with Suzuka close behind at 2.22G and Shanghai at 2.18G. Miami (2.17G), Monaco (2.11G) and the Red Bull Ring (2.06G) fill the middle of the field, followed by Barcelona at 2.04G and Melbourne at 1.95G. Silverstone produced the gentlest of the nine measured stops, at 1.78G, for its biggest braking zone of the lap. Even Monaco, the slowest circuit on the calendar by average lap speed, produces a serious braking event: cars arrive at the chicane out of the tunnel at 282 km/h and shed most of that in a 2.11G stop. Canada does not appear on this list. That weekend fell outside the dry-session criteria this analysis uses, after rain affected track conditions. The 2026 cars are lighter and carry less downforce than the generation they replaced, and both changes show up directly in the g-force numbers. The minimum weight for 2026 is 768kg, about 30kg lighter than under the previous regulations. Cornering downforce, in the cars’ highest-downforce Z-mode setting, runs roughly 30 percent below the best 2025-specification cars. The 2026 regulations also introduced active aerodynamics, with drivers switching the wings between a low-drag setting on straights and a high-downforce setting through corners, so the load on the car, and on the driver, changes constantly through a single lap rather than sitting at one fixed level. None of this makes the figures quoted for 2022-2025 cars wrong. Those cars were heavier, ran more downforce, and produced the higher peak numbers still repeated across the web. They are describing a car that no longer exists on the grid. Race conditions push the numbers lower again. Drivers brake earlier and softer in the race than they do in qualifying, easing off sooner to harvest energy for the hybrid system rather than attacking the limit on every lap. F1 Chronicle’s Belgian Grand Prix telemetry analysis measured lift-and-coast beginning around 50 metres earlier in the race than in qualifying across the lap’s braking zones, one of the reasons the g-force a driver feels on Sunday sits below even the qualifying averages used in this analysis. Crash forces sit in a different category from racing g. They are a single violent spike rather than a sustained load, and the highest figures on record dwarf anything a driver feels in normal use of the car. Romain Grosjean’s fireball crash at the 2020 Bahrain Grand Prix remains the highest confirmed figure in modern F1. The FIA’s investigation into the accident found Grosjean experienced a peak of 67G when his car struck the barrier. Max Verstappen’s high-speed crash at the 2021 British Grand Prix, after contact with Lewis Hamilton on the opening lap, registered 51G. Further back, David Purley survived an estimated 179.8G in a 1977 crash at Silverstone, decelerating from 173 km/h to a complete stop in just 66 centimetres after his throttle stuck open, among the highest g-loads a person has ever survived in a recorded incident. Jules Bianchi’s fatal crash at the 2014 Japanese Grand Prix has no official g-force figure attached to it. The FIA’s ten-person accident panel found instead that his car struck a 6,500kg recovery vehicle at around 126 km/h, an impact so severe the panel concluded no realistic safety structure could have prevented what it called non-survivable decelerations. These numbers explain why F1 keeps investing in cockpit safety even as racing g stays flat or falls. A car only needs to protect a driver from 2 to 3G for 300 kilometres of racing. It has to protect them from more than 60G in the fraction of a second when everything goes wrong. Neck and core strength are non-negotiable for an F1 driver, because sustained cornering and braking repeatedly pulls the head and helmet sideways and forward for the length of a race. Drivers build that strength through rowing, cable work and isometric neck training, alongside the cardio base needed to keep those muscles firing deep into a two-hour race. Many teams also use G-force simulators and centrifuge-style rigs so drivers get used to the physical sensation of sustained lateral load before they ever feel it in the car. The HANS device, short for head and neck support, is the piece of safety equipment that makes the sport’s crash forces survivable at all. It secures the helmet to a collar worn around the driver’s shoulders, so that in an impact the head is restrained rather than snapping forward on the neck alone. Every driver on the 2026 grid wears one, a direct response to exactly the kind of forces measured in the Grosjean and Purley crashes above. Want more F1Chronicle.com coverage? Add us as a preferred source on Google to your favourites list for the best F1 news and analysis on the internet. From F1 news to tech, history to opinions, F1 Chronicle has a free Substack. To deliver the stories you want straight to your inbox, click here. For more F1 news and videos, follow us on Microsoft Start. New to Formula 1? Check out our Glossary of F1 Terms, and our Beginners Guide to Formula 1 to fast-track your F1 knowledge. Roughly 2 to 3G in normal racing, rising to about 2.34G under the hardest braking measured in the 2026 season, at Spa. The highest confirmed figure is 67G, from Romain Grosjean’s 2020 Bahrain crash, per the FIA’s investigation. That is a crash impact, not a sustained racing load. It depends on the duration and direction of the force. David Purley survived an estimated 179.8G in a 1977 Silverstone crash lasting a fraction of a second. Grosjean’s 67G in 2020 and Verstappen’s 51G at Silverstone in 2021 both sit well below that figure but far above anything a driver feels in normal racing. No. Fighter pilots sustain higher g-force in manoeuvres, up to around 9G with a G-suit and training, compared with the 2 to 3G F1 drivers pull in normal racing. F1’s forces are higher only in a crash, where impacts can exceed even a fighter jet’s structural limits. Romain Grosjean accident findings published by FIA with fiery Bahrain GP crash measured at 67G – Sky Sports Martin Brundle: Analysing and explaining the Lewis Hamilton, Max Verstappen British GP collision – Sky Sports Jules Bianchi: Key findings from FIA’s crash report – BBC Sport Canadian GP: Rain set to cause ‘chaos’ in Sunday’s race – Sky Sports F1 Chronicle analysis of official F1 timing data, 2026 season. Braking figures are median averages across the full braking zone for the top five qualifiers per circuit, dry sessions, rounds 1-10. Acceleration figures are averages from Belgian Grand Prix standing-start telemetry, top five finishers.",https://sports.yahoo.com/articles/many-gs-f1-drivers-experience-023200067.html
GS,GS5177979 Bond Risk Profile - TradingView,2026-07-26 01:22:01,"Select market data provided by ICE Data Services. Select reference data provided by FactSet. Copyright © 2026 FactSet Research Systems Inc.Copyright © 2026, American Bankers Association. CUSIP Database provided by FactSet Research Systems Inc. All rights reserved. SEC filings and other documents provided by Quartr.© 2026 TradingView, Inc.",https://www.tradingview.com/symbols/FINRA-GS5177979/profile-risks/
