ticker,title,date,content,url
GS,"Valkyries vs. Fever (May 22, 2026) Live Score - ESPN",2026-05-22 23:41:24,"If you are not logged in, your opt-out will be specific to this property and device or browser. For our other digital properties, to opt out, select “Do Not Sell or Share My Personal Information” or “Your Privacy Choices” on each. If you clear your tracking history or use another browser or device, you’ll need to opt out again.You can also submit this opt-out form, which may enable us to apply your opt-out more broadly, for example, to stop data sharing in connection with advertising intended to reach you on platforms not operated by Disney (e.g., social media platforms). You may enable online, where available, a universal tool that automatically communicates your opt-out, such as Global Privacy Control (“GPC”), which we’ll process as if you had opted out through the toggle.Even if you opt out, you may continue to see advertising, including ads that may be based on personal information processed before you opted out. Please visit Your US State Privacy Rights  for more information about your rights and how to exercise them.",https://www.espn.com/wnba/game?gameId=401856928
GS,"LUCKI’s ""Dr*gs R Bad"" Projected to Debut at No. 9 With Strong First-Week Numbers - Ratings Game Music",2026-05-22 19:25:29,"LUCKI’s Dr*gs R Bad is set to debut at No. 9 on the Billboard 200 with 54K first-week units, marking the biggest debut of his career so far. The timing of the release makes the numbers especially notable. LUCKI dropped the project during the same weekend Drake released three separate albums, dominating the streaming conversation across multiple platforms. In that context, a top-10 debut for Dr*gs R Bad still stands as a major commercial win. The situation almost feels similar to NBA games going up against the NFL on Christmas Day. Even when one side dominates attention and viewership, the other can still walk away with a strong performance. That comparison fits here, as Drake clearly controlled headlines throughout the weekend, yet LUCKI still managed to secure impressive engagement and chart positioning. The album features guest appearances from Lil Yachty, Lil Baby, Veeze, and others, while sonically leaning into hypnotic production and hazy, emotionally detached flows that stay consistent throughout its runtime. Overall, Dr*gs R Bad continues LUCKI’s run of carving out a distinct lane in modern rap, even in the middle of heavyweight competition. LUCKI's 'Dr*gs R Bad' is set to debut at #9 on the Billboard 200 with 54K first-week units ?It will mark the biggest debut of his career so far. pic.twitter.com/P9Z39UQSUr Quincy is the creator of Ratings Game Music. He loves writing about music, taking long walks on beaches, and spaghetti that fights him back. Subscribe to get the latest posts sent to your email. This site uses Akismet to reduce spam. Learn how your comment data is processed. mgk and Wiz Khalifa find common ground on the rap-heavy... 6LACK continues to turn emotional honesty into an art form. GIVEON adds five more tracks to his ""BELOVED"" album from... ""Legacy"" blends cinematic soundscapes with themes of transformation and emotional... Subscribe now to keep reading and get access to the full archive.",https://ratingsgamemusic.com/2026/05/22/lucki-drgs-r-bad-first-week-sales/
GS,Becky G’s Plunging Chain Top Barely Covers Anything - Yahoo,2026-05-22 18:51:28,"Becky G modeled a silver chain top and tie-up micro mini in a recent post, prompting praise from followers. The singer wore a plunging, bejewelled bra-style top paired with a black-and-white striped skirt. Becky G kept the rest minimal with loose hair, soft makeup, and hoop earrings. Comments included “So beautiful” and “She is mesmerizing,” reflecting audience reactions to the styling. The video focuses on the outfit details and presentation, noting how simplified accessories kept attention on the two-piece look. Scope is limited to the styling choices shown and the responses highlighted in the post. A few names are starting to leak ahead of the official World Cup roster drop on Tuesday. Houston finally emerged victorious against its former division foe, as Chicago slid to 2-10 in its past 12 games. The Western Conference finals area headed to San Antonio for Game 3. More than 20 real women tested 70+ swimsuits from 21 brands to find the best options from Spanx, Cupshe and more. Tong continues a youth movement for the Mets as they attempt to turn around their season, joining Carson Benge, A.J. Ewing and Nick Morabito. Cyrus became the 2,845th celebrity to reach this milestone. Save face with this hydrating Elemis favorite, which includes marine algae to smooth fine lines. A look inside Yahoo's testing process to find the best suitcases, from carry-on to checked, hard-side and soft. Standing 5-foot-8 and 180 pounds soaking wet, Darby Allin is far from your ordinary world champion. But then again, nothing about Allin should be considered ordinary. Silver July futures opened at $77.01 per ounce on Friday, May 22, 2026, up 0.4% from Thursday’s closing price of $76.73. The silver price moved a bit lower in early trading, moving to $76.11 as of 7:11 a.m. ET.",https://www.yahoo.com/news/videos/becky-g-plunging-chain-top-185128449.html
GS,First Ride: BMW F 450 GS - MoreBikes,2026-05-22 18:00:00,"We use cookies to enhance your browsing experience, serve personalized ads or content, and analyze our traffic. By clicking ""Accept All"", you consent to our use of cookies. We use cookies to help you navigate efficiently and perform certain functions. You will find detailed information about all cookies under each consent category below. The cookies that are categorized as ""Necessary"" are stored on your browser as they are essential for enabling the basic functionalities of the site. ... Show more Necessary cookies are required to enable the basic features of this site, such as providing secure log-in or adjusting your consent preferences. These cookies do not store any personally identifiable data. Functional cookies help perform certain functionalities like sharing the content of the website on social media platforms, collecting feedback, and other third-party features. Analytical cookies are used to understand how visitors interact with the website. These cookies help provide information on metrics such as the number of visitors, bounce rate, traffic source, etc. Performance cookies are used to understand and analyze the key performance indexes of the website which helps in delivering a better user experience for the visitors. Advertisement cookies are used to provide visitors with customized advertisements based on the pages you visited previously and to analyze the effectiveness of the ad campaigns. Other uncategorized cookies are those that are being analyzed and have not been classified into a category as yet. BMW has gone all out in the small capacity adventure bike space with the arrival of the F 450 GS. We all have our guilty pleasures… and mine is adventure bikes. I’ve been lucky enough to clock some serious adventures over the years, with two particular highlights being the Canadian and Albanian finals of BMW’s international GS Trophy. It’s fair to say I’m on first name terms with the brand’s big GSs, and I’m a massive fan of what they have to offer, especially when the going gets rough and the terrain has you questioning your sanity. Funnily enough, I read a few comments questioning BMW’s sanity when news broke about the F 450 GS. The R1300GS and GSA are massive sellers for the brand, often topping the large capacity sales charts across many nations… especially in Europe. So, the idea of the German firm downsizing and diluting raised a few eyebrows, because the risk of getting it wrong could’ve proved devastating. On the flip-side, getting it right would offer the ultimate stepping stone into the GS family. For context, for those that don’t know, for several years now there has been a G 310 GS in the mix, which has done a decent job of offering an entry level GS, but it’s a far cry from its bigger brothers’ potential or focus. And whilst it’s sold in decent numbers, to the tune of tens of thousands, I don’t think many were left under any illusion that if BMW really went to town in this sector, the goods on offer would be a whole lot tastier… which is where the F 450 GS steps into the mix. There’s no two ways about it, the 450 is aimed squarely at the A2 licence bracket and those that don’t want a gangly, weighty 1300 to nip to the chippy on. Building on their 310 endeavours, the new GS is a ground-up rethink of what an entry-level adventure bike can be. At its core, this is a 48hp, sub-180kg machine designed to do a bit of everything. Commuting, touring, green-laning… it’s all on the cards. But more importantly, it’s been built to feel like a “proper” GS, not a watered-down version. It’s powered by a wholly new 420cc parallel-twin, with a notable twist being its 135-degree crankpin offset… bucking the trend of a 270° firing order that’s become super common in twins these days. On its launch in Sicily, the lead engineer behind the bike told me the decision to go down the 135-route was down to the character and vibe-free nature of the setup, suggesting it also made the engine perform closer to a v-twin than a conventional parallel.  With 43Nm of torque on tap and a strong low-to-midrange focus (80% of which is in your hand from 3,000rpm), it’s been designed for real-world riding rather than headline chasing figures. It’s also Euro5+ compliant, comes kitted with a balance shaft to minimise vibes further and, if you want to get the most from this motor, the Trophy-spec features an Easy Ride Clutch (ERC). It was one of the biggest talking points during the bike’s presentation and essentially amounts to a centrifugal clutch that automates clutch engagement based on engine revs. In other words, that means there’s no need to manually operate the clutch when pulling away, shifting gears or crawling through tricky terrain. Add into this mix the brand’s optional Shift Assistant Pro (it’s stock on some of the more premium 450 GS packages), and riding couldn’t get much easier. As per the engine, the F 450 GS sits on a completely new tubular steel frame, using the engine as a stressed member to keep weight down and rigidity high. The result is a claimed 178kg ready-to-ride weight, paired with a short wheelbase for agility. Suspension comes courtesy of KYB, with 43mm USD forks up front and a preload/rebound-adjustable rear shock. Step up to the Sport or Trophy models and you get fully adjustable ‘sports suspension’, while the rear setup features travel-dependent damping. Wheel sizes (19-inch front, 17-inch rear) are intended to strike a balance between road manners and off-road capability, while optional cross-spoke wheels push it further into proper adventure territory. Firing a bit more of the spec your way, the braking is handled by Brembo, with a single 310mm front disc and four-piston caliper. More importantly, it’s backed up by BMW’s full electronics suite: ABS Pro (cornering ABS), Dynamic Traction Control, Engine Drag Torque Control and Dynamic Brake Control all come as standard. You name it, it’s got it, including Rain, Road and Enduro riding modes, plus an optional Enduro Pro mode that’s prime for pukka off-road riding, and allows the rear ABS to deactivated. Aesthetically, the 450’s design is massively in keeping with the bigger GSs, and its ergonomics aren’t far behind either… upright, commanding and adaptable. A two-piece seat comes as standard (845mm), with low and high options available, alongside adjustable levers, bar risers and off-road-ready footpegs. Clambering on the bike for the first time, me and my 5’ 9” frame didn’t need a step ladder to do so, but it felt tall enough to cause a few issues if you were much shorter in the leg. You very much sit in the bike, wrapped in place by the stepped saddle and the meaty 14-litre fuel tank. Up front is a 6.5-inch TFT dash, which really draws your eye. Essentially, it’s the stock fitment screen that we’ve seen find its way onto most modern Beemer’s in more recent years, first debuted on the 2019 S1000RR… a very nice touch and a reminder that this is no bargain basement motorcycle. The switchgears are near identical too, featuring the brand’s unique scrolling wheel. It looked a tidy set up and I had no qualms flicking through the riding modes and tweaking at the setup as we began our joyride on the Sport version. Ticking off a bit of town work first, the BMW proved impressively agile and surprisingly potent. Once the wheels were in motion, its height and weight seemed to melt into irrelevance, leaving me with a comfy office to tackle the relentless twists that’s led us up towards Mount Etna. I hadn’t really had too many preconceptions of the Beemer, but what it was delivering I was liking, egged on the most by its motor’s eagerness to deliver. Let’s not beat around the bush… 47bhp isn’t exactly arm-wrenching, but the way the twin delivered its power made me think it was much more potent than that. Every tweak of the ride-by-wire throttle brought about a fresh way of enthusiasm to the rear wheel, delivered with faultless fuelling and aided by the slick quickshifter system. Admittedly, riding in chunky enduro boots, I was cursing the tech at first as my fat feet were prone to notching the selector and provoking an undesired gear change. But with time and added finesse, such dramas became a thing of the past, meaning I was fully able to indulge in the BMW’s cornering prowess. Those are words I never thought would come out of my mouth, but this thing was a right laugh in the bends. The stock fitment, dual-purpose Maxxis felt about as talkative as a brick, but they gripped impressively well. Once I’d got my head around their vagueness, I was pitching into bends with impunity, exploring the composure of the bike’s plush feeling suspension. It was neither too firm nor too soft for my liking, being capable of stomaching the roughness of the mountain roads we were pitching around, whilst keeping the bike steadfast when the time came to hunt out peg-grinding levels of lean angle. Another trick it had up its sleeve was its ability to alter a line mid-bend without any consequence. 178-kilos doesn’t warrant a ‘slimmer of the year’ accolade, but the mass was well packaged and encouraged solid levels of litheness. There were no two ways about it, the Sport model had impressed me, and I only hoped the Trophy-spec would do the same when we hit the trails that afternoon. You’d be forgiven for thinking the Trophy bike is just a blue version of the Sport… but that’d only be half right. Whilst the core is the same, incorporating the same adjustable pogos at each end and a similar level of tech, you also get a different screen, handguards, engine protection and a much more substantial sump-guard. But the big twist, and the main reason for its heftier pricing, is it’s the only model to come as standard with the aforementioned ERC-system… it’s also worth noting you can’t have this bike without it. Having spent the morning on the manual geared bike, I was keen to see what the new gearbox tech brought to the party. I’ve ridden a few bikes with similar systems before, including the 1300GS, but the quirkiness of the ERC took a little getting used to. Setting off, I was surprised at how many revs were needed to get the Beemer into motion. I later learned that this was all down to emissions legislation, of all things, but that offered zero consolation to me. When riding, and especially off-road, I lean on the clutch heavily. Not being able to dictate, let alone anticipate, its engagement made the riding hard going. It must’ve taken me a good thirty minutes or so to start trusting the system, anticipating its engagement. And even then, I’d be a liar if I were to say I was a fan of the tech. The lag on tap was frustrating and nabbed a bit of appeal from the BMW. I just couldn’t get my head around it, and especially so when tackling some slower, harder off-road sections. In the fast stuff it was fine, but when the pace dropped and the ERC aspect raised its head, I found myself questioning what was wrong with a conventional clutch? Call me old-school, but that’s just how my head is wired. With time, it became more second nature, but never to the extent it was preferable over a traditional clutch. What it did ensure was there was zero risk of stalling the bike during the trickiest of terrain, as the motor would keep purring away even at a standstill, regardless of what gear I was in or how slow I was riding. Admittedly, I liked that aspect and acknowledged that with time on my side, I’d maybe warm to the system. But when you’re ruts deep, trying to guide an awkwardly sized 19” front wheel across tricky terrain, niceties are very much an afterthought. Quite simply, I wasn’t sold on the ERC system… or the 19” front. I get why BMW decided to go down that route, kitting the bike with a 19” front tyre over a 21”. On the road, it made perfect sense. But off-road, when tackling deep sand, loose soil and anything that wasn’t hardpack, the front had a mind of its own. It was slow to turn, required too much energy and input, and rarely rewarded me with the confidence to attack the terrain as I’d have liked to. In the UK, riding green lanes, I bet it would be mint, especially when kitted with the Metzler Karoo 4s our bikes had fitted. But navigating an eclectic mix of terrain, some bits more technical than others, I wasn’t very trusting of the grip on tap. As they say, all’s well that ends well and the BMW proved pleasantly capable throughout the afternoon’s endeavours. We took in a mix of light trail and soft sand scenarios, and not once did I hit the deck. Nonetheless, I’d argue some front and rear saves were more down to luck than anything else. For most of the time, I rode the bike with no traction control, no rear ABS and very little regard for consequence. Owing to the 450’s nimble nature, I was able to get away with a lot more than I’d expect, and that helped me warm to the GS. Stood up over the bike, bracing the wide bars and giving it some big licks with the throttle, I couldn’t help but appreciate the magnitude of the model. It was a million miles from a large capacity GS, yet it still had me hooked, with a broad smile smacked across my face. If anything, the playful nature of the motor made it so much more engaging. Nowadays, we’re taught that bigger is better, but the 450 was hitting the spot and reminding me that capacity wasn’t everything. Having spent over nine hours in the saddle of the F 450 GS, I’d come to gain a decent appreciation of what it had to offer. By and large, it’d impressed me on a level that I simply hadn’t expected. I guess what’s worth noting is that whilst this bike is smaller, it’s not exactly cheap, with the Trophy spec machine hitting home at £7,699. Is that good value? To me, it came down to what you expect from a bike? Compared to the likes of Suzuki’s DR-Z400S, the BMW offers a chunk more in many respects… and for less money. The Sport model we rode first, which proved a cracking bike on the road, costs £7,379. And there’s also a stripped-back base model that’s priced at an affable £6,929. Collectively, they represent three solid options for someone wanting a credible and capable adventure bike… each, so much more appealing than the 310 GS. Only time will tell whether the 450 sells in the same numbers as the 310, but if it doesn’t, it won’t be down to a lack of effort on BMW’s point. Front Suspension:        43mm USD, KYB forks with preload and rebound Front Brakes:   Brembo four-piston caliper, single 310mm disc Enjoy everything More Bikes by reading the MoreBikes monthly newspaper. Click here to subscribe, or Read FREE Online. 2017
2018
2019
Accessories
Adventure Bikes
Andrea Dovizioso
BMW
BSB
Chaz Davies
Ducati
EICMA
Electric Bike
Enduro
Events
Fast Bikes
Helmets
Honda
Hot Stories
Isle of Man TT
Jack Miller
Kawasaki
KTM
Leon Haslam
Marc Marquez
Maverick Vinales
MoreBikes
Moto2
MotoGP
Motorcycle Sport & Leisure
Naked
News
Off-Road
On2Wheels
Racing
Red Bull
Reviews
Ride
Spy Shots
Superbike
Suzuki
Test Ride
Triumph
V-Twin
WSB
Yamaha MoreBikes is the place to go for the latest motorcycle news, motorbike reviews, riding and buying tips and the hottest kit news before anyone else. ©Kelsey Publishing Ltd. | Privacy Policy | Terms & Conditions",https://www.morebikes.co.uk/new-features/news/285061/first-ride-bmw-f-450-gs/
GS,Becky G’s Cutout Bodysuit Dips Low To Expose Her Bikini Top - AOL.com,2026-05-22 17:40:08,"Becky G’s look from the “EPA” MV has been creating a buzz online. The singer looked ravishing in all the striking outfits she wore in the song. However, one scene in particular has caught attention, where her bodysuit dips low to reveal her bikini top. Check out Becky G’s photos in a cutout bodysuit in the new “EPA” MV: The “Shower” hitmaker has been capturing widespread attention for the release of her new song, “EPA.” In the song, she wears a red striped bodysuit featuring a low neckline. She layers it over a yellow bikini top with black straps and a blue bikini bottom. The bodysuit dips so low that the bikini top is openly exposed, giving the look a daring edge. The singer accessorizes the ensemble with gold hoop earrings and completes the look with black heels. Her light, glamorous makeup further elevated the entire look and added to the music video’s strong visual impact. The post Becky G’s Cutout Bodysuit Dips Low To Expose Her Bikini Top appeared first on Reality Tea.",https://www.aol.com/entertainment/becky-g-cutout-bodysuit-dips-085923022.html
GS,Chef G’s Summer Grilling Masterclass - FOX 13 Tampa Bay,2026-05-22 16:00:36,"We're moving beyond basic burgers with a mouthwatering menu featuring grilled ribeye, cedar plank salmon, and even a fresh blueberry cobbler baked right over the open flames. Fire up your taste buds because Chef Gaston Merideth is taking over the outdoor kitchen for a summer grilling masterclass! We're moving beyond basic burgers with a mouthwatering menu featuring grilled ribeye, cedar plank salmon, and even a fresh blueberry cobbler baked right over the open flames. Click here to download a printable copy of the recipes below. To grab more recipes from Dinner DeeAs, click here. By clicking Sign Up, I confirmthat I have read and agreeto the Privacy Policy and Terms of Service. This material may not be published, broadcast, rewritten, or redistributed. ©2026 FOX Television Stations",https://www.fox13news.com/dinner-deeas/chef-gs-summer-grilling-masterclass
GS,MLB DFS Picks: Starting Pitcher Rankings for Friday 5/22/26 - DraftKings Network,2026-05-22 14:20:00,"Jacob deGrom, Payton Tolle and Gerrit Cole highlight another jam-packed slate of MLB action. Sam Connon shares his DFS pitcher rankings, highlighting which players could be worth a big chunk of your budget on Friday. The 2026 MLB regular season is in full-swing. There’s another jam-packed slate on the books for Friday, so there is no better time to dive right into the Daily Fantasy action. Pitchers are already ranked by price, with the ones who are projected to perform better eating up more of your budget, but I am here to add my two cents. I have my own DFS rankings for the top 10 starting pitchers in the 12-game Friday night contest that locks at 7:05 p.m. ET. Set your DraftKings fantasy baseball lineups here: MLB $200K Hidden Ball Trick [$50K to 1st]opens in a new tab 2025 Stats: 30 G, 30 GS, 172.2 IP, 12-8, 2.97 ERA, 0.92 WHIP, 185 K, 37 BB, 3.4 WAR2026 Stats: 9 G, 9 GS, 50.2 IP, 3-3, 3.02 ERA, 0.91 WHIP, 61 K, 8 BB, 1.0 WAR, 20.7 FPPG2026 FanGraphs ROS Projections: 20 G, 20 GS, 119.0 IP, 8-6, 3.35 ERA, 1.07 WHIP, 141 K, 27 BB, 3.0 WAR 2025 Stats: 7 G, 3 GS, 16.1 IP, 0-1, 6.06 ERA, 1.59 WHIP, 19 K, 8 BB, WAR2026 Stats: 5 G, 5 GS, 30.2 IP, 2-2, 2.05 ERA, 0.78 WHIP, 30 K, 7 BB, 0.8 WAR, 20.7 FPPG2026 FanGraphs ROS Projections: 17 G, 11 GS, 69.0 IP, 4-4, 4.00 ERA, 1.27 WHIP, 69 K, 24 BB, 1.0 WAR (Steamer) 2025 Stats: 26 G, 25 GS, 142.2 IP, 7-10, 4.10 ERA, 1.29 WHIP, 104 K, 48 BB, 1.3 WAR2026 Stats: 9 G, 9 GS, 56.0 IP, 6-1, 1.61 ERA, 0.98 WHIP, 59 K, 10 BB, 2.1 WAR, 23.7 FPPG2026 FanGraphs ROS Projections: 19 G, 19 GS, 114.0 IP, 6-7, 4.16 ERA, 1.32 WHIP, 99 K, 38 BB, 1.5 WAR (Steamer) 2025 Stats: 5 G, 5 GS, 25.1 IP, 3-0, 1.78 ERA, 0.99 WHIP, 33 K, 8 BB, 0.8 WAR2026 Stats: 4 G, 4 GS, 18.0 IP, 1-1, 3.50 ERA, 1.06 WHIP, 23 K, 3 BB, 0.6 WAR, 16.3 FPPG2026 FanGraphs ROS Projections: 23 G, 13 GS, 79.0 IP, 5-5, 4.02 ERA, 1.22 WHIP, 83 K, 25 BB, 1.1 WAR (Steamer) 2025 Stats: 25 G, 25 GS, 131.0 IP, 6-6, 3.44 ERA, 1.03 WHIP, 173 K, 31 BB, 2.6 WAR2026 Stats: 10 G, 10 GS, 56.2 IP, 2-4, 4.45 ERA, 1.15 WHIP, 57 K, 12 BB, 0.4 WAR, 15.3 FPPG2026 FanGraphs ROS Projections: 20 G, 20 GS, 115.0 IP, 7-6, 3.51 ERA, 1.12 WHIP, 124 K, 29 BB, 2.1 WAR (Steamer) 2025 Stats: 32 G, 32 GS, 193.0 IP, 10-11, 3.59 ERA, 1.06 WHIP, 189 K, 50 BB, 4.1 WAR2026 Stats: 10 G, 10 GS, 57.1 IP, 3-3, 3.45 ERA, 1.05 WHIP, 53 K, 9 BB, 1.5 WAR, 16.4 FPPG2026 FanGraphs Projections: 21 G, 21 GS, 128.0 IP, 8-7, 3.93 ERA, 1.24 WHIP, 125 K, 38 BB, 2.2 WAR (Steamer) 2025 Stats: 28 G, 28 GS, 156.1 IP, 8-11, 5.30 ERA, 1.39 WHIP, 131 K, 51 BB, 0.9 WAR2026 Stats: 10 G, 10 GS, 62.2 IP, 4-2, 2.01 ERA, 0.99 WHIP, 56 K, 20 BB, 1.4 WAR, 20.3 FPPG2026 FanGraphs ROS Projections: 19 G, 19 GS, 111.0 IP, 6-7, 4.36 ERA, 1.40 WHIP, 93 K, 40 BB, 1.1 WAR (Steamer) 2025 Stats: DNP (Tommy John Surgery)2026 Stats: DNP2026 FanGraphs ROS Projections: 20 G, 20 GS, 122.0 IP, 7-7, 4.03 ERA, 1.24 WHIP, 119 K, 37 BB, 1.7 WAR (Steamer) 2025 Stats: 21 G, 2 GS, 66.2 IP, 5-5, 2 SV, 4.32 ERA, 1.23 WHIP, 76 K, 17 BB, 1.5 WAR2026 Stats: 8 G, 7 GS, 50.2 IP, 6-1, 2.49 ERA, 1.03 WHIP, 27 K, 12 BB, 1.2 WAR, 16.5 FPPG2026 FanGraphs ROS Projections: 26 G, 12 GS, 86.0 IP, 5-5, 4.49 ERA, 1.39 WHIP, 67 K, 32 BB, 0.5 WAR (Steamer) 2025 Stats: 3 G, 2 GS, 15.0 IP, 1-0, 1.80 ERA, 1.00 WHIP, 14 K, 2 BB, 0.4 WAR2026 Stats: 3 G, 3 GS, 19.0 IP, 2-0, 2.37 ERA, 1.00 WHIP, 17 K, 3 BB, 0.3 WAR, 20.7 FPPG2026 FanGraphs ROS Projections: 17 G, 8 GS, 55.0 IP, 3-3, 4.11 ERA, 1.41 WHIP, 41 K, 21 BB, 0.4 WAR (Steamer) Sam joined DraftKings in 2025 following five years with Sports Illustrated’s “On SI” network. He has covered the UCLA Bruins, New England Patriots, Tampa Bay Rays, MLB, MiLB and NBA, on top of earning awards from the Society of Professional Journalists and College Media Association during his time as a student at UCLA. All views expressed are my own. I am an employee of DraftKings and am ineligible to play in public DFS or DKSB contests. The Crown Is Yours: Sign up for DraftKingsopens in a new tab and experience the ultimate host for games and betting experiences! All odds and lines provided by DraftKings Sportsbook and are subject to change. DraftKings Network has you covered with the latest NBA injury report, news and top plays for Friday, 5/22/26. Charlie Cummings breaks down the latest news about the USMNT’s 26-man roster for the 2026 FIFA World Cup. Check out some of the best Chet Holmgren prop bets for Thunder vs. Spurs Game 3 in the NBA Playoffs. Sean Barnard details his top same game parlay for the Oklahoma City Thunder at San Antonio Spurs NBA Playoffs Game 3. GAMBLING PROBLEM? CALL 1-800-GAMBLER, (800) 327-5050opens in a new tab or visit gamblinghelplinema.orgopens in a new tab (MA). Call 877-8-HOPENY/text HOPENY (467369) (NY).Please Gamble Responsibly. 888-789-7777/visit ccpg.orgopens in a new tab (CT), or visit www.mdgamblinghelp.orgopens in a new tab (MD).21+ and present in most states. (18+ DC/KY/NH/WY). Void in ONT. Eligibility restrictions apply. Terms: draftkings.com/sportsbookopens in a new tab. On behalf of Boot Hill Casino & Resort (KS). Pass-thru of per wager tax may apply in IL.",https://dknetwork.draftkings.com/2026/05/22/mlb-dfs-picks-starting-pitcher-rankings-for-friday-5-22-26/
GS,Goldman Sachs (GS) Monitors Policy Shifts with New Fed Chair Kev - GuruFocus,2026-05-22 13:59:04,"This website is using a security service to protect itself from online attacks. The action you just performed triggered the security solution. There are several actions that could trigger this block including submitting a certain word or phrase, a SQL command or malformed data. You can email the site owner to let them know you were blocked. Please include what you were doing when this page came up and the Cloudflare Ray ID found at the bottom of this page. Cloudflare Ray ID: a000958afb440bfe
•

        Your IP:
        Click to reveal
20.161.44.178
•

Performance & security by Cloudflare",https://www.gurufocus.com/news/8877606/goldman-sachs-gs-monitors-policy-shifts-with-new-fed-chair-kevin-warsh
GS,"Air Jordan 4 'Infrared 23' -Red Bottoms, GS Exclusive, Coming Soon: Release Date and Where to Buy - AOL.com",2026-05-22 13:26:44,"Red Jordans always carry weight, but the Air Jordan 4 ""Infrared 23"" takes it to another level. The infrared glow is one of the boldest moves Jordan Brand has ever made on the silhouette. It's loud, it's premium, and it demands attention every time you pull them out. If you're the type who likes kicks that speak before you do, this is your shoe. Let's get into it. Nike SNKRS, Nike.com, Foot Locker, Finish Line, Champs Foot Locker, Finish Line, and Champs are worth having ready alongside SNKRS — GS drops spread across more retailers than adult releases. The May 1, 2026 drop hits Nike SNKRS and Nike.com kids simultaneously with major chains, which means more entry points than a standard Jordan release and better odds at retail if you come prepared. Have all your accounts set up and payment info ready before drop day. The style code is II1271-001 — lock that into your retailer apps and SNKRS notifications early. GS drops don't always create the same chaos as adult releases, but a colorway with Infrared 23 in the name draws more attention than a typical kids' exclusive. The Bright Mango and Barely Volt accents are the twist that make this a GS-specific flex — it's not just a black and red shoe. Those extra color hits on the midsole and eyelets push the Infrared 23 palette into territory that an adult release would never go, and that's exactly what makes this one worth paying attention to as a GS exclusive rather than a watered-down version of something else. The foundation is still clean. Black leather upper, Infrared 23 mesh on the quarter panels and tongue, Infrared branding on the tongue and heel, and a black/Infrared rubber outsole. The Infrared 23 palette made its name on the AJ3 and AJ11 Low back in 2014 — this is the first time it's ever hit the AJ4 silhouette, and the GS-exclusive format gives it a character that keeps it from being a straight retread of those earlier pairs. If you miss retail, StockX and GOAT will have pairs — GS exclusives don't always spike hard on resale so the window to buy close to retail may stay open. Unlike adult Jordan releases where resale can jump immediately, GS-only drops are more unpredictable, and this one has a real chance of staying accessible after May 1 if you're not in a rush. The one caveat is the Infrared 23 name. This palette carries legacy weight across the Jordan line, and that tends to draw more serious collector interest than a standard youth colorway. There is no men's sizing — none. Adults chasing this will be shopping GS, which means sizing up and accepting the GS price point at retail or whatever premium surfaces on resale. Know that going in. This story was originally published by Athlon Sports on Apr 29, 2026, where it first appeared in the Style section. Add Athlon Sports as a Preferred Source by clicking here.",https://www.aol.com/articles/air-jordan-4-infrared-23-113000000.html
GS,"Orange Investment Advisors Inc. Sells 1,948 Shares of The Goldman Sachs Group, Inc. $GS - MarketBeat",2026-05-22 11:10:33,"Orange Investment Advisors Inc. trimmed its stake in  The Goldman Sachs Group, Inc. (NYSE:GS - Free Report) by 23.6% during the 4th quarter, according to its most recent disclosure with the Securities and Exchange Commission. The institutional investor  owned 6,301 shares of the investment management company's stock after selling 1,948 shares during the quarter. Orange Investment Advisors Inc.'s holdings in The Goldman Sachs Group were worth $5,539,000 at the end of the most recent quarter. Several other institutional investors and hedge funds have also recently modified their holdings of the stock. Dagco Inc. purchased a new stake in  The Goldman Sachs Group during the 4th quarter valued at $25,000.  Manning & Napier Advisors LLC grew its stake in shares of  The Goldman Sachs Group by 287.5% in the fourth quarter. Manning & Napier Advisors LLC now owns 31 shares of the investment management company's stock worth $27,000 after acquiring an additional 23 shares during the period.  Kohmann Bosshard Financial Services LLC purchased a new position in shares of  The Goldman Sachs Group during the fourth quarter valued at approximately $31,000.  Entrust Financial LLC purchased a new stake in  The Goldman Sachs Group in the fourth quarter worth approximately $34,000.  Finally, Graney & King LLC grew its position in  The Goldman Sachs Group by 51.5% in the 2nd quarter. Graney & King LLC now owns 50 shares of the investment management company's stock worth $35,000 after purchasing an additional 17 shares during the period. 71.21% of the stock is currently owned by institutional investors. A number of analysts recently commented on the company. BMO Capital Markets upped their price objective on The Goldman Sachs Group from $905.00 to $972.00 and gave the company a ""market perform"" rating in a research report on Monday, April 20th. Daiwa Securities Group increased their price objective on shares of The Goldman Sachs Group from $891.00 to $930.00 and gave the stock a ""neutral"" rating in a research note on Tuesday, May 5th. BNP Paribas Exane decreased their price target on shares of The Goldman Sachs Group from $970.00 to $940.00 and set a ""neutral"" rating on the stock in a research report on Friday, April 24th. Evercore cut their price objective on shares of The Goldman Sachs Group from $1,075.00 to $950.00 and set an ""outperform"" rating for the company in a research report on Monday, April 6th. Finally, Wells Fargo & Company decreased their target price on The Goldman Sachs Group from $1,050.00 to $1,000.00 and set an ""overweight"" rating on the stock in a report on Monday, April 13th. Nine equities research analysts have rated the stock with a Buy rating and fourteen have issued  a Hold rating to the company's stock. According to data from MarketBeat, The Goldman Sachs Group  has a consensus rating of ""Hold"" and an average target price of $943.95. In other news, insider Kathryn H. Ruemmler sold 14,292 shares of the stock in a transaction that occurred on Wednesday, May 6th. The stock was sold at an average price of $939.07, for a total transaction of $13,421,188.44. Following the completion of the transaction, the insider directly owned 15,657 shares in the company, valued at approximately $14,703,018.99. This represents a 47.72% decrease in their position. The transaction was disclosed in a legal filing with the Securities & Exchange Commission, which can be accessed through the SEC website. Also, CFO Denis P. Coleman sold 6,857 shares of the stock in a transaction that occurred on Thursday, May 14th. The shares were sold at an average price of $973.55, for a total value of $6,675,632.35. Following the transaction, the chief financial officer owned 31,070 shares of the company's stock, valued at $30,248,198.50. This represents a 18.08% decrease in their ownership of the stock. The SEC filing for this sale provides additional information. Insiders sold a total of 33,681 shares of company stock valued at $31,737,875 in the last ninety days. Corporate insiders own  0.55% of the company's stock. The Goldman Sachs Group stock opened at $988.52 on Friday. The Goldman Sachs Group, Inc. has a 1 year low of $582.50 and a 1 year high of $999.50. The firm's 50 day moving average price is $889.04 and its 200-day moving average price is $883.81. The company has a debt-to-equity ratio of 2.89, a current ratio of 0.63 and a quick ratio of 0.63. The stock has a market cap of $291.62 billion, a P/E ratio of 18.07, a PEG ratio of 1.27 and a beta of 1.28. The Goldman Sachs Group (NYSE:GS - Get Free Report) last announced its quarterly earnings results on Monday, April 13th. The investment management company reported $17.55 earnings per share (EPS) for the quarter, beating analysts' consensus estimates of $15.92 by $1.63. The company had revenue of $17.23 billion for the quarter, compared to the consensus estimate of $16.66 billion. The Goldman Sachs Group had a net margin of 14.13% and a return on equity of 16.53%. The Goldman Sachs Group's revenue for the quarter was up 14.4% compared to the same quarter last year. During the same period in the previous year, the firm posted $14.12 EPS.  On average, equities analysts predict that  The Goldman Sachs Group, Inc. will post 59.53 earnings per share for the current fiscal year. The company also recently announced a quarterly dividend, which will be paid on Monday, June 29th. Investors of record on Monday, June 1st will be given a $4.50 dividend. This represents a $18.00 dividend on an annualized basis and a dividend yield of 1.8%. The ex-dividend date is Monday, June 1st. The Goldman Sachs Group's payout ratio is currently 32.89%. Here are the key news stories impacting The Goldman Sachs Group this week: The Goldman Sachs Group, Inc is a global investment banking and financial services firm headquartered in New York City. Founded in 1869 as a commercial paper business, the company has grown into a diversified financial institution that provides a broad range of services to corporations, financial institutions, governments and individuals. The firm is led by Chief Executive Officer David M. Solomon and operates across major financial centers worldwide. Goldman Sachs' core businesses include investment banking, global markets, asset and wealth management, and consumer banking. Want to see what other hedge funds are holding GS? Visit HoldingsChannel.com to get the latest 13F filings and insider trades for The Goldman Sachs Group, Inc. (NYSE:GS - Free Report). This instant news alert was generated by narrative science technology and financial data from MarketBeat in order to provide readers with the fastest reporting and unbiased coverage. Please send any questions or comments about this story to contact@marketbeat.com. Before you consider The Goldman Sachs Group, you'll want to hear this. MarketBeat keeps track of Wall Street's top-rated and best performing research analysts and the stocks they recommend to their clients on a daily basis. MarketBeat has identified the five stocks that top analysts are quietly whispering to their clients to buy now before the broader market catches on... and The Goldman Sachs Group wasn't on the list. While The Goldman Sachs Group currently has a Hold rating among analysts, top-rated analysts believe these five stocks are better buys. MarketBeat's analysts have just released their top five short plays for June 2026. Learn which stocks have the most short interest and how to trade them. Click the link to see which companies made the list. Sign up for MarketBeat All Access to gain access to MarketBeat's full suite of research tools. 345 N Reid Place, Suite 620, Sioux Falls, SD 57103
                                        
                                        contact@marketbeat.com
                                        
                                        (844) 978-6257 © MarketBeat Media, LLC 2010-2026. All rights reserved. © 2026   Fair market value prices are updated every minute and are provided by Massive. Other market data provided is at least 10-minutes delayed and hosted by Barchart Solutions.  Information is provided 'as-is' and solely for informational purposes, not for trading purposes or advice, and is delayed. To see all exchange delays and terms of use please see Barchart's disclaimer. Enter your email below to receive daily updates and analyst ratings for The Goldman Sachs Group and related companies from Earnings360.com.",https://www.marketbeat.com/instant-alerts/filing-orange-investment-advisors-inc-sells-1948-shares-of-the-goldman-sachs-group-inc-gs-2026-05-22/
GS,"The G512 X 75 / 98, Logitech G's first gaming keyboard with dual swap function and gasket mount construction, will be released on June 11! - Saiga NAK",2026-05-22 10:45:55,"We use cookies and other tracking technologies to improve your browsing experience on our website, to show you personalized content and targeted ads, to analyze our website traffic, and to understand where our visitors are coming from. Logitech announced today that the G512 X 75 and G512 X 98 wired gaming keyboards from the Logitech G gaming brand will be available on Thursday, June 11, 2026. The G512 X 75 and G512 X 98 are the first Logitech G-brand models to feature dual swap functionality and gasket mount construction. The G512 X series is the first Logitech G-brand wired gaming keyboard with dual swap functionality. The G512 X series is the first Logitech G-brand wired gaming keyboard with dual-swap functionality. 41 specific keys can be switched between magnetic analog switches with rapid trigger support and mechanical switches on the same keyboard. All keys support hot-swapping of mechanical switches, allowing switches to be swapped freely without the need for tools. Gasket-mounted construction absorbs vibration while typing for a soft and stable key feel. It offers both comfort and quietness even during long hours of gameplay and can be used for a wide range of game genres from FPS to RPGs and MOBAs. Equipped with 9 magnetic analog switches anda SAPP ring for adjusting key presses. The multi-point action, which assigns different operations to a single key depending on how deep or shallow the key is pressed, can be customized to the smallest detail. The Logitech G is equipped with dual dials that can be used for both hardware and software operation, providing high operability and functionality. The click action of each dial can be customized with Logitech G HUB, the dedicated software for the Logitech G. The LIGHT BAR is located at the bottom of the keyboard, creating an immersive space with RGB lighting. Combined with the ""Palmrest 75"" and ""Palmrest 98"" palm rests (sold separately), you can create an even more visually appealing gaming environment. The Logitech G is the first Logitech G to support 8,000Hz report rate. Combined with the Rapid Trigger and Multi-Actuation functions, the G provides high response speed in situations where instantaneous input is required. Two sizes are available: G512 X 75 (75% layout) and G512 X 98 (98% layout). Both are available with linear or tactile switches and in black or white. The G512 X 75 "" is priced at 32,780 yen (including tax) and the G512 X 98 "" at 36,080 yen (including tax). Please refer to each product page for details. Sorry, this article is only available in Japanese and 繁體中文. at the moment. Search on Amazon.com
Search on Walmart
Search on BestBuy Search on Amazon.sg
Search on Shopee
Search on Lazada Search on Amazon.sg
Search on Shopee
Search on Lazada DetonatioN FocusMe , the professional esports team operated by DetonatioN (a subsidiary of GameWith), has announced the renewal of its sponsorship agreement wit 2025.11.28(Fri)A Collaboration Model for ""Stream Deck Mini"" With Discord Appears! Includes a B… 2024.12.28(Sat)Sanwa Supply Releases ""MM-BTSH72BK"" Bone Conduction Headset with Dual Connectiv… 2025.04.16(Wed)New Flavor ""FRISK SPARKLING GRAPE"" from the Popular Cooling Refreshment Drink t… 2021.02.01(Mon)Bauhutte ""Washable Long Pillow BHB-1000P"" Released! 2021.08.19(Thu)Bath additives inspired by the ""Resident Evil"" series Available! 2025.09.07(Sun)High-End ""nubia Pad Pro"" Tablet, Equipped with a Snapdragon 8 Gen 3 and a 6-Lay… High quality cosplayers! Featuring beautiful cosplayers seen at the Tokyo Game Show 2022! The first collaboration between Ito-Yokado, 7-Eleven, and Netflix! ""N… ""Momotaro Dentetsu: Showa, Heisei, Reiwa Mo Teiban! Asia Edition"" to … Due to the impact of covid-19, Event ""FVII remake"" Canceled Fortnite PvE Mode Fortnite: Save the World to Go Free-to-Play Startin… PlayStation 5 ReleaseDate and Price Announced at Last! [TGS2025] Photo Review: ""Azur Lane"" and ""Cygames"" Booths Overflowing … “Anker Store Ginza,” the Brand’s Largest Location Yet, Opens June 15 … Play against a team led by Mae-Ken in the Poweful Online Battle! Nosh Sponsors Esports Tournament VALORANT Challengers Japan 2026 Split 2 &…2026.05.22(Fri) Resident Evil Movie Japan Release Date Set for October 9! Zach Cregger Delivers…2026.05.22(Fri) Minecraft Collaboration Apparel to Be Released by and D. petit main on May 22! …2026.05.22(Fri) Latest News Program For the Inazuma Eleven Series INA- DAI Scheduled to Stream …2026.05.22(Fri) McDonald's Collaborates with the Mega Man Series! A Video for ""Air Man ga Taose…2026.05.22(Fri) We have been strictly prohibited without permission . copyright of images, text , etc. that have been published in saiganak.com is attributable to saiganak.com or photographer - writer.",https://saiganak.com/product/logitech-g-g512-x-75-98-announcement/
GS,Mark Wilson resigns as Independent Non-Exec Director of GS Chain - FX News Group,2026-05-22 10:21:57,"GS Chain Plc today announced that Mark Wilson has resigned as an Independent Non-Executive Director of the company with immediate effect to pursue other professional opportunities. “The Board would like to thank Mark for his contribution to the Company and wishes him well in his future endeavours.” Mark Wilson has over 30 years of experience in both UK and international financial management and accounting. He has worked in a range of sectors including automotive, home entertainment consumer goods, construction, software development and ship management. Before joining GS Chain, he was Finance Director Armour Group plc (listed on AIM until 2018) where he started in 2009 and was responsible for the reverse takeover of OneView Group Limited in 2016. He remained as Director of OneView Group Limited after takeover until 2019 and was responsible for all aspects of OneView’s finance and finance management across the group, including the preparation, review and publication of all statutory accounts (the group accounts were reported under IFRS and the subsidiaries accounts were reported under UK GAAP or US GAAP), as well as for ensuring compliance with the AIM rules. More recently, he has acted as Senior Finance Manager of Dandara South East Limited, a real estate developer. Your email address will not be published. Required fields are marked * With FNG's Newsletter you'll get all the latest breaking FX Industry news stories - in a concise daily email, directly to your Inbox. Get FNG's daily newsletter to receive notice of all articles like this one, in a concise daily email.",https://fxnewsgroup.com/forex-news/executives/mark-wilson-resigns-as-independent-non-exec-director-of-gs-chain/
GS,Synapsoft's 'Synap Assistant' Receives Top GS Certification Rating - thelec.net,2026-05-22 07:37:09,"Synapsoft said its ""Synap Assistant"" solution received Grade 1 GS (Good Software) certification from the Korea Telecommunications Technology Association (TTA). Synap Assistant is an on-premise large language model (LLM) package solution integrated with Synapsoft's proprietary models as well as models including HyperCLOVA X and Llama from Meta Platforms. According to Synapsoft, the platform provides an all-in-one pipeline spanning high-quality document structure analysis, retrieval-augmented generation (RAG) and LLM services for data utilization across large volumes of documents in formats including Microsoft Office files, HWP/HWPX and PDF. Synap Assistant architecture diagram. (Source: Synapsoft) The company highlighted Agentic RAG technology as a key differentiator, saying it enables accurate AI-generated answers grounded in document content without hallucinations. When integrated with Synap Document Viewer, users can also quickly identify the original source sections referenced in AI-generated answers through highlighted text. Synapsoft said recent revisions by the Ministry of the Interior and Safety requiring machine-readable open document formats such as HWPX in central and local government On-Nara document systems starting May 18 are making AI data infrastructure increasingly essential for public institutions. The company said it plans to actively target the public-sector market with Synap Assistant in response to the new policy environment.",https://www.thelec.net/news/articleView.html?idxno=10683
GS,GS Neotech announced on the 22nd that it participated in Korea's largest artificial intelligence (AI.. - 매일경제,2026-05-22 06:54:03,"GS Neotech announced on the 22nd that it participated in Korea's largest artificial intelligence (AI) and cloud conference ""AWS Summit Seoul 2026"" held at COEX in Samseong-dong, Seoul from the 20th to the 21st, and successfully introduced Generative AI and security governance solutions optimized for global technology trends. The AWS Summit Seoul 2026, which marks its 12th anniversary this year, was held to share cloud innovation trends led by agentic AI and practical cases by industry. In particular, more than 25,000 visitors attended this year to mark the 20th anniversary of AWS' launch and the 10th anniversary of the opening of the Seoul Region. GS Neotech, AWS' official cloud operations management (MSP) operator, ran a platinum booth at the event. Focusing on key topics and market trends most emphasized by AWS at the summit, GS Neotech introduced a customized lineup that solves practical bottlenecks that companies experience step by step, from AI introduction planning to follow-up management and infrastructure security. First of all, the 'Agent Builder' platform 'MISO (Smile)' that is in line with AWS's agent AI direction has been put to the forefront. It is a no-code platform that creates and distributes AI apps and agents for work without coding through intuitive workflows. GS Neotech said, ""We have maximized scalability by supporting in-house and out-of-house data linkage based on multi-LLM integration and collaboration tools such as Teams and Slack. In particular, it has been highly evaluated by company officials because it can block sensitive information leakage concerns by applying customized security policies for each company and quickly build prototypes with industry-specific pre-templates."" In addition, it introduced a natural language-based AX agent ""aiDea,"" an on-device agent ""NL2Device"" that directly manipulates smartphones when instructed in words, and ""SQLens,"" which extracts and analyzes data with natural language questions. It is rumored that the management platform to realize ""cloud infrastructure security governance"" along with stable post-operation has also attracted visitors. Security Lens, an infrastructure security governance solution, is a solution that automatically diagnoses cloud assets of multi-accounts and regions and visualizes actual attack paths. On top of that, the efficient governance direction of information technology (IT) and security teams was presented by linking ""Prompt Lens,"" an AI response evaluation and prompt diagnosis platform that quantitatively evaluates LLM-specific answers and provides prompt optimization reports based on multi-model comparisons. In addition to the solution exhibition, the professional presentation session of the GS Neotech AI Center Kim Sung-hyuk, which took place on the first day of the event, was also successfully completed. Under the theme of ""DRA (Dynamic Resource Allocation)-based GPU Operation Optimization in LLM and Agent Environments,"" Engineer Kim presented a next-generation operating model that can maintain AI workload performance while reducing infrastructure costs, drawing keen attention from industry officials. Seo Jeong-in, head of GS Neotech's IT business division, said, ""No-code platform MISO and various agent technologies are focused on lowering barriers to introducing AXs and maximizing work efficiency, and we will further strengthen Generative AI business services optimized for industry-specific requirements."" ※ This article was translated using AI technology for reader convenience. Maeil Business(MK) provides these translations ""as they are"" and makes no warranties of any kind, either
explicitly or implicitly, regarding accuracy, reliability and marketability, suitability for a particular purpose,
etc. of translation.
Please be informed that the content provided may not be translated accurately due to limitations in machine
translation before using this service. Copyright (c) 매경AX. Maeil Business News Korea & mk.co.kr, All rights reserved.
Prohibition of unauthorized reproduction, redistribution, and use of AI learning",https://www.mk.co.kr/en/it/12055621
GS,DJ Chidow — Joel G's Hands Up! - A Newgrounds Joint - PROMO VIDEO (Music Video) - Dork | Down With Boring,2026-05-22 06:03:50,"We won't sell or share your personal information to inform the ads you see. You may still see interest-based ads if your information is sold or shared by other companies or was sold or shared previously. DJ Chidow — Joel G's Hands Up! - A Newgrounds Joint - PROMO VIDEO DJ Chidow's music video for ""Joel G's Hands Up! - A Newgrounds Joint - PROMO VIDEO"". Join thousands of music lovers getting the best new tracks, exclusive interviews, and breaking news delivered straight to your inbox every week.",https://readdork.com/music-videos/dj-chidow-joel-g-s-hands-up-a-newgrounds-joint-promo-video-rclns0ho
GS,(05/22/26) GS: A Financial Powerhouse with a Rock-Solid Chart - moneyshow.com,2026-05-22 04:18:35,"We've been made aware of fraudulent actors impersonating MoneyShow online. These individuals are using fake names, photos, WhatsApp groups, Telegram accounts, and other unauthorized platforms to solicit investments and financial information. MoneyShow will never contact attendees or investors through WhatsApp, Telegram, or social media groups regarding investments, payments, financial opportunities, or financial advice. Authentic MoneyShow communications are sent only through verified @moneyshow.com email addresses, our official websites, and authorized phone numbers. If you receive a message claiming to be from MoneyShow from any other address or platform, do not engage. If you receive suspicious messages claiming to represent MoneyShow, do not engage or share personal or financial information and report the account directly to MoneyShow. If you've been scammed, report the incident to the FBI’s Internet Crime Complaint Center (ic3.gov). Contact MoneyShow directly at 800-970-4355 to verify any communication. Goldman Sachs Group Inc. (GS) provides investment banking, securities, and investment management services to corporations, financial institutions, and high-net-worth individuals. It peaked at an all-time high in January 2026, fell to its 200-day in March, and has bounced back to all-time highs, notes John Eade, president of Argus Research. GS came public in 1999 and was a volatile stock before settling down in late 2023. After its 2002 bear-market bottom at $58, the shares soared to the $250 region by late 2007, before getting crushed during the financial crisis and falling all the way back to $47. From its 2007 peak, GS traded in a wild range until finally breaking out to all-time highs in early 2021. The stock topped out later that year. The shares were then smacked, falling to $280 in 2022, but since then have been in a consistent uptrend, supported by the 10- and 21-week exponential averages. We would put a stop-loss just below chart and moving-average support at $899. With no overhead resistance, we would take profits at $1,050. Subscribe to MoneyShow’s daily investment newsletter Top Pros' Top Picks and get actionable advice from our top experts, including the hottest stocks to buy and sell, ETFs and funds for short- and long-term capital appreciation, and a wide variety of dividend-paying stocks set to deliver a steady stream of safe, reliable income. Get an edge on the markets with our three-times-a-week trading newsletter, Trading Insights. Receive timely trade ideas covering stocks, options, futures, and more to keep you on the right side of the action. From trading basics to advanced strategies and high-probability set-ups, the insights you need from our all-star lineup of trading pros is delivered straight to your inbox.",https://www.moneyshow.com/articles/tradingidea-65143/gs-a-financial-powerhouse-with-a-rock-solid-chart/
GS,GS5658161 Seasonals Chart - TradingView,2026-05-22 02:22:20,"Select market data provided by ICE Data Services. Select reference data provided by FactSet. Copyright © 2026 FactSet Research Systems Inc.Copyright © 2026, American Bankers Association. CUSIP Database provided by FactSet Research Systems Inc. All rights reserved. SEC fillings and other documents provided by Quartr.© 2026 TradingView, Inc.",https://www.tradingview.com/symbols/FINRA-GS5658161/seasonals/
GS,"The G512 X 75 / 98, Logitech G's first gaming keyboard with dual swap function and gasket mount construction, will be released on June 11! - Saiga NAK",2026-05-21 23:09:36,"Logitech announced today that the G512 X 75 and G512 X 98 wired gaming keyboards from the Logitech G gaming brand will be available on Thursday, June 11, 2026. The G512 X 75 and G512 X 98 are the first Logitech G-brand models to feature dual swap functionality and gasket mount construction. The G512 X series is the first Logitech G-brand wired gaming keyboard with dual swap functionality. The G512 X series is the first Logitech G-brand wired gaming keyboard with dual-swap functionality. 41 specific keys can be switched between magnetic analog switches with rapid trigger support and mechanical switches on the same keyboard. All keys support hot-swapping of mechanical switches, allowing switches to be swapped freely without the need for tools. Gasket-mounted construction absorbs vibration while typing for a soft and stable key feel. It offers both comfort and quietness even during long hours of gameplay and can be used for a wide range of game genres from FPS to RPGs and MOBAs. Equipped with 9 magnetic analog switches anda SAPP ring for adjusting key presses. The multi-point action, which assigns different operations to a single key depending on how deep or shallow the key is pressed, can be customized to the smallest detail. The Logitech G is equipped with dual dials that can be used for both hardware and software operation, providing high operability and functionality. The click action of each dial can be customized with Logitech G HUB, the dedicated software for the Logitech G. The LIGHT BAR is located at the bottom of the keyboard, creating an immersive space with RGB lighting. Combined with the ""Palmrest 75"" and ""Palmrest 98"" palm rests (sold separately), you can create an even more visually appealing gaming environment. The Logitech G is the first Logitech G to support 8,000Hz report rate. Combined with the Rapid Trigger and Multi-Actuation functions, the G provides high response speed in situations where instantaneous input is required. Two sizes are available: G512 X 75 (75% layout) and G512 X 98 (98% layout). Both are available with linear or tactile switches and in black or white. The G512 X 75 "" is priced at 32,780 yen (including tax) and the G512 X 98 "" at 36,080 yen (including tax). Please refer to each product page for details. Search on Amazon.com
Search on Walmart
Search on BestBuy Search on Amazon.sg
Search on Shopee
Search on Lazada Debit card no screening required! Bank for gamers recommended for foreigners visiting Japan!
Recommend High quality cosplayers! Featuring beautiful cosplayers seen at the Tokyo Game Show 2022!
Recommend ASUS Announces Next-Generation Gaming Innovations From ROG at “CES 2026”! Wi-Fi 8 Routers Presenting New Value, Innovative 240Hz AR Glasses, and More
2026.01.07(Wed) Logitech ""PRO X SUPERLIGHT Wireless Gaming Mouse"" Launched!
2020.12.13(Sun) Made-to-Order Sales for VSPO! GEAR Gaming Keyboard Ver.2 Has Begun! Now Supporting 2.4GHz and Bluetooth Connections in Addition to Traditional Wired Connections
2026.04.14(Tue) MSI Released the VIGOR GK30 COMBO WHITE JP, Gaming Device!
2021.08.27(Fri) ASUS ""TUF Gaming K1"", high-spec gaming keyboard Announced!
2020.08.03(Mon) AMICIS to Start Pre-orders for Original Keyboard & Mouse Pad in Collaboration with Popular VTuber ""Yuki Sakuna""! Pre-orders Begin on Monday, May 26, 2025!
2025.05.27(Tue) Chrome OS laptop Acer Chromebook 512""C851T-H14N"" Released!
2020.03.05(Thu) October 8th! New NintendoSwitch with an OLED display will be released
2021.07.07(Wed) Monster Launches New Flavor “Monster Papillon” – Peach and Nectarine
2024.06.04(Tue) Merchandise Inspired by School Life from ""Nijisanji"" Unit ""3SKM"" Is Here! Including Acrylic Stands and NIJIcotto
2025.07.11(Fri) Bring Dream Land into Your Daily Life! GU and Kirby Collaboration Items to Be Released on September 13!
2024.08.30(Fri) Genesis Launched ""Radium 600"", USB-connected condenser microphone
2020.01.03(Fri) Monster Hunter Orchestra Concert - Hunting Music Festival 2023"" in Tokyo a…
2023.04.04(Tue) The legendary unreasonable game finally appears! Add game titles to ""au Sm…
2021.03.23(Tue) ""Ninjala Pre-experience meeting 2nd"" held decision! This time, it wil…
2020.05.20(Wed) Gaming Headset ""INZONE H9"" Goes on Sale on Friday, July 8, 2022
2022.06.30(Thu) Cygames, Inc. signs partnership agreement with Breeders' Cup Association! The i…
2024.10.02(Wed) ""Fortnite"" removed from app store and Google Play! Epic Games protests
2020.08.14(Fri) ""RAGE Shadowverse 2020 Autumn Powered by AQUOS"" announced! We are cur…
2020.07.02(Thu) ""FF7 Remake Intergrade"" RTA Session "" Red Bull Break The Limit&q…
2021.06.14(Mon) Azur Promilia Booth Report! Early Playable Demos and Popular Cosplayers Appear #TGS2026
2026.02.22(Sun) BrownDust2 Booth Report! Feast Your Eyes on the Cute and Sexy Cosplayers #TGS2026
2026.02.28(Sat) [EVO Japan 2025] A Feature on Fighting Game Cosplayers Full of Love!
2025.06.01(Sun) Cosplayer TaKaNa's Professional Boxer Debut Match Decided for April 30! Tickets for Korakuen Hall Now on Sale
2025.03.21(Fri) Corporate Booth Photo Report: TOPTOON and Boat Race Tamagawa #Comiket107
2025.12.31(Wed)",https://saiganak.com/product/logitech-g-g512-x-75-98-announcement/amp/
GS,Einstürzende Neubauten — Einstuerzende Neubauten - GS:Unseasonable Weather (Music Video) - Dork | Down With Boring,2026-05-21 22:14:36,"Einstürzende Neubauten — Einstuerzende Neubauten - GS:Unseasonable Weather Einstürzende Neubauten's music video for ""Einstuerzende Neubauten - GS:Unseasonable Weather"". Tagged on Dork's Berlin scene. If you like Einstürzende Neubauten, scroll for similar artists below. Join thousands of music lovers getting the best new tracks, exclusive interviews, and breaking news delivered straight to your inbox every week. We won't sell or share your personal information to inform the ads you see. You may still see interest-based ads if your information is sold or shared by other companies or was sold or shared previously.",https://readdork.com/music-videos/einsturzende-neubauten-einstuerzende-neubauten-gs-unseasonable-weather-wbtfeuqy
GS,GS Stock Price Prediction 2025-2026 | Goldman Sachs Group Inc Forecast - 24/7 Wall St.,2026-05-21 22:04:30,"Based on 24/7 Wall St.'s proprietary analysis, we are setting a target price of $1,026.80 for Goldman Sachs Group Inc (GS) over the next 12 months. 
						This target price suggests a 3.02% upside from the current price of $996.73. 
						In an optimistic scenario, GS could reach as high as $1,076.64, while our conservative scenario places the floor at $876.18. 
													Wall Street analyst sentiment shows 8 Buy, 16 Hold, and 2 Sell ratings from 26 analysts covering the stock. Goldman Sachs Group Inc is fairly valued at current levels. With our price target of $1,026.80 suggesting modest upside, the stock appears to be trading near fair value. Consider your portfolio allocation and investment timeline before making a decision. This chart shows three potential price paths for GS over the next 12 months: our Target Price, an Optimistic Scenario, and a Conservative Scenario. 
							Learn how we calculate our price targets → In our optimistic scenario, GS could reach $1,076.64 (+8.0% from current price). Key catalysts include: In our conservative scenario, GS could fall to $876.18 (-12.1% from current price). Key risks include: 26 analysts covering GS 24/7 Wall St.'s stock forecasts utilize a number of factor adjustments that either increase or decrease a stock's 12-month price target. Toggle the factors our model uses on or off below to see how each impacts GS's share price. Long-term projections factor in increased uncertainty over time. Looking ahead to 2030, our model projects GS could trade at an average price of $1,169.79, with a potential range between $877.34 and $1,462.24. This represents a potential 17.4% return from today's price. Long-term forecasts depend heavily on company execution, competitive dynamics, and broader market conditions. 24/7 Wall St. currently rates GS as a HOLD. Near fair value (3.0%) 
															Among Wall Street analysts, 8 rate it Buy, 16 rate it Hold, and 2 rate it Sell. Our optimistic scenario for GS projects a price of $1,076.64 over the next 12 months. This represents modest upside of 8.0% from today's price, suggesting the stock may be fairly valued at current levels even under favorable conditions. In our conservative scenario, GS could trade as low as $876.18 over the next 12 months, representing a 12.1% decline from current levels. This scenario accounts for potential headwinds including earnings misses, competitive pressures, or broader market weakness. Stock price predictions are forward-looking estimates, not guarantees. Our model for GS incorporates analyst consensus, valuation metrics, technical indicators, and market sentiment. However, actual stock performance depends on many unpredictable factors including earnings surprises, macroeconomic changes, and market psychology. We provide optimistic and conservative scenarios alongside our target price to illustrate the range of potential outcomes. Always conduct your own research before investing. Our top personal finance-related articles today. Your wallet will thank you later.",https://247wallst.com/companies/gs/price-prediction?tpid=1497380&tv=link&tc=in_content
GS,Adventure Bike Showdown: BMW F 900 GS Vs. Honda Africa Twin - Top Speed,2026-05-21 20:31:21,"With a Master's degree in English Literature and six years of writing experience, Aayush has been contributing to TopSpeed for over two years. Since 95% of his personality is motorcycles, he goes beyond the spec sheet to explore the culture and spirit of motorcycling. The adventure bike segment has exploded in recent years, with plenty of good options across different price ranges. On the cheaper end of things, you have starter ADVs surprisingly good at off-roading but don’t do so well on the highway. At the upper end, you can get luxury full-size ADVs with power figures that rival those of last decade’s superbikes. But not everyone wants to spend $25,000+ on such flagship machines, which is why, for many bikers, it makes sense to pick something around the $15,000 mark. By creating an account, you agree to our Terms of Use and Privacy Policy.
                You also agree to receive our newsletters; you can unsubscribe any time. By creating an account, you agree to our Terms of Use and Privacy Policy.
                You also agree to receive our newsletters; you can unsubscribe any time. A budget of $15,000 is the sweet spot when it comes to adventure bikes. At this price range, you unlock plenty of performance for the road, usually over 100 horsepower, along with focused underpinnings and near-premium features. In this price range, two adventure bikes quickly pop up: the BMW F 900 GS and the Honda Africa Twin. Both motorcycles are priced $800 apart, and while pricing may be very similar, they offer completely different riding experiences. The BMW F 900 GS is BMW’s midship adventure bike, sitting between the older F 800 GS and the top-tier R 1300 GS. This thoroughbred German adventure bike is backed by the legacy of older GS motorcycles, and it’s off-road ready from the factory. It offers punchy performance with long-travel suspension and plenty of near-premium tech features that you’d otherwise find on flagship models, though most of them remain optional. On the other hand, the Honda Africa Twin is among the cheapest full-size adventure bikes you can buy. It’s powered by a liter-class engine, long-travel suspension, and neutral ergonomics. It can go off-road, too, but it’s more focused on adventure touring. Plus, it’s backed by Honda’s engineering, so it is pretty reliable in the long run. Honda also offers a DCT version of the same for those looking for scooter-like simplicity. You might wonder why we are comparing BMW’s midship ADV with Honda’s flagship ADV? It may seem unfair, but it actually makes a lot of sense. Despite the slight differentiation in their enduro and touring abilities, both bikes are priced very close to each other. Plus, they are alike enough to cause plenty of confusion for those looking for a capable ADV around the $15k mark. With an adventure bike market that seems to always be growing, we feel that the Africa Twin still represents the most balanced option Both the F 900 GS and Africa Twin are powered by a 270-degree parallel-twin engine, but they offer a completely different character. One is more focused on off-road performance, whereas the other is tuned for versatility and real-world performance. Add to that their underpinnings, and the German ADV emerges as a package with a better power-to-weight ratio than the Africa Twin. The BMW F 900 GS packs a tried-and-tested parallel-twin engine derived from the 2018 BMW F 850 GS. Here, the engine is rebored to displace 895cc. Enthusiasts often praise this engine for being full of character, too. BMW says the engine is designed to offer maximum riding pleasure, thanks to 105 horsepower coming in at 8,500 RPM and a broader torque curve that peaks at 6,500 RPM with 68.6 pound-feet of torque. BMW also claims a top speed of 120 miles per hour. The engine hangs in a bridge-type steel frame, which sits on adjustable Showa suspension. The front Showa fork gets full adjustability, whereas the rear is adjustable for preload and rebound damping. With around 9 inches of travel on both ends and a 21/17-inch cross-spoke wheel setup as standard, the F 900 is ready to get gnarly. The bike also weighs just 482 pounds, which is light for the segment. The Honda Africa Twin isn't as focused as the Beemer. It features a narrow 1,084cc Unicam parallel-twin engine that pumps out 102 horsepower and 82.6 pound-feet of torque. This may be pale in comparison to its rivals, but that would be missing the point. The engine uses a 10.5:1 compression ratio and mid-range-tuned valve timing that is said to deliver a smooth, strong torque curve across the rev range with a linear power delivery. Plus, being a Honda, it’s also reliable. Honda also offers a DCT with it. The Africa Twin is underpinned by an old-school, lightweight semi-double cradle engine inspired by Honda’s HRC Rally bikes, paired with a lightweight swingarm. The frame sits on fully-adjustable Showa suspension, with a beefy 45mm fork and a Pro-Link monoshock, both with around 9 inches of travel. With its 21/18-inch tubeless wire-spoke wheel setup, this Honda should be good for off-roading, too. However, its 510-pound heft makes it better suited for adventure touring, not proper enduro stuff. The Honda Africa Twin Adventure Sports balance of performance, reliability, and value makes it one of the best bikes to keep forever When it comes to comfort and features, a similar story follows. Both bikes take a different approach, but neither has a clear edge here. The Beemer, in true BMW fashion, offers plenty of optional extras that should make your ride better and your wallet lighter. Meanwhile, the Africa Twin keeps things simple, but that simplicity works in its favor by making for a distraction-free riding experience and fewer things to go wrong. BMW describes the F 900 GS as an enduro adventure, and it’s best visible in its ergonomic setup. The manufacturer says the ergonomic triangle is designed for hard enduro, with high-set handlebars and lower pegs. The footbrake lever sits high, and the gearshift lever is adjustable; the frame is said to offer good contact with the bike when standing up. Even the stout windscreen is designed not to give you an upper-cut punch while off-roading. Seat height is a tad high, at 34.2 inches, but with the OE lowering seat, it can go as low as 32 inches. On the features front, BMW likes to keep things simple as standard, but offers plenty of premium features for extra money. Standard features include a 6.5-inch TFT display, BMW Motorrad ABS Pro, traction control, two riding modes, and heated grips. You can option the bike with the Enduro Package Pro, which adds sport suspension and handlebar risers, along with Ride Modes Pro, Shift Assistant Pro, Keyless Ride, and much more. The Africa Twin’s rally-inspired design is said to offer genuine touring comfort for the road. The standard model gets a narrow seat that can be adjusted between 33.5 and 34.3 inches. Along with the seat, the neutral ergonomics with tapered, tall handlebars should offer plenty of comfort for long-distance touring as well as good control for off-roading. Still, it’s a full-size ADV, so it won’t be as comfortable off the road as the F 900 GS. On the features front, the Africa Twin doesn’t offer as much as the Beemer, standard or optional. Standard features include a 6.5-inch TFT display with Apple CarPlay and Android Auto, switchable cornering ABS, Honda Selectable Torque Control (HSTC), ride modes, and wheelie control. The bike also gets cruise control, which is not present on the F 900 GS. Unlike the Beemer, you won’t unlock much more with optional accessories, save for a quickshifter, heated grips, and other comfort-oriented bits. The most fuel-efficient adventure motorcycle on this list is a city-friendly bike with an automatic gearbox and an under-$9,500 price tag. As good as these bikes are in their standard version, if you still want a genuine globe-trotter experience, they have you covered. The BMW F 900 GS comes in a GS Adventure avatar, and the Africa Twin comes in the Adventure Sports ES version. While these versions make some compromises in weight, they more than make up for it with all the extra comfort and convenience they offer. The BMW F 900 GS Adventure is a more adventure touring version of the F 900 GS. As such, it gets a massive 6.1-gallon fuel tank compared to the standard model’s 3.8-gallon tank. BMW says the GS Adventure also offers better wind protection, thanks to the larger fairing and windscreen. BMW also offers Dynamic ESA electronic suspension as an option, which adapts to different road surfaces on the fly. These changes come with a weight penalty of a whopping 60 pounds over the standard model, though. The Honda Africa Twin Adventure Sports ES takes a similar long-distance approach but leans heavily toward on-road comfort, not off-roading. It ditches the 21-inch front wheel for a 19-inch unit, which should make the bike more flickable on the road. The fuel tank is larger at 6.5 gallons compared to the 5-gallon one on the base model. Unlike the GS, though, the Africa Twin gets Showa EERA electronic suspension as standard. The weight penalty is also much lower at just 25 pounds over the base model. Surprisingly, there are a few Italian ADVs that undercut the flagship Africa Twin The BMW F 900 GS and the Honda Africa Twin are very closely priced. BMW sells the F 900 GS for a starting MSRP of $14,275, but since it's a BMW, expect to pay a bit more for all the good optional extras it offers. On the other hand, the Honda Africa Twin sits at $15,199 for the base model and $15,999 for the DCT model. For this price, both adventure bikes offer tremendous value, but in different ways. That brings us to the meat of the matter, which is the better bike of the two? That’s hard to pick. The choice comes down to what you prioritize in your adventure bike. The BMW F 900 GS is slightly more powerful and lighter, so it can go off-road much more easily than the Africa Twin. It also offers a better tech package. In the styling department, the Beemer looks sharp and premium, with classic GS touches all around. On the other hand, the Africa Twin is a full-size adventure tourer that can handle everything you throw at it. It offers a better real-world ownership experience, thanks to its broad torque curve, Honda reliability, and lower-than-BMW maintenance costs. At the same time, it should feel more relaxed for touring. Plus, the rally-inspired design looks the part. Put simply, the Africa Twin is the more sensible pick for those who want to explore the world, and the F 900 GS is the right pick for those who want to have fun off-road while exploring the world. Which of these roles best describes the BMW F 900 GS in BMW’s adventure lineup? Found an error? Send it info@www.topspeed.com so it can be corrected. We want to hear from you. Share your perspective in the comments below, and please keep the conversation respectful.",https://www.topspeed.com/bmw-f-900-gs-vs-honda-africa-twin/
GS,How SpaceX IPO Mandate and Alternatives Push At Goldman Sachs (GS) Has Changed Its Investment Story - Yahoo Finance,2026-05-21 20:08:11,"Tip: Try a valid symbol or a specific company name for relevant results Chip stocks are hitting fresh records, but Nvidia isn't driving the rally The S&P 500 notched its longest weekly win streak since 2023 as the AI trade boosted stocks Kevin Warsh said he would lead a “reform-oriented Federal Reserve."" Consumer sentiment hits record low as higher gas prices and rising costs weigh on Americans’ views of the economy. US stocks opened higher as the S&P 500 headed for its longest weekly winning streak in three years The Trump administration plans to invest $2 billion in quantum computing, expanding its broader push into strategic industries The Dow clinched a record high as stocks rebounded on optimism for a US-Iran peace deal US stocks turned higher as oil prices fell on hopes of a US-Iran peace deal Quantum stocks jump as Trump administration doles out $2 billion in exchange for equity US stocks fell as oil prices rose amid doubts about US-Iran peace talks The bond market's signal to the Fed: Interest rates should be higher SpaceX files IPO prospectus, offering a rare look at the company's finances Nvidia beats earnings estimates, gives upbeat outlook on strong chip sales The Dow, S&P 500, and Nasdaq rallied as oil fell and Nvidia earnings were on deck The ChatGPT maker is reportedly preparing to file for an IPO in the coming weeks, with plans to go public as early as September Oil plunges as Trump says US in 'final stages' of Iran deal After an unsteady start, stocks gained as oil prices fell and a bond sell-off paused S&P 500, Nasdaq rise in countdown to Nvidia results The chip giant is set to report results Wednesday as its stock climbs higher and rivals close in. Here's what to expect. The Dow, S&P 500, and Nasdaq fell as bond yields surged amid rate hike concerns Google unveils biggest update to Search in 25 years, including AI agents Trump traded over $50 million in Big Tech stocks last quarter, selling Tesla and buying more Apple, new ethics disclosure shows US stocks slid at the open as bond yields rose and tech stocks extended their retreat AI is likely to concentrate power among corporate giants and leave everyone else further behind, Goldman Sachs says The S&P 500 and Nasdaq slipped as chip stocks fell and investors weighed inflation fears There are 3 issues that appear little changed after Trump's China summit US stocks rise as yields climb amid inflation worries America's CEOs call out where food prices are rising The housing market is starting to look K-shaped, too Anthropic's shadow IPO market is already flashing trillion-dollar prices Investors eye Nvidia, bond yields, and the next commodity supercycle Wall Street sees bubble-like euphoria in AI-fueled semiconductor rally Should you buy Series I bonds as inflation heats up again? Travel is still on, but rising costs reshape summer vacation plans Executives are blaming layoffs on AI, but research shows AI is 'not the main driver' of US labor slowdown. Intel announces a multiyear partnership deal with McLaren's F1 racing team History's weirdest bubbles have a message for the AI trade Kevin Warsh is set to take over leading the Fed amid one of the most dynamic economic backdrops in modern history Trump’s 'insane amount of trades' astonish Wall Street insiders (Bloomberg) SpaceX accelerates IPO timeline, targets market debut as early as June 12 (Reuters) The Dow, S&P 500, and Nasdaq sank as US bond yields jumped to end a volatile week on a downbeat note The 30-year Treasury yield just broke to its highest level in almost 20 years Nasdaq leads dive in US stocks, with yields jumping amid inflation jitters Cerebras soared on its market debut. Here's how the company plans to take on Nvidia with a new approach to chip technology. Stocks gained, with the Dow closing above 50,000 and the S&P 500 and Nasdaq notching fresh records Cerebras stock surged 100% within minutes of trading in what is expected to be 2026's biggest IPO The Dow retook 50,000 and the S&P 500 topped 7,500 as the AI trade lifted stocks US stocks rise as Nvidia jumps, Trump-Xi summit kicks off The above button links to Coinbase. Yahoo Finance is not a broker-dealer or investment adviser and does not offer securities or cryptocurrencies for sale or facilitate trading. Coinbase pays us for certain activity generated through this link. Prices displayed are informational. In recent weeks, Goldman Sachs has been selected as lead underwriter for SpaceX’s planned IPO, reported stronger-than-expected first-quarter 2026 investment banking results, and expanded in alternative financing by acquiring trade-credit specialist FGI Worldwide. This combination of a high-profile IPO mandate and broader investment banking and alternatives activity reinforces Goldman’s role at the center of large, complex capital markets transactions. We’ll now examine how winning the SpaceX IPO mandate could influence Goldman Sachs’ longer-term investment narrative and earnings mix. We've uncovered the 10 dividend fortresses yielding 5%+ that don't just survive market storms, but thrive in them. To own Goldman Sachs, you need to believe it can keep converting its global banking, trading and asset management franchise into solid earnings, despite regulatory and geopolitical uncertainty. The SpaceX IPO mandate and stronger Q1 2026 investment banking results could support near term fee momentum, while key risks remain around capital requirements, market volatility and fee pressure in wealth and asset management. The recent news does not remove these risks, but it highlights Goldman’s continued relevance in major deals. Against this backdrop, the first quarter 2026 earnings update is particularly important. Net income of US$5,630 million and continued buybacks show how capital from big-ticket mandates and ongoing market activity can support shareholder returns. At the same time, Goldman’s intensive issuance of medium term notes and bonds in May 2026 underscores how its own funding and balance sheet management sit alongside high profile equity deals like SpaceX in shaping the earnings mix. But while the headlines focus on marquee IPOs and strong recent returns, investors should also be aware of... Read the full narrative on Goldman Sachs Group (it's free!) Goldman Sachs Group's narrative projects $67.7 billion revenue and $20.0 billion earnings by 2029. This requires 3.2% yearly revenue growth and a $2.9 billion earnings increase from $17.1 billion today. Uncover how Goldman Sachs Group's forecasts yield a $934.19 fair value, a 5% downside to its current price. Some of the lowest ranked analysts were already more cautious, assuming revenue of about US$64.2 billion and earnings near US$18.5 billion by 2029, so if you are weighing today’s IPO wins against that backdrop, you are really comparing a more optimistic consensus with a view that Goldman’s earnings power and valuation multiple could be much more constrained over time. Explore 6 other fair value estimates on Goldman Sachs Group - why the stock might be worth 8% less than the current price! Don't just follow the ticker - dig into the data and build a conviction that's truly your own. A great starting point for your Goldman Sachs Group research is our analysis highlighting 3 key rewards and 2 important warning signs that could impact your investment decision. Our free Goldman Sachs Group research report provides a comprehensive fundamental analysis summarized in a single visual - the Snowflake - making it easy to evaluate Goldman Sachs Group's overall financial health at a glance. Right now could be the best entry point. These picks are fresh from our daily scans. Don't delay: The best AI stocks today may lie beyond giants like Nvidia and Microsoft. Find the next big opportunity with these 14 smaller AI-focused companies with strong growth potential through early-stage innovation in machine learning, automation, and data intelligence that could fund your retirement. Uncover the next big thing with 27 elite penny stocks that balance risk and reward. Find 51 companies with promising cash flow potential yet trading below their fair value. This article by Simply Wall St is general in nature. We provide commentary based on historical data and analyst forecasts only using an unbiased methodology and our articles are not intended to be financial advice. It does not constitute a recommendation to buy or sell any stock, and does not take account of your objectives, or your financial situation. We aim to bring you long-term focused analysis driven by fundamental data. Note that our analysis may not factor in the latest price-sensitive company announcements or qualitative material. Simply Wall St has no position in any stocks mentioned. Have feedback on this article? Concerned about the content? Get in touch with us directly. Alternatively, email editorial-team@simplywallst.com Tip: Try a valid symbol or a specific company name for relevant results",https://finance.yahoo.com/markets/stocks/articles/spacex-ipo-mandate-alternatives-push-200811972.html
GS,Porsche 356 B Carrera 1600 GS/GT and Mercedes-Benz CLK DTM AMG Headline Early Consignments for RM Sotheby’s Return to Tegernsee - Motor Sports Newswire,2026-05-21 19:04:33,"LONDON, ENGLAND – May 21, 2026 – (Motor Sports NewsWire) – RM Sotheby’s is delighted to announce an exciting roster of early consignments for its forthcoming Tegernsee sale, which will take place on 4 July at Gut Kaltenbrunn on the shores of Lake Tegernsee. Held in partnership with the Concours of Elegance Germany, the auction will present an exceptional selection of collector cars and memorabilia. Leading the early consignments is a 1960 Porsche 356 B Carrera 1600 GS/GT Coupé by Reutter (Estimate: €470,000 – €570,000 EUR, Offered Without Reserve). Reportedly one of only 29 examples built, this highly desirable four-cam Carrera was delivered through legendary importer Max Hoffman to New York in March 1960. Finished in its factory colour combination of Silver Metallic over Black, it is powered by a correct-type replacement 692/3 engine rebuilt by renowned specialist Bill Doyle. Equally compelling is a 2006 Mercedes-Benz CLK DTM AMG Cabriolet (Estimate: €450,000 – €550,000 EUR), one of just 80 open-top examples built by HWA AG to commemorate Mercedes-Benz’s 2003 DTM championship-winning season. Showing fewer than 2,000 kilometres from new and offered by its supplying dealership, this exceptionally preserved example ranks among the most exclusive and dramatic road-going Mercedes-Benz models of the modern era. Also set to attract considerable attention is a 1992 Porsche RUF BTR 3.8 (Estimate: €360,000 – €450,000 EUR). Originally delivered as a lightweight Carrera RS N/GT, it was converted by RUF Automobile to BTR 3.8 specification and is presented in Maritime Blue over Black. With just 6,222 kilometres recorded since conversion, it is a rare and highly desirable RUF creation. Mercedes-Benz is further represented by a 1971 Mercedes-Benz 280 SE 3.5 Cabriolet (Estimate: €300,000 – €400,000 EUR), restored to an exceptional standard and driven only 1,400 kilometres since completion. Among the additional consignments are a 1957 BMW 503 Cabriolet Series I (Estimate: €250,000 – €300,000 EUR), a 1964 Porsche 356 C Carrera 2 Coupé by Reutter (Estimate: €320,000 – €420,000 EUR), a low-mileage 2010 Porsche 911 GT3 RS (Estimate: €225,000 – €250,000 EUR), a 2009 Ferrari 430 Scuderia 16M (Estimate: €600,000 – €650,000 EUR), a distinctive 2002 Porsche 996 Turbo with extensive Porsche Exclusive options (Estimate: €70,000 – €120,000 EUR), and a single-owner 2018 Mercedes-AMG GT C Coupé Edition 50(Estimate: €100,000 – €120,000 EUR). Select automobilia will complement the automotive offering, including a 2018 Max Verstappen Red Bull Racing Puma suit (Estimate: €20,000 – €30,000 EUR), a pair of Ferrari 550 Barchetta helmets (Estimate: €8,000 – €12,000 EUR), and a Ferrari 458 Italia luggage set (Estimate: €5,000 – €8,000 EUR). RM Sotheby’s returns to conduct its second live auction at Lake Tegernsee, with the sale taking place within one of Europe’s most refined concours settings. A curated selection of significant automobiles will be presented against the backdrop of the Bavarian Alps, drawing an international audience of collectors for a weekend that brings together presentation, provenance, and market-leading results. RM Sotheby’s is the world’s largest collector car auction house by total sales. With over 40 years of proven results in the collector car industry, RM’s vertically integrated range of services, from auctions (live and online) and private sales to estate planning and financial services, coupled with an expert team of Car Specialists and an international footprint, provide an unsurpassed level of service to the global collector car market. RM Sotheby’s is currently responsible for seven of the top ten most valuable motor cars ever sold at auction. Subscribe to get the latest posts sent to your email. NBC Sports’ 2026 SuperMotocross Coverage Delivers Viewership gains and Milestones Stampede of Speed takes off with Blockbuster Stars of Texas Music Festival Line-Up and NHRA Championship Drag Racing The “Special Production” Pininfarina-engineered Ferrari Testarossa Spider Commissioned as a bespoke project alongside the cars made for Brunei royalty For many kids of the 80s, a red Testarossa Spider was the dream car star of […] The incredible offerings include a low-mileage F40, a 625-mile F50, the iconic Enzo, and a new-in-crate Enzo motor Once-in-a-lifetime, two-owner F50 with 625 miles. Possibly the best extant example of Maranello’s important 50th anniversary model […] Kid Rock’s Ford GT, Porsche Carrera GT, and Single-Owner Collections to Shine 2005 Ford GT owned from new by Kid Rock to join a 2005 Porsche Carrera GT on the block in Fort Lauderdale A […]",https://motorsportsnewswire.com/2026/05/21/porsche-356-b-carrera-1600-gs-gt-and-mercedes-benz-clk-dtm-amg-headline-early-consignments-for-rm-sothebys-return-to-tegernsee/
GS,Caitlin Clark on Navigating Pressure and the Future of the WNBA - Goldman Sachs,2026-05-21 19:01:04,"Caitlin Clark has become a sports and cultural icon, but her success is rooted in a grounded upbringing and a relentless focus on basketball fundamentals. She joins John Mallory, global co-head of Wealth Management, to discuss insights on her early love of the game, the transition from college to the pros, what last season’s injuries taught her about leadership, and the future of the WNBA amid global expansion. Caitlin Clark:      The person that you see in an interview, the person you see on stage is the person you’re going to get. I’m not putting on a face for anybody. And that’s how I was always raised. And I feel like that’s kind of gotten me where I am today. John Mallory:      Caitlin needs no real formal introduction. It's fair to say that she's become a bit of an icon in the sports world. And really, on the cultural level. And it goes far beyond everything you've been able to accomplish on the court, right? And so, we've got the whole career at the University of Iowa. My favorite stat is the all-time scoring leader, men or women, in NCAA history. John Mallory:      Number one draft pick in the WNBA draft. Rookie of the year, Indiana Fever. Last year, some injuries made it a little bit tougher. And we're going to get to all of that. But I think what I'd love to do is just dial it back for a second and just start with a little bit about you just growing up. And what basketball meant to you when you were a kid before anybody knew who you were and how you kind of got involved in the first place. Caitlin Clark:      Growing up I had an older brother and he played basketball. My dad was his basketball coach. So, like some my first memories of basketball were, honestly, just going to his practices. Like I wanted to do whatever he did. I wanted to be around the game. I always kind of had a passion for it. I first started playing with the boys because my dad couldn't really find a league for me to play in where I was growing up. So, that's just what I did. I never, like, thought in my head, “oh, I should be playing like with the girls. Like, it was just basketball. And I loved it. And then eventually, I switched to playing with the girls.” But honestly, I give a lot of credit to my older brother and, really, my dad who was my first coach as the people that really inspired me to play basketball and really to love it and want to work at it more than anything. John Mallory:      Was there ever a moment where you realized how good you really are? Caitlin Clark:      I mean, I think as a kid you're like pretty naive. So, you don't always, like, realize it. It's like you kind of just love the sport and you love getting to go do it. The first time I probably realized, like, maybe it was a little different for myself was like sixth grade when colleges started watching me because I was playing two grades up at the time. Which is pretty messed up. Like, no sixth grader should be going through that. And my parents did a great job of, like, guarding me. Like that wasn't a thing until really like my sophomore year of high school. So, I would say like kind of around middle school I was like, oh, like maybe I can like really have a future in this. And like, I really wanted to be really good at it. So, I just kept working at it. John Mallory:      How did your parents try to shield you from all of that? Because that's a real parenting challenge. Caitlin Clark:      Yeah, they would like tell my older brother, like, when we got home from school, like, ""You need to go get the mail first"" because like colleges were sending me letters and stuff and text and call my dad. But like, they never like told me about any of that type of stuff. They just wanted me to enjoy my childhood. And honestly, like just enjoy recess with my friends in seventh grade and things like that. But, you know, growing up my parents always instilled, basketball is something you got to do because you’re a good student, you’re a good person. Like there was multiple times where, you know, I wasn’t allowed to play in games because I got in a fight with my brothers. My punishment as a kid wasn’t like getting my iPad taken away or something. It was like, I wasn’t allowed to go to the high school basketball games on Friday night. I think more than anything, my parents just kind of kept me grounded and humble. And that’s just how I was raised. John Mallory:      That's fantastic. Talk about a little bit the transition from college to the WNBA. And so, obviously, the level of play is elevated. But there are other aspects to it. Different kinds of pressures. Different cadence to the season, all that kind of stuff. Talk about what was the hardest in making that transition. Caitlin Clark:      Oh, I mean, there were a lot of really hard things. We played in the National Championship my senior year. And then I literally went home for like two days. And then, like, I really never went back to Iowa City. Like, I graduated and, like, got my degree, never walked because I was playing professional basketball. Like, I was still finishing classes during playing my first WNBA games. So, it's a very different dynamic than really any other professional sports. Like, you know, the NFL draft you have a couple months to train. And then you get drafted. And then you have a few more months till you play your first game. It's not like that. So, in a way, like, you're almost kind of thankful for it because you don't, like, have time to like process everything. But you're just like throw into the fire. It's hard, like, learning a new coach. Learning a new system. Living in a new city. Learning new teammates. You know? You have to all kind of bond and work well together and gel together. And, you know, kind of after our first ten games we kind of figured it out. We made it back to the playoffs for the first time since 2016. So, it was like the longest drought in WNBA history that a team hadn't been to the playoffs. So, we did all right. John Mallory:      I mean, the game itself is the same at some level, just elevated. But the rest of the circumstances around you are all different. John Mallory:      Yeah. And that's got to be tough. So you are known for your elite scoring plus elite playmaking. What are your personal non-negotiable checkpoints? And how do you self correct when fatigue or pressure shows up midgame? Caitlin Clark:      I think for myself, and there's always been pressure, especially over the course of the last four years, but I like always try to remind myself about the work that I've put in. Like, I know I'm prepared for these moments. And also, you look at the biggest, the best basketball players there've ever been, you know, they've had times where they've really struggled. And there are going to be slumps you go through. There are going to be days that are really hard. That's just reality of the sport you play. You're not going to be perfect every single day. So, I think just reminding myself of that. Obviously, it's easier said than done. I get pretty fired up on the court, especially when I'm not playing very well. I think, additionally, like, relying on the teammates you have. you know? I think that's why I love basketball. It's a team sport. I think that's probably what I rely on the most when things aren't really going my way or-- John Mallory:      But do you adapt? Like, is there a night that you're out there and you say, ""Well, my legs just aren't really there today and my shot's off and I'm actually going to think differently about how to approach the game""? Or is it not like that? Caitlin Clark:      Well, I always think every shot's going in. So, maybe that's like a poison. Maybe I should probably, like, pass a little bit more. But there are always things you can do, even if you're not scoring. You know? The attention you draw or the way you can get your teammates open. Like, there are always other things you can contribute. And it's certainly easier said than done. But I like to think I keep shooting too. I'm not going to stop. John Mallory:      You're not going to stop shooting. Good. Looking at the fundamentals of the game, ball handling, footwork, passing, defense, which of those become most expensive to neglect at the pro level and why? Caitlin Clark:      I think that's probably one of the biggest differences when you get to the professional level is everyone's good. You have to show up. Every single player that's on the floor. Really all of those things, like you can't lack in one area. I mean, that's really tough to pick. I'd probably go with defense. And obviously, that's probably like an area that I've had to improve the most since becoming a professional. You have to be able to guard everybody on the floor. People always, like, try to hate on my defense. So, it's just like, putting my mind to it. John Mallory:      When you're operating at this level, what are the skills you continue to work on or take that extra time in practice to focus on? How do you think about that? Caitlin Clark:      I think if you, like, go and watch any professional basketball player workout, like they always start with the fundamentals. Like, it's form shooting. It's the same thing I did when I first started playing basketball is you start with the simple things. I think, like, ball handling is a really lost art. I always tell, like, kids, be able to dribble. Be able to pass. Like everybody's so worried about, like, shooting threes. Which is probably, you know, Steph Curry's fault. It's not my fault. But everybody wants to be able to do that. But I think it's like all the little things that kind of get lost. And just doing the little things can get you a long way. Because it's not something that people really want to spend time on anymore. John Mallory:      So, let's talk though a little bit about last season because there were challenges. There were injuries. A couple of different injuries along the way and some recurring injuries and that kind of thing. What was like that? And I mean, how have you thought about trying to get healthy? Caitlin Clark:      Yeah. Well, it's certainly not anything I've ever been through before. That was, like, my claim to fame is like I was always healthy. I didn't miss a single game in college. I would play, like, 40 minutes a night. And then going into the training camp, I kind of hurt my quad at the beginning of training camp. And I really like never got back to 100 percent health after that and dealt with some other injuries. Looking back now, I think it's going to be something that's going to be really beneficial for me. When you become a professional athlete, like this is like what makes you money. So, you have to be able to take care of it the best you can. And I probably didn't always prioritize that. I always thought, like, oh, I can just show up to the gym. I'd like tie my shoes and I'd be ready to go. And it doesn't really always work like that. So, I think that was a good learning lesson. And then like also just like learning to be a really good teammate. Like you sit on the bench, and you get to watch the game kind of with a little bit of a different perspective because you're obviously competitive and want to win. But it's a little different when you don't get to put the uniform on and, like, actually be on the court. But it'll tell you, it definitely sucks. The thing that you don't always realize until you get hurt is like how isolating it is. Like, you're in there more than anyone trying to get healthy. Like you're in the training room before practice, during practice, after practice doing anything you can to get back on the court. And it's hard, like, getting to watch people do what you love. Like, you want to be out there doing that. So, I think it taught me, like, no matter like if I have a teammate that's hurt, like in the rest of my career I'll always be the person to check on them because it really is an isolating thing. And not anything anybody ever wants to go through. John Mallory:      You mentioned your relationship with the teammates and maybe how that evolved a bit through the injury. You're naturally going to be a leader on any team that you're on. How do you think about your leadership style? Caitlin Clark:      Well, I think certainly before I was hurt, I was always the kind of lead by example person. Like, I was going to be in there working more than anybody. I mean, you get hurt, that's like just kind of hard. Like you're not on the court. Like, when you're the point guard, like you're the voice everybody listens to. And I think for myself it was like being really intentional about the conversations and relationships I have with my teammates. Like, I feel like it almost will probably benefit me more in the long run of, like, having those little moments where you can like really understand how your teammates operate. Obviously, when like you're in the heat of battle, it's so much different than when you're not and you're just in the locker room hanging out. So, just getting to watch from that perspective, I think, was, you know, a really helpful and cool thing. And just like, at the end of the day being their biggest fan. Throughout my career, everybody has pretty much been my biggest fan. So, it was kind of fun to like get to do that for them. And they did a tremendous job. And I wasn't the only one hurt all year. Like, we were dealt a bunch of injuries to a lot of players we had. So, it was impressive that we were one game away of still reaching the finals. John Mallory:      That's pretty exciting. I want to ask you just about being sort of an athlete and a cultural leader and how much of an imperative you feel. We sort of put athletes on pedestals. They are completely elite at doing one thing. And then sometimes culturally people look to them and expect them to do lots of other things at that same level, which doesn't always seem totally fair to me. And you bear that maybe even more than most in sports given the rise of the WNBA and women's sports in general. So, could you just talk about how you think about that and your responsibilities a little bit? Caitlin Clark:      The person that you see in an interview, the person you see on stage is the person you're going to get when I'm in my green room right before this. Like, it's all the same. Like, I'm not putting on a face for anybody. And that's how I was always raised. And I feel like that's kind of gotten me where I am today. So, that's sometimes hard about athletes. It's like you get this perception of, like, who you think they really are. And sometimes they are that way. And statement they aren't. But hopefully, like any young kid that meets me, like I hope they truly feel like I am the person that they look up to. And I can be a hero for them. Like, I know that's not always the case. It's like somebody meets their hero and it isn't who they really thought. And that can be, like, a disappointing and hard thing. So, you know, obviously I try to make as much time as I can for people, especially young kids. Like, I'll sign before every game as much as I can. And that ten seconds of an interaction with a young individual, I think can, like, really benefit their life because I remember the idols that I like grew up watching. Like, I remember Maya Moore was my favorite player growing up. And I literally, like, just ran up and hugged her as a kid. And that was probably like one of my, like, best childhood memories. And that was like really impactful on my life. And I think it just really shows like what kind of impact I can have on the younger generation. John Mallory:      You know our organization pretty well. And you know that teamwork is sort of a big thing that we focus on here. And there really is sort of a deeply ingrained view that the whole is worth more than the sum of the parts, you know, if we do it correctly. How much of that is really important in the context of the teams that you've been on? Meaning the chemistry, the fact that everybody gets along versus just having a whole bunch of really good athletes, but the fact that people really trust each other, those kinds of things. Can you just talk about that? Caitlin Clark:      I think it's very different when you get to the professional world. Obviously, like, everybody's really good. So, it's a little different. But like, when I was in college, like, you looked at our roster, it wasn't like players that were highly recruited. Like, it was a team that, like, really believed we could accomplish something. We hadn't been to the Final Four since 1992. But the only people that really believed that we could get there are first were me and Coach Bluder. And then, eventually like when you get a collective unit to believe like you can accomplish something and everybody buys into their role, that's what allowed us to go to back-to-back National Championship games. We didn't win either of them. But people always try to say, like, aren't you mad like you never won a National? I mean, like, yes. But it doesn't keep me up at night. Because those are my best friends. And a lot of them don't even play basketball anymore. And you know, those times were like really all they had. And I think the culture that we had got us way further than any sort of skill we had. And then, I think that's honestly like what I'm kind of trying to bring to the professional world. I think a lot of my teammates now on the Fever would tell you, like, the chemistry that we have and the bond that we have has got us pretty far. Like, you even look, last year, you know, we were signing players that hadn't played in the League in multiple years. And then we were still able to make it to the semifinals in game five and almost reach the Finals. And I think that just speaks to the type of people that we had on our roster. Like, it's more so the people than it is the type of skill you have. And being able to put that together, you have to be really selfless. John Mallory:      There are some interesting individual rivalries that have kind of come up in the sport. And this has been true in all sports for years. Is that good for the sport? Is that how you sort of think about it? Caitlin Clark:      There are always going to be rivals. And I think that's a really positive thing. I think the best thing you can do is, like, let it occur naturally. I think at times, like, that's kind of the problem with the WNBA is the media like wants to, like, create something that's probably not 110 percent real. And you don't always see that in, like, men's sports. That's what makes sports interesting. That's why people want to tune in. That's what keeps people coming back for more. I wasn't allowed to own anything orange because that's the color of my rival high school. Rivalries just get up a little extra. And I think it's a good thing, especially when it's organic. John Mallory:      When you think about, like, sort of ten years from now, what are your hopes and aspirations for the League? Caitlin Clark:      I think that's like a really tough question to answer because I feel like, you know, if you probably would have asked people about the WNBA ten years ago, maybe they wouldn't believe that we would be in this moment right now. So, you know, hopefully we're expanding the game globally, especially like what you've been able to see them do with the NBA, which we're doing. I think be at 18 teams by like 2028, which is a really big deal to allow a lot more women opportunities to play professional basketball. Really the sky's the limit. I think you've seen what we've been able to do over the course of the last two years and the amount of people that have watched and continue to show up. And I think the college game, especially, is in a really great place. And the amount of young talent there is, like, that's going to continue to come into the League, it's going to be a really cool thing to watch as well. John Mallory:      So, the Olympics is a backdrop right now and everything else. It must be super fun, and it must be a real source of pride to get to be a part of all that. John Mallory:      But you'll have a new coach, right? What are the other dynamics that will be at work in terms of that? Caitlin Clark:      Yeah, well, so this is my first time with the Senior National Team. I've played with the Junior National Team three times. Didn't play in the last Olympics. But this is, like, they kind of call it like a cycle or a quad. It's like the four years that you get ready to play in the Olympics. The team we took to the last Olympics was kind of an older team. And by the time four years pass, like, it's going to be a bit of a newer crew. So, you kind of have to find a balance of the young team, but also the, you know, players that have been there before and kind of understand what it takes to win. And also, I would say like international talent has gotten a lot better. And a lot of those teams, like, spend a lot of time practicing together, training together. Like, you don't always get that in the US because, you know, you're playing in the WNBA. You're playing in the NBA. Like, you don't get that time spent together. So, it will certainly be interesting. I mean, it's still two and a half years away. But I'd say, like, the closest thing you're going to get is the World Cup. But the roster will probably vary a little bit. And our head coach is the Duke coach currently. And then our coach for the Fever is actually an assistant. So, that will be fun to be able to have her there too. It's quite the journey of, like, the three-year process of, like, finally building up to the Olympics. And then they really don't name the Olympic roster until, like, a few months before. It's a long journey and process to be able to make that team. But hopefully we're there. So. John Mallory:      Super exciting. And I know everybody is super appreciative of you taking the time with us. And we wish you so much luck in the season ahead. Caitlin Clark:      Well thanks, everybody. It was great to be here. The opinions and views expressed herein are as of the date of publication, subject to change without notice, and may not necessarily reflect the institutional views of Goldman Sachs or its affiliates. The material provided is intended for informational purposes only, and does not constitute investment advice, a recommendation from any Goldman Sachs entity to take any particular action, or an offer or solicitation to purchase or sell any securities or financial products. This material may contain forward-looking statements. Past performance is not indicative of future results. Neither Goldman Sachs nor any of its affiliates make any representations or warranties, express or implied, as to the accuracy or completeness of the statements or information contained herein and disclaim any liability whatsoever for reliance on such information for any purpose. Each name of a third-party organization mentioned is the property of the company to which it relates, is used here strictly for informational and identification purposes only and is not used to imply any ownership or license rights between any such company and Goldman Sachs. A transcript is provided for convenience and may differ from the original video or audio content. Goldman Sachs is not responsible for any errors in the transcript. This material should not be copied, distributed, published, or reproduced in whole or in part or disclosed by any recipient to any other person without the express written consent of Goldman Sachs. Disclosures applicable to research with respect to issuers, if any, mentioned herein are available through your Goldman Sachs representative or at http://www.gs.com/research/hedge.html Our weekly newsletter delivers the latest insights on economic forces shaping markets—from Goldman Sachs leaders, economists, and investors around the world. By submitting this information, you agree that the information you are providing is subject to Goldman Sachs’ Privacy Policy and Terms of Use. You consent to receive our newsletter via email.",https://www.goldmansachs.com/insights/talks-at-gs/caitlin-clark
GS,The Goldman Sachs Group (NYSE:GS) Reaches New 1-Year High - Time to Buy? - MarketBeat,2026-05-21 18:36:43,"The Goldman Sachs Group, Inc. (NYSE:GS - Get Free Report) shares hit a new 52-week high on Thursday . The stock traded as high as $992.50 and last traded at $996.7490, with a volume of 269748 shares trading hands. The stock had previously closed at $982.12. Here are the key news stories impacting The Goldman Sachs Group this week: Several brokerages have weighed in on GS. Citigroup boosted their price target on The Goldman Sachs Group from $765.00 to $930.00 and gave the company a ""neutral"" rating in a report on Friday, May 8th. Jefferies Financial Group cut their price target on The Goldman Sachs Group from $1,125.00 to $1,049.00 and set a ""buy"" rating for the company in a report on Monday, April 6th. Royal Bank Of Canada  reiterated a ""neutral"" rating on shares of The Goldman Sachs Group in a report on Monday, April 13th. Evercore cut their price target on The Goldman Sachs Group from $1,075.00 to $950.00 and set an ""outperform"" rating for the company in a report on Monday, April 6th. Finally, Morgan Stanley cut their price target on The Goldman Sachs Group from $1,078.00 to $1,021.00 and set an ""equal weight"" rating for the company in a report on Tuesday, March 31st. Nine investment analysts have rated the stock with a Buy rating and fourteen have assigned  a Hold rating to the company. According to MarketBeat.com, The Goldman Sachs Group  has a consensus rating of ""Hold"" and a consensus target price of $943.95. The company's 50 day moving average price is $885.93 and its 200-day moving average price is $882.40. The company has a market capitalization of $291.74 billion, a PE ratio of 18.07, a PEG ratio of 1.20 and a beta of 1.28. The company has a current ratio of 0.63, a quick ratio of 0.63 and a debt-to-equity ratio of 2.89. The Goldman Sachs Group (NYSE:GS - Get Free Report) last announced its quarterly earnings data on Monday, April 13th. The investment management company reported $17.55 earnings per share (EPS) for the quarter, beating the consensus estimate of $15.92 by $1.63. The Goldman Sachs Group had a net margin of 14.13% and a return on equity of 16.53%. The company had revenue of $17.23 billion during the quarter, compared to analysts' expectations of $16.66 billion. During the same period in the previous year, the company earned $14.12 EPS. The business's quarterly revenue was up 14.4% compared to the same quarter last year.  On average, sell-side analysts forecast that  The Goldman Sachs Group, Inc. will post 59.53 earnings per share for the current fiscal year. The firm also recently declared a quarterly dividend, which will be paid on Monday, June 29th. Investors of record on Monday, June 1st will be given a dividend of $4.50 per share. This represents a $18.00 dividend on an annualized basis and a yield of 1.8%. The ex-dividend date of this dividend is Monday, June 1st. The Goldman Sachs Group's dividend payout ratio  is 32.89%. In related news, insider Alex S. Golten sold 1,116 shares of the company's stock in a transaction on Thursday, April 23rd. The shares were sold at an average price of $936.18, for a total transaction of $1,044,776.88. Following the completion of the sale, the insider directly owned 2,578 shares of the company's stock, valued at approximately $2,413,472.04. This represents a 30.21% decrease in their position. The sale was disclosed in a document filed with the Securities & Exchange Commission, which is accessible through the SEC website. Also, CAO Sheara J. Fredman sold 10,301 shares of the company's stock in a transaction dated Friday, May 1st. The shares were sold at an average price of $929.17, for a total transaction of $9,571,380.17. Following the completion of the transaction, the chief accounting officer directly owned 6,338 shares of the company's stock, valued at approximately $5,889,079.46. The trade was a 61.91% decrease in their ownership of the stock. Additional details regarding this sale are available in the official SEC disclosure. Insiders sold a total of 33,681 shares of company stock valued at $31,737,875 in the last quarter. Company insiders own  0.55% of the company's stock. A number of institutional investors and hedge funds have recently added to or reduced their stakes in the company. Cadia Private Client LLC purchased a new position in  The Goldman Sachs Group in the 1st quarter valued at about $223,000.  Liontrust Investment Partners LLP raised its stake in shares of  The Goldman Sachs Group by 1,007.5% in the 1st quarter. Liontrust Investment Partners LLP now owns 9,602 shares of the investment management company's stock valued at $8,123,000 after purchasing an additional 8,735 shares in the last quarter.  Western Wealth Management LLC raised its stake in shares of  The Goldman Sachs Group by 123.7% in the 1st quarter. Western Wealth Management LLC now owns 2,718 shares of the investment management company's stock valued at $2,299,000 after purchasing an additional 1,503 shares in the last quarter.  Orographic Financial Advisors LLC acquired a new stake in shares of  The Goldman Sachs Group in the 1st quarter valued at about $1,536,000.  Finally, Paragon Private Wealth Management LLC raised its stake in shares of  The Goldman Sachs Group by 25.2% in the 1st quarter. Paragon Private Wealth Management LLC now owns 626 shares of the investment management company's stock valued at $530,000 after purchasing an additional 126 shares in the last quarter. 71.21% of the stock is owned by hedge funds and other institutional investors. The Goldman Sachs Group, Inc is a global investment banking and financial services firm headquartered in New York City. Founded in 1869 as a commercial paper business, the company has grown into a diversified financial institution that provides a broad range of services to corporations, financial institutions, governments and individuals. The firm is led by Chief Executive Officer David M. Solomon and operates across major financial centers worldwide. Goldman Sachs' core businesses include investment banking, global markets, asset and wealth management, and consumer banking. This instant news alert was generated by narrative science technology and financial data from MarketBeat in order to provide readers with the fastest reporting and unbiased coverage. Please send any questions or comments about this story to contact@marketbeat.com. Before you consider The Goldman Sachs Group, you'll want to hear this. MarketBeat keeps track of Wall Street's top-rated and best performing research analysts and the stocks they recommend to their clients on a daily basis. MarketBeat has identified the five stocks that top analysts are quietly whispering to their clients to buy now before the broader market catches on... and The Goldman Sachs Group wasn't on the list. While The Goldman Sachs Group currently has a Hold rating among analysts, top-rated analysts believe these five stocks are better buys. Looking to profit from the electric vehicle mega-trend? Click the link to see our list of which EV stocks show the most long-term potential. Sign up for MarketBeat All Access to gain access to MarketBeat's full suite of research tools. 345 N Reid Place, Suite 620, Sioux Falls, SD 57103
                                        
                                        contact@marketbeat.com
                                        
                                        (844) 978-6257 © MarketBeat Media, LLC 2010-2026. All rights reserved. © 2026   Fair market value prices are updated every minute and are provided by Massive. Other market data provided is at least 10-minutes delayed and hosted by Barchart Solutions.  Information is provided 'as-is' and solely for informational purposes, not for trading purposes or advice, and is delayed. To see all exchange delays and terms of use please see Barchart's disclaimer.",https://www.marketbeat.com/instant-alerts/the-goldman-sachs-group-nysegs-reaches-new-1-year-high-time-to-buy-2026-05-21/
GS,MLB DFS Picks: Starting Pitcher Rankings for Thursday 5/21/26 - DraftKings Network,2026-05-21 14:45:00,"Spencer Strider, Jose Soriano and Sandy Alcantara highlight another jam-packed slate of MLB action. Sam Connon shares his DFS pitcher rankings, highlighting which players could be worth a big chunk of your budget on Thursday. The 2026 MLB regular season is in full-swing. There’s another jam-packed slate on the books for Thursday, so there is no better time to dive right into the Daily Fantasy action. Pitchers are already ranked by price, with the ones who are projected to perform better eating up more of your budget, but I am here to add my two cents. I have my own DFS rankings for the top starting pitchers in the four-game Thursday night contest that locks at 6:40 p.m. ET. Set your DraftKings fantasy baseball lineups here: MLB $100K Relay Throw [$25K to 1st]opens in a new tab 2025 Stats: 23 G, 23 GS, 125.1 IP, 7-14, 4.45 ERA, 1.40 WHIP, 131 K, 51 BB, 0.9 WAR2026 Stats: 3 G, 3 GS, 14.2 IP, 1-0, 2.45 ERA, 1.23 WHIP, 18 K, 10 BB, 0.3 WAR, 18.1 FPPG2026 FanGraphs ROS Projections: 19 G, 19 GS, 111.0 IP, 7-6, 3.75 ERA, 1.25 WHIP, 131 K, 45 BB, 1.9 WAR (Steamer) 2025 Stats: 31 G, 31 GS, 169.0 IP, 10-11, 4.26 ERA, 1.40 WHIP, 1.52 K, 74 BB, 3.0 WAR2026 Stats: 10 G, 10 GS, 59.2 IP, 6-3, 2.41 ERA, 1.07 WHIP, 67 K, 26 BB, 1.3 WAR, 22.1 FPPG2026 FanGraphs ROS Projections: 21 G, 21 GS, 126.0 IP, 8-7, 3.56 ERA, 1.37 WHIP, 125 K, 57 BB, 2.3 WAR 2025 Stats: 31 G, 31 GS, 174.2 IP, 11-12, 5.36 ERA, 1.27 WHIP, 142 K, 57 BB, 1.7 WAR2026 Stats: 10 G, 10 GS, 63.2 IP, 3-2, 3.53 ERA, 1.26 WHIP, 45 K, 20 BB, 1.3 WAR, 14.9 FPPG2026 FanGraphs ROS Projections: 21 G, 21 GS, 131.0 IP, 7-8, 4.22 ERA, 1.35 WHIP, 107 K, 43 BB, 1.7 WAR (Steamer) 2025 Stats: 29 G, 29 GS, 154.1 IP, 9-9, 5.02 ERA, 1.54 WHIP, 143 K, 60 BB, 1.3 WAR2026 Stats: 9 G, 9 GS, 53.1 IP, 4-1, 2.53 ERA, 1.26 WHIP, 39 K, 22 BB, 0.7 WAR, 16.0 FPPG2026 FanGraphs ROS Projections: 24 G, 18 GS, 108.0 IP, 6-7, 4.33 ERA, 1.39 WHIP, 93 K, 41 BB, 1.1 WAR (Steamer) 2025 Stats: 33 G, 33 GS, 195.1 IP, 18-9, 3.09 ERA, 1.05 WHIP, 203 K, 73 BB, 3.2 WAR2026 Stats: 2 G, 2 GS, 8.0 IP, 0-1, 5.63 ERA, 1.63 WHIP, 10 K, 8 BB, 0.1 WAR, 9.8 FPPG2026 FanGraphs ROS Projections: 21 G, 21 GS, 126.0 IP, 8-7, 4.05 ERA, 1.29 WHIP, 135 K, 51 BB, 1.6 WAR (Steamer) 2025 Stats: 29 G, 29 GS, 162.2 IP, 8-11, 4.54 ERA, 1.30 WHIP, 124 K, 50 BB, 2.5 WAR2026 Stats: 10 G, 10 GS, 54.2 IP, 2-5, 4.45 ERA, 1.57 WHIP, 54 K, 31 BB, 0.4 WAR, 13.2 FPPG2026 FanGraphs ROS Projections: 20 G, 20 GS, 119.0 IP, 7-7, 4.50 ERA, 1.39 WHIP, 101 K, 45 BB, 1.2 WAR (Steamer) 2025 Stats: DNP (Tommy John Surgery Recovery)2026 Stats: 13 G, 1 GS, 24.2 IP, 1-0, 2.55 ERA, 1.39 WHIP, 35 K, 14 BB, 0.3 WAR, 5.8 FPPG2026 FanGraphs ROS Projections: 19 G, 19 GS, 106.0 IP, 6-7, 4.83 ERA, 1.39 WHIP, 88 K, 36 BB, 0.9 WAR (Steamer) 2025 Stats: 52 G, 1 GS, 50.0 IP, 7-0, 2.70 ERA, 1.02 WHIP, 62 K, 19 BB, 0.8 WAR2026 Stats: 24 G, 1 GS, 26.1 IP, 2-1, 3.08 ERA, 1.06 WHIP, 24 K, 10 BB, 0.2 WAR, 3.3 FPPG2026 FanGraphs ROS Projections: 42 G, 0 GS, 42.0 IP, 2-2, 3.96 ERA, 1.35 WHIP, 45 K, 19 BB, 0.2 WAR 2025 Stats: 30 G, 0 GS, 31.1 IP, 1-3, 1 SV, 6.61 ERA, 1.53 WHIP, 19 K, 17 BB, -0.4 WAR2026 Stats: 13 G, 0 GS, 29.0 IP, 0-0, 2 SV, 5.59 ERA, 1.41 WHIP, 20 K, 10 BB, 0.0 WAR, 3.4 FPPG2026 FanGraphs ROS Projections: 35 G, 0 GS, 35.0 IP, 1-2, 0 SV, 5.35 ERA, 1.55 WHIP, 27 K, 15 BB, -0.2 WAR Sam joined DraftKings in 2025 following five years with Sports Illustrated’s “On SI” network. He has covered the UCLA Bruins, New England Patriots, Tampa Bay Rays, MLB, MiLB and NBA, on top of earning awards from the Society of Professional Journalists and College Media Association during his time as a student at UCLA. All views expressed are my own. I am an employee of DraftKings and am ineligible to play in public DFS or DKSB contests. The Crown Is Yours: Sign up for DraftKingsopens in a new tab and experience the ultimate host for games and betting experiences! All odds and lines provided by DraftKings Sportsbook and are subject to change. Stan Son provides the latest status update for Dodgers third baseman Max Muncy on Friday, May 22. DraftKings Network has you covered with the latest NBA injury report, news and top plays for Friday, 5/22/26. Charlie Cummings breaks down the latest news about the USMNT’s 26-man roster for the 2026 FIFA World Cup. Check out some of the best Chet Holmgren prop bets for Thunder vs. Spurs Game 3 in the NBA Playoffs. GAMBLING PROBLEM? CALL 1-800-GAMBLER, (800) 327-5050opens in a new tab or visit gamblinghelplinema.orgopens in a new tab (MA). Call 877-8-HOPENY/text HOPENY (467369) (NY).Please Gamble Responsibly. 888-789-7777/visit ccpg.orgopens in a new tab (CT), or visit www.mdgamblinghelp.orgopens in a new tab (MD).21+ and present in most states. (18+ DC/KY/NH/WY). Void in ONT. Eligibility restrictions apply. Terms: draftkings.com/sportsbookopens in a new tab. On behalf of Boot Hill Casino & Resort (KS). Pass-thru of per wager tax may apply in IL.",https://dknetwork.draftkings.com/2026/05/21/mlb-dfs-picks-starting-pitcher-rankings-for-thursday-5-21-26/
GS,Earnings Growth & Price Strength Make Goldman Sachs (GS) a Stock to Watch - Yahoo Finance,2026-05-21 13:30:01,"Tip: Try a valid symbol or a specific company name for relevant results Chip stocks are hitting fresh records, but Nvidia isn't driving the rally The S&P 500 notched its longest weekly win streak since 2023 as the AI trade boosted stocks Kevin Warsh said he would lead a “reform-oriented Federal Reserve."" Consumer sentiment hits record low as higher gas prices and rising costs weigh on Americans’ views of the economy. US stocks opened higher as the S&P 500 headed for its longest weekly winning streak in three years The Trump administration plans to invest $2 billion in quantum computing, expanding its broader push into strategic industries The Dow clinched a record high as stocks rebounded on optimism for a US-Iran peace deal US stocks turned higher as oil prices fell on hopes of a US-Iran peace deal Quantum stocks jump as Trump administration doles out $2 billion in exchange for equity US stocks fell as oil prices rose amid doubts about US-Iran peace talks The bond market's signal to the Fed: Interest rates should be higher SpaceX files IPO prospectus, offering a rare look at the company's finances Nvidia beats earnings estimates, gives upbeat outlook on strong chip sales The Dow, S&P 500, and Nasdaq rallied as oil fell and Nvidia earnings were on deck The ChatGPT maker is reportedly preparing to file for an IPO in the coming weeks, with plans to go public as early as September Oil plunges as Trump says US in 'final stages' of Iran deal After an unsteady start, stocks gained as oil prices fell and a bond sell-off paused S&P 500, Nasdaq rise in countdown to Nvidia results The chip giant is set to report results Wednesday as its stock climbs higher and rivals close in. Here's what to expect. The Dow, S&P 500, and Nasdaq fell as bond yields surged amid rate hike concerns Google unveils biggest update to Search in 25 years, including AI agents Trump traded over $50 million in Big Tech stocks last quarter, selling Tesla and buying more Apple, new ethics disclosure shows US stocks slid at the open as bond yields rose and tech stocks extended their retreat AI is likely to concentrate power among corporate giants and leave everyone else further behind, Goldman Sachs says The S&P 500 and Nasdaq slipped as chip stocks fell and investors weighed inflation fears There are 3 issues that appear little changed after Trump's China summit US stocks rise as yields climb amid inflation worries America's CEOs call out where food prices are rising The housing market is starting to look K-shaped, too Anthropic's shadow IPO market is already flashing trillion-dollar prices Investors eye Nvidia, bond yields, and the next commodity supercycle Wall Street sees bubble-like euphoria in AI-fueled semiconductor rally Should you buy Series I bonds as inflation heats up again? Travel is still on, but rising costs reshape summer vacation plans Executives are blaming layoffs on AI, but research shows AI is 'not the main driver' of US labor slowdown. Intel announces a multiyear partnership deal with McLaren's F1 racing team History's weirdest bubbles have a message for the AI trade Kevin Warsh is set to take over leading the Fed amid one of the most dynamic economic backdrops in modern history Trump’s 'insane amount of trades' astonish Wall Street insiders (Bloomberg) SpaceX accelerates IPO timeline, targets market debut as early as June 12 (Reuters) The Dow, S&P 500, and Nasdaq sank as US bond yields jumped to end a volatile week on a downbeat note The 30-year Treasury yield just broke to its highest level in almost 20 years Nasdaq leads dive in US stocks, with yields jumping amid inflation jitters Cerebras soared on its market debut. Here's how the company plans to take on Nvidia with a new approach to chip technology. Stocks gained, with the Dow closing above 50,000 and the S&P 500 and Nasdaq notching fresh records Cerebras stock surged 100% within minutes of trading in what is expected to be 2026's biggest IPO The Dow retook 50,000 and the S&P 500 topped 7,500 as the AI trade lifted stocks US stocks rise as Nvidia jumps, Trump-Xi summit kicks off The above button links to Coinbase. Yahoo Finance is not a broker-dealer or investment adviser and does not offer securities or cryptocurrencies for sale or facilitate trading. Coinbase pays us for certain activity generated through this link. Prices displayed are informational. Want the latest recommendations from Zacks Investment Research? Today, you can download 7 Best Stocks for the Next 30 Days. Click to get this free report The Goldman Sachs Group, Inc. (GS) : Free Stock Analysis Report This article originally published on Zacks Investment Research (zacks.com). Tip: Try a valid symbol or a specific company name for relevant results",https://finance.yahoo.com/markets/stocks/articles/earnings-growth-price-strength-goldman-133001546.html
GS,"A.M. Dre' — AM Dre ""Gangsta G's"" (Music Video) - Dork | Down With Boring",2026-05-21 13:14:51,"We won't sell or share your personal information to inform the ads you see. You may still see interest-based ads if your information is sold or shared by other companies or was sold or shared previously. A.M. Dre''s music video for ""AM Dre ""Gangsta G's"""". Join thousands of music lovers getting the best new tracks, exclusive interviews, and breaking news delivered straight to your inbox every week.",https://readdork.com/music-videos/a-m-dre-am-dre-gangsta-gs
GS,"Global Retirement Partners LLC Purchases 3,098 Shares of The Goldman Sachs Group, Inc. $GS - MarketBeat",2026-05-21 12:05:12,"Global Retirement Partners LLC increased its position in  The Goldman Sachs Group, Inc. (NYSE:GS - Free Report) by 35.0% in the 4th quarter, according to its most recent disclosure with the Securities and Exchange Commission (SEC). The firm owned 11,944 shares of the investment management company's stock after acquiring an additional 3,098 shares during the period. Global Retirement Partners LLC's holdings in The Goldman Sachs Group were worth $10,499,000 at the end of the most recent reporting period. Several other large investors also recently modified their holdings of GS. Dagco Inc. bought a new stake in shares of  The Goldman Sachs Group in the fourth quarter worth $25,000.  Manning & Napier Advisors LLC grew its holdings in shares of  The Goldman Sachs Group by 287.5% in the fourth quarter. Manning & Napier Advisors LLC now owns 31 shares of the investment management company's stock worth $27,000 after acquiring an additional 23 shares during the period.  Kohmann Bosshard Financial Services LLC bought a new stake in shares of  The Goldman Sachs Group in the fourth quarter worth $31,000.  Entrust Financial LLC bought a new stake in shares of  The Goldman Sachs Group in the fourth quarter worth $34,000.  Finally, Graney & King LLC grew its holdings in shares of  The Goldman Sachs Group by 51.5% in the second quarter. Graney & King LLC now owns 50 shares of the investment management company's stock worth $35,000 after acquiring an additional 17 shares during the period. Institutional investors own  71.21% of the company's stock. Here are the key news stories impacting The Goldman Sachs Group this week: In other news, CFO Denis P. Coleman sold 6,857 shares of the business's stock in a transaction dated Thursday, May 14th. The stock was sold at an average price of $973.55, for a total value of $6,675,632.35. Following the transaction, the chief financial officer directly owned 31,070 shares in the company, valued at $30,248,198.50. The trade was a 18.08% decrease in their ownership of the stock. The sale was disclosed in a legal filing with the Securities & Exchange Commission, which is available at this hyperlink. Also, insider Alex S. Golten sold 1,116 shares of the business's stock in a transaction dated Thursday, April 23rd. The shares were sold at an average price of $936.18, for a total value of $1,044,776.88. Following the completion of the transaction, the insider owned 2,578 shares in the company, valued at $2,413,472.04. The trade was a 30.21% decrease in their ownership of the stock. Additional details regarding this sale are available in the official SEC disclosure. Insiders have sold 33,681 shares of company stock valued at $31,737,875 over the last three months. Insiders own  0.55% of the company's stock. Several analysts recently commented on the company. Citigroup lifted their price objective on The Goldman Sachs Group from $765.00 to $930.00 and gave the stock a ""neutral"" rating in a report on Friday, May 8th. Rothschild & Co Redburn boosted their price target on The Goldman Sachs Group from $839.00 to $870.00 and gave the company a ""neutral"" rating in a report on Friday, April 17th. Daiwa Securities Group boosted their price target on The Goldman Sachs Group from $891.00 to $930.00 and gave the company a ""neutral"" rating in a report on Tuesday, May 5th. Jefferies Financial Group cut their price target on The Goldman Sachs Group from $1,125.00 to $1,049.00 and set a ""buy"" rating for the company in a report on Monday, April 6th. Finally, Zacks Research lowered The Goldman Sachs Group from a ""strong-buy"" rating to a ""hold"" rating in a report on Monday, March 16th. Nine analysts have rated the stock with a Buy rating and fourteen have issued  a Hold rating to the company. According to data from MarketBeat.com, the stock presently has a consensus rating of ""Hold"" and a consensus target price of $943.95. Read Our Latest Stock Analysis on The Goldman Sachs Group NYSE:GS opened at $981.97 on Thursday. The stock has a 50-day simple moving average of $885.93 and a two-hundred day simple moving average of $882.40. The Goldman Sachs Group, Inc. has a 52-week low of $582.50 and a 52-week high of $984.70. The company has a debt-to-equity ratio of 2.89, a quick ratio of 0.63 and a current ratio of 0.63. The firm has a market capitalization of $289.69 billion, a PE ratio of 17.95, a P/E/G ratio of 1.20 and a beta of 1.28. The Goldman Sachs Group (NYSE:GS - Get Free Report) last released its quarterly earnings results on Monday, April 13th. The investment management company reported $17.55 earnings per share (EPS) for the quarter, beating the consensus estimate of $15.92 by $1.63. The Goldman Sachs Group had a return on equity of 16.53% and a net margin of 14.13%.The business had revenue of $17.23 billion during the quarter, compared to analyst estimates of $16.66 billion. During the same quarter in the previous year, the company posted $14.12 earnings per share. The Goldman Sachs Group's revenue for the quarter was up 14.4% on a year-over-year basis.  Analysts forecast that  The Goldman Sachs Group, Inc. will post 59.53 EPS for the current year. The firm also recently disclosed a quarterly dividend, which will be paid on Monday, June 29th. Stockholders of record on Monday, June 1st will be given a $4.50 dividend. This represents a $18.00 annualized dividend and a dividend yield of 1.8%. The ex-dividend date is Monday, June 1st. The Goldman Sachs Group's payout ratio is presently 32.89%. The Goldman Sachs Group, Inc is a global investment banking and financial services firm headquartered in New York City. Founded in 1869 as a commercial paper business, the company has grown into a diversified financial institution that provides a broad range of services to corporations, financial institutions, governments and individuals. The firm is led by Chief Executive Officer David M. Solomon and operates across major financial centers worldwide. Goldman Sachs' core businesses include investment banking, global markets, asset and wealth management, and consumer banking. Want to see what other hedge funds are holding GS? Visit HoldingsChannel.com to get the latest 13F filings and insider trades for The Goldman Sachs Group, Inc. (NYSE:GS - Free Report). This instant news alert was generated by narrative science technology and financial data from MarketBeat in order to provide readers with the fastest reporting and unbiased coverage. Please send any questions or comments about this story to contact@marketbeat.com. Before you consider The Goldman Sachs Group, you'll want to hear this. MarketBeat keeps track of Wall Street's top-rated and best performing research analysts and the stocks they recommend to their clients on a daily basis. MarketBeat has identified the five stocks that top analysts are quietly whispering to their clients to buy now before the broader market catches on... and The Goldman Sachs Group wasn't on the list. While The Goldman Sachs Group currently has a Hold rating among analysts, top-rated analysts believe these five stocks are better buys. Looking to profit from the electric vehicle mega-trend? Click the link to see our list of which EV stocks show the most long-term potential. Sign up for MarketBeat All Access to gain access to MarketBeat's full suite of research tools. 345 N Reid Place, Suite 620, Sioux Falls, SD 57103
                                        
                                        contact@marketbeat.com
                                        
                                        (844) 978-6257 © MarketBeat Media, LLC 2010-2026. All rights reserved. © 2026   Fair market value prices are updated every minute and are provided by Massive. Other market data provided is at least 10-minutes delayed and hosted by Barchart Solutions.  Information is provided 'as-is' and solely for informational purposes, not for trading purposes or advice, and is delayed. To see all exchange delays and terms of use please see Barchart's disclaimer.",https://www.marketbeat.com/instant-alerts/filing-global-retirement-partners-llc-purchases-3098-shares-of-the-goldman-sachs-group-inc-gs-2026-05-21/
GS,"2016 Genie GS-2669 RT For Sale (88197684) from JJ Kane Auctions [3790] in Birmingham, AL | CEG - Construction Equipment Guide",2026-05-21 11:34:05,"List your item to VeriTread and receive free, no-obligation freight quotes. Unfortunately we are not comfortable providing an automated shipping estimate for this item. Please list this item on VeriTread and receive Free, no-obligation freight quotes from qualified transportation companies. Get weekly equipment news, auction updates, and dealer insights — trusted by thousands of industry professionals. Construction Equipment Guide
			470 Maryland Drive
			Fort Washington, PA 19034
			800-523-2200 Construction Equipment Guide covers the nation with its four regional newspapers, offering construction and industry news and information along with new and used construction equipment for sale from dealers in your area. Now we extend those services and information to the internet. Making it as easy as possible to find the news and equipment that you need and want. Contents Copyrighted 2026, by Construction Equipment Guide, which is a Registered Trademark, registered in the U.S. Patent Office. Registration number 0957323. All rights reserved, nothing may be reprinted or reproduced (including framing) in whole or part without written permission from the publisher. All editorial material, photographs, drawings, letters, and other material will be treated as unconditionally assigned for publication and copyright purposes and are subject to Construction Equipment Guide’s unrestricted right to edit and comment editorially. Contributor articles do not necessarily reflect the policy or opinions of this publication.  Read our privacy policy here.Mastodon",https://www.constructionequipmentguide.com/used-equipment/genie/aerial-lifts/gs-2669-rt/id/88197684
GS,"The Goldman Sachs Group, Inc. $GS Shares Acquired by IFP Advisors Inc - MarketBeat",2026-05-21 10:28:09,"IFP Advisors Inc increased its holdings in  The Goldman Sachs Group, Inc. (NYSE:GS - Free Report) by 68.7% during the 4th quarter, according to its most recent 13F filing with the Securities & Exchange Commission. The institutional investor  owned 4,517 shares of the investment management company's stock after buying an additional 1,839 shares during the period. IFP Advisors Inc's holdings in The Goldman Sachs Group were worth $3,970,000 as of its most recent SEC filing. Several other hedge funds have also recently added to or reduced their stakes in GS. Midwest Professional Planners LTD. raised its position in  The Goldman Sachs Group by 7.9% during the fourth quarter. Midwest Professional Planners LTD. now owns 6,484 shares of the investment management company's stock worth $5,699,000 after acquiring an additional 473 shares during the last quarter.  Brown Wealth Management LLC acquired a new stake in shares of  The Goldman Sachs Group in the fourth quarter valued at approximately $222,000.  Adell Harriman & Carpenter Inc. grew its position in shares of  The Goldman Sachs Group by 1.7% in the fourth quarter. Adell Harriman & Carpenter Inc. now owns 21,277 shares of the investment management company's stock valued at $18,703,000 after purchasing an additional 352 shares during the last quarter.  Northbridge Financial Group LLC purchased a new position in shares of  The Goldman Sachs Group during the 4th quarter worth approximately $1,004,000.  Finally, Cullen Frost Bankers Inc. raised its position in shares of  The Goldman Sachs Group by 3,498.5% during the 4th quarter. Cullen Frost Bankers Inc. now owns 9,320 shares of the investment management company's stock worth $8,192,000 after purchasing an additional 9,061 shares during the last quarter. 71.21% of the stock is currently owned by hedge funds and other institutional investors. Here are the key news stories impacting The Goldman Sachs Group this week: A number of equities research analysts recently issued reports on GS shares. Dbs Bank upped their target price on The Goldman Sachs Group from $890.00 to $1,050.00 in a research note on Thursday, May 7th. Rothschild & Co Redburn boosted their price target on The Goldman Sachs Group from $839.00 to $870.00 and gave the stock a ""neutral"" rating in a report on Friday, April 17th. BNP Paribas Exane reduced their price objective on The Goldman Sachs Group from $970.00 to $940.00 and set a ""neutral"" rating on the stock in a research report on Friday, April 24th. UBS Group increased their price objective on The Goldman Sachs Group from $930.00 to $940.00 in a research note on Wednesday, May 6th. Finally, Bank of America cut their target price on shares of The Goldman Sachs Group from $1,100.00 to $1,050.00 and set a ""buy"" rating for the company in a research note on Tuesday, April 14th. Nine equities research analysts have rated the stock with a Buy rating and fourteen have issued  a Hold rating to the company's stock. Based on data from MarketBeat, the company  has a consensus rating of ""Hold"" and an average price target of $943.95. Check Out Our Latest Stock Report on The Goldman Sachs Group In other news, CFO Denis P. Coleman sold 6,857 shares of the business's stock in a transaction on Thursday, May 14th. The shares were sold at an average price of $973.55, for a total transaction of $6,675,632.35. Following the completion of the sale, the chief financial officer directly owned 31,070 shares of the company's stock, valued at $30,248,198.50. The trade was a 18.08% decrease in their position. The sale was disclosed in a filing with the Securities & Exchange Commission, which is available at this link. Also, insider Alex S. Golten sold 1,116 shares of the company's stock in a transaction on Thursday, April 23rd. The stock was sold at an average price of $936.18, for a total value of $1,044,776.88. Following the sale, the insider owned 2,578 shares of the company's stock, valued at approximately $2,413,472.04. The trade was a 30.21% decrease in their ownership of the stock. The disclosure for this sale is available in the SEC filing. Insiders have sold 33,681 shares of company stock worth $31,737,875 in the last 90 days. Company insiders own  0.55% of the company's stock. The Goldman Sachs Group stock opened at $981.97 on Thursday. The firm has a market capitalization of $289.69 billion, a P/E ratio of 17.95, a PEG ratio of 1.20 and a beta of 1.28. The stock has a fifty day moving average price of $885.93 and a 200 day moving average price of $882.40. The Goldman Sachs Group, Inc. has a 52 week low of $582.50 and a 52 week high of $984.70. The company has a current ratio of 0.63, a quick ratio of 0.63 and a debt-to-equity ratio of 2.89. The Goldman Sachs Group (NYSE:GS - Get Free Report) last issued its quarterly earnings results on Monday, April 13th. The investment management company reported $17.55 earnings per share (EPS) for the quarter, topping analysts' consensus estimates of $15.92 by $1.63. The Goldman Sachs Group had a return on equity of 16.53% and a net margin of 14.13%.The firm had revenue of $17.23 billion for the quarter, compared to analyst estimates of $16.66 billion. During the same period last year, the company earned $14.12 EPS. The firm's quarterly revenue was up 14.4% on a year-over-year basis.  Equities research analysts anticipate that  The Goldman Sachs Group, Inc. will post 59.53 earnings per share for the current year. The business also recently declared a quarterly dividend, which will be paid on Monday, June 29th. Investors of record on Monday, June 1st will be given a dividend of $4.50 per share. The ex-dividend date of this dividend is Monday, June 1st. This represents a $18.00 annualized dividend and a yield of 1.8%. The Goldman Sachs Group's dividend payout ratio  is 32.89%. The Goldman Sachs Group, Inc is a global investment banking and financial services firm headquartered in New York City. Founded in 1869 as a commercial paper business, the company has grown into a diversified financial institution that provides a broad range of services to corporations, financial institutions, governments and individuals. The firm is led by Chief Executive Officer David M. Solomon and operates across major financial centers worldwide. Goldman Sachs' core businesses include investment banking, global markets, asset and wealth management, and consumer banking. This instant news alert was generated by narrative science technology and financial data from MarketBeat in order to provide readers with the fastest reporting and unbiased coverage. Please send any questions or comments about this story to contact@marketbeat.com. Before you consider The Goldman Sachs Group, you'll want to hear this. MarketBeat keeps track of Wall Street's top-rated and best performing research analysts and the stocks they recommend to their clients on a daily basis. MarketBeat has identified the five stocks that top analysts are quietly whispering to their clients to buy now before the broader market catches on... and The Goldman Sachs Group wasn't on the list. While The Goldman Sachs Group currently has a Hold rating among analysts, top-rated analysts believe these five stocks are better buys. Click the link to see MarketBeat's guide to investing in 5G and which 5G stocks show the most promise. Sign up for MarketBeat All Access to gain access to MarketBeat's full suite of research tools. 345 N Reid Place, Suite 620, Sioux Falls, SD 57103
                                        
                                        contact@marketbeat.com
                                        
                                        (844) 978-6257 © MarketBeat Media, LLC 2010-2026. All rights reserved. © 2026   Fair market value prices are updated every minute and are provided by Massive. Other market data provided is at least 10-minutes delayed and hosted by Barchart Solutions.  Information is provided 'as-is' and solely for informational purposes, not for trading purposes or advice, and is delayed. To see all exchange delays and terms of use please see Barchart's disclaimer.",https://www.marketbeat.com/instant-alerts/filing-the-goldman-sachs-group-inc-gs-shares-acquired-by-ifp-advisors-inc-2026-05-21/
GS,"The Goldman Sachs Group, Inc. $GS Shares Purchased by Rathbones Group PLC - MarketBeat",2026-05-21 10:28:08,"Rathbones Group PLC boosted its position in  The Goldman Sachs Group, Inc. (NYSE:GS - Free Report) by 6.1% during the 4th quarter, according to the company in its most recent disclosure with the Securities & Exchange Commission. The institutional investor  owned 293,273 shares of the investment management company's stock after acquiring an additional 16,909 shares during the quarter. The Goldman Sachs Group accounts for about  1.0% of Rathbones Group PLC's holdings, making the stock its 25th biggest holding. Rathbones Group PLC owned 0.10% of The Goldman Sachs Group worth $257,787,000 at the end of the most recent reporting period. Other hedge funds have also recently added to or reduced their stakes in the company. Dagco Inc. acquired a new stake in  The Goldman Sachs Group in the fourth quarter valued at approximately $25,000.  Manning & Napier Advisors LLC raised its holdings in  The Goldman Sachs Group by 287.5% in the fourth quarter. Manning & Napier Advisors LLC now owns 31 shares of the investment management company's stock valued at $27,000 after acquiring an additional 23 shares in the last quarter.  Kohmann Bosshard Financial Services LLC acquired a new stake in  The Goldman Sachs Group during the fourth quarter worth approximately $31,000.  Entrust Financial LLC acquired a new stake in  The Goldman Sachs Group during the fourth quarter worth approximately $34,000.  Finally, Graney & King LLC raised its holdings in  The Goldman Sachs Group by 51.5% during the second quarter. Graney & King LLC now owns 50 shares of the investment management company's stock worth $35,000 after purchasing an additional 17 shares in the last quarter. Institutional investors and hedge funds own  71.21% of the company's stock. A number of research firms have weighed in on GS. Evercore cut their price objective on shares of The Goldman Sachs Group from $1,075.00 to $950.00 and set an ""outperform"" rating on the stock in a report on Monday, April 6th. Wells Fargo & Company cut their price objective on shares of The Goldman Sachs Group from $1,050.00 to $1,000.00 and set an ""overweight"" rating on the stock in a report on Monday, April 13th. Royal Bank Of Canada  reissued a ""neutral"" rating on shares of The Goldman Sachs Group in a report on Monday, April 13th. Dbs Bank raised their price objective on shares of The Goldman Sachs Group from $890.00 to $1,050.00 in a report on Thursday, May 7th. Finally, Weiss Ratings cut shares of The Goldman Sachs Group from a ""buy (b-)"" rating to a ""hold (c+)"" rating in a report on Friday, May 8th. Nine analysts have rated the stock with a Buy rating and fourteen have assigned  a Hold rating to the company's stock. Based on data from MarketBeat, The Goldman Sachs Group  has a consensus rating of ""Hold"" and a consensus target price of $943.95. Check Out Our Latest Research Report on The Goldman Sachs Group In related news, CFO Denis P. Coleman sold 6,857 shares of The Goldman Sachs Group stock in a transaction on Thursday, May 14th. The shares were sold at an average price of $973.55, for a total value of $6,675,632.35. Following the transaction, the chief financial officer directly owned 31,070 shares in the company, valued at $30,248,198.50. This trade represents a 18.08% decrease in their position. The transaction was disclosed in a filing with the SEC, which is available at the SEC website. Also, insider Kathryn H. Ruemmler sold 14,292 shares of The Goldman Sachs Group stock in a transaction on Wednesday, May 6th. The shares were sold at an average price of $939.07, for a total transaction of $13,421,188.44. Following the completion of the transaction, the insider owned 15,657 shares in the company, valued at approximately $14,703,018.99. This trade represents a 47.72% decrease in their ownership of the stock. The disclosure for this sale is available in the SEC filing. In the last 90 days, insiders have sold 33,681 shares of company stock valued at $31,737,875. Corporate insiders own  0.55% of the company's stock. Here are the key news stories impacting The Goldman Sachs Group this week: NYSE:GS opened at $981.97 on Thursday. The firm's fifty day moving average price is $885.93 and its 200 day moving average price is $882.40. The Goldman Sachs Group, Inc. has a 1-year low of $582.50 and a 1-year high of $984.70. The company has a debt-to-equity ratio of 2.89, a current ratio of 0.63 and a quick ratio of 0.63. The firm has a market cap of $289.69 billion, a price-to-earnings ratio of 17.95, a price-to-earnings-growth ratio of 1.20 and a beta of 1.28. The Goldman Sachs Group (NYSE:GS - Get Free Report) last posted its quarterly earnings data on Monday, April 13th. The investment management company reported $17.55 earnings per share for the quarter, beating analysts' consensus estimates of $15.92 by $1.63. The Goldman Sachs Group had a net margin of 14.13% and a return on equity of 16.53%. The firm had revenue of $17.23 billion for the quarter, compared to analyst estimates of $16.66 billion. During the same period last year, the firm posted $14.12 EPS. The Goldman Sachs Group's quarterly revenue was up 14.4% on a year-over-year basis.  On average, sell-side analysts expect that  The Goldman Sachs Group, Inc. will post 59.53 EPS for the current year. The company also recently disclosed a quarterly dividend, which will be paid on Monday, June 29th. Investors of record on Monday, June 1st will be given a $4.50 dividend. This represents a $18.00 dividend on an annualized basis and a yield of 1.8%. The ex-dividend date is Monday, June 1st. The Goldman Sachs Group's dividend payout ratio (DPR) is 32.89%. The Goldman Sachs Group, Inc is a global investment banking and financial services firm headquartered in New York City. Founded in 1869 as a commercial paper business, the company has grown into a diversified financial institution that provides a broad range of services to corporations, financial institutions, governments and individuals. The firm is led by Chief Executive Officer David M. Solomon and operates across major financial centers worldwide. Goldman Sachs' core businesses include investment banking, global markets, asset and wealth management, and consumer banking. Want to see what other hedge funds are holding GS? Visit HoldingsChannel.com to get the latest 13F filings and insider trades for The Goldman Sachs Group, Inc. (NYSE:GS - Free Report). This instant news alert was generated by narrative science technology and financial data from MarketBeat in order to provide readers with the fastest reporting and unbiased coverage. Please send any questions or comments about this story to contact@marketbeat.com. Before you consider The Goldman Sachs Group, you'll want to hear this. MarketBeat keeps track of Wall Street's top-rated and best performing research analysts and the stocks they recommend to their clients on a daily basis. MarketBeat has identified the five stocks that top analysts are quietly whispering to their clients to buy now before the broader market catches on... and The Goldman Sachs Group wasn't on the list. While The Goldman Sachs Group currently has a Hold rating among analysts, top-rated analysts believe these five stocks are better buys. Thinking about investing in Meta, Roblox, or Unity? Click the link to learn what streetwise investors need to know about the metaverse and public markets before making an investment. Sign up for MarketBeat All Access to gain access to MarketBeat's full suite of research tools. 345 N Reid Place, Suite 620, Sioux Falls, SD 57103
                                        
                                        contact@marketbeat.com
                                        
                                        (844) 978-6257 © MarketBeat Media, LLC 2010-2026. All rights reserved. © 2026   Fair market value prices are updated every minute and are provided by Massive. Other market data provided is at least 10-minutes delayed and hosted by Barchart Solutions.  Information is provided 'as-is' and solely for informational purposes, not for trading purposes or advice, and is delayed. To see all exchange delays and terms of use please see Barchart's disclaimer.",https://www.marketbeat.com/instant-alerts/filing-the-goldman-sachs-group-inc-gs-shares-purchased-by-rathbones-group-plc-2026-05-21/
GS,Trading Systems Reacting to (GS) Volatility - Stock Traders Daily,2026-05-21 10:28:02,"Our AI models have generated three distinct trading strategies tailored to different risk profiles and holding periods. Each strategy incorporates sophisticated risk management parameters designed to optimize position sizing and minimize drawdown risk. Blue = Current Price
Red = Resistance
Green = Support Instant access — no password needed Get institutional-grade analysis with API integration and custom risk models. You're about to add GS to your personalized dashboard for ongoing analysis and alerts. To access your My Stocks dashboard and receive personalized analysis, you'll need to create a free account. © 2025 Stock Traders Daily - Quantitative Research Division. All rights reserved. | 📚 Full News Archive | 🍁 Canada Edition | 🇬🇧 UK Edition | 🌐 Crypto Edition",https://news.stocktradersdaily.com/news_release/149/Trading_Systems_Reacting_to_GS_Volatility_052126102802_1779373682.html
GS,2 Momentum Stocks for Long-Term Investors and 1 That Underwhelm - StockStory,2026-05-21 09:37:38,"The stocks in this article are all trading near their 52-week highs. This strength often reflects positive developments such as new product launches, favorable industry trends, or improved financial performance. While momentum can be a leading indicator, it has burned many investors as it doesn’t always correlate with long-term success. On that note, here are two stocks we think live up to the hype and one that may correct. Founded in 1869 as a small commercial paper business in New York City, Goldman Sachs (NYSE:GS) is a global financial institution that provides investment banking, securities, asset management, and consumer banking services to corporations, governments, and individuals. Goldman Sachs is trading at $983.96 per share, or 15.6x forward P/E. To fully understand why you should be careful with GS, check out our full research report (it’s free). Founded in 2012 to simplify the notoriously complex American healthcare system, Oscar Health (NYSE:OSCR) is a technology-focused health insurance company that offers individual and small group health plans through its cloud-native platform. At $23.18 per share, Oscar Health trades at 20.5x forward P/E. Is now the time to initiate a position? See for yourself in our in-depth research report, it’s free. Operating across three key regions with over 328,000 net acres under its control, SM Energy (NYSE:SM) explores for, develops, and produces oil, natural gas, and natural gas liquids primarily from shale formations in Texas and Utah. SM Energy’s stock price of $34.86 implies a valuation ratio of 4.5x forward P/E. Is now the right time to buy? Find out in our full research report, it’s free. ONE MORE THING: Top 6 Stocks for This Week. This market is separating quality stocks from expensive ones fast. AI taking down whole sectors with no warning. In a rotation this fast, you need more than a list of good companies. Our AI system flagged Palantir before it ran 1,662%. AppLovin before it ran 753%. Nvidia before it ran 1,178%. Each week it produces 6 new names that pass the same tests.  Get Our Top 6 Stocks for Free HERE. Stocks that made our list in 2020 include now familiar names such as Nvidia (+1,326% between June 2020 and June 2025) as well as under-the-radar businesses like the once-micro-cap company Tecnoglass (+1,754% five-year return). Find your next big winner with StockStory today. Data sources: actuals and consensus estimates from StockStory, S&P Global Market Intelligence, and Visible Alpha. Market data from Massive. Provided for general information purposes only and does not constitute investment advice or a recommendation that any particular security, portfolio of securities, transaction or investment strategy is suitable for any specific individual. Information on our investment framework and performance methodology is available here. Copyright 2026, S&P Global Market Intelligence (and its affiliates as applicable). All rights reserved.",https://stockstory.org/us/stocks/nyse/gs/news/buy-or-sell/2-momentum-stocks-for-long-term-investors-and-1-that-underwhelm
GS,"Rep. Josh Gottheimer Sells The Goldman Sachs Group, Inc. (NYSE:GS) Stock - MarketBeat",2026-05-21 06:04:33,"Representative Josh Gottheimer (Democratic-New Jersey) recently sold shares of The Goldman Sachs Group, Inc. NYSE: GS. In a filing disclosed on May 19th, the Representative disclosed that they had sold between $15,001 and $50,000 in The Goldman Sachs Group stock on April 9th. The trade occurred in the Representative's ""MORGAN STANLEY - ACTIVE ASSET ACCOUNT # 3"" account. Representative Josh Gottheimer also recently made the following trade(s): GS opened at $981.97 on Thursday. The company has a debt-to-equity ratio of 2.89, a quick ratio of 0.63 and a current ratio of 0.63. The Goldman Sachs Group, Inc. has a 52-week low of $582.50 and a 52-week high of $984.70. The firm has a market cap of $289.69 billion, a P/E ratio of 17.95, a price-to-earnings-growth ratio of 1.20 and a beta of 1.28. The business's fifty day moving average is $885.93 and its 200-day moving average is $882.40. The Goldman Sachs Group (NYSE:GS - Get Free Report) last announced its quarterly earnings data on Monday, April 13th. The investment management company reported $17.55 earnings per share (EPS) for the quarter, topping analysts' consensus estimates of $15.92 by $1.63. The firm had revenue of $17.23 billion for the quarter, compared to the consensus estimate of $16.66 billion. The Goldman Sachs Group had a net margin of 14.13% and a return on equity of 16.53%. The business's revenue for the quarter was up 14.4% on a year-over-year basis. During the same period in the prior year, the company posted $14.12 earnings per share.  Sell-side analysts expect that  The Goldman Sachs Group, Inc. will post 59.53 EPS for the current fiscal year. The business also recently disclosed a quarterly dividend, which will be paid on Monday, June 29th. Shareholders of record on Monday, June 1st will be paid a dividend of $4.50 per share. This represents a $18.00 dividend on an annualized basis and a yield of 1.8%. The ex-dividend date is Monday, June 1st. The Goldman Sachs Group's dividend payout ratio (DPR) is 32.89%. Here are the key news stories impacting The Goldman Sachs Group this week: In other news, CFO Denis P. Coleman sold 6,857 shares of the company's stock in a transaction that occurred on Thursday, May 14th. The stock was sold at an average price of $973.55, for a total value of $6,675,632.35. Following the completion of the transaction, the chief financial officer owned 31,070 shares of the company's stock, valued at $30,248,198.50. This represents a 18.08% decrease in their ownership of the stock. The transaction was disclosed in a filing with the SEC, which is available through this hyperlink. Also, insider Kathryn H. Ruemmler sold 14,292 shares of The Goldman Sachs Group stock in a transaction that occurred on Wednesday, May 6th. The stock was sold at an average price of $939.07, for a total transaction of $13,421,188.44. Following the sale, the insider owned 15,657 shares in the company, valued at approximately $14,703,018.99. This represents a 47.72% decrease in their ownership of the stock. Additional details regarding this sale are available in the official SEC disclosure. Over the last ninety days, insiders sold 33,681 shares of company stock worth $31,737,875. 0.55% of the stock is owned by corporate insiders. GS has been the subject of several recent analyst reports. Jefferies Financial Group cut their target price on The Goldman Sachs Group from $1,125.00 to $1,049.00 and set a ""buy"" rating for the company in a research note on Monday, April 6th. CICC Research boosted their price target on The Goldman Sachs Group from $825.00 to $980.00 and gave the stock an ""outperform"" rating in a report on Tuesday. Bank of America dropped their price objective on The Goldman Sachs Group from $1,100.00 to $1,050.00 and set a ""buy"" rating for the company in a research report on Tuesday, April 14th. Morgan Stanley reduced their price objective on The Goldman Sachs Group from $1,078.00 to $1,021.00 and set an ""equal weight"" rating on the stock in a research note on Tuesday, March 31st. Finally, Dbs Bank lifted their target price on The Goldman Sachs Group from $890.00 to $1,050.00 in a research report on Thursday, May 7th. Nine analysts have rated the stock with a Buy rating and fourteen have assigned  a Hold rating to the company. According to MarketBeat, the stock  has a consensus rating of ""Hold"" and an average price target of $943.95. Several institutional investors have recently modified their holdings of GS. Dagco Inc. bought a new stake in  The Goldman Sachs Group during the 4th quarter worth $25,000.  Turim 21 Investimentos Ltda. bought a new position in  The Goldman Sachs Group in the first quarter valued at about $25,000.  Garton & Associates Financial Advisors LLC bought a new position in  The Goldman Sachs Group in the fourth quarter valued at about $26,000.  Manning & Napier Advisors LLC boosted its stake in shares of  The Goldman Sachs Group by 287.5% during the fourth quarter. Manning & Napier Advisors LLC now owns 31 shares of the investment management company's stock valued at $27,000 after purchasing an additional 23 shares in the last quarter.  Finally, Steph & Co. bought a new stake in shares of  The Goldman Sachs Group during the first quarter worth about $27,000. 71.21% of the stock is currently owned by institutional investors and hedge funds. Josh Gottheimer (Democratic Party) is a member of the U.S. House, representing New Jersey's 5th Congressional District. He assumed office on January 3, 2017. His current term ends on January 3, 2027.

Gottheimer (Democratic Party) is running for re-election to the U.S. House to represent New Jersey's 5th Congressional District. He declared candidacy for the 2026 election.

Gottheimer is also running for election for Governor of New Jersey. He declared candidacy for the Democratic primary scheduled on June 10, 2025.

Gottheimer attended the University of Pennsylvania for his undergraduate degree. He became a Thouron Fellow at Oxford and attended Harvard Law School. Gottheimer worked as a speech writer under former President Bill Clinton (D), assisting with two State of the Union addresses, among other projects. Before running for Congress, he worked for Microsoft as a general manager for corporate strategy. The Goldman Sachs Group, Inc is a global investment banking and financial services firm headquartered in New York City. Founded in 1869 as a commercial paper business, the company has grown into a diversified financial institution that provides a broad range of services to corporations, financial institutions, governments and individuals. The firm is led by Chief Executive Officer David M. Solomon and operates across major financial centers worldwide. Goldman Sachs' core businesses include investment banking, global markets, asset and wealth management, and consumer banking. This instant news alert was generated by narrative science technology and financial data from MarketBeat in order to provide readers with the fastest reporting and unbiased coverage. Please send any questions or comments about this story to contact@marketbeat.com. Before you consider The Goldman Sachs Group, you'll want to hear this. MarketBeat keeps track of Wall Street's top-rated and best performing research analysts and the stocks they recommend to their clients on a daily basis. MarketBeat has identified the five stocks that top analysts are quietly whispering to their clients to buy now before the broader market catches on... and The Goldman Sachs Group wasn't on the list. While The Goldman Sachs Group currently has a Hold rating among analysts, top-rated analysts believe these five stocks are better buys. The space race is growing fast, and you don’t have to wait for SpaceX to go public to invest. This report shows seven space stocks you can buy today that may grow as rockets, satellites, defense, space internet, and new space technology become more important. Sign up for MarketBeat All Access to gain access to MarketBeat's full suite of research tools. 345 N Reid Place, Suite 620, Sioux Falls, SD 57103
                                        
                                        contact@marketbeat.com
                                        
                                        (844) 978-6257 © MarketBeat Media, LLC 2010-2026. All rights reserved. © 2026   Fair market value prices are updated every minute and are provided by Massive. Other market data provided is at least 10-minutes delayed and hosted by Barchart Solutions.  Information is provided 'as-is' and solely for informational purposes, not for trading purposes or advice, and is delayed. To see all exchange delays and terms of use please see Barchart's disclaimer.",https://www.marketbeat.com/instant-alerts/rep-josh-gottheimer-sells-the-goldman-sachs-group-inc-nysegs-stock-2026-05-21/
GS,2 Momentum Stocks for Long-Term Investors and 1 That Underwhelm - The Globe and Mail,2026-05-21 04:34:00,"The stocks in this article are all trading near their 52-week highs. This strength often reflects positive developments such as new product launches, favorable industry trends, or improved financial performance. While momentum can be a leading indicator, it has burned many investors as it doesn’t always correlate with long-term success. On that note, here are two stocks we think live up to the hype and one that may correct. Founded in 1869 as a small commercial paper business in New York City, Goldman Sachs (NYSE:GS) is a global financial institution that provides investment banking, securities, asset management, and consumer banking services to corporations, governments, and individuals. Goldman Sachs is trading at $983.96 per share, or 15.6x forward P/E. To fully understand why you should be careful with GS, check out our full research report (it’s free). Founded in 2012 to simplify the notoriously complex American healthcare system, Oscar Health (NYSE:OSCR) is a technology-focused health insurance company that offers individual and small group health plans through its cloud-native platform. At $23.18 per share, Oscar Health trades at 20.5x forward P/E. Is now the time to initiate a position? See for yourself in our in-depth research report, it’s free. Operating across three key regions with over 328,000 net acres under its control, SM Energy (NYSE:SM) explores for, develops, and produces oil, natural gas, and natural gas liquids primarily from shale formations in Texas and Utah. SM Energy’s stock price of $34.86 implies a valuation ratio of 4.5x forward P/E. Is now the right time to buy? Find out in our full research report, it’s free. ONE MORE THING: Top 6 Stocks for This Week. This market is separating quality stocks from expensive ones fast. AI taking down whole sectors with no warning. In a rotation this fast, you need more than a list of good companies. Our AI system flagged Palantir before it ran 1,662%. AppLovin before it ran 753%. Nvidia before it ran 1,178%. Each week it produces 6 new names that pass the same tests. Get Our Top 6 Stocks for Free HERE. Stocks that made our list in 2020 include now familiar names such as Nvidia (+1,326% between June 2020 and June 2025) as well as under-the-radar businesses like the once-micro-cap company Tecnoglass (+1,754% five-year return). Find your next big winner with StockStory today. All market data (will open in new tab) is provided by Barchart Solutions. Copyright © 2026. Information is provided 'as is' and solely for informational purposes, not for trading purposes or advice. For exchange delays and terms of use, please read disclaimer (will open in new tab).",https://www.theglobeandmail.com/investing/markets/stocks/GS/pressreleases/2057447/2-momentum-stocks-for-long-term-investors-and-1-that-underwhelm/
GS,GS Stock Price Prediction 2025-2026 | Goldman Sachs Group Inc Forecast - 24/7 Wall St.,2026-05-21 04:19:59,"Based on 24/7 Wall St.'s proprietary analysis, we are setting a target price of $1,026.80 for Goldman Sachs Group Inc (GS) over the next 12 months. 
						This target price suggests a 3.02% upside from the current price of $996.73. 
						In an optimistic scenario, GS could reach as high as $1,076.64, while our conservative scenario places the floor at $876.18. 
													Wall Street analyst sentiment shows 8 Buy, 16 Hold, and 2 Sell ratings from 26 analysts covering the stock. Goldman Sachs Group Inc is fairly valued at current levels. With our price target of $1,026.80 suggesting modest upside, the stock appears to be trading near fair value. Consider your portfolio allocation and investment timeline before making a decision. This chart shows three potential price paths for GS over the next 12 months: our Target Price, an Optimistic Scenario, and a Conservative Scenario. 
							Learn how we calculate our price targets → In our optimistic scenario, GS could reach $1,076.64 (+8.0% from current price). Key catalysts include: In our conservative scenario, GS could fall to $876.18 (-12.1% from current price). Key risks include: 26 analysts covering GS 24/7 Wall St.'s stock forecasts utilize a number of factor adjustments that either increase or decrease a stock's 12-month price target. Toggle the factors our model uses on or off below to see how each impacts GS's share price. Long-term projections factor in increased uncertainty over time. Looking ahead to 2030, our model projects GS could trade at an average price of $1,169.79, with a potential range between $877.34 and $1,462.24. This represents a potential 17.4% return from today's price. Long-term forecasts depend heavily on company execution, competitive dynamics, and broader market conditions. 24/7 Wall St. currently rates GS as a HOLD. Near fair value (3.0%) 
															Among Wall Street analysts, 8 rate it Buy, 16 rate it Hold, and 2 rate it Sell. Our optimistic scenario for GS projects a price of $1,076.64 over the next 12 months. This represents modest upside of 8.0% from today's price, suggesting the stock may be fairly valued at current levels even under favorable conditions. In our conservative scenario, GS could trade as low as $876.18 over the next 12 months, representing a 12.1% decline from current levels. This scenario accounts for potential headwinds including earnings misses, competitive pressures, or broader market weakness. Stock price predictions are forward-looking estimates, not guarantees. Our model for GS incorporates analyst consensus, valuation metrics, technical indicators, and market sentiment. However, actual stock performance depends on many unpredictable factors including earnings surprises, macroeconomic changes, and market psychology. We provide optimistic and conservative scenarios alongside our target price to illustrate the range of potential outcomes. Always conduct your own research before investing. Our top personal finance-related articles today. Your wallet will thank you later.",https://247wallst.com/companies/gs/price-prediction?tpid=521583&tv=link&tc=in_content
GS,Elon Musk’s SpaceX Reveals $28.5 Trillion Opportunity - Goldman Sachs Group (NYSE:GS) - Benzinga,2026-05-21 04:06:27,"Oops! Something went wrong. Please try again soon or contact support@benzinga.com. A newsletter built for market enthusiasts by market enthusiasts. Top stories, top movers, and trade ideas delivered to your inbox every weekday before and after the market closes.",https://www.benzinga.com/markets/private-markets/26/05/52708665/elon-musks-spacex-28-5-trillion-opportunity-its-not-rockets-or-starlink
GS,There May Be Underlying Issues With The Quality Of GS Yuasa's (TSE:6674) Earnings - simplywall.st,2026-05-21 02:08:14,"Despite posting some strong earnings, the market for GS Yuasa Corporation's (TSE:6674) stock hasn't moved much.  We did some digging, and we found some concerning factors in the details. AI is about to change healthcare. These 20 stocks are working on everything from early diagnostics to drug discovery. The best part - they are all under $10bn in marketcap - there is still time to get in early. For anyone who wants to understand GS Yuasa's profit beyond the statutory numbers, it's important to note that during the last twelve months statutory profit gained from JP¥4.3b worth of unusual items.   While it's always nice to have higher profit, a large contribution from unusual items sometimes dampens our enthusiasm.  When we crunched the numbers on thousands of publicly listed companies, we found that a boost from unusual items in a given year is often not repeated the next year.  And that's as you'd expect, given these boosts are described as 'unusual'.   If GS Yuasa doesn't see that contribution repeat, then all else being equal we'd expect its profit to drop over the current year. That might leave you wondering what analysts are forecasting in terms of future profitability.  Luckily, you can click here to see an interactive graph depicting future profitability, based on their estimates. We'd posit that GS Yuasa's statutory earnings aren't a clean read on ongoing productivity, due to the large unusual item.      Because of this, we think that it may be that GS Yuasa's statutory profits are better than its underlying earnings power.    But on the bright side, its earnings per share have grown at an extremely impressive rate over the last three years.     Of course, we've only just scratched the surface when it comes to analysing its earnings; one could also consider margins, forecast growth, and return on investment, among other factors.     Ultimately, this article has formed an opinion based on historical data. However, it can also be great to think about what analysts are forecasting for the future.  At Simply Wall St, we have analyst estimates which you can view by clicking here. Today we've zoomed in on a single data point to better understand the nature of GS Yuasa's profit.   But there is always more to discover if you are capable of focussing your mind on minutiae.  Some people consider a high return on equity to be a good sign of a quality business.  So you may wish to see this free  collection of companies boasting high return on equity, or  this list of stocks with high insider ownership. We've created the ultimate portfolio companion for stock investors, and it's free. • Connect an unlimited number of Portfolios and see your total in one currency• Be alerted to new Warning Signs or Risks via email or mobile• Track the Fair Value of your stocks Have feedback on this article? Concerned about the content? Get in touch with us directly. Alternatively, email editorial-team (at) simplywallst.com.This article by Simply Wall St is general in nature. We provide commentary based on historical data and analyst forecasts only using an unbiased methodology and our articles are not intended to be financial advice. It does not constitute a recommendation to buy or sell any stock, and does not take account of your objectives, or your financial situation. We aim to bring you long-term focused analysis driven by fundamental data. Note that our analysis may not factor in the latest price-sensitive company announcements or qualitative material. Simply Wall St has no position in any stocks mentioned. Manufactures and sells batteries, power supplies, lighting equipment, and other battery and electrical equipment in Japan, Asia, North America, Europe, and internationally. Financial Data provided by S&P Global Market Intelligence LLC, analysis provided by Simply Wall Street Pty Ltd. Copyright © 2026, S&P Global Market Intelligence LLC. All rights reserved. Simply Wall Street Pty Ltd (ACN 600 056 611), is a Corporate Authorised Representative (Authorised Representative Number: 467183) of Sanlam Private Wealth Pty Ltd (AFSL No. 337927). Any advice contained in this website is general advice only and has been prepared without considering your objectives, financial situation or needs. You should not rely on any advice and/or information contained in this website and before making any investment decision we recommend that you consider whether it is appropriate for your situation and seek appropriate financial, taxation and legal advice. Please read our Financial Services Guide before deciding whether to obtain financial services from us. © 2026 Simply Wall Street Pty Ltd, US Design Patent #29/544/281, Community and European Design Registration #2845206",https://simplywall.st/stocks/jp/automobiles/tse-6674/gs-yuasa-shares/news/there-may-be-underlying-issues-with-the-quality-of-gs-yuasas
GS,Goldman Sachs (GS) Enters SpaceX IPO as Lead Underwriter - GuruFocus,2026-05-21 00:13:57,"This website is using a security service to protect itself from online attacks. The action you just performed triggered the security solution. There are several actions that could trigger this block including submitting a certain word or phrase, a SQL command or malformed data. You can email the site owner to let them know you were blocked. Please include what you were doing when this page came up and the Cloudflare Ray ID found at the bottom of this page. Cloudflare Ray ID: a00099c15a660843
•

        Your IP:
        Click to reveal
20.161.44.178
•

Performance & security by Cloudflare",https://www.gurufocus.com/news/8873012/goldman-sachs-gs-enters-spacex-ipo-as-lead-underwriter?mobile=true
GS,Is The Goldman Sachs Group Inc (GS) Overvalued After 5.8% Rally? - GuruFocus,2026-05-21 00:12:28,"This website is using a security service to protect itself from online attacks. The action you just performed triggered the security solution. There are several actions that could trigger this block including submitting a certain word or phrase, a SQL command or malformed data. You can email the site owner to let them know you were blocked. Please include what you were doing when this page came up and the Cloudflare Ray ID found at the bottom of this page. Cloudflare Ray ID: a00098c8ad59d62d
•

        Your IP:
        Click to reveal
20.161.44.178
•

Performance & security by Cloudflare",https://www.gurufocus.com/news/8872988/is-the-goldman-sachs-group-inc-gs-overvalued-after-58-rally-gf-value-says-overvalued?mobile=true
GS,President Trump mentions New London restaurant in Coast Guard Academy commencement address - WFSB,2026-05-20 21:38:00,"NEW LONDON, Conn. (WFSB) - A New London restaurant and bar is getting national recognition. President Trump mentioned Mr. G’s in his commencement address, and it is a staple for the Coast Guard community. The shoutout in the president’s commencement address at the Coast Guard Academy came as a complete shock to everyone at Mr. G’s. President Trump said it is a place the cadets may have spent a little too much time. Workers at the restaurant say that may be true. Mr. G’s is a place all the Coast Guard Academy cadets know. “We’ve been a staple to them over the years, but they’ve also been a staple for us, and we’re very lucky to have them up the street,” said Gail Harrington, a Mr. G’s employee. Now the small restaurant is getting national recognition from President Trump’s commencement address. “While everyone has worked and studied hard, some may have spent a little bit too much time at a place called Mr. G’s,” Trump said. It came as a surprise to many who were listening from inside, including Harrington, who has worked at Mr. G’s for 29 years. “Nobody expected to hear that out of him. We had a full bar at the time because a lot of people could not get through the roads, so we had a full bar, and everybody heard it, and it was very exciting,” Harrington said. Peter Gianakos, the owner, said the president mentioning his family business is an honor. But he also wants the focus of the presidential visit to be celebrating the graduates, who he knows well. They come by at least once a week. “They have fun. It’s close by. They don’t get in trouble hopefully and they have a good time. There is a curfew sometimes so they’re in and out but they have a good time,” Gianakos said. Since the speech, phones have been ringing off the hook. Gianakos and the staff hope this will bring some new business and send the graduates off with the memories made inside their local bar. “We were very proud and honored that he mentioned us and thought of the kids,” Harrington said. When you visit our website, we store cookies on your browser to collect information. The information collected might relate to you, your preferences, or your device, and is mostly used to make the site work as you expect and to provide a more personalized web experience. However, you can choose not to allow certain types of cookies, which may impact your experience of the site and the services we are able to offer. Click on the different category headings to learn more and change our default settings according to your preference. You can exercise your rights to opt out by clicking on ""Sale of Personal Data and Targeted Advertisement"" below. You cannot opt out of our First Party Strictly Necessary Cookies as they are deployed in order to ensure the proper functioning of our website, such as prompting the cookie banner and remembering your settings (e.g. to log into your account, to redirect you when you log out, etc.). For more information about the First and Third-Party Cookies used please follow this link.
            More information These cookies are necessary for the website to function and cannot be switched off in our systems. They are usually only set in response to actions made by you which amount to a request for services, such as setting your privacy preferences, logging in or filling in forms. You can set your browser to block or alert you about these cookies, but some parts of the site will not then work. These cookies do not store any personally identifiable information. Third‑party trackers collect information to help us analyze site use and show you personalized ads. Under the Connecticut Act Concerning Personal Data Privacy and Online Monitoring, you have the right to opt-out of the sale of your personal data to third parties, any processing related to targeted advertising, and the profiling of any automated decision that produces any legal or similarly significant effect. You may exercise these rights by using this toggle. If you opt out, we will not be able to offer you personalized ads, and we will stop sharing your personal information with third parties. Additionally, you may contact our legal department for further clarification about your rights as a consumer in Connecticut by using this Exercise My Rights link. These cookies may be set through our site by our advertising partners. They may be used by those companies to build a profile of your interests and show you relevant adverts on other sites. They do not store directly personal information, but are based on uniquely identifying your browser and internet device. If you do not allow these cookies, you will experience less targeted advertising.",https://www.wfsb.com/2026/05/20/president-trump-mentions-new-london-restaurant-coast-guard-academy-commencement-address/
GS,Goldman Sachs (GS) Partners with OpenAI for Upcoming IPO - GuruFocus,2026-05-20 19:47:17,"This website is using a security service to protect itself from online attacks. The action you just performed triggered the security solution. There are several actions that could trigger this block including submitting a certain word or phrase, a SQL command or malformed data. You can email the site owner to let them know you were blocked. Please include what you were doing when this page came up and the Cloudflare Ray ID found at the bottom of this page. Cloudflare Ray ID: a00099e15abb0843
•

        Your IP:
        Click to reveal
20.161.44.178
•

Performance & security by Cloudflare",https://www.gurufocus.com/news/8872567/goldman-sachs-gs-partners-with-openai-for-upcoming-ipo?mobile=true
GS,Goldman Sachs (GS) Collaborates with OpenAI for IPO Preparations - GuruFocus,2026-05-20 17:03:15,"This website is using a security service to protect itself from online attacks. The action you just performed triggered the security solution. There are several actions that could trigger this block including submitting a certain word or phrase, a SQL command or malformed data. You can email the site owner to let them know you were blocked. Please include what you were doing when this page came up and the Cloudflare Ray ID found at the bottom of this page. Cloudflare Ray ID: a00097db8ede3d1c
•

        Your IP:
        Click to reveal
20.161.44.178
•

Performance & security by Cloudflare",https://www.gurufocus.com/news/8872482/goldman-sachs-gs-collaborates-with-openai-for-ipo-preparations
GS,"B-G’s Wombacker Competes In 10K Racewalking Competition In Europe - The Evening Sun | Chenango County, NY's Hometown Newspaper",2026-05-20 15:09:26,"PODEBRADY, 
                    
                                   
                    CZECH 
                    
                                   
                    REP. 
                    
                                   
                    –– 
                    
                                   
                    On 
                    
                                   
                    May 
                    
                                   
                    8, 
                    
                                   
                    Bainbridge-Guilford 
                    
                                   
                    senior 
                    
                                   
                    Matthew 
                    
                                   
                    Wombacker 
                    
                                   
                    traveled 
                    
                                   
                    to 
                    
                                   
                    Podebrady, 
                    
                                   
                    Czech 
                    
                                   
                    Republic 
                    
                                   
                    after 
                    
                                   
                    being 
                    
                                   
                    chosen 
                    
                                   
                    as 
                    
                                   
                    one 
                    
                                   
                    of 
                    
                                   
                    three 
                    
                                   
                    under 
                    
                                   
                    20 
                    
                                   
                    athletes 
                    
                                   
                    by 
                    
                                   
                    the 
                    
                                   
                    USA 
                    
                                   
                    Racewalking 
                    
                                   
                    National 
                    
                                   
                    Committee 
                    
                                   
                    to 
                    
                                   
                    compete 
                    
                                   
                    at 
                    
                                   
                    the 94th 
                    
                                   
                    Podebrady 
                    
                                   
                    WA 
                    
                                   
                    Race 
                    
                                   
                    Walking 
                    
                                   
                    Tour 
                    
                                   
                    Gold 
                    
                                   
                    Meeting. 
                    
                                   
                    Selections 
                    
                                   
                    were 
                    
                                   
                    based 
                    
                                   
                    upon 
                    
                                   
                    current 
                    
                                   
                    WA 
                    
                                   
                    (World 
                    
                                   
                    Athletics) 
                    
                                   
                    points 
                    
                                   
                    earned 
                    
                                   
                    in 
                    
                                   
                    an 
                    
                                   
                    effort 
                    
                                   
                    to 
                    
                                   
                    afford 
                    
                                   
                    additional 
                    
                                   
                    international 
                    
                                   
                    competition 
                    
                                   
                    opportunities 
                    
                                   
                    for 
                    
                                   
                    elite 
                    
                                   
                    and 
                    
                                   
                    emerging 
                    
                                   
                    elite 
                    
                                   
                    athletes. The 
                    
                                   
                    event is 
                    
                                   
                    an 
                    
                                   
                    annual racewalking competition 
                    
                                   
                    held 
                    
                                   
                    in Poděbrady, 
                    
                                   
                    Czech 
                    
                                   
                    Republic. 
                    
                                   
                    As 
                    
                                   
                    of 
                    
                                   
                    2024, 
                    
                                   
                    it 
                    
                                   
                    is 
                    
                                   
                    a World 
                    
                                   
                    Athletics 
                    
                                   
                    Race 
                    
                                   
                    Walking 
                    
                                   
                    Tour Gold 
                    
                                   
                    level 
                    
                                   
                    meeting – 
                    
                                   
                    the 
                    
                                   
                    highest-level 
                    
                                   
                    circuit 
                    
                                   
                    of 
                    
                                   
                    international 
                    
                                   
                    racewalking 
                    
                                   
                    competitions. Competing 
                    
                                   
                    against 
                    
                                   
                    top 
                    
                                   
                    racewalkers 
                    
                                   
                    from 
                    
                                   
                    several 
                    
                                   
                    countries 
                    
                                   
                    including 
                    
                                   
                    Spain, 
                    
                                   
                    Italy, 
                    
                                   
                    France, 
                    
                                   
                    Finland, 
                    
                                   
                    Hungary, 
                    
                                   
                    Slovakia, 
                    
                                   
                    Kazakhstan, 
                    
                                   
                    and 
                    
                                   
                    the 
                    
                                   
                    host 
                    
                                   
                    country 
                    
                                   
                    of 
                    
                                   
                    Czechia, 
                    
                                   
                    Matthew 
                    
                                   
                    placed 
                    
                                   
                    24th 
                    
                                   
                    in 
                    
                                   
                    the 
                    
                                   
                    U20 
                    
                                   
                    division, 
                    
                                   
                    walking 
                    
                                   
                    a 
                    
                                   
                    10K 
                    
                                   
                    in 
                    
                                   
                    52:18:00. What 
                    
                                   
                    an 
                    
                                   
                    incredible 
                    
                                   
                    honor 
                    
                                   
                    and 
                    
                                   
                    fantastic 
                    
                                   
                    opportunity. Congratulations, 
                    
                                   
                    Matthew! -Submitted 
                    
                                   
                    information 
                    
                                   
                    by 
                    
                                   
                    the 
                    
                                   
                    Wombackers Terms of Service - Privacy Policy

                        © 2026 Snyder Communications - The Evening Sun 
                        
                        
                        29 Lackawanna Avenue, Norwich, NY 13815 - (607) 334-3276",https://www.evesun.com/news/stories/2026-05-20/44959/author-story
GS,GS Engineering & Construction Wins KRW565.07 Billion Housing Redevelopment Project; Shares Down 5% - Moomoo,2026-05-20 04:20:10,"To create a seamless experience and for website quality and improvement purposes, we use cookie technologies for verification and quality purposes, to personalize the content presented, and to provide advertising that may be of specific interest to you. Learn our Privacy Policy here. Unity Software(U.US) reported fourth-quarter financial results after the market close on Monday. Here's a rundown of the report.Q4 
    Earnings: Unity said fourth-quarter revenue increased 35% year-over-year to $609 million, beating the consensus estimate of $562.71 million.
    The company reported a quarterly loss of 66 cents per share. Use the share button in your browser  to share the page with your friends Investment products and services are offered through Moomoo Financial Inc., Member SIPC./FINRA. For further information about Moomoo Financial Inc., please visit Financial Industry Regulatory Authority (FINRA)’s BrokerCheck. Options trading entails significant risk and is not appropriate for all customers. It is important that investors read Characteristics and Risks of Standardized Options before engaging in any options trading strategies. Options transactions are often complex and may involve the potential of losing the entire investment in a relatively short period of time. Certain complex options strategies carry additional risk, including the potential for losses that may exceed the original investment amount. Supporting documentation for any claims, if applicable, will be furnished upon request. $0 commission trading is available only to U.S. residents trading in the U.S. markets through Moomoo Financial Inc. Other fees may apply. For more info, visit moomoo.com/us/pricing Investing involves risk and the potential to lose principal. Electronic trading also involves risks. The responsiveness of the trading system may vary due to market conditions, system performance, and other factors. Account access and trade execution may be affected by factors such as market volatility. Investment products are not insured by the FDIC, not a deposit, and may decline in value. The services and products offered on the website are subject to applicable laws and regulations, as well as relevant service terms and policies. The services and products are not available to all customers or in all geographic areas or in any jurisdiction where it is unlawful for us to offer such services and products. Company Address：Moomoo Financial Inc. and Moomoo Technologies Inc, 185 Hudson St Ste. 2600, Jersey City, NJ 07302 Copyright © 2026 Moomoo Technologies Inc. All Rights Reserved.",https://www.moomoo.com/news/post/70285200/gs-engineering-construction-wins-krw565-07-billion-housing-redevelopment-project?futusource=news_newspage_recommend&level=1&data_ticket=1779501131501272
GS,G.S. Gelato Launches Protein ‘Pumped Up’ Vanilla Gelato Nationwide - Food & Beverage Magazine,2026-05-20 02:46:06,"In a significant leap for the frozen dessert industry, G.S. Gelato & Desserts has announced the nationwide availability of its new Protein “Pumped Up” Vanilla Gelato through Dot Foods. This innovative product is set to capture the attention of operators and dessert lovers alike, as it combines the indulgent taste of authentic Italian gelato with the nutritional benefits of high protein. The Protein “Pumped Up” Vanilla Gelato is the first of its kind offered in a 5-liter format specifically designed for foodservice. Each serving packs 11 grams of protein, making it one of the highest protein counts currently available in the frozen dessert category. Notably, it maintains the rich, creamy texture expected from traditional gelato, steering clear of the chalky mouthfeel often associated with high-protein ice creams. In various taste tests and product demonstrations, consumers consistently express surprise at the gelato’s quality. Many report that they can’t tell it contains added protein, emphasizing its rich flavor and smooth texture. This positive feedback reinforces the product’s appeal in a market increasingly focused on health without sacrificing indulgence. As health-conscious dining continues to trend, the demand for high-protein frozen desserts has surged. G.S. Gelato’s new offering aligns perfectly with operators’ needs for versatile menu solutions that cater to evolving consumer preferences. Stephanie Schultz, Marketing Director at G.S. Gelato, notes, “We’re excited to show operators how versatile this product can be across their menus.” This innovative product was recently recognized as a 2026 Store Brand Game Changer, highlighting its potential to disrupt the frozen dessert category significantly. With its nationwide availability through Dot Foods (Item #818584), G.S. Gelato is well-positioned to help operators meet changing consumer demands, delivering products that excite both the palate and the nutritional profile. For those attending the International Dairy-Deli-Bakery Association (IDDBA) 2026, the Protein “Pumped Up” Vanilla Gelato will be available for sampling from June 7–9 at booth #923. This is a prime opportunity for foodservice professionals to experience firsthand the quality and versatility of this new offering. G.S. Gelato has established itself as a leader in the frozen dessert market, providing authentic Italian gelato, sorbetto, non-dairy frozen desserts, and soft serve to both foodservice and retail sectors. Their commitment to customization and innovation allows them to deliver unique flavors and solutions that give customers a competitive edge in the marketplace. For more information, samples, or sales inquiries regarding the Protein “Pumped Up” Vanilla Gelato, visit gsgelato.com or contact them at (850) 243-5455. As the demand for high-protein dessert options continues to grow, G.S. Gelato’s Protein “Pumped Up” Vanilla Gelato could be the game-changer your menu needs. What are your thoughts on incorporating high-protein desserts into your offerings? Share your insights and experiences in the comments below! Written by Michael Politz, Author of Guide to Restaurant Success: The Proven Process for Starting Any Restaurant Business From Scratch to Success (ISBN: 978-1-119-66896-1), Founder of Food & Beverage Magazine, the leading online magazine and resource in the industry. Designer of the Bluetooth logo and recognized in Entrepreneur Magazine’s “Top 40 Under 40” for founding American Wholesale Floral, Politz is also the Co-founder of the Proof Awards and the CPG Awards and a partner in numerous consumer brands across the food and beverage sector. Subscribe to our Weekly Newsletter and receive important industry updates. Food & Beverage Magazine is the leading online magazine resource for the food and beverage industry with signature celebrity features and an over twenty year long valuable reputation. F&B Magazine has the eyes of the industry’s top professionals that are in search of the latest and greatest. Subscribe to our Weekly Newsletter and recieve important industry updates. Get our latest news straight into your inbox",https://www.fb101.com/gs-gelato-launches-protein-pumped-up-vanilla-gelato-nationwide/
