ticker,title,date,content,url
JPM,"J.P. Morgan Initiates General Motors(GM.US) With Buy Rating, Announces Target Price $98 - 富途牛牛",2026-05-10 16:26:48,"J.P. Morgan analyst Rajat Gupta CFA initiates coverage on $General Motors (GM.US)$ with a buy rating, and sets the target price at $98. According to TipRanks data, the analyst has a success rate of 55.2% and a total average return of 10.5% over the past year. TipRanks, an independent third party, provides analysis data from financial analysts and calculates the Average Returns and Success Rates of the analysts' recommendations. The information presented is not an investment recommendation and is intended for informational purposes only. Success rate is the number of the analyst's successful ratings, divided by his/her total number of ratings over the past year. A successful rating is one based on if TipRanks' virtual portfolio earned a positive return from the stock. Total average return is the average rate of return that the TipRanks' virtual portfolio has earned over the past year. These portfolios are established based on the analyst's preliminary rating and are adjusted according to the changes in the rating. TipRanks provides a ranking of each analyst up to 5 stars, which is representative of all recommendations from the analyst. An analyst's past performance is evaluated on a scale of 1 to 5 stars, with more stars indicating better performance. The star level is determined by his/her total success rate and average return. Use the share button in your browser  to share the page with your friends",https://news.futunn.com/en/post/72826349/jp-morgan-initiates-general-motors-gmus-with-buy-rating-announces?level=1&data_ticket=1778464994896626
JPM,Advisers urge JP Morgan investors to vote to split chair and CEO positions - The Guardian,2026-05-10 12:01:00,"SS and Glass Lewis back shareholder resolution amid fears over power wielded by Jamie Dimon, who holds both roles Investors in JP Morgan have been urged to vote in favour of splitting the role of chief executive and chair at America’s largest bank, amid concerns over the power wielded by its billionaire boss Jamie Dimon. ISS and Glass Lewis, which issue advice to some of the world’s biggest fund managers on how to vote at annual investor meetings, have thrown their weight behind a shareholder resolution that would ensure two separate people hold the office of chair and chief executive “as soon as possible”. Investors are due to vote on the resolution at the bank’s annual general meeting on 19 May. Dimon, who is worth an estimated $2.6bn (£1.9bn), has held the dual role for two decades. Holding the two most senior roles in a company is widely frowned upon in corporate governance circles, particularly in Europe, but not banned. “The size and complexity of JP Morgan suggests that it is difficult for any one person to run both the company and the board,” ISS said in its shareholder report. “The board is responsible for overseeing management and instilling accountability, and conflicts of interest may arise when one person holds both the chairman and CEO positions, thereby leading both the management team and the board which oversees it,” ISS said. “Effective board oversight may be enhanced by independent leadership.” Glass Lewis said that an independent chair would be “better able to oversee the executives of the company and set a pro-shareholder agenda.” The guidance has put the proxy advisers on a collision course with Dimon, who has held the chief executive and chair roles at JP Morgan since 2005 and 2006, respectively. The two firms have long been in Dimon’s crosshairs. He has accused Glass Lewis and ISS of having too much sway over shareholders, particularly when it comes to social and environmental issues. Dimon – seen as the world’s most powerful banker – has also taken a patriotic stance, highlighting that neither firm is American-owned. Glass Lewis and ISS are owned by Canadian and German firms, respectively. The battle has also made its way to the White House. Trump in December signed an executive order aimed at reining in Glass Lewis and ISS, which he claimed were using their power “to advance and prioritise radical politically motivated agendas”. JP Morgan (JPM) has since shunned their use at its asset management arm, which is instead using its own internal AI-powered platform to help decide how to vote at the annual general meetings of companies held in its portfolios, according to the Wall Street Journal. JP Morgan is urging investors to oppose the shareholder proposal – brought by an individual retail investor – to split the chair and chief executive roles, and has written public letters to  Glass Lewis and ISS urging them to overturn their recommendations. The bank said there was no evidence that companies with independent chairs performed any better than rivals, adding that any suggestions an independent chair would be better at overseeing executives and setting a pro-shareholder agenda “omits any reference to or consideration of JPM’s strong record of absolute and relative outperformance versus peers”. The proposal revives a long-running debate over whether board independence is compromised by combining the roles, which are typically split at companies across Europe. While JP Morgan’s board has said they intend to separate the two roles after Dimon steps down, ISS said there was “a clear possibility” he would stay on as chair, meaning the effectiveness of any lead independent board member would be overshadowed. The bank said in its correspondence with Glass Lewis that the proxy adviser was looking to “undercut the flexibility the JPM board needs to design a leadership structure that enables orderly transition during management succession events, which does not promote shareholders’ interest”. The bank said the current leadership structure “has overseen long-term, strong financial performance and continued, meaningful progress against key initiatives and effective execution on strategic priorities. “We believe that these results are tangible evidence of the board’s commitment to shareholder interests.” A spokesperson for JP Morgan said the bank did not have any further comment.",https://www.theguardian.com/business/2026/may/10/advisers-urge-jp-morgan-investors-to-vote-to-split-chair-and-ceo-positions
JPM,I worked at McKinsey and JPMorgan before moving to Spain to teach. Here's why the corporate world was a necessary step. - Business Insider,2026-05-10 11:17:00,"This as-told-to is based on a conversation with Victoria Yorio, 26, a teaching assistant with NALCAP in Madrid, Spain. Business Insider has confirmed her previous employment at McKinsey and JPMorgan. The conversation has been edited for length and clarity. Growing up in a very blue-collar community — my dad is a police officer, my mom worked in admin, my grandpa did construction, my grandma was at Walmart — I never expected my journey to pan out the way it did. The corporate world I entered was uncharted territory. I've been a go-getter perfectionist since high school, when I'd get 100 on tests and still do extra credit. I graduated from George Washington University in three years, with a degree in international affairs and minor in Arabic, which I'd heard was one of the hardest languages to learn. I landed my first full-time job at USAID, working remotely and living at home in New Jersey because of the pandemic. The work was interesting, but the salary was low, and I had student loans. I wanted the autonomy to move out of my parents' house and to build more generalist skills, and I didn't want to choose whether to go out to dinner or pay my phone bill. Some kids spent all of college preparing for consulting recruiting, but I didn't even know what a consultant was when I was an undergrad. It felt like a pragmatic career path, though, so I applied to McKinsey and landed a role as an analyst in Dallas. The job came with a good salary, but also a lot of travel and personal sacrifice. I realized in two years that it wasn't the lifestyle for me, though I really appreciated the experience, and I would do it all over again. I knew I wanted to do something similar, and learned through networking that internal consulting at a big company could be a good fit. A recruiter at JPMorgan responded to a LinkedIn message, and I joined as a strategy associate in New York City. The hours were better than McKinsey, since I usually worked 9:00 am to 6:00 pm and made six figures. For the first time, I had a chance to think about what I wanted from my life. I had hustled since high school, and I won the prize: a good job, a studio in Manhattan, nights at restaurants and cool DJs, and travel. But I felt empty and unfulfilled. At first, I thought I was struggling to adjust to New York. I went to meet-up events, tried volleyball and yoga and stand-up comedy, but something wasn't clicking. My definition of success crumbled — I had reached it by 25 and didn't feel any joy. I realized I didn't know who I was outside of a job title or aiming for a goal. The problem wasn't JPMorgan; I think I could have worked anywhere and reached the same conclusion. One mentor asked me, ""What would be the most rebellious thing you could do in your life right now?"" I immediately said I'd quit my job to move to Spain and teach English. She asked why I wouldn't do it, and I said because it was stupid, crazy — not me. But I found a program and applied to scratch an itch, not because I thought I'd go. The time crept up to decide about the program, so I talked to my boss, who asked if I'd regret not going. She was very supportive, and so was her boss when I handed in my two weeks' notice. People don't talk about how hard it is to leave a job that's good to you. Yet by the middle of September last year, I was on my way to Madrid. I went into full consultant mode when I arrived in Spain, finding an apartment in four days and negotiating the rent. I've been teaching English to sixth graders preparing for their Cambridge Certificates, a language test, and I can see the progress right before my eyes. After the six figures I made at JPMorgan, I'm now paid a €1,000 monthly stipend. It's a pretty tight budget compared to what I'm used to in America, and I've had to dip into my savings to create a lifestyle I enjoy. Having a financial safety net has given me the comfort to take this leap, since I built financial leverage when I was younger. It's easy to say, ""just follow your passion,"" but I don't recommend doing that without building leverage first. It would be irresponsible to ignore how important financial stability and a professional network are to charting your own course. I used to be obsessed with doing the hardest thing and being the best, but at this point, I just want to do something purpose-driven. I've started posting about my journey online, and I've gotten an overwhelming response, so maybe I'll pivot to coaching. Before coming to Spain, I drafted five- and ten-year plans. Now, it's a one-year plan. Where do I want to be next year? What do I think will make me happy next year? For the first time in my life, I'm okay not having all the answers mapped out. Every time  publishes a story, you’ll get an alert straight to your inbox! Look out for an alert in your inbox the next time  publishes a story! Every time a new  story is published, you’ll get an alert straight to your inbox! Look out for an alert in your inbox the next time a new  story is published! By clicking “Sign up”, you agree to receive emails from Business Insider. In addition, you accept Insider’s
        Terms of Service and
        Privacy Policy.",https://www.businessinsider.com/quit-mckinsey-jpmorgan-teach-spain-corporate-salary-regret-2026-5
JPM,JPMorgan Chase & Co. $JPM Shares Acquired by Vest Financial LLC - MarketBeat,2026-05-10 11:02:49,"Vest Financial LLC grew its stake in  JPMorgan Chase & Co. (NYSE:JPM - Free Report) by 6.3% during the fourth quarter, according to the company in its most recent 13F filing with the SEC. The institutional investor  owned 220,531 shares of the financial services provider's stock after purchasing an additional 13,061 shares during the quarter. JPMorgan Chase & Co. makes up  approximately  0.9% of Vest Financial LLC's holdings, making the stock its 15th biggest holding. Vest Financial LLC's holdings in JPMorgan Chase & Co. were worth $71,059,000 at the end of the most recent reporting period. Other institutional investors have also modified their holdings of the company. Mountain Hill Investment Partners Corp. acquired a new stake in shares of  JPMorgan Chase & Co. in the 3rd quarter valued at about $32,000.  Turning Point Benefit Group Inc. acquired a new stake in shares of  JPMorgan Chase & Co. in the 3rd quarter valued at about $35,000.  Miller Global Investments LLC bought a new stake in shares of  JPMorgan Chase & Co. during the 4th quarter valued at about $52,000.  Collier Financial bought a new stake in shares of  JPMorgan Chase & Co. during the 3rd quarter valued at about $60,000.  Finally, Nvest Wealth Strategies Inc. bought a new stake in shares of  JPMorgan Chase & Co. during the 4th quarter valued at about $62,000. Institutional investors and hedge funds own  71.55% of the company's stock. Here are the key news stories impacting JPMorgan Chase & Co. this week: A number of brokerages recently weighed in on JPM. Daiwa Securities Group lowered their price objective on shares of JPMorgan Chase & Co. from $340.00 to $328.00 and set an ""outperform"" rating for the company in a research report on Tuesday, April 7th. Freedom Capital raised shares of JPMorgan Chase & Co. to a ""hold"" rating in a research report on Wednesday, January 14th. HSBC boosted their price objective on shares of JPMorgan Chase & Co. from $288.00 to $312.00 and gave the company a ""hold"" rating in a research report on Monday, May 4th. Evercore boosted their price objective on shares of JPMorgan Chase & Co. from $320.00 to $340.00 and gave the company an ""outperform"" rating in a research report on Friday, April 17th. Finally, Truist Financial boosted their price objective on shares of JPMorgan Chase & Co. from $323.00 to $332.00 and gave the company a ""hold"" rating in a research report on Wednesday, April 15th. Fifteen investment analysts have rated the stock with a Buy rating and fifteen have issued  a Hold rating to the stock. According to data from MarketBeat, the stock  has a consensus rating of ""Moderate Buy"" and an average price target of $338.12. Shares of NYSE:JPM opened at $301.93 on Friday. The firm's 50 day moving average is $299.69 and its two-hundred day moving average is $307.26. The firm has a market capitalization of $809.04 billion, a P/E ratio of 14.46, a PEG ratio of 1.47 and a beta of 1.03. The company has a current ratio of 0.86, a quick ratio of 0.85 and a debt-to-equity ratio of 1.30. JPMorgan Chase & Co. has a 52 week low of $252.34 and a 52 week high of $337.25. JPMorgan Chase & Co. (NYSE:JPM - Get Free Report) last released its quarterly earnings results on Tuesday, April 14th. The financial services provider reported $5.94 earnings per share for the quarter, beating analysts' consensus estimates of $5.50 by $0.44. The company had revenue of $50.54 billion for the quarter, compared to analysts' expectations of $48.30 billion. JPMorgan Chase & Co. had a return on equity of 17.54% and a net margin of 20.66%.The business's revenue for the quarter was up 10.0% compared to the same quarter last year. During the same quarter in the previous year, the company posted $5.07 earnings per share.  Analysts anticipate that  JPMorgan Chase & Co. will post 22.42 earnings per share for the current year. The firm also recently declared a quarterly dividend, which was paid on Thursday, April 30th. Stockholders of record on Monday, April 6th were issued a dividend of $1.50 per share. This represents a $6.00 dividend on an annualized basis and a dividend yield of 2.0%. The ex-dividend date of this dividend was Monday, April 6th. JPMorgan Chase & Co.'s payout ratio is 28.74%. In other news, CEO Troy L. Rohrbaugh sold 50,000 shares of JPMorgan Chase & Co. stock in a transaction that occurred on Thursday, February 19th. The stock was sold at an average price of $307.11, for a total transaction of $15,355,500.00. Following the sale, the chief executive officer owned 111,279 shares of the company's stock, valued at approximately $34,174,893.69. The trade was a 31.00% decrease in their ownership of the stock. The transaction was disclosed in a filing with the SEC, which is accessible through the SEC website. Also, insider Robin Leopold sold 433 shares of JPMorgan Chase & Co. stock in a transaction that occurred on Monday, March 23rd. The shares were sold at an average price of $295.06, for a total value of $127,760.98. Following the sale, the insider directly owned 64,920 shares in the company, valued at approximately $19,155,295.20. This trade represents a 0.66% decrease in their position. Additional details regarding this sale are available in the official SEC disclosure. In the last 90 days, insiders have sold 79,849 shares of company stock valued at $24,522,956. Company insiders own  0.41% of the company's stock. JPMorgan Chase & Co NYSE: JPM is a diversified global financial services firm headquartered in New York City. The company provides a wide range of banking and financial products and services to consumers, small businesses, corporations, governments and institutional investors worldwide. Its operations span retail banking, commercial lending, investment banking, asset management, payments and card services, and treasury and securities services. The firm's principal business activities are organized across several core lines: Consumer & Community Banking, which offers deposit accounts, mortgages, auto loans, credit cards and branch and digital banking under the Chase brand; Corporate & Investment Banking, which provides capital markets, advisory, underwriting, trading and risk management services; Commercial Banking, delivering lending, treasury and capital solutions to middle-market and corporate clients; and Asset & Wealth Management, which offers investment management, private banking and retirement services to institutions and high-net-worth individuals. This instant news alert was generated by narrative science technology and financial data from MarketBeat in order to provide readers with the fastest reporting and unbiased coverage. Please send any questions or comments about this story to contact@marketbeat.com. Before you consider JPMorgan Chase & Co., you'll want to hear this. MarketBeat keeps track of Wall Street's top-rated and best performing research analysts and the stocks they recommend to their clients on a daily basis. MarketBeat has identified the five stocks that top analysts are quietly whispering to their clients to buy now before the broader market catches on... and JPMorgan Chase & Co. wasn't on the list. While JPMorgan Chase & Co. currently has a Moderate Buy rating among analysts, top-rated analysts believe these five stocks are better buys. Looking to profit from the electric vehicle mega-trend? Click the link to see our list of which EV stocks show the most long-term potential. Sign up for MarketBeat All Access to gain access to MarketBeat's full suite of research tools. 345 N Reid Place, Suite 620, Sioux Falls, SD 57103
                                        
                                        contact@marketbeat.com
                                        
                                        (844) 978-6257 © MarketBeat Media, LLC 2010-2026. All rights reserved. © 2026   Fair market value prices are updated every minute and are provided by Massive. Other market data provided is at least 10-minutes delayed and hosted by Barchart Solutions.  Information is provided 'as-is' and solely for informational purposes, not for trading purposes or advice, and is delayed. To see all exchange delays and terms of use please see Barchart's disclaimer. We and our partners share information on your use of this website to help improve your experience. For more information, or to opt out click the Do Not Sell My Information button below.",https://www.marketbeat.com/instant-alerts/filing-jpmorgan-chase-co-jpm-shares-acquired-by-vest-financial-llc-2026-05-10/
JPM,(JPM) Movement Within Algorithmic Entry Frameworks - Stock Traders Daily,2026-05-10 09:42:01,"Our AI models have generated three distinct trading strategies tailored to different risk profiles and holding periods. Each strategy incorporates sophisticated risk management parameters designed to optimize position sizing and minimize drawdown risk. Blue = Current Price
Red = Resistance
Green = Support Instant access — no password needed Get institutional-grade analysis with API integration and custom risk models. You're about to add JPM to your personalized dashboard for ongoing analysis and alerts. To access your My Stocks dashboard and receive personalized analysis, you'll need to create a free account. © 2025 Stock Traders Daily - Quantitative Research Division. All rights reserved. | 📚 Full News Archive | 🍁 Canada Edition | 🇬🇧 UK Edition | 🌐 Crypto Edition",https://news.stocktradersdaily.com/news_release/20/JPM_Movement_Within_Algorithmic_Entry_Frameworks_051026094201_1778420521.html
JPM,"GC Wealth Management RIA LLC Sells 25,697 Shares of JPMorgan Chase & Co. $JPM - MarketBeat",2026-05-10 08:46:11,"GC Wealth Management RIA LLC trimmed its holdings in shares of  JPMorgan Chase & Co. (NYSE:JPM - Free Report) by 33.9% during the 4th quarter, according to the company in its most recent filing with the Securities and Exchange Commission. The fund owned 50,107 shares of the financial services provider's stock after selling 25,697 shares during the period. JPMorgan Chase & Co. makes up  about  0.6% of GC Wealth Management RIA LLC's investment portfolio, making the stock its 26th largest holding. GC Wealth Management RIA LLC's holdings in JPMorgan Chase & Co. were worth $16,145,000 at the end of the most recent quarter. Other institutional investors and hedge funds have also modified their holdings of the company. Rachor Investment Advisory Services LLC purchased a new position in shares of  JPMorgan Chase & Co. in the fourth quarter worth $309,000.  Bogart Wealth LLC boosted its position in shares of  JPMorgan Chase & Co. by 0.4% during the fourth quarter. Bogart Wealth LLC now owns 35,233 shares of the financial services provider's stock valued at $11,353,000 after buying an additional 128 shares during the last quarter.  DMKC Advisory Services LLC boosted its position in shares of  JPMorgan Chase & Co. by 8.6% during the fourth quarter. DMKC Advisory Services LLC now owns 12,378 shares of the financial services provider's stock valued at $3,988,000 after buying an additional 983 shares during the last quarter.  Barnes Pettey Financial Advisors LLC increased its holdings in  JPMorgan Chase & Co. by 0.6% in the 4th quarter. Barnes Pettey Financial Advisors LLC now owns 6,154 shares of the financial services provider's stock worth $1,983,000 after buying an additional 39 shares in the last quarter.  Finally, Turning Point Benefit Group Inc. increased its holdings in  JPMorgan Chase & Co. by 157.1% in the 4th quarter. Turning Point Benefit Group Inc. now owns 288 shares of the financial services provider's stock worth $93,000 after buying an additional 176 shares in the last quarter. Institutional investors own  71.55% of the company's stock. Here are the key news stories impacting JPMorgan Chase & Co. this week: Several research firms have issued reports on JPM. Zacks Research cut shares of JPMorgan Chase & Co. from a ""strong-buy"" rating to a ""hold"" rating in a research note on Wednesday, April 8th. CICC Research initiated coverage on shares of JPMorgan Chase & Co. in a report on Wednesday, January 14th. They set an ""outperform"" rating and a $355.00 price objective for the company. Truist Financial increased their price objective on shares of JPMorgan Chase & Co. from $323.00 to $332.00 and gave the company a ""hold"" rating in a research report on Wednesday, April 15th. UBS Group dropped their target price on shares of JPMorgan Chase & Co. from $380.00 to $375.00 in a report on Wednesday. Finally, Freedom Capital raised shares of JPMorgan Chase & Co. to a ""hold"" rating in a research report on Wednesday, January 14th. Fifteen investment analysts have rated the stock with a Buy rating and fifteen have assigned  a Hold rating to the stock. According to MarketBeat, the stock currently has a consensus rating of ""Moderate Buy"" and an average target price of $338.12. Shares of NYSE:JPM opened at $301.93 on Friday. The company has a quick ratio of 0.85, a current ratio of 0.86 and a debt-to-equity ratio of 1.30. The stock has a market capitalization of $809.04 billion, a PE ratio of 14.46, a price-to-earnings-growth ratio of 1.47 and a beta of 1.03. The firm's 50 day moving average price is $299.69 and its 200-day moving average price is $307.26. JPMorgan Chase & Co. has a twelve month low of $252.34 and a twelve month high of $337.25. JPMorgan Chase & Co. (NYSE:JPM - Get Free Report) last announced its earnings results on Tuesday, April 14th. The financial services provider reported $5.94 earnings per share (EPS) for the quarter, beating the consensus estimate of $5.50 by $0.44. JPMorgan Chase & Co. had a net margin of 20.66% and a return on equity of 17.54%. The company had revenue of $50.54 billion during the quarter, compared to analyst estimates of $48.30 billion. During the same period in the previous year, the business posted $5.07 earnings per share. The firm's quarterly revenue was up 10.0% compared to the same quarter last year.  Equities research analysts expect that  JPMorgan Chase & Co. will post 22.42 EPS for the current year. The firm also recently disclosed a quarterly dividend, which was paid on Thursday, April 30th. Stockholders of record on Monday, April 6th were given a dividend of $1.50 per share. The ex-dividend date of this dividend was Monday, April 6th. This represents a $6.00 dividend on an annualized basis and a dividend yield of 2.0%. JPMorgan Chase & Co.'s payout ratio is presently 28.74%. In related news, General Counsel Stacey Friedman sold 3,404 shares of JPMorgan Chase & Co. stock in a transaction on Tuesday, February 17th. The stock was sold at an average price of $306.40, for a total transaction of $1,042,985.60. Following the transaction, the general counsel directly owned 61,949 shares in the company, valued at approximately $18,981,173.60. The trade was a 5.21% decrease in their ownership of the stock. The transaction was disclosed in a document filed with the Securities & Exchange Commission, which is accessible through the SEC website. Also, COO Jennifer Piepszak sold 4,919 shares of the business's stock in a transaction dated Tuesday, May 5th. The shares were sold at an average price of $309.42, for a total value of $1,522,036.98. Following the sale, the chief operating officer directly owned 85,082 shares of the company's stock, valued at $26,326,072.44. This represents a 5.47% decrease in their position. The disclosure for this sale is available in the SEC filing. The transaction was executed under a pre-arranged Rule 10b5-1 trading plan. Over the last 90 days, insiders have sold 79,849 shares of company stock worth $24,522,956. Company insiders own  0.41% of the company's stock. JPMorgan Chase & Co NYSE: JPM is a diversified global financial services firm headquartered in New York City. The company provides a wide range of banking and financial products and services to consumers, small businesses, corporations, governments and institutional investors worldwide. Its operations span retail banking, commercial lending, investment banking, asset management, payments and card services, and treasury and securities services. The firm's principal business activities are organized across several core lines: Consumer & Community Banking, which offers deposit accounts, mortgages, auto loans, credit cards and branch and digital banking under the Chase brand; Corporate & Investment Banking, which provides capital markets, advisory, underwriting, trading and risk management services; Commercial Banking, delivering lending, treasury and capital solutions to middle-market and corporate clients; and Asset & Wealth Management, which offers investment management, private banking and retirement services to institutions and high-net-worth individuals. This instant news alert was generated by narrative science technology and financial data from MarketBeat in order to provide readers with the fastest reporting and unbiased coverage. Please send any questions or comments about this story to contact@marketbeat.com. Before you consider JPMorgan Chase & Co., you'll want to hear this. MarketBeat keeps track of Wall Street's top-rated and best performing research analysts and the stocks they recommend to their clients on a daily basis. MarketBeat has identified the five stocks that top analysts are quietly whispering to their clients to buy now before the broader market catches on... and JPMorgan Chase & Co. wasn't on the list. While JPMorgan Chase & Co. currently has a Moderate Buy rating among analysts, top-rated analysts believe these five stocks are better buys. Click the link to see MarketBeat's guide to investing in 5G and which 5G stocks show the most promise. Sign up for MarketBeat All Access to gain access to MarketBeat's full suite of research tools. 345 N Reid Place, Suite 620, Sioux Falls, SD 57103
                                        
                                        contact@marketbeat.com
                                        
                                        (844) 978-6257 © MarketBeat Media, LLC 2010-2026. All rights reserved. © 2026   Fair market value prices are updated every minute and are provided by Massive. Other market data provided is at least 10-minutes delayed and hosted by Barchart Solutions.  Information is provided 'as-is' and solely for informational purposes, not for trading purposes or advice, and is delayed. To see all exchange delays and terms of use please see Barchart's disclaimer. We and our partners share information on your use of this website to help improve your experience. For more information, or to opt out click the Do Not Sell My Information button below.",https://www.marketbeat.com/instant-alerts/filing-gc-wealth-management-ria-llc-sells-25697-shares-of-jpmorgan-chase-co-jpm-2026-05-10/
JPM,JPMorgan Chase & Co. $JPM Shares Purchased by Keybank National Association OH - MarketBeat,2026-05-10 08:46:10,"Keybank National Association OH raised its stake in shares of  JPMorgan Chase & Co. (NYSE:JPM) by 7.7% during the 4th quarter, according to the company in its most recent Form 13F filing with the Securities & Exchange Commission. The fund owned 1,799,357 shares of the financial services provider's stock after purchasing an additional 128,613 shares during the period. JPMorgan Chase & Co. accounts for  2.1% of Keybank National Association OH's portfolio, making the stock its 10th largest holding. Keybank National Association OH owned 0.07% of JPMorgan Chase & Co. worth $579,789,000 as of its most recent filing with the Securities & Exchange Commission. Other institutional investors also recently modified their holdings of the company. Howard Capital Management Inc. lifted its position in shares of  JPMorgan Chase & Co. by 18.2% during the 4th quarter. Howard Capital Management Inc. now owns 25,784 shares of the financial services provider's stock worth $8,308,000 after purchasing an additional 3,976 shares during the last quarter.  Andra AP fonden grew its holdings in  JPMorgan Chase & Co. by 3.2% in the 3rd quarter. Andra AP fonden now owns 107,700 shares of the financial services provider's stock valued at $33,972,000 after buying an additional 3,300 shares during the last quarter.  Newbridge Financial Services Group Inc. grew its holdings in  JPMorgan Chase & Co. by 51.7% in the 4th quarter. Newbridge Financial Services Group Inc. now owns 8,883 shares of the financial services provider's stock valued at $2,862,000 after buying an additional 3,027 shares during the last quarter.  Banco Santander S.A. increased its position in  JPMorgan Chase & Co. by 9.0% in the 3rd quarter. Banco Santander S.A. now owns 452,612 shares of the financial services provider's stock worth $142,767,000 after buying an additional 37,550 shares during the period.  Finally, Brighton Jones LLC increased its position in  JPMorgan Chase & Co. by 11.0% in the 4th quarter. Brighton Jones LLC now owns 48,732 shares of the financial services provider's stock worth $11,682,000 after buying an additional 4,841 shares during the period. Institutional investors own  71.55% of the company's stock. JPM opened at $301.93 on Friday. The stock has a market cap of $809.04 billion, a PE ratio of 14.46, a P/E/G ratio of 1.47 and a beta of 1.03. The company has a current ratio of 0.86, a quick ratio of 0.85 and a debt-to-equity ratio of 1.30. JPMorgan Chase & Co. has a 1 year low of $252.34 and a 1 year high of $337.25. The stock's 50 day simple moving average is $299.69 and its 200-day simple moving average is $307.26. JPMorgan Chase & Co. (NYSE:JPM - Get Free Report) last issued its earnings results on Tuesday, April 14th. The financial services provider reported $5.94 EPS for the quarter, topping the consensus estimate of $5.50 by $0.44. JPMorgan Chase & Co. had a return on equity of 17.54% and a net margin of 20.66%.The firm had revenue of $50.54 billion during the quarter, compared to analysts' expectations of $48.30 billion. During the same period last year, the business earned $5.07 earnings per share. JPMorgan Chase & Co.'s quarterly revenue was up 10.0% compared to the same quarter last year.  Sell-side analysts forecast that  JPMorgan Chase & Co. will post 22.42 EPS for the current year. The firm also recently disclosed a quarterly dividend, which was paid on Thursday, April 30th. Stockholders of record on Monday, April 6th were paid a $1.50 dividend. The ex-dividend date was Monday, April 6th. This represents a $6.00 dividend on an annualized basis and a dividend yield of 2.0%. JPMorgan Chase & Co.'s dividend payout ratio  is currently 28.74%. Several research firms have recently weighed in on JPM. CICC Research started coverage on JPMorgan Chase & Co. in a research report on Wednesday, January 14th. They issued an ""outperform"" rating and a $355.00 price objective for the company. Autonomous Res cut their target price on shares of JPMorgan Chase & Co. from $360.00 to $324.00 and set a ""neutral"" rating for the company in a research note on Monday, April 6th. Freedom Capital raised shares of JPMorgan Chase & Co. to a ""hold"" rating in a report on Wednesday, January 14th. Wall Street Zen upgraded shares of JPMorgan Chase & Co. from a ""sell"" rating to a ""hold"" rating in a research report on Sunday, January 18th. Finally, Evercore boosted their price objective on shares of JPMorgan Chase & Co. from $320.00 to $340.00 and gave the stock an ""outperform"" rating in a report on Friday, April 17th. Fifteen equities research analysts have rated the stock with a Buy rating and fifteen have given a Hold rating to the stock. According to MarketBeat.com, the stock  has a consensus rating of ""Moderate Buy"" and a consensus price target of $338.12. In other news, CFO Jeremy Barnum sold 5,611 shares of JPMorgan Chase & Co. stock in a transaction dated Wednesday, April 15th. The shares were sold at an average price of $306.55, for a total transaction of $1,720,052.05. Following the sale, the chief financial officer directly owned 35,460 shares in the company, valued at approximately $10,870,263. The trade was a 13.66% decrease in their position. The sale was disclosed in a legal filing with the Securities & Exchange Commission, which is accessible through the SEC website. The transaction was executed under a pre-arranged Rule 10b5-1 trading plan. Also, CEO Troy L. Rohrbaugh sold 50,000 shares of the company's stock in a transaction dated Thursday, February 19th. The shares were sold at an average price of $307.11, for a total transaction of $15,355,500.00. Following the completion of the sale, the chief executive officer directly owned 111,279 shares in the company, valued at approximately $34,174,893.69. The trade was a 31.00% decrease in their position. The SEC filing for this sale provides additional information. Insiders sold 79,849 shares of company stock worth $24,522,956 in the last ninety days. Company insiders own  0.41% of the company's stock. Here are the key news stories impacting JPMorgan Chase & Co. this week: JPMorgan Chase & Co NYSE: JPM is a diversified global financial services firm headquartered in New York City. The company provides a wide range of banking and financial products and services to consumers, small businesses, corporations, governments and institutional investors worldwide. Its operations span retail banking, commercial lending, investment banking, asset management, payments and card services, and treasury and securities services. The firm's principal business activities are organized across several core lines: Consumer & Community Banking, which offers deposit accounts, mortgages, auto loans, credit cards and branch and digital banking under the Chase brand; Corporate & Investment Banking, which provides capital markets, advisory, underwriting, trading and risk management services; Commercial Banking, delivering lending, treasury and capital solutions to middle-market and corporate clients; and Asset & Wealth Management, which offers investment management, private banking and retirement services to institutions and high-net-worth individuals. Want to see what other hedge funds are holding JPM? Visit HoldingsChannel.com to get the latest 13F filings and insider trades for JPMorgan Chase & Co. (NYSE:JPM - Free Report). This instant news alert was generated by narrative science technology and financial data from MarketBeat in order to provide readers with the fastest reporting and unbiased coverage. Please send any questions or comments about this story to contact@marketbeat.com. Before you consider JPMorgan Chase & Co., you'll want to hear this. MarketBeat keeps track of Wall Street's top-rated and best performing research analysts and the stocks they recommend to their clients on a daily basis. MarketBeat has identified the five stocks that top analysts are quietly whispering to their clients to buy now before the broader market catches on... and JPMorgan Chase & Co. wasn't on the list. While JPMorgan Chase & Co. currently has a Moderate Buy rating among analysts, top-rated analysts believe these five stocks are better buys. Nuclear energy is entering a new growth cycle as rising power demand, expanding data centers, and renewed policy support bring the sector back into focus. After strong gains in recent years, the most impactful phase of nuclear investment may still be ahead.

This report highlights seven nuclear energy stocks positioned across the value chain—combining near-term revenue with long-term upside as next-generation technologies scale. Click the link below to unlock the full list. Sign up for MarketBeat All Access to gain access to MarketBeat's full suite of research tools. 345 N Reid Place, Suite 620, Sioux Falls, SD 57103
                                        
                                        contact@marketbeat.com
                                        
                                        (844) 978-6257 © MarketBeat Media, LLC 2010-2026. All rights reserved. © 2026   Fair market value prices are updated every minute and are provided by Massive. Other market data provided is at least 10-minutes delayed and hosted by Barchart Solutions.  Information is provided 'as-is' and solely for informational purposes, not for trading purposes or advice, and is delayed. To see all exchange delays and terms of use please see Barchart's disclaimer. We and our partners share information on your use of this website to help improve your experience. For more information, or to opt out click the Do Not Sell My Information button below.",https://www.marketbeat.com/instant-alerts/filing-jpmorgan-chase-co-jpm-shares-purchased-by-keybank-national-association-oh-2026-05-10/
JPM,"Carrera Capital Advisors Acquires 14,304 Shares of JPMorgan Chase & Co. $JPM - MarketBeat",2026-05-10 07:47:48,"Carrera Capital Advisors raised its holdings in shares of  JPMorgan Chase & Co. (NYSE:JPM) by 247.9% in the 4th quarter, according to its most recent Form 13F filing with the Securities & Exchange Commission. The fund owned 20,073 shares of the financial services provider's stock after purchasing an additional 14,304 shares during the quarter. JPMorgan Chase & Co. accounts for about  1.1% of Carrera Capital Advisors' portfolio, making the stock its 20th largest position. Carrera Capital Advisors' holdings in JPMorgan Chase & Co. were worth $6,468,000 as of its most recent SEC filing. Several other institutional investors have also bought and sold shares of the business. AMG National Trust Bank lifted its position in  JPMorgan Chase & Co. by 1.8% during the fourth quarter. AMG National Trust Bank now owns 67,162 shares of the financial services provider's stock valued at $21,641,000 after purchasing an additional 1,199 shares during the last quarter.  Capital Developers LLC bought a new position in  JPMorgan Chase & Co. during the fourth quarter valued at $251,000.  Westhampton Capital LLC lifted its position in  JPMorgan Chase & Co. by 4.9% during the fourth quarter. Westhampton Capital LLC now owns 5,238 shares of the financial services provider's stock valued at $1,688,000 after purchasing an additional 247 shares during the last quarter.  Vest Financial LLC lifted its position in  JPMorgan Chase & Co. by 6.3% during the fourth quarter. Vest Financial LLC now owns 220,531 shares of the financial services provider's stock valued at $71,059,000 after purchasing an additional 13,061 shares during the last quarter.  Finally, KTF Investments LLC bought a new position in  JPMorgan Chase & Co. during the fourth quarter valued at $6,449,000. Institutional investors own  71.55% of the company's stock. JPM has been the subject of several research reports. The Goldman Sachs Group  set a $361.00 price objective on shares of JPMorgan Chase & Co. in a research report on Tuesday, April 14th. Royal Bank Of Canada  reiterated a ""buy"" rating on shares of JPMorgan Chase & Co. in a research report on Monday, May 4th. Keefe, Bruyette & Woods  reissued an ""outperform"" rating on shares of JPMorgan Chase & Co. in a research note on Tuesday, February 24th. DZ Bank  reissued a ""neutral"" rating on shares of JPMorgan Chase & Co. in a research note on Wednesday, April 15th. Finally, Freedom Capital raised shares of JPMorgan Chase & Co. to a ""hold"" rating in a research note on Wednesday, January 14th. Fifteen analysts have rated the stock with a Buy rating and fifteen have given a Hold rating to the company's stock. According to data from MarketBeat, the stock presently has an average rating of ""Moderate Buy"" and an average target price of $338.12. In related news, CFO Jeremy Barnum sold 5,611 shares of the firm's stock in a transaction dated Wednesday, April 15th. The shares were sold at an average price of $306.55, for a total value of $1,720,052.05. Following the transaction, the chief financial officer owned 35,460 shares of the company's stock, valued at $10,870,263. This trade represents a 13.66% decrease in their position. The transaction was disclosed in a filing with the SEC, which is accessible through the SEC website. The transaction was executed under a pre-arranged Rule 10b5-1 trading plan. Also, CEO Troy L. Rohrbaugh sold 50,000 shares of the firm's stock in a transaction dated Thursday, February 19th. The stock was sold at an average price of $307.11, for a total transaction of $15,355,500.00. Following the completion of the transaction, the chief executive officer directly owned 111,279 shares in the company, valued at $34,174,893.69. This represents a 31.00% decrease in their position. The SEC filing for this sale provides additional information. Insiders have sold a total of 79,849 shares of company stock worth $24,522,956 over the last ninety days. 0.41% of the stock is owned by insiders. Here are the key news stories impacting JPMorgan Chase & Co. this week: Shares of JPM opened at $301.93 on Friday. JPMorgan Chase & Co. has a twelve month low of $252.34 and a twelve month high of $337.25. The company has a market cap of $809.04 billion, a P/E ratio of 14.46, a P/E/G ratio of 1.47 and a beta of 1.03. The company has a current ratio of 0.86, a quick ratio of 0.85 and a debt-to-equity ratio of 1.30. The company's fifty day simple moving average is $299.69 and its 200-day simple moving average is $307.26. JPMorgan Chase & Co. (NYSE:JPM - Get Free Report) last announced its earnings results on Tuesday, April 14th. The financial services provider reported $5.94 earnings per share for the quarter, beating the consensus estimate of $5.50 by $0.44. JPMorgan Chase & Co. had a net margin of 20.66% and a return on equity of 17.54%. The business had revenue of $50.54 billion for the quarter, compared to the consensus estimate of $48.30 billion. During the same quarter in the prior year, the firm posted $5.07 earnings per share. The business's revenue for the quarter was up 10.0% on a year-over-year basis.  As a group, analysts expect that  JPMorgan Chase & Co. will post 22.42 EPS for the current year. The business also recently declared a quarterly dividend, which was paid on Thursday, April 30th. Investors of record on Monday, April 6th were paid a $1.50 dividend. This represents a $6.00 annualized dividend and a yield of 2.0%. The ex-dividend date of this dividend was Monday, April 6th. JPMorgan Chase & Co.'s dividend payout ratio (DPR) is currently 28.74%. JPMorgan Chase & Co NYSE: JPM is a diversified global financial services firm headquartered in New York City. The company provides a wide range of banking and financial products and services to consumers, small businesses, corporations, governments and institutional investors worldwide. Its operations span retail banking, commercial lending, investment banking, asset management, payments and card services, and treasury and securities services. The firm's principal business activities are organized across several core lines: Consumer & Community Banking, which offers deposit accounts, mortgages, auto loans, credit cards and branch and digital banking under the Chase brand; Corporate & Investment Banking, which provides capital markets, advisory, underwriting, trading and risk management services; Commercial Banking, delivering lending, treasury and capital solutions to middle-market and corporate clients; and Asset & Wealth Management, which offers investment management, private banking and retirement services to institutions and high-net-worth individuals. Want to see what other hedge funds are holding JPM? Visit HoldingsChannel.com to get the latest 13F filings and insider trades for JPMorgan Chase & Co. (NYSE:JPM - Free Report). This instant news alert was generated by narrative science technology and financial data from MarketBeat in order to provide readers with the fastest reporting and unbiased coverage. Please send any questions or comments about this story to contact@marketbeat.com. Before you consider JPMorgan Chase & Co., you'll want to hear this. MarketBeat keeps track of Wall Street's top-rated and best performing research analysts and the stocks they recommend to their clients on a daily basis. MarketBeat has identified the five stocks that top analysts are quietly whispering to their clients to buy now before the broader market catches on... and JPMorgan Chase & Co. wasn't on the list. While JPMorgan Chase & Co. currently has a Moderate Buy rating among analysts, top-rated analysts believe these five stocks are better buys. With the proliferation of data centers and electric vehicles, the electric grid will only get more strained. Download this report to learn how energy stocks can play a role in your portfolio as the global demand for energy continues to grow. Sign up for MarketBeat All Access to gain access to MarketBeat's full suite of research tools. 345 N Reid Place, Suite 620, Sioux Falls, SD 57103
                                        
                                        contact@marketbeat.com
                                        
                                        (844) 978-6257 © MarketBeat Media, LLC 2010-2026. All rights reserved. © 2026   Fair market value prices are updated every minute and are provided by Massive. Other market data provided is at least 10-minutes delayed and hosted by Barchart Solutions.  Information is provided 'as-is' and solely for informational purposes, not for trading purposes or advice, and is delayed. To see all exchange delays and terms of use please see Barchart's disclaimer. We and our partners share information on your use of this website to help improve your experience. For more information, or to opt out click the Do Not Sell My Information button below.",https://www.marketbeat.com/instant-alerts/filing-carrera-capital-advisors-acquires-14304-shares-of-jpmorgan-chase-co-jpm-2026-05-10/
JPM,"HY Energy Lawsuit Against JP Morgan, Citigroup Over $40 Million Frozen Transfer - News and Statistics - IndexBox",2026-05-10 00:20:00,"We use cookies to improve your experience and for marketing. Read our cookie policy or manage cookies. Search across reports, market insights, and blog stories. A Chinese fuel trader has initiated legal action against two major U.S. banks over blocked payments that occurred before the intended recipient faced sanctions. According to a report from Bloomberg, HY Energy, a regional fuel trading company based in eastern China, is suing JP Morgan and Citigroup. The lawsuits, filed separately in Shanghai and Beijing, allege that the banks failed to process and complete transfers totaling $40 million to China Oil and Petroleum Company Limited (COPC) in 2023. This transaction took place months before COPC was designated by the U.S. Department of the Treasury's Office of Foreign Assets Control (OFAC). COPC was sanctioned in February 2024 for acting as a front company for Iran's Islamic Revolutionary Guard Corps-Qods Force (IRGC-QF). OFAC stated that the Hong Kong-based entity was involved in selling hundreds of millions of dollars worth of Iranian commodities for the benefit of the IRGC-QF. HY Energy argues in its legal complaints that the timing of the unprocessed payments precedes the sanctions against COPC by several months, meaning there was no legal basis for blocking the funds at that time. The U.S. banks informed HY Energy in May 2024—after the sanctions were imposed—that the payments had been released to OFAC. The Chinese plaintiff contends that the banks should be held responsible for the financial losses incurred. The legal action comes amid heightened U.S.-China trade tensions. The U.S. recently escalated sanctions on Chinese companies purchasing Iranian oil by targeting Hengli Petrochemical, a major independent refiner. In response, China formally invoked its 2021 Blocking Rules for the first time earlier this week, issuing a prohibition order that instructs all entities operating within China to disregard and not implement U.S. sanctions placed on five targeted oil refineries. Understanding the Current State of The Market and its Prospects Choosing the Best Countries to Establish Your Sustainable Supply Chain The Largest Producers on The Market and Their Profiles Online access to 2M+ reports, dashboards, and tables. Trusted by Fortune 500 teams. IndexBox, Inc.
                            2093 Philadelphia Pike #1441
                            Claymont, DE 19703, USA",https://www.indexbox.io/blog/chinese-fuel-trader-sues-jp-morgan-and-citigroup-over-blocked-pre-sanction-payments/
JPM,Key facts: JPMorgan Seen Strong Financially; Assault Lawsuit Refiled - TradingView,2026-05-09 20:03:01,"Select market data provided by ICE Data Services. Select reference data provided by FactSet. Copyright © 2026 FactSet Research Systems Inc.Copyright © 2026, American Bankers Association. CUSIP Database provided by FactSet Research Systems Inc. All rights reserved. SEC fillings and other documents provided by Quartr.© 2026 TradingView, Inc.",https://www.tradingview.com/news/tradingview:afdb28b1b69fe:0-key-facts-jpmorgan-seen-strong-financially-assault-lawsuit-refiled/
JPM,JP Morgan Named Alphabet Its Top Pick for 2026. Here’s What the $460 Target Means for Investors - TIKR.com,2026-05-09 18:27:42,"Now Live: Discover how much upside your favorite stocks could have using TIKR’s new Valuation Model (It’s free) >>> Alphabet (GOOGL) crossed $400 for the first time this week, sitting at an all-time high roughly 10 days after its strongest earnings quarter in years. The Wall Street reaction has been one-sided. JP Morgan’s Doug Anmuth raised his target to $460 from $395 and called Alphabet the firm’s Top Overall Pick for 2026. Citizens Jmp set the Street-high target at $515. Mizuho maintained Outperform with a $460 target. More than 40 analysts raised their price targets following the report, per FactSet. The lone dissent: Freedom Broker downgraded GOOGL from Buy to Hold while still raising its target to $400, citing valuation stretch at record prices. That tension between the bulls and the holdouts is what makes the stock worth examining right now. Bulls point to 63% Cloud revenue growth and a backlog that nearly doubled in a single quarter. Bears point to free cash flow compression from surging capex and an NTM P/E of around 32x per TIKR. With Google I/O on May 19, 10 days away, the next catalyst is close. Anmuth described the Cloud backlog expansion as “the single-most impressive metric this earnings season thus far.” His core argument is that Alphabet has moved from AI experimentation to contracted AI revenue, and the market has not yet priced in the full earnings impact. The Q1 numbers back that up. Cloud operating margin expanded from 17.8% to 32.9% in a single year, per CFO Anat Ashkenazi on the April 29 earnings call. Revenue from Cloud products built on Gemini models grew “nearly 800% year-over-year,” per CEO Sundar Pichai. New customer acquisition doubled year-over-year, and the number of $100 million-to-$1 billion deals signed also doubled. Anmuth’s thesis is that these metrics drive both earnings revisions and multiple expansion from here. See historical and forward estimates for Alphabet stock (It’s free!) >>> Google Cloud’s committed future revenue nearly doubled sequentially to $462 billion at the end of Q1, per Ashkenazi. For context, Alphabet’s entire 2025 revenue was $402.8 billion per TIKR. More than half of the backlog is expected to convert to revenue within 24 months. Pichai was direct about the constraint: “We are compute-constrained in the near term. Our cloud revenue would have been higher if we were able to meet the demand.” That is why Alphabet raised its 2026 capex guidance to $180–$190 billion and flagged that 2027 capex will “significantly increase” from that level. The free cash flow picture reflects the investment: TIKR’s forward estimates show 2026 FCF at approximately $21 billion, down from $73.3 billion in 2025, before recovering to approximately $28 billion in 2027 and approximately $64 billion in 2028 as the infrastructure matures. The FCF trough is the bear argument, and it is real. The bull counter is that the $462 billion backlog makes the recovery trajectory visible. The AI chatbot disruption bear case took another hit in Q1. Search and Other revenue grew 19% to $60.4 billion, and search queries hit an all-time high, per Pichai. AI Overviews and AI Mode are pulling more queries rather than displacing them. Schindler said Gemini’s improved understanding now enables monetization of “longer, more complex searches that were previously really difficult to monetize,” pointing to upside in Alphabet’s ad coverage rate. The broader business adds context. Total paid subscriptions reached 350 million, driven by YouTube and Google One. Subscription, Platforms, and Devices revenue grew 19% to $12.4 billion. Subscriptions are growing faster than YouTube ads. Waymo surpassed 500,000 fully autonomous rides per week. These are not side businesses anymore. On valuation, per TIKR’s Competitors page, Alphabet trades at 9.49x NTM EV/Revenues and 19.96x NTM EV/EBITDA, compared to Meta Platforms at 5.89x and 10.25x, respectively. Alphabet carries a significant premium, but it reflects a business that spans enterprise cloud, consumer AI subscriptions, digital advertising, and autonomous vehicles, not just social media ads. See how Alphabet performs against its peers in TIKR (It’s free!) >>> See analysts’ growth forecasts and price targets for Alphabet stock (It’s free!) >>> The TIKR mid-case uses a revenue CAGR of around 15% and a net income margin of around 34% through 12/31/30, arriving at a target of approximately $610. That is around 53% above today’s price, or roughly 10% annualized. The two revenue drivers are Google Cloud, backed by a $462 billion backlog and constrained demand, and Search, which is accelerating as AI features drive query volume. The margin driver is Cloud’s operational leverage, which has already moved from 17.8% to 32.9% in a year and has further room as the backlog converts. The primary risk is FCF compression persisting longer than the model assumes. If capex overshoots and revenue growth stalls before the infrastructure matures, the current multiple contracts. The upside: Cloud momentum accelerates as capacity comes online, and FCF recovers sharply from 2028 onward. Street sentiment reflects conviction: 44 Buys, 13 Outperforms, 6 Holds, 2 No Opinions, 0 Underperforms, and 0 Sells per TIKR’s Street Targets page, with a mean target of $427.89. JP Morgan’s $460 implies they see further multiple expansion that the consensus has not priced in. The next catalyst is Google I/O on May 19, where Alphabet is expected to announce a next-generation Gemini model and new AI hardware. The number to watch is Gemini Enterprise’s paid monthly active user growth, which came in at 40% quarter-over-quarter in Q1. An acceleration going into Q2 validates the enterprise AI thesis. A deceleration gives the bears their argument. Alphabet has answered whether its AI investments are working. The question now is whether the $462 billion Cloud backlog, 19% Search growth, and 350 million paid subscribers justify buying at an all-time high. The TIKR mid-case says yes at around 10% annually through 2030. See what stocks billionaire investors are buying so you can follow the smart money with TIKR. The only way to really know is to look at the numbers yourself. TIKR gives you free access to the same institutional-quality financial data that professional analysts use to answer exactly that question. Pull up Alphabet, and you’ll see years of historical financials, what Wall Street analysts expect for revenue and earnings in the quarters ahead, how valuation multiples have moved over time, and whether price targets are trending up or down. You can build a free watchlist to track Alphabet alongside every other stock on your radar. No credit card required. Just the data you need to decide for yourself. Please note that the articles on TIKR are not intended to serve as investment or financial advice from TIKR or our content team, nor are they recommendations to buy or sell any stocks. We create our content based on TIKR Terminal’s investment data and analysts’ estimates. Our analysis might not include recent company news or important updates. TIKR has no position in any stocks mentioned. Thank you for reading, and happy investing! Join thousands of investors worldwide who use TIKR to supercharge their investment analysis. Micron Rose 38% This Week. Here's What the Math Says Now Wells Fargo Just Downgraded Nike. Is NKE a Buy at $44? Rackspace Stock Surged 55% After an AMD Deal and a Q1 Beat. Is the Rally Justified? Broadcom Stock Drops After OpenAI Deal Hits a Snag. Is the $100 Billion AI Story Still Intact? Apple Reported Its Best March Quarter Ever in Q2 2026. Here's What the New CEO Era Means for AAPL in 2026 Join thousands of investors worldwide who use TIKR to supercharge their investment analysis.",https://www.tikr.com/blog/jp-morgan-named-alphabet-its-top-pick-for-2026-heres-what-the-460-target-means-for-investors
JPM,How Investors Are Reacting To FactSet Research Systems (FDS) J.P. Morgan Collaboration And Dividend Increase - simplywall.st,2026-05-09 18:02:11,"Capitalize on the AI infrastructure supercycle with our selection of the 40 best 'picks and shovels' of the AI gold rush converting record-breaking demand into massive cash flow. To own FactSet, you generally need to believe its data platform will stay embedded in client workflows even as AI competition intensifies and banking budgets remain tight. The expanded J.P. Morgan Whole Portfolio Distribution rollout and the latest dividend increase both support the current narrative, but they do not fundamentally change the key near term catalyst, which is adoption of FactSet’s new AI and multi asset solutions, or the main risk from rising technology costs and potential AI driven pricing pressure. The Whole Portfolio Distribution launch with J.P. Morgan is the most relevant development here, because it speaks directly to FactSet’s catalyst of deeper workflow integration across asset classes and data sources. By automating data normalization and analytics for US$62,500 million in Assets under Analysis, this collaboration aligns with the push into enterprise level, AI enabled offerings that could offset pressures from slower price increases, higher cloud expenses and cautious spending at asset managers and banks. But while the product story is appealing, investors should also be aware that... Read the full narrative on FactSet Research Systems (it's free!) FactSet Research Systems' narrative projects $2.8 billion revenue and $712.8 million earnings by 2029. Uncover how FactSet Research Systems' forecasts yield a $252.44 fair value, a 13% upside to its current price. Some of the most bearish analysts were already assuming only about 4.5 percent annual revenue growth and earnings near US$666.2 million by 2028, so compared with the baseline narrative, their view of slower AI related adoption and margin strain is much more cautious and could shift again as these new J.P. Morgan and AI announcements play through. Explore 6 other fair value estimates on FactSet Research Systems - why the stock might be worth just $252.44! Don't just follow the ticker - dig into the data and build a conviction that's truly your own. Don't miss your shot at the next 10-bagger. Our latest stock picks just dropped: This article by Simply Wall St is general in nature. We provide commentary based on historical data
    and analyst forecasts only using an unbiased methodology and our articles are not intended to be financial advice. It does not constitute a recommendation to buy or sell any stock, and does not take account of your objectives, or your
    financial situation. We aim to bring you long-term focused analysis driven by fundamental data.
    Note that our analysis may not factor in the latest price-sensitive company announcements or qualitative material.
    Simply Wall St has no position in any stocks mentioned. Our new AI Stock Screener scans the market every day to uncover opportunities. • Dividend Powerhouses (3%+ Yield)• Undervalued Small Caps with Insider Buying• High growth Tech and AI CompaniesOr build your own from over 50 metrics. Have feedback on this article? Concerned about the content? Get in touch with us directly. Alternatively, email editorial-team@simplywallst.com Operates as a financial digital platform and enterprise solutions provider for the investment community. Financial Data provided by S&P Global Market Intelligence LLC, analysis provided by Simply Wall Street Pty Ltd. Copyright © 2026, S&P Global Market Intelligence LLC. All rights reserved. Simply Wall Street Pty Ltd (ACN 600 056 611), is a Corporate Authorised Representative (Authorised Representative Number: 467183) of Sanlam Private Wealth Pty Ltd (AFSL No. 337927). Any advice contained in this website is general advice only and has been prepared without considering your objectives, financial situation or needs. You should not rely on any advice and/or information contained in this website and before making any investment decision we recommend that you consider whether it is appropriate for your situation and seek appropriate financial, taxation and legal advice. Please read our Financial Services Guide before deciding whether to obtain financial services from us. © 2026 Simply Wall Street Pty Ltd, US Design Patent #29/544/281, Community and European Design Registration #2845206",https://simplywall.st/stocks/us/diversified-financials/nyse-fds/factset-research-systems/news/how-investors-are-reacting-to-factset-research-systems-fds-j
JPM,"JYJJ ETF Analysis: Dividends, Returns GETTEX:JYJJ - TradingView",2026-05-09 13:58:04,"Select market data provided by ICE Data Services. Select reference data provided by FactSet. Copyright © 2026 FactSet Research Systems Inc.Copyright © 2026, American Bankers Association. CUSIP Database provided by FactSet Research Systems Inc. All rights reserved. SEC fillings and other documents provided by Quartr.© 2026 TradingView, Inc.",https://www.tradingview.com/symbols/GETTEX-JYJJ/analysis/
JPM,Washington Capital Management Inc. Cuts Stock Position in JPMorgan Chase & Co. $JPM - MarketBeat,2026-05-09 11:20:00,"Washington Capital Management Inc. lessened its holdings in  JPMorgan Chase & Co. (NYSE:JPM) by 60.8% during the fourth quarter, according to the company in its most recent filing with the Securities and Exchange Commission. The firm owned 3,545 shares of the financial services provider's stock after selling 5,500 shares during the period. JPMorgan Chase & Co. comprises approximately  0.9% of Washington Capital Management Inc.'s holdings, making the stock its 16th biggest holding. Washington Capital Management Inc.'s holdings in JPMorgan Chase & Co. were worth $1,142,000 as of its most recent SEC filing. A number of other hedge funds have also made changes to their positions in the business. Mountain Hill Investment Partners Corp. purchased a new stake in  JPMorgan Chase & Co. during the 3rd quarter worth $32,000.  Turning Point Benefit Group Inc. purchased a new stake in  JPMorgan Chase & Co. during the 3rd quarter worth $35,000.  Miller Global Investments LLC purchased a new stake in  JPMorgan Chase & Co. during the 4th quarter worth $52,000.  Collier Financial purchased a new stake in  JPMorgan Chase & Co. during the 3rd quarter worth $60,000.  Finally, Nvest Wealth Strategies Inc. purchased a new stake in  JPMorgan Chase & Co. during the 4th quarter worth $62,000. Hedge funds and other institutional investors own  71.55% of the company's stock. In other JPMorgan Chase & Co. news, General Counsel Stacey Friedman sold 3,404 shares of the business's stock in a transaction dated Tuesday, February 17th. The shares were sold at an average price of $306.40, for a total transaction of $1,042,985.60. Following the sale, the general counsel directly owned 61,949 shares in the company, valued at approximately $18,981,173.60. The trade was a 5.21% decrease in their position. The transaction was disclosed in a filing with the Securities & Exchange Commission, which can be accessed through this link. Also, COO Jennifer Piepszak sold 4,919 shares of the business's stock in a transaction dated Tuesday, May 5th. The stock was sold at an average price of $309.42, for a total transaction of $1,522,036.98. Following the sale, the chief operating officer owned 85,082 shares in the company, valued at $26,326,072.44. This trade represents a 5.47% decrease in their ownership of the stock. Additional details regarding this sale are available in the official SEC disclosure. The transaction was executed under a pre-arranged Rule 10b5-1 trading plan. Insiders sold 79,849 shares of company stock worth $24,522,956 in the last three months. Insiders own  0.41% of the company's stock. JPM has been the subject of several research analyst reports. Keefe, Bruyette & Woods  reissued an ""outperform"" rating on shares of JPMorgan Chase & Co. in a research report on Tuesday, February 24th. Zacks Research downgraded shares of JPMorgan Chase & Co. from a ""strong-buy"" rating to a ""hold"" rating in a research report on Wednesday, April 8th. Truist Financial boosted their target price on shares of JPMorgan Chase & Co. from $323.00 to $332.00 and gave the stock a ""hold"" rating in a research report on Wednesday, April 15th. Freedom Capital raised shares of JPMorgan Chase & Co. to a ""hold"" rating in a research report on Wednesday, January 14th. Finally, Royal Bank Of Canada  reissued a ""buy"" rating on shares of JPMorgan Chase & Co. in a research report on Monday, May 4th. Fifteen analysts have rated the stock with a Buy rating and fifteen have issued  a Hold rating to the stock. Based on data from MarketBeat.com, the stock currently has a consensus rating of ""Moderate Buy"" and a consensus target price of $338.12. Here are the key news stories impacting JPMorgan Chase & Co. this week: NYSE JPM opened at $301.93 on Friday. JPMorgan Chase & Co. has a one year low of $252.34 and a one year high of $337.25. The company has a 50-day simple moving average of $299.69 and a 200-day simple moving average of $307.26. The company has a debt-to-equity ratio of 1.30, a quick ratio of 0.85 and a current ratio of 0.86. The firm has a market capitalization of $809.04 billion, a PE ratio of 14.46, a price-to-earnings-growth ratio of 1.49 and a beta of 1.03. JPMorgan Chase & Co. (NYSE:JPM - Get Free Report) last released its quarterly earnings results on Tuesday, April 14th. The financial services provider reported $5.94 EPS for the quarter, topping analysts' consensus estimates of $5.50 by $0.44. JPMorgan Chase & Co. had a net margin of 20.66% and a return on equity of 17.54%. The company had revenue of $50.54 billion for the quarter, compared to the consensus estimate of $48.30 billion. During the same period in the previous year, the firm earned $5.07 EPS. JPMorgan Chase & Co.'s revenue was up 10.0% on a year-over-year basis.  On average, equities analysts forecast that  JPMorgan Chase & Co. will post 22.42 earnings per share for the current year. The business also recently declared a quarterly dividend, which was paid on Thursday, April 30th. Shareholders of record on Monday, April 6th were given a dividend of $1.50 per share. This represents a $6.00 dividend on an annualized basis and a dividend yield of 2.0%. The ex-dividend date was Monday, April 6th. JPMorgan Chase & Co.'s payout ratio is 28.74%. JPMorgan Chase & Co NYSE: JPM is a diversified global financial services firm headquartered in New York City. The company provides a wide range of banking and financial products and services to consumers, small businesses, corporations, governments and institutional investors worldwide. Its operations span retail banking, commercial lending, investment banking, asset management, payments and card services, and treasury and securities services. The firm's principal business activities are organized across several core lines: Consumer & Community Banking, which offers deposit accounts, mortgages, auto loans, credit cards and branch and digital banking under the Chase brand; Corporate & Investment Banking, which provides capital markets, advisory, underwriting, trading and risk management services; Commercial Banking, delivering lending, treasury and capital solutions to middle-market and corporate clients; and Asset & Wealth Management, which offers investment management, private banking and retirement services to institutions and high-net-worth individuals. Want to see what other hedge funds are holding JPM? Visit HoldingsChannel.com to get the latest 13F filings and insider trades for JPMorgan Chase & Co. (NYSE:JPM - Free Report). This instant news alert was generated by narrative science technology and financial data from MarketBeat in order to provide readers with the fastest reporting and unbiased coverage. Please send any questions or comments about this story to contact@marketbeat.com. Before you consider JPMorgan Chase & Co., you'll want to hear this. MarketBeat keeps track of Wall Street's top-rated and best performing research analysts and the stocks they recommend to their clients on a daily basis. MarketBeat has identified the five stocks that top analysts are quietly whispering to their clients to buy now before the broader market catches on... and JPMorgan Chase & Co. wasn't on the list. While JPMorgan Chase & Co. currently has a Moderate Buy rating among analysts, top-rated analysts believe these five stocks are better buys. Discover the 10 Best High-Yield Dividend Stocks for 2026 and secure reliable income in uncertain markets. Download the report now to identify top dividend payers and avoid common yield traps. Sign up for MarketBeat All Access to gain access to MarketBeat's full suite of research tools. 345 N Reid Place, Suite 620, Sioux Falls, SD 57103
                                        
                                        contact@marketbeat.com
                                        
                                        (844) 978-6257 © MarketBeat Media, LLC 2010-2026. All rights reserved. © 2026   Fair market value prices are updated every minute and are provided by Massive. Other market data provided is at least 10-minutes delayed and hosted by Barchart Solutions.  Information is provided 'as-is' and solely for informational purposes, not for trading purposes or advice, and is delayed. To see all exchange delays and terms of use please see Barchart's disclaimer. We and our partners share information on your use of this website to help improve your experience. For more information, or to opt out click the Do Not Sell My Information button below.",https://www.marketbeat.com/instant-alerts/filing-washington-capital-management-inc-cuts-stock-position-in-jpmorgan-chase-co-jpm-2026-05-09/
JPM,How former JP Morgan banker ‘rehearsed’ sexual allegations against his boss by seeking ‘advice’ from an o - The Times of India,2026-05-09 10:46:00,"The TOI Tech Desk is a dedicated team of journalists committed to delivering the latest and most relevant news from the world of technology to readers of The Times of India. TOI Tech Desk’s news coverage spans a wide spectrum across gadget launches, gadget reviews, trends, in-depth analysis, exclusive reports and breaking stories that impact technology and the digital universe. Be it how-tos or the latest happenings in AI, cybersecurity, personal gadgets, platforms like WhatsApp, Instagram, Facebook and more; TOI Tech Desk brings the news with accuracy and authenticity.Read More We won't sell or share your personal information to inform the ads you see. You may still see interest-based ads if your information is sold or shared by other companies or was sold or shared previously.",https://timesofindia.indiatimes.com/technology/tech-news/how-the-former-jp-morgan-banker-rehearsed-sexual-allegations-against-his-boss-by-seeking-advice-from-an-online-legal-chatbot-chats-revealed/articleshow/130951471.cms
JPM,JEYE ETF Holdings List — DUS:JEYE - TradingView,2026-05-09 10:39:31,"Select market data provided by ICE Data Services. Select reference data provided by FactSet. Copyright © 2026 FactSet Research Systems Inc.Copyright © 2026, American Bankers Association. CUSIP Database provided by FactSet Research Systems Inc. All rights reserved. SEC fillings and other documents provided by Quartr.© 2026 TradingView, Inc.",https://www.tradingview.com/symbols/DUS-JEYE/holdings/
JPM,KTF Investments LLC Takes $6.45 Million Position in JPMorgan Chase & Co. $JPM - MarketBeat,2026-05-09 09:11:20,"KTF Investments LLC purchased a new stake in shares of  JPMorgan Chase & Co. (NYSE:JPM) during the 4th quarter, according to the company in its most recent disclosure with the SEC. The fund purchased 20,015 shares of the financial services provider's stock, valued at approximately $6,449,000. JPMorgan Chase & Co. accounts for approximately  1.1% of KTF Investments LLC's holdings, making the stock its 25th biggest holding. Other institutional investors have also recently made changes to their positions in the company. Mountain Hill Investment Partners Corp. purchased a new stake in shares of  JPMorgan Chase & Co. during the 3rd quarter valued at approximately $32,000.  Turning Point Benefit Group Inc. purchased a new stake in shares of  JPMorgan Chase & Co. during the 3rd quarter valued at approximately $35,000.  Miller Global Investments LLC purchased a new stake in shares of  JPMorgan Chase & Co. during the 4th quarter valued at approximately $52,000.  Collier Financial purchased a new stake in shares of  JPMorgan Chase & Co. during the 3rd quarter valued at approximately $60,000.  Finally, Nvest Wealth Strategies Inc. purchased a new stake in shares of  JPMorgan Chase & Co. during the 4th quarter valued at approximately $62,000. Hedge funds and other institutional investors own  71.55% of the company's stock. Shares of JPM stock opened at $301.93 on Friday. The company has a current ratio of 0.86, a quick ratio of 0.85 and a debt-to-equity ratio of 1.30. The firm has a fifty day moving average price of $299.69 and a 200 day moving average price of $307.26. The company has a market cap of $809.04 billion, a P/E ratio of 14.46, a PEG ratio of 1.49 and a beta of 1.03. JPMorgan Chase & Co. has a 12 month low of $252.34 and a 12 month high of $337.25. JPMorgan Chase & Co. (NYSE:JPM - Get Free Report) last issued its earnings results on Tuesday, April 14th. The financial services provider reported $5.94 EPS for the quarter, topping analysts' consensus estimates of $5.50 by $0.44. The firm had revenue of $50.54 billion during the quarter, compared to the consensus estimate of $48.30 billion. JPMorgan Chase & Co. had a net margin of 20.66% and a return on equity of 17.54%. The company's revenue was up 10.0% compared to the same quarter last year. During the same quarter in the previous year, the firm posted $5.07 earnings per share.  Sell-side analysts predict that  JPMorgan Chase & Co. will post 22.42 earnings per share for the current fiscal year. The business also recently declared a quarterly dividend, which was paid on Thursday, April 30th. Investors of record on Monday, April 6th were given a $1.50 dividend. The ex-dividend date of this dividend was Monday, April 6th. This represents a $6.00 dividend on an annualized basis and a yield of 2.0%. JPMorgan Chase & Co.'s payout ratio is 28.74%. Here are the key news stories impacting JPMorgan Chase & Co. this week: In other news, insider Robin Leopold sold 433 shares of the company's stock in a transaction dated Monday, March 23rd. The shares were sold at an average price of $295.06, for a total value of $127,760.98. Following the completion of the sale, the insider directly owned 64,920 shares of the company's stock, valued at approximately $19,155,295.20. This represents a 0.66% decrease in their ownership of the stock. The sale was disclosed in a filing with the Securities & Exchange Commission, which is accessible through this hyperlink. Also, General Counsel Stacey Friedman sold 3,404 shares of the company's stock in a transaction dated Tuesday, February 17th. The shares were sold at an average price of $306.40, for a total transaction of $1,042,985.60. Following the completion of the sale, the general counsel directly owned 61,949 shares of the company's stock, valued at $18,981,173.60. The trade was a 5.21% decrease in their ownership of the stock. Additional details regarding this sale are available in the official SEC disclosure. In the last ninety days, insiders sold 79,849 shares of company stock valued at $24,522,956. 0.41% of the stock is owned by insiders. A number of brokerages have issued reports on JPM. Zacks Research lowered JPMorgan Chase & Co. from a ""strong-buy"" rating to a ""hold"" rating in a research report on Wednesday, April 8th. UBS Group cut their target price on JPMorgan Chase & Co. from $380.00 to $375.00 in a research report on Wednesday. Piper Sandler boosted their target price on JPMorgan Chase & Co. from $325.00 to $345.00 and gave the company an ""overweight"" rating in a research report on Wednesday, April 15th. DZ Bank  reissued a ""neutral"" rating on shares of JPMorgan Chase & Co. in a research report on Wednesday, April 15th. Finally, Autonomous Res cut their target price on JPMorgan Chase & Co. from $360.00 to $324.00 and set a ""neutral"" rating on the stock in a research report on Monday, April 6th. Fifteen equities research analysts have rated the stock with a Buy rating and fifteen have given a Hold rating to the company. Based on data from MarketBeat, the stock presently has an average rating of ""Moderate Buy"" and a consensus price target of $338.12. JPMorgan Chase & Co NYSE: JPM is a diversified global financial services firm headquartered in New York City. The company provides a wide range of banking and financial products and services to consumers, small businesses, corporations, governments and institutional investors worldwide. Its operations span retail banking, commercial lending, investment banking, asset management, payments and card services, and treasury and securities services. The firm's principal business activities are organized across several core lines: Consumer & Community Banking, which offers deposit accounts, mortgages, auto loans, credit cards and branch and digital banking under the Chase brand; Corporate & Investment Banking, which provides capital markets, advisory, underwriting, trading and risk management services; Commercial Banking, delivering lending, treasury and capital solutions to middle-market and corporate clients; and Asset & Wealth Management, which offers investment management, private banking and retirement services to institutions and high-net-worth individuals. Want to see what other hedge funds are holding JPM? Visit HoldingsChannel.com to get the latest 13F filings and insider trades for JPMorgan Chase & Co. (NYSE:JPM - Free Report). This instant news alert was generated by narrative science technology and financial data from MarketBeat in order to provide readers with the fastest reporting and unbiased coverage. Please send any questions or comments about this story to contact@marketbeat.com. Before you consider JPMorgan Chase & Co., you'll want to hear this. MarketBeat keeps track of Wall Street's top-rated and best performing research analysts and the stocks they recommend to their clients on a daily basis. MarketBeat has identified the five stocks that top analysts are quietly whispering to their clients to buy now before the broader market catches on... and JPMorgan Chase & Co. wasn't on the list. While JPMorgan Chase & Co. currently has a Moderate Buy rating among analysts, top-rated analysts believe these five stocks are better buys. Click the link to see MarketBeat's guide to investing in 5G and which 5G stocks show the most promise. Sign up for MarketBeat All Access to gain access to MarketBeat's full suite of research tools. 345 N Reid Place, Suite 620, Sioux Falls, SD 57103
                                        
                                        contact@marketbeat.com
                                        
                                        (844) 978-6257 © MarketBeat Media, LLC 2010-2026. All rights reserved. © 2026   Fair market value prices are updated every minute and are provided by Massive. Other market data provided is at least 10-minutes delayed and hosted by Barchart Solutions.  Information is provided 'as-is' and solely for informational purposes, not for trading purposes or advice, and is delayed. To see all exchange delays and terms of use please see Barchart's disclaimer. We and our partners share information on your use of this website to help improve your experience. For more information, or to opt out click the Do Not Sell My Information button below.",https://www.marketbeat.com/instant-alerts/filing-ktf-investments-llc-takes-645-million-position-in-jpmorgan-chase-co-jpm-2026-05-09/
JPM,Mitsubishi UFJ Trust & Banking Corp Has $446.43 Million Holdings in JPMorgan Chase & Co. $JPM - MarketBeat,2026-05-09 09:11:20,"Mitsubishi UFJ Trust & Banking Corp increased its stake in  JPMorgan Chase & Co. (NYSE:JPM) by 3.9% in the 4th quarter, according to the company in its most recent 13F filing with the Securities and Exchange Commission. The fund owned 1,385,398 shares of the financial services provider's stock after buying an additional 52,437 shares during the quarter. JPMorgan Chase & Co. makes up   1.1% of Mitsubishi UFJ Trust & Banking Corp's holdings, making the stock its 11th biggest position. Mitsubishi UFJ Trust & Banking Corp owned about 0.05% of JPMorgan Chase & Co. worth $446,427,000 as of its most recent filing with the Securities and Exchange Commission. Other large investors also recently made changes to their positions in the company. Mountain Hill Investment Partners Corp. acquired a new stake in  JPMorgan Chase & Co. during the 3rd quarter valued at $32,000.  Turning Point Benefit Group Inc. acquired a new stake in  JPMorgan Chase & Co. during the 3rd quarter valued at $35,000.  Miller Global Investments LLC acquired a new stake in  JPMorgan Chase & Co. during the 4th quarter valued at $52,000.  Collier Financial acquired a new stake in  JPMorgan Chase & Co. during the 3rd quarter valued at $60,000.  Finally, Nvest Wealth Strategies Inc. acquired a new stake in  JPMorgan Chase & Co. during the 4th quarter valued at $62,000. Institutional investors and hedge funds own  71.55% of the company's stock. Several brokerages have issued reports on JPM. Barclays  reaffirmed a ""buy"" rating on shares of JPMorgan Chase & Co. in a report on Wednesday. Royal Bank Of Canada  reiterated a ""buy"" rating on shares of JPMorgan Chase & Co. in a research report on Monday, May 4th. CICC Research started coverage on JPMorgan Chase & Co. in a research report on Wednesday, January 14th. They set an ""outperform"" rating and a $355.00 price objective on the stock. Zacks Research cut JPMorgan Chase & Co. from a ""strong-buy"" rating to a ""hold"" rating in a research report on Wednesday, April 8th. Finally, Argus increased their price objective on JPMorgan Chase & Co. from $340.00 to $355.00 and gave the stock a ""buy"" rating in a research report on Wednesday, April 15th. Fifteen research analysts have rated the stock with a Buy rating and fifteen have issued  a Hold rating to the company. According to MarketBeat.com, the company presently has an average rating of ""Moderate Buy"" and a consensus target price of $338.12. In related news, CFO Jeremy Barnum sold 5,611 shares of JPMorgan Chase & Co. stock in a transaction that occurred on Wednesday, April 15th. The stock was sold at an average price of $306.55, for a total value of $1,720,052.05. Following the transaction, the chief financial officer directly owned 35,460 shares of the company's stock, valued at $10,870,263. The trade was a 13.66% decrease in their ownership of the stock. The transaction was disclosed in a legal filing with the Securities & Exchange Commission, which is available through the SEC website. The transaction was executed under a pre-arranged Rule 10b5-1 trading plan. Also, COO Jennifer Piepszak sold 9,136 shares of JPMorgan Chase & Co. stock in a transaction that occurred on Wednesday, April 15th. The stock was sold at an average price of $306.56, for a total value of $2,800,732.16. Following the completion of the transaction, the chief operating officer directly owned 90,001 shares in the company, valued at approximately $27,590,706.56. This represents a 9.22% decrease in their ownership of the stock. Additional details regarding this sale are available in the official SEC disclosure. The transaction was executed under a pre-arranged Rule 10b5-1 trading plan. Insiders sold 79,849 shares of company stock valued at $24,522,956 over the last 90 days. 0.41% of the stock is currently owned by corporate insiders. Here are the key news stories impacting JPMorgan Chase & Co. this week: NYSE:JPM opened at $301.93 on Friday. The stock's 50-day simple moving average is $299.69 and its 200 day simple moving average is $307.26. The firm has a market capitalization of $809.04 billion, a PE ratio of 14.46, a price-to-earnings-growth ratio of 1.49 and a beta of 1.03. The company has a quick ratio of 0.85, a current ratio of 0.86 and a debt-to-equity ratio of 1.30. JPMorgan Chase & Co. has a twelve month low of $252.34 and a twelve month high of $337.25. JPMorgan Chase & Co. (NYSE:JPM - Get Free Report) last released its quarterly earnings data on Tuesday, April 14th. The financial services provider reported $5.94 earnings per share for the quarter, beating the consensus estimate of $5.50 by $0.44. The business had revenue of $50.54 billion for the quarter, compared to analyst estimates of $48.30 billion. JPMorgan Chase & Co. had a return on equity of 17.54% and a net margin of 20.66%.JPMorgan Chase & Co.'s revenue was up 10.0% compared to the same quarter last year. During the same period last year, the firm posted $5.07 earnings per share.  On average, analysts anticipate that  JPMorgan Chase & Co. will post 22.42 EPS for the current fiscal year. The business also recently disclosed a quarterly dividend, which was paid on Thursday, April 30th. Investors of record on Monday, April 6th were paid a $1.50 dividend. This represents a $6.00 dividend on an annualized basis and a dividend yield of 2.0%. The ex-dividend date of this dividend was Monday, April 6th. JPMorgan Chase & Co.'s payout ratio is currently 28.74%. JPMorgan Chase & Co NYSE: JPM is a diversified global financial services firm headquartered in New York City. The company provides a wide range of banking and financial products and services to consumers, small businesses, corporations, governments and institutional investors worldwide. Its operations span retail banking, commercial lending, investment banking, asset management, payments and card services, and treasury and securities services. The firm's principal business activities are organized across several core lines: Consumer & Community Banking, which offers deposit accounts, mortgages, auto loans, credit cards and branch and digital banking under the Chase brand; Corporate & Investment Banking, which provides capital markets, advisory, underwriting, trading and risk management services; Commercial Banking, delivering lending, treasury and capital solutions to middle-market and corporate clients; and Asset & Wealth Management, which offers investment management, private banking and retirement services to institutions and high-net-worth individuals. Want to see what other hedge funds are holding JPM? Visit HoldingsChannel.com to get the latest 13F filings and insider trades for JPMorgan Chase & Co. (NYSE:JPM - Free Report). This instant news alert was generated by narrative science technology and financial data from MarketBeat in order to provide readers with the fastest reporting and unbiased coverage. Please send any questions or comments about this story to contact@marketbeat.com. Before you consider JPMorgan Chase & Co., you'll want to hear this. MarketBeat keeps track of Wall Street's top-rated and best performing research analysts and the stocks they recommend to their clients on a daily basis. MarketBeat has identified the five stocks that top analysts are quietly whispering to their clients to buy now before the broader market catches on... and JPMorgan Chase & Co. wasn't on the list. While JPMorgan Chase & Co. currently has a Moderate Buy rating among analysts, top-rated analysts believe these five stocks are better buys. Enter your email address and we’ll send you MarketBeat’s list of ten stocks set to soar in Spring 2026, despite the threat of tariffs and what's happening in Iran. These ten stocks are incredibly resilient and are likely to thrive in any economic environment. Sign up for MarketBeat All Access to gain access to MarketBeat's full suite of research tools. 345 N Reid Place, Suite 620, Sioux Falls, SD 57103
                                        
                                        contact@marketbeat.com
                                        
                                        (844) 978-6257 © MarketBeat Media, LLC 2010-2026. All rights reserved. © 2026   Fair market value prices are updated every minute and are provided by Massive. Other market data provided is at least 10-minutes delayed and hosted by Barchart Solutions.  Information is provided 'as-is' and solely for informational purposes, not for trading purposes or advice, and is delayed. To see all exchange delays and terms of use please see Barchart's disclaimer. We and our partners share information on your use of this website to help improve your experience. For more information, or to opt out click the Do Not Sell My Information button below.",https://www.marketbeat.com/instant-alerts/filing-mitsubishi-ufj-trust-banking-corp-has-44643-million-holdings-in-jpmorgan-chase-co-jpm-2026-05-09/
JPM,Strategic Blueprint LLC Lowers Holdings in JPMorgan Chase & Co. $JPM - MarketBeat,2026-05-09 09:11:17,"Strategic Blueprint LLC decreased its stake in  JPMorgan Chase & Co. (NYSE:JPM - Free Report) by 19.2% during the fourth quarter, according to its most recent disclosure with the Securities & Exchange Commission. The fund owned 25,708 shares of the financial services provider's stock after selling 6,110 shares during the quarter. Strategic Blueprint LLC's holdings in JPMorgan Chase & Co. were worth $8,284,000 as of its most recent SEC filing. Other hedge funds have also recently modified their holdings of the company. Mountain Hill Investment Partners Corp. purchased a new stake in shares of  JPMorgan Chase & Co. in the third quarter worth about $32,000.  Turning Point Benefit Group Inc. acquired a new position in  JPMorgan Chase & Co. in the 3rd quarter worth about $35,000.  Miller Global Investments LLC acquired a new position in  JPMorgan Chase & Co. in the 4th quarter worth about $52,000.  Collier Financial acquired a new position in  JPMorgan Chase & Co. in the 3rd quarter worth about $60,000.  Finally, Nvest Wealth Strategies Inc. acquired a new position in  JPMorgan Chase & Co. in the 4th quarter worth about $62,000. Hedge funds and other institutional investors own  71.55% of the company's stock. In other news, CEO Troy L. Rohrbaugh sold 50,000 shares of the stock in a transaction on Thursday, February 19th. The stock was sold at an average price of $307.11, for a total value of $15,355,500.00. Following the sale, the chief executive officer directly owned 111,279 shares in the company, valued at approximately $34,174,893.69. This trade represents a 31.00% decrease in their ownership of the stock. The sale was disclosed in a legal filing with the Securities & Exchange Commission, which is accessible through the SEC website. Also, General Counsel Stacey Friedman sold 3,404 shares of the stock in a transaction on Tuesday, February 17th. The shares were sold at an average price of $306.40, for a total value of $1,042,985.60. Following the completion of the sale, the general counsel owned 61,949 shares in the company, valued at approximately $18,981,173.60. The trade was a 5.21% decrease in their ownership of the stock. Additional details regarding this sale are available in the official SEC disclosure. Over the last 90 days, insiders sold 79,849 shares of company stock valued at $24,522,956. Corporate insiders own  0.41% of the company's stock. JPM stock opened at $301.93 on Friday. The company has a debt-to-equity ratio of 1.30, a current ratio of 0.86 and a quick ratio of 0.85. The business has a 50 day simple moving average of $299.69 and a 200-day simple moving average of $307.26. The firm has a market capitalization of $809.04 billion, a PE ratio of 14.46, a price-to-earnings-growth ratio of 1.49 and a beta of 1.03. JPMorgan Chase & Co. has a 1 year low of $252.34 and a 1 year high of $337.25. JPMorgan Chase & Co. (NYSE:JPM - Get Free Report) last issued its quarterly earnings data on Tuesday, April 14th. The financial services provider reported $5.94 earnings per share for the quarter, topping the consensus estimate of $5.50 by $0.44. The company had revenue of $50.54 billion during the quarter, compared to analyst estimates of $48.30 billion. JPMorgan Chase & Co. had a return on equity of 17.54% and a net margin of 20.66%.The firm's revenue for the quarter was up 10.0% compared to the same quarter last year. During the same period in the prior year, the business posted $5.07 earnings per share.  Equities research analysts anticipate that  JPMorgan Chase & Co. will post 22.42 earnings per share for the current fiscal year. The company also recently declared a quarterly dividend, which was paid on Thursday, April 30th. Stockholders of record on Monday, April 6th were given a dividend of $1.50 per share. This represents a $6.00 annualized dividend and a dividend yield of 2.0%. The ex-dividend date was Monday, April 6th. JPMorgan Chase & Co.'s dividend payout ratio (DPR) is currently 28.74%. A number of equities analysts recently weighed in on the company. Keefe, Bruyette & Woods  reaffirmed an ""outperform"" rating on shares of JPMorgan Chase & Co. in a report on Tuesday, February 24th. Robert W. Baird  set a $295.00 price target on JPMorgan Chase & Co. in a report on Wednesday, April 15th. Argus upped their price target on JPMorgan Chase & Co. from $340.00 to $355.00 and gave the stock a ""buy"" rating in a report on Wednesday, April 15th. Truist Financial upped their price target on JPMorgan Chase & Co. from $323.00 to $332.00 and gave the stock a ""hold"" rating in a report on Wednesday, April 15th. Finally, Freedom Capital raised JPMorgan Chase & Co. to a ""hold"" rating in a report on Wednesday, January 14th. Fifteen analysts have rated the stock with a Buy rating and fifteen have given a Hold rating to the company's stock. According to MarketBeat, the stock presently has a consensus rating of ""Moderate Buy"" and an average price target of $338.12. Here are the key news stories impacting JPMorgan Chase & Co. this week: JPMorgan Chase & Co NYSE: JPM is a diversified global financial services firm headquartered in New York City. The company provides a wide range of banking and financial products and services to consumers, small businesses, corporations, governments and institutional investors worldwide. Its operations span retail banking, commercial lending, investment banking, asset management, payments and card services, and treasury and securities services. The firm's principal business activities are organized across several core lines: Consumer & Community Banking, which offers deposit accounts, mortgages, auto loans, credit cards and branch and digital banking under the Chase brand; Corporate & Investment Banking, which provides capital markets, advisory, underwriting, trading and risk management services; Commercial Banking, delivering lending, treasury and capital solutions to middle-market and corporate clients; and Asset & Wealth Management, which offers investment management, private banking and retirement services to institutions and high-net-worth individuals. This instant news alert was generated by narrative science technology and financial data from MarketBeat in order to provide readers with the fastest reporting and unbiased coverage. Please send any questions or comments about this story to contact@marketbeat.com. Before you consider JPMorgan Chase & Co., you'll want to hear this. MarketBeat keeps track of Wall Street's top-rated and best performing research analysts and the stocks they recommend to their clients on a daily basis. MarketBeat has identified the five stocks that top analysts are quietly whispering to their clients to buy now before the broader market catches on... and JPMorgan Chase & Co. wasn't on the list. While JPMorgan Chase & Co. currently has a Moderate Buy rating among analysts, top-rated analysts believe these five stocks are better buys. Thinking about investing in Meta, Roblox, or Unity? Click the link to learn what streetwise investors need to know about the metaverse and public markets before making an investment. Sign up for MarketBeat All Access to gain access to MarketBeat's full suite of research tools. 345 N Reid Place, Suite 620, Sioux Falls, SD 57103
                                        
                                        contact@marketbeat.com
                                        
                                        (844) 978-6257 © MarketBeat Media, LLC 2010-2026. All rights reserved. © 2026   Fair market value prices are updated every minute and are provided by Massive. Other market data provided is at least 10-minutes delayed and hosted by Barchart Solutions.  Information is provided 'as-is' and solely for informational purposes, not for trading purposes or advice, and is delayed. To see all exchange delays and terms of use please see Barchart's disclaimer. We and our partners share information on your use of this website to help improve your experience. For more information, or to opt out click the Do Not Sell My Information button below.",https://www.marketbeat.com/instant-alerts/filing-strategic-blueprint-llc-lowers-holdings-in-jpmorgan-chase-co-jpm-2026-05-09/
JPM,"FARMERS & MERCHANTS TRUST Co OF LONG BEACH Sells 4,840 Shares of JPMorgan Chase & Co. $JPM - MarketBeat",2026-05-09 08:04:44,"FARMERS & MERCHANTS TRUST Co OF LONG BEACH lowered its stake in  JPMorgan Chase & Co. (NYSE:JPM - Free Report) by 10.8% during the fourth quarter, according to the company in its most recent disclosure with the Securities and Exchange Commission. The firm owned 40,096 shares of the financial services provider's stock after selling 4,840 shares during the period. JPMorgan Chase & Co. makes up  approximately  3.0% of FARMERS & MERCHANTS TRUST Co OF LONG BEACH's portfolio, making the stock its 7th biggest holding. FARMERS & MERCHANTS TRUST Co OF LONG BEACH's holdings in JPMorgan Chase & Co. were worth $12,920,000 at the end of the most recent reporting period. A number of other institutional investors have also modified their holdings of JPM. Roxbury Financial LLC grew its holdings in  JPMorgan Chase & Co. by 0.4% during the fourth quarter. Roxbury Financial LLC now owns 8,011 shares of the financial services provider's stock worth $2,581,000 after acquiring an additional 31 shares during the period.  Collective Family Office LLC grew its holdings in  JPMorgan Chase & Co. by 1.0% during the fourth quarter. Collective Family Office LLC now owns 3,339 shares of the financial services provider's stock worth $1,076,000 after acquiring an additional 32 shares during the period.  Rialto Wealth Management LLC grew its holdings in  JPMorgan Chase & Co. by 3.6% during the third quarter. Rialto Wealth Management LLC now owns 962 shares of the financial services provider's stock worth $304,000 after acquiring an additional 33 shares during the period.  Essential Planning LLC. grew its holdings in  JPMorgan Chase & Co. by 2.4% during the fourth quarter. Essential Planning LLC. now owns 1,399 shares of the financial services provider's stock worth $451,000 after acquiring an additional 33 shares during the period.  Finally, Granite Group Advisors LLC grew its holdings in  JPMorgan Chase & Co. by 0.3% during the third quarter. Granite Group Advisors LLC now owns 10,313 shares of the financial services provider's stock worth $3,253,000 after acquiring an additional 34 shares during the period. Institutional investors and hedge funds own  71.55% of the company's stock. In other news, CEO Troy L. Rohrbaugh sold 50,000 shares of JPMorgan Chase & Co. stock in a transaction on Thursday, February 19th. The stock was sold at an average price of $307.11, for a total transaction of $15,355,500.00. Following the transaction, the chief executive officer owned 111,279 shares in the company, valued at approximately $34,174,893.69. The trade was a 31.00% decrease in their ownership of the stock. The sale was disclosed in a filing with the SEC, which can be accessed through the SEC website. Also, COO Jennifer Piepszak sold 9,136 shares of JPMorgan Chase & Co. stock in a transaction on Wednesday, April 15th. The shares were sold at an average price of $306.56, for a total value of $2,800,732.16. Following the transaction, the chief operating officer owned 90,001 shares in the company, valued at $27,590,706.56. This represents a 9.22% decrease in their position. The SEC filing for this sale provides additional information. The transaction was executed under a pre-arranged Rule 10b5-1 trading plan. Insiders have sold a total of 79,849 shares of company stock valued at $24,522,956 in the last ninety days. Company insiders own  0.41% of the company's stock. JPM stock opened at $301.93 on Friday. The company has a debt-to-equity ratio of 1.30, a quick ratio of 0.85 and a current ratio of 0.86. JPMorgan Chase & Co. has a 1 year low of $252.34 and a 1 year high of $337.25. The firm has a market cap of $809.04 billion, a P/E ratio of 14.46, a price-to-earnings-growth ratio of 1.49 and a beta of 1.03. The stock has a 50-day simple moving average of $299.69 and a 200-day simple moving average of $307.26. JPMorgan Chase & Co. (NYSE:JPM - Get Free Report) last released its earnings results on Tuesday, April 14th. The financial services provider reported $5.94 EPS for the quarter, topping analysts' consensus estimates of $5.50 by $0.44. The company had revenue of $50.54 billion for the quarter, compared to the consensus estimate of $48.30 billion. JPMorgan Chase & Co. had a return on equity of 17.54% and a net margin of 20.66%.JPMorgan Chase & Co.'s quarterly revenue was up 10.0% compared to the same quarter last year. During the same quarter last year, the business posted $5.07 EPS.  On average, equities analysts predict that  JPMorgan Chase & Co. will post 22.42 earnings per share for the current fiscal year. The firm also recently declared a quarterly dividend, which was paid on Thursday, April 30th. Stockholders of record on Monday, April 6th were issued a dividend of $1.50 per share. The ex-dividend date was Monday, April 6th. This represents a $6.00 dividend on an annualized basis and a dividend yield of 2.0%. JPMorgan Chase & Co.'s payout ratio is currently 28.74%. A number of research analysts recently weighed in on JPM shares. Truist Financial upped their price objective on JPMorgan Chase & Co. from $323.00 to $332.00 and gave the stock a ""hold"" rating in a report on Wednesday, April 15th. HSBC boosted their target price on JPMorgan Chase & Co. from $288.00 to $312.00 and gave the stock a ""hold"" rating in a research report on Monday, May 4th. Royal Bank Of Canada  reiterated a ""buy"" rating on shares of JPMorgan Chase & Co. in a research report on Monday, May 4th. Robert W. Baird  set a $295.00 target price on JPMorgan Chase & Co. in a research report on Wednesday, April 15th. Finally, Freedom Capital upgraded JPMorgan Chase & Co. to a ""hold"" rating in a research report on Wednesday, January 14th. Fifteen research analysts have rated the stock with a Buy rating and fifteen have assigned  a Hold rating to the stock. According to MarketBeat, the company currently has a consensus rating of ""Moderate Buy"" and an average target price of $338.12. Here are the key news stories impacting JPMorgan Chase & Co. this week: JPMorgan Chase & Co NYSE: JPM is a diversified global financial services firm headquartered in New York City. The company provides a wide range of banking and financial products and services to consumers, small businesses, corporations, governments and institutional investors worldwide. Its operations span retail banking, commercial lending, investment banking, asset management, payments and card services, and treasury and securities services. The firm's principal business activities are organized across several core lines: Consumer & Community Banking, which offers deposit accounts, mortgages, auto loans, credit cards and branch and digital banking under the Chase brand; Corporate & Investment Banking, which provides capital markets, advisory, underwriting, trading and risk management services; Commercial Banking, delivering lending, treasury and capital solutions to middle-market and corporate clients; and Asset & Wealth Management, which offers investment management, private banking and retirement services to institutions and high-net-worth individuals. This instant news alert was generated by narrative science technology and financial data from MarketBeat in order to provide readers with the fastest reporting and unbiased coverage. Please send any questions or comments about this story to contact@marketbeat.com. Before you consider JPMorgan Chase & Co., you'll want to hear this. MarketBeat keeps track of Wall Street's top-rated and best performing research analysts and the stocks they recommend to their clients on a daily basis. MarketBeat has identified the five stocks that top analysts are quietly whispering to their clients to buy now before the broader market catches on... and JPMorgan Chase & Co. wasn't on the list. While JPMorgan Chase & Co. currently has a Moderate Buy rating among analysts, top-rated analysts believe these five stocks are better buys. Looking for the next FAANG stock before everyone has heard about it? Click the link to see which stocks MarketBeat analysts think might become the next trillion dollar tech company. Sign up for MarketBeat All Access to gain access to MarketBeat's full suite of research tools. 345 N Reid Place, Suite 620, Sioux Falls, SD 57103
                                        
                                        contact@marketbeat.com
                                        
                                        (844) 978-6257 © MarketBeat Media, LLC 2010-2026. All rights reserved. © 2026   Fair market value prices are updated every minute and are provided by Massive. Other market data provided is at least 10-minutes delayed and hosted by Barchart Solutions.  Information is provided 'as-is' and solely for informational purposes, not for trading purposes or advice, and is delayed. To see all exchange delays and terms of use please see Barchart's disclaimer. We and our partners share information on your use of this website to help improve your experience. For more information, or to opt out click the Do Not Sell My Information button below.",https://www.marketbeat.com/instant-alerts/filing-farmers-merchants-trust-co-of-long-beach-sells-4840-shares-of-jpmorgan-chase-co-jpm-2026-05-09/
JPM,JPMorgan Chase & Co. $JPM Shares Sold by Comerica Bank - MarketBeat,2026-05-09 08:04:43,"Comerica Bank trimmed its holdings in  JPMorgan Chase & Co. (NYSE:JPM) by 3.2% in the fourth quarter, according to the company in its most recent Form 13F filing with the Securities & Exchange Commission. The fund owned 1,069,071 shares of the financial services provider's stock after selling 35,726 shares during the period. JPMorgan Chase & Co. accounts for about  1.4% of Comerica Bank's portfolio, making the stock its 8th biggest holding. Comerica Bank's holdings in JPMorgan Chase & Co. were worth $344,476,000 at the end of the most recent quarter. A number of other hedge funds also recently made changes to their positions in JPM. Brighton Jones LLC lifted its holdings in  JPMorgan Chase & Co. by 11.0% during the 4th quarter. Brighton Jones LLC now owns 48,732 shares of the financial services provider's stock worth $11,682,000 after purchasing an additional 4,841 shares during the last quarter.  Acorns Advisers LLC lifted its holdings in  JPMorgan Chase & Co. by 6.9% during the 1st quarter. Acorns Advisers LLC now owns 1,547 shares of the financial services provider's stock worth $379,000 after purchasing an additional 100 shares during the last quarter.  Ignite Planners LLC lifted its holdings in  JPMorgan Chase & Co. by 0.7% during the 2nd quarter. Ignite Planners LLC now owns 10,934 shares of the financial services provider's stock worth $3,185,000 after purchasing an additional 78 shares during the last quarter.  Jump Financial LLC acquired a new stake in  JPMorgan Chase & Co. during the 2nd quarter worth approximately $1,475,000.  Finally, Betterment LLC lifted its holdings in  JPMorgan Chase & Co. by 27.5% during the 2nd quarter. Betterment LLC now owns 1,970 shares of the financial services provider's stock worth $571,000 after purchasing an additional 425 shares during the last quarter. 71.55% of the stock is owned by institutional investors and hedge funds. Here are the key news stories impacting JPMorgan Chase & Co. this week: In related news, General Counsel Stacey Friedman sold 3,404 shares of the business's stock in a transaction on Tuesday, February 17th. The stock was sold at an average price of $306.40, for a total transaction of $1,042,985.60. Following the sale, the general counsel owned 61,949 shares in the company, valued at $18,981,173.60. The trade was a 5.21% decrease in their position. The sale was disclosed in a legal filing with the SEC, which is available at this hyperlink. Also, CEO Troy L. Rohrbaugh sold 50,000 shares of the business's stock in a transaction on Thursday, February 19th. The stock was sold at an average price of $307.11, for a total value of $15,355,500.00. Following the sale, the chief executive officer owned 111,279 shares in the company, valued at $34,174,893.69. This represents a 31.00% decrease in their position. Additional details regarding this sale are available in the official SEC disclosure. In the last 90 days, insiders have sold 79,849 shares of company stock worth $24,522,956. 0.41% of the stock is owned by company insiders. Several analysts recently weighed in on the company. Wall Street Zen raised JPMorgan Chase & Co. from a ""sell"" rating to a ""hold"" rating in a report on Sunday, January 18th. Jefferies Financial Group  reissued a ""neutral"" rating on shares of JPMorgan Chase & Co. in a report on Monday, May 4th. Autonomous Res dropped their price target on JPMorgan Chase & Co. from $360.00 to $324.00 and set a ""neutral"" rating for the company in a report on Monday, April 6th. Daiwa Securities Group dropped their price target on JPMorgan Chase & Co. from $340.00 to $328.00 and set an ""outperform"" rating for the company in a report on Tuesday, April 7th. Finally, Evercore lifted their price objective on JPMorgan Chase & Co. from $320.00 to $340.00 and gave the company an ""outperform"" rating in a report on Friday, April 17th. Fifteen research analysts have rated the stock with a Buy rating and fifteen have assigned  a Hold rating to the company's stock. Based on data from MarketBeat.com, the stock  has a consensus rating of ""Moderate Buy"" and an average target price of $338.12. Shares of JPM opened at $301.93 on Friday. JPMorgan Chase & Co. has a 52-week low of $252.34 and a 52-week high of $337.25. The business's fifty day moving average is $299.69 and its 200-day moving average is $307.26. The company has a debt-to-equity ratio of 1.30, a quick ratio of 0.85 and a current ratio of 0.86. The firm has a market cap of $809.04 billion, a price-to-earnings ratio of 14.46, a PEG ratio of 1.49 and a beta of 1.03. JPMorgan Chase & Co. (NYSE:JPM - Get Free Report) last issued its quarterly earnings results on Tuesday, April 14th. The financial services provider reported $5.94 earnings per share (EPS) for the quarter, beating the consensus estimate of $5.50 by $0.44. JPMorgan Chase & Co. had a return on equity of 17.54% and a net margin of 20.66%.The company had revenue of $50.54 billion for the quarter, compared to analyst estimates of $48.30 billion. During the same quarter last year, the company posted $5.07 EPS. The company's revenue for the quarter was up 10.0% compared to the same quarter last year.  Equities analysts anticipate that  JPMorgan Chase & Co. will post 22.42 EPS for the current fiscal year. The firm also recently declared a quarterly dividend, which was paid on Thursday, April 30th. Stockholders of record on Monday, April 6th were paid a $1.50 dividend. The ex-dividend date was Monday, April 6th. This represents a $6.00 annualized dividend and a dividend yield of 2.0%. JPMorgan Chase & Co.'s dividend payout ratio (DPR) is presently 28.74%. JPMorgan Chase & Co NYSE: JPM is a diversified global financial services firm headquartered in New York City. The company provides a wide range of banking and financial products and services to consumers, small businesses, corporations, governments and institutional investors worldwide. Its operations span retail banking, commercial lending, investment banking, asset management, payments and card services, and treasury and securities services. The firm's principal business activities are organized across several core lines: Consumer & Community Banking, which offers deposit accounts, mortgages, auto loans, credit cards and branch and digital banking under the Chase brand; Corporate & Investment Banking, which provides capital markets, advisory, underwriting, trading and risk management services; Commercial Banking, delivering lending, treasury and capital solutions to middle-market and corporate clients; and Asset & Wealth Management, which offers investment management, private banking and retirement services to institutions and high-net-worth individuals. Want to see what other hedge funds are holding JPM? Visit HoldingsChannel.com to get the latest 13F filings and insider trades for JPMorgan Chase & Co. (NYSE:JPM - Free Report). This instant news alert was generated by narrative science technology and financial data from MarketBeat in order to provide readers with the fastest reporting and unbiased coverage. Please send any questions or comments about this story to contact@marketbeat.com. Before you consider JPMorgan Chase & Co., you'll want to hear this. MarketBeat keeps track of Wall Street's top-rated and best performing research analysts and the stocks they recommend to their clients on a daily basis. MarketBeat has identified the five stocks that top analysts are quietly whispering to their clients to buy now before the broader market catches on... and JPMorgan Chase & Co. wasn't on the list. While JPMorgan Chase & Co. currently has a Moderate Buy rating among analysts, top-rated analysts believe these five stocks are better buys. Discover the next wave of investment opportunities with our report, 7 Stocks That Will Be Magnificent in 2026. Explore companies poised to replicate the growth, innovation, and value creation of the tech giants dominating today's markets. Sign up for MarketBeat All Access to gain access to MarketBeat's full suite of research tools. 345 N Reid Place, Suite 620, Sioux Falls, SD 57103
                                        
                                        contact@marketbeat.com
                                        
                                        (844) 978-6257 © MarketBeat Media, LLC 2010-2026. All rights reserved. © 2026   Fair market value prices are updated every minute and are provided by Massive. Other market data provided is at least 10-minutes delayed and hosted by Barchart Solutions.  Information is provided 'as-is' and solely for informational purposes, not for trading purposes or advice, and is delayed. To see all exchange delays and terms of use please see Barchart's disclaimer. Enter your email address below to receive a concise daily summary of dividend news for JPMorgan Chase & Co., new dividend declarations and stocks going ex-dividend with DividendStocks.com’s free newsletter. We and our partners share information on your use of this website to help improve your experience. For more information, or to opt out click the Do Not Sell My Information button below.",https://www.marketbeat.com/instant-alerts/filing-jpmorgan-chase-co-jpm-shares-sold-by-comerica-bank-2026-05-09/
JPM,Ashton Thomas Private Wealth LLC Reduces Stake in JPMorgan Chase & Co. $JPM - MarketBeat,2026-05-09 07:25:23,"Ashton Thomas Private Wealth LLC reduced its position in  JPMorgan Chase & Co. (NYSE:JPM) by 8.8% during the fourth quarter, according to the company in its most recent filing with the Securities and Exchange Commission (SEC). The fund owned 104,557 shares of the financial services provider's stock after selling 10,059 shares during the period. JPMorgan Chase & Co. makes up  about  0.8% of Ashton Thomas Private Wealth LLC's investment portfolio, making the stock its 21st biggest position. Ashton Thomas Private Wealth LLC's holdings in JPMorgan Chase & Co. were worth $33,690,000 at the end of the most recent reporting period. A number of other institutional investors and hedge funds have also recently modified their holdings of the company. Mountain Hill Investment Partners Corp. bought a new stake in  JPMorgan Chase & Co. during the third quarter valued at about $32,000.  Turning Point Benefit Group Inc. bought a new stake in  JPMorgan Chase & Co. during the third quarter valued at about $35,000.  Miller Global Investments LLC bought a new stake in  JPMorgan Chase & Co. during the fourth quarter valued at about $52,000.  Collier Financial bought a new stake in  JPMorgan Chase & Co. during the third quarter valued at about $60,000.  Finally, Nvest Wealth Strategies Inc. bought a new stake in  JPMorgan Chase & Co. during the fourth quarter valued at about $62,000. 71.55% of the stock is currently owned by hedge funds and other institutional investors. In other JPMorgan Chase & Co. news, insider Robin Leopold sold 433 shares of the business's stock in a transaction that occurred on Monday, March 23rd. The stock was sold at an average price of $295.06, for a total transaction of $127,760.98. Following the sale, the insider directly owned 64,920 shares of the company's stock, valued at $19,155,295.20. The trade was a 0.66% decrease in their ownership of the stock. The sale was disclosed in a legal filing with the SEC, which is available through this link. Also, CEO Troy L. Rohrbaugh sold 50,000 shares of the business's stock in a transaction that occurred on Thursday, February 19th. The stock was sold at an average price of $307.11, for a total value of $15,355,500.00. Following the sale, the chief executive officer directly owned 111,279 shares in the company, valued at $34,174,893.69. The trade was a 31.00% decrease in their ownership of the stock. The SEC filing for this sale provides additional information. Insiders sold a total of 79,849 shares of company stock valued at $24,522,956 over the last ninety days. 0.41% of the stock is currently owned by company insiders. Here are the key news stories impacting JPMorgan Chase & Co. this week: A number of equities research analysts have commented on JPM shares. Truist Financial raised their price target on JPMorgan Chase & Co. from $323.00 to $332.00 and gave the company a ""hold"" rating in a report on Wednesday, April 15th. CICC Research started coverage on JPMorgan Chase & Co. in a report on Wednesday, January 14th. They set an ""outperform"" rating and a $355.00 price target on the stock. Piper Sandler raised their price target on JPMorgan Chase & Co. from $325.00 to $345.00 and gave the company an ""overweight"" rating in a report on Wednesday, April 15th. Robert W. Baird  set a $295.00 price target on JPMorgan Chase & Co. in a report on Wednesday, April 15th. Finally, Barclays  reissued a ""buy"" rating on shares of JPMorgan Chase & Co. in a report on Wednesday. Fifteen research analysts have rated the stock with a Buy rating and fifteen have given a Hold rating to the company's stock. According to data from MarketBeat.com, JPMorgan Chase & Co. currently has a consensus rating of ""Moderate Buy"" and a consensus price target of $338.12. Shares of JPM stock opened at $301.93 on Friday. JPMorgan Chase & Co. has a 12-month low of $252.34 and a 12-month high of $337.25. The company has a current ratio of 0.86, a quick ratio of 0.85 and a debt-to-equity ratio of 1.30. The stock's 50-day moving average price is $299.69 and its 200-day moving average price is $307.26. The stock has a market capitalization of $809.04 billion, a price-to-earnings ratio of 14.46, a price-to-earnings-growth ratio of 1.49 and a beta of 1.03. JPMorgan Chase & Co. (NYSE:JPM - Get Free Report) last issued its earnings results on Tuesday, April 14th. The financial services provider reported $5.94 earnings per share (EPS) for the quarter, topping the consensus estimate of $5.50 by $0.44. JPMorgan Chase & Co. had a return on equity of 17.54% and a net margin of 20.66%.The firm had revenue of $50.54 billion for the quarter, compared to analysts' expectations of $48.30 billion. During the same period in the previous year, the firm posted $5.07 earnings per share. The business's revenue was up 10.0% compared to the same quarter last year.  Equities research analysts predict that  JPMorgan Chase & Co. will post 22.42 EPS for the current fiscal year. The business also recently disclosed a quarterly dividend, which was paid on Thursday, April 30th. Shareholders of record on Monday, April 6th were paid a dividend of $1.50 per share. This represents a $6.00 annualized dividend and a yield of 2.0%. The ex-dividend date of this dividend was Monday, April 6th. JPMorgan Chase & Co.'s payout ratio is presently 28.74%. JPMorgan Chase & Co NYSE: JPM is a diversified global financial services firm headquartered in New York City. The company provides a wide range of banking and financial products and services to consumers, small businesses, corporations, governments and institutional investors worldwide. Its operations span retail banking, commercial lending, investment banking, asset management, payments and card services, and treasury and securities services. The firm's principal business activities are organized across several core lines: Consumer & Community Banking, which offers deposit accounts, mortgages, auto loans, credit cards and branch and digital banking under the Chase brand; Corporate & Investment Banking, which provides capital markets, advisory, underwriting, trading and risk management services; Commercial Banking, delivering lending, treasury and capital solutions to middle-market and corporate clients; and Asset & Wealth Management, which offers investment management, private banking and retirement services to institutions and high-net-worth individuals. Want to see what other hedge funds are holding JPM? Visit HoldingsChannel.com to get the latest 13F filings and insider trades for JPMorgan Chase & Co. (NYSE:JPM - Free Report). This instant news alert was generated by narrative science technology and financial data from MarketBeat in order to provide readers with the fastest reporting and unbiased coverage. Please send any questions or comments about this story to contact@marketbeat.com. Before you consider JPMorgan Chase & Co., you'll want to hear this. MarketBeat keeps track of Wall Street's top-rated and best performing research analysts and the stocks they recommend to their clients on a daily basis. MarketBeat has identified the five stocks that top analysts are quietly whispering to their clients to buy now before the broader market catches on... and JPMorgan Chase & Co. wasn't on the list. While JPMorgan Chase & Co. currently has a Moderate Buy rating among analysts, top-rated analysts believe these five stocks are better buys. Looking for the next FAANG stock before everyone has heard about it? Click the link to see which stocks MarketBeat analysts think might become the next trillion dollar tech company. Sign up for MarketBeat All Access to gain access to MarketBeat's full suite of research tools. 345 N Reid Place, Suite 620, Sioux Falls, SD 57103
                                        
                                        contact@marketbeat.com
                                        
                                        (844) 978-6257 © MarketBeat Media, LLC 2010-2026. All rights reserved. © 2026   Fair market value prices are updated every minute and are provided by Massive. Other market data provided is at least 10-minutes delayed and hosted by Barchart Solutions.  Information is provided 'as-is' and solely for informational purposes, not for trading purposes or advice, and is delayed. To see all exchange delays and terms of use please see Barchart's disclaimer. We and our partners share information on your use of this website to help improve your experience. For more information, or to opt out click the Do Not Sell My Information button below.",https://www.marketbeat.com/instant-alerts/filing-ashton-thomas-private-wealth-llc-reduces-stake-in-jpmorgan-chase-co-jpm-2026-05-09/
JPM,Did JPMorgan offer $1 Million to Ex-Banker Chirayu Rana before the sexual assault lawsuit? Here's why the - The Economic Times,2026-05-09 07:00:00,"JPMorgan Chase offered one million dollars to former banker Chirayu Rana before his lawsuit became public. Rana had accused a colleague of sexual assault and racial discrimination. Negotiations broke down as Rana sought over twenty million dollars. The bank's internal investigation found no evidence to support the claims. The dispute continues as a high-stakes legal battle. (Catch all the US News, UK News, Canada News, International Breaking News Events, and Latest News Updates on The Economic Times.) Download The Economic Times News App to get Daily International News Updates. Choose your reason below and click on the Report button. This will alert our moderators to take action We won't sell or share your personal information to inform the ads you see. You may still see interest-based ads if your information is sold or shared by other companies or was sold or shared previously.",https://economictimes.indiatimes.com/news/international/us/did-jpmorgan-offer-1-million-to-ex-banker-chirayu-rana-before-the-sexual-assault-lawsuit-heres-why-the-whopping-settlement-offer-was-turned-down/articleshow/130866810.cms?from=mdr
JPM,JPMorgan Lawsuit Raises Governance Questions As Valuation Shows Apparent Discount - Yahoo Finance,2026-05-09 06:12:00,"Tip: Try a valid symbol or a specific company name for relevant results The above button links to Coinbase. Yahoo Finance is not a broker-dealer or investment adviser and does not offer securities or cryptocurrencies for sale or facilitate trading. Coinbase pays us for certain activity generated through this link. Prices displayed are informational. Get insights on thousands of stocks from the global community of over 7 million individual investors at Simply Wall St. A former JPMorgan Chase employee has filed a high-profile corrected lawsuit accusing executive Lorna Hajdini of sexual harassment, assault, retaliation, and discrimination. The suit, recently amended and refiled with more detailed allegations, follows the employee's complaint and period of medical leave. Both JPMorgan Chase and Hajdini deny the claims, stating internal investigations did not find merit to the allegations. JPMorgan Chase, traded as NYSE:JPM, is facing this legal challenge while its stock changes hands at about $306.27 per share. The company has reported a 23.2% return over the past year and a sizable gain over 3 years, with a 115.2% return over 5 years. This highlights how sensitive investors can be to new reputational and governance risks at this scale. For you as an investor, the focus now is how this case might affect views on workplace culture, internal controls, and executive accountability at JPMorgan Chase. Legal outcomes, further disclosures, or policy responses could all shape sentiment, so it is worth tracking company statements and any future filings alongside the usual financial updates for NYSE:JPM. Stay updated on the most important news stories for JPMorgan Chase by adding it to your watchlist or portfolio. Alternatively, explore our Community to discover new perspectives on JPMorgan Chase. Is JPMorgan Chase's balance sheet strong enough for future acquisitions? Dive into our detailed financial health analysis. ⚖️ Price vs Analyst Target: At US$306.27 versus a US$342.32 analyst target, the stock sits about 10.5% below consensus, which is close to the fair zone threshold. ✅ Simply Wall St Valuation: Simply Wall St estimates JPMorgan Chase is trading about 29.7% below its calculated fair value, indicating a valuation discount. ✅ Recent Momentum: The 30 day return of roughly 3.0% suggests the stock has held positive short term momentum despite the lawsuit headline. There is only one way to know the right time to buy, sell or hold JPMorgan Chase. Head to Simply Wall St's company report for the latest analysis of JPMorgan Chase's fair value. 📊 This lawsuit focuses on conduct and culture, so it mainly feeds into governance and reputational questions rather than the near term earnings story. 📊 Watch for any changes in board oversight, HR policies or disclosure around workplace practices, alongside how the share price trades relative to the US$342.32 target and 14.3x P/E. ⚠️ The flagged risk of significant insider selling over the past 3 months could matter more if the legal case escalates or draws regulatory attention. For the full picture including more risks and rewards, check out the complete JPMorgan Chase analysis. Alternatively, you can visit the community page for JPMorgan Chase to see how other investors believe this latest news will impact the company's narrative. This article by Simply Wall St is general in nature. We provide commentary based on historical data and analyst forecasts only using an unbiased methodology and our articles are not intended to be financial advice. It does not constitute a recommendation to buy or sell any stock, and does not take account of your objectives, or your financial situation. We aim to bring you long-term focused analysis driven by fundamental data. Note that our analysis may not factor in the latest price-sensitive company announcements or qualitative material. Simply Wall St has no position in any stocks mentioned. Have feedback on this article? Concerned about the content? Get in touch with us directly. Alternatively, email editorial-team@simplywallst.com Tip: Try a valid symbol or a specific company name for relevant results",https://finance.yahoo.com/markets/stocks/articles/jpmorgan-lawsuit-raises-governance-questions-061245062.html
JPM,JPMorgan vs. Bank of America: How the 2 Dividend-Paying Bank Stocks Stack Up in 2026 - FinancialContent,2026-05-08 23:00:00,"When the economy feels uncertain, investors circle back to the companies that keep money moving. That is what makes banks relevant. They may not always be flashy, but they are integrated into everyday financial life. Every day, people deposit paychecks, businesses seek capital, customers apply for loans, and investors still look for places to manage wealth. That makes large banks worth watching closely, especially when investors are looking for a mix of stability, income, and value. And that's why today, we’re putting JPMorgan Chase and Bank of America side by side. On one side of the ring, we have JPMorgan Chase, the largest bank in the country and one of the world's largest financial institutions. The company serves consumers, businesses, corporations, and wealthy clients through banking, credit cards, loans, investment banking, and asset management. JPM has a market cap of $843 billion, and the stock has traded between $251 and $337 in the past 52 weeks. At the time of writing, JPM stock is trading near the upper end of that range, though it is down 5% year to date. In the other end, we have Bank of America, another banking giant that competes in many of the same areas as JPMorgan, with a major presence in lending, credit cards, wealth management, and general banking services. Its business is closely tied to everyday financial needs, including investing through Merrill, making it a familiar name for millions of households. Bank of America is the smaller company, with a market cap of $380 billion, and it also trades at a lower price. In fact, BAC stock has traded between $41 and $57 per share over the past 52 weeks, though its current price is much closer to its highs than its lows. Like JPM, BAC is also down 4% year to date. At this point, there’s no clear winner yet. Let’s get to know them both better. JPMorgan Chase and Bank of America are both large banks, but they are not built the same way. JPMorgan has the broader setup. It offers more ways to make money across different market conditions, rather than being limited to just one part of banking. It can benefit from everyday customer activity through Chase, corporate lending through its commercial bank, and dealmaking, trading, and advisory work through its Wall Street operations. Bank of America is also diversified, but its story leans more toward consumer relationships and wealth management. Its large customer base provides steady deposit activity, while Merrill adds another layer through its investing and advisory services. Put simply, JPMorgan looks like the stronger all-around financial machine, with a bigger reach across Wall Street and Main Street. Bank of America, meanwhile, is more closely tied to consumer banking, wealth management, and broader financial services. To better compare JPMorgan Chase and Bank of America, let’s look at their latest quarterly numbers: JPMorgan is the larger business by a wide margin, reporting $49.84 billion in total net revenue for the first quarter, compared with Bank of America’s $30.3 billion in revenue, net of interest expense. JPMorgan is also the more profitable bank, with $16.49 billion in net income, compared with $8.6 billion for Bank of America. That gives JPMorgan a clear earnings edge. Cash flow is where Bank of America looks better, at least for the quarter. It reported $12.61 billion in operating cash flow, while JPMorgan posted a negative operating cash flow of $147.78 billion. That gives BAC the stronger cash flow result for the period, though operating cash flow at large banks can swing significantly from quarter to quarter because of changes in loans, deposits, trading assets, securities, and other balance-sheet items. Valuation also favors BAC. Its forward P/E sits at 11.92x, below JPMorgan’s ~14x. Both are under the sector average of 16.79x, but the former looks cheaper on this metric. Overall, JPMorgan looks stronger in size and profitability, while Bank of America looks better on valuation and recent operating cash flow. The financial story is one thing, but how well a company pays its investors is another. JPMorgan Chase has raised its dividend for more than 10 years. It pays $6.00 per share, per year, which translates to a yield of around 1.9%. It also has a dividend payout ratio of 26%, suggesting that the company still keeps most of its earnings for reinvestment. Meanwhile, Bank of America has also raised its dividend for more than 10 years. It pays a forward annual dividend of $1.12, translating to a yield of approximately 2%, slightly higher than its competitor. Like JPMorgan Chase, BAC also keeps its payout ratio low at 25%, suggesting that it still has room to reinvest in the business. While both stocks are down year-to-date, their solid business models and strong financial positions have kept Wall Street analysts bullish. A consensus among 27 analysts rates JPM stock a “Moderate Buy,” with a score of 3.89 out of 5. Its mean to high target prices suggest between 11% and 28% potential upside. Likewise, BAC has a consensus “Moderate Buy” rating, though it has a better average score at 4.37. Its mean to high target prices are also a bit higher, suggesting around 16% to 34% potential upside. Both JPMorgan Chase and Bank of America are strong banking names, but they appeal to different kinds of investors. JPMorgan looks like the stronger overall bank. It has the larger scale, higher revenue, stronger profitability, and broader business reach, which gives it the edge for investors who want a more dependable banking franchise. Bank of America, however, makes a stronger case for income-focused value investors. It trades at a lower forward P/E, offers a slightly higher dividend yield, and has stronger potential upside based on analyst targets. In the end, JPMorgan looks like the better all-around business, while Bank of America may be the more attractive pick for investors looking for value, income, and upside potential. If you believe this article contains misleading, harmful, or spam content, please let us know.",https://markets.financialcontent.com/stocks/article/barchart-2026-5-8-jpmorgan-vs-bank-of-america-how-the-2-dividend-paying-bank-stocks-stack-up-in-2026
JPM,JPMorgan Chase & Co. (NYSE:JPM) Shares Down 1.4% - Should You Sell? - MarketBeat,2026-05-08 21:30:26,"Shares of JPMorgan Chase & Co. (NYSE:JPM) traded down 1.4% during trading on Friday . The company traded as low as $300.50 and last traded at $301.9340. 8,566,051 shares traded hands during mid-day trading, a decline of 17% from the average session volume of 10,329,068 shares. The stock had previously closed at $306.27. Here are the key news stories impacting JPMorgan Chase & Co. this week: A number of analysts recently issued reports on JPM shares. Piper Sandler boosted their price target on JPMorgan Chase & Co. from $325.00 to $345.00 and gave the company an ""overweight"" rating in a report on Wednesday, April 15th. UBS Group decreased their target price on JPMorgan Chase & Co. from $380.00 to $375.00 in a research report on Wednesday. Autonomous Res dropped their price target on JPMorgan Chase & Co. from $360.00 to $324.00 and set a ""neutral"" rating on the stock in a research report on Monday, April 6th. Keefe, Bruyette & Woods  restated an ""outperform"" rating on shares of JPMorgan Chase & Co. in a research note on Tuesday, February 24th. Finally, Zacks Research downgraded JPMorgan Chase & Co. from a ""strong-buy"" rating to a ""hold"" rating in a report on Wednesday, April 8th. Fifteen analysts have rated the stock with a Buy rating and fifteen have issued  a Hold rating to the company. According to data from MarketBeat, the company presently has a consensus rating of ""Moderate Buy"" and an average target price of $338.12. Check Out Our Latest Report on JPMorgan Chase & Co. The company has a market cap of $809.04 billion, a PE ratio of 14.46, a price-to-earnings-growth ratio of 1.53 and a beta of 1.03. The company has a quick ratio of 0.85, a current ratio of 0.86 and a debt-to-equity ratio of 1.30. The firm has a 50 day simple moving average of $299.69 and a 200-day simple moving average of $307.26. JPMorgan Chase & Co. (NYSE:JPM - Get Free Report) last released its quarterly earnings results on Tuesday, April 14th. The financial services provider reported $5.94 EPS for the quarter, beating the consensus estimate of $5.50 by $0.44. JPMorgan Chase & Co. had a net margin of 20.66% and a return on equity of 17.54%. The business had revenue of $50.54 billion during the quarter, compared to analyst estimates of $48.30 billion. During the same period in the prior year, the firm posted $5.07 earnings per share. The company's quarterly revenue was up 10.0% on a year-over-year basis.  As a group, research analysts predict that  JPMorgan Chase & Co. will post 22.42 earnings per share for the current fiscal year. The company also recently announced a quarterly dividend, which was paid on Thursday, April 30th. Investors of record on Monday, April 6th were given a dividend of $1.50 per share. The ex-dividend date of this dividend was Monday, April 6th. This represents a $6.00 dividend on an annualized basis and a yield of 2.0%. JPMorgan Chase & Co.'s dividend payout ratio  is presently 28.74%. In other JPMorgan Chase & Co. news, CFO Jeremy Barnum sold 5,611 shares of JPMorgan Chase & Co. stock in a transaction on Wednesday, April 15th. The shares were sold at an average price of $306.55, for a total value of $1,720,052.05. Following the transaction, the chief financial officer directly owned 35,460 shares of the company's stock, valued at approximately $10,870,263. The trade was a 13.66% decrease in their ownership of the stock. The transaction was disclosed in a document filed with the Securities & Exchange Commission, which can be accessed through the SEC website. The transaction was executed under a pre-arranged Rule 10b5-1 trading plan. Also, insider Robin Leopold sold 433 shares of the company's stock in a transaction on Monday, March 23rd. The stock was sold at an average price of $295.06, for a total value of $127,760.98. Following the transaction, the insider directly owned 64,920 shares in the company, valued at approximately $19,155,295.20. The trade was a 0.66% decrease in their ownership of the stock. Additional details regarding this sale are available in the official SEC disclosure. In the last ninety days, insiders sold 79,849 shares of company stock valued at $24,522,956. 0.41% of the stock is currently owned by company insiders. Institutional investors have recently added to or reduced their stakes in the business. Timmons Wealth Management LLC acquired a new position in  JPMorgan Chase & Co. during the 4th quarter valued at approximately $27,000.  Caitong International Asset Management Co. Ltd purchased a new stake in shares of  JPMorgan Chase & Co. during the fourth quarter valued at $32,000.  Mountain Hill Investment Partners Corp. purchased a new stake in shares of  JPMorgan Chase & Co. during the third quarter valued at $32,000.  MBM Wealth Consultants LLC acquired a new position in shares of  JPMorgan Chase & Co. in the 1st quarter valued at $29,000.  Finally, Osbon Capital Management LLC acquired a new position in shares of  JPMorgan Chase & Co. in the 4th quarter valued at $35,000. Institutional investors and hedge funds own  71.55% of the company's stock. JPMorgan Chase & Co NYSE: JPM is a diversified global financial services firm headquartered in New York City. The company provides a wide range of banking and financial products and services to consumers, small businesses, corporations, governments and institutional investors worldwide. Its operations span retail banking, commercial lending, investment banking, asset management, payments and card services, and treasury and securities services. The firm's principal business activities are organized across several core lines: Consumer & Community Banking, which offers deposit accounts, mortgages, auto loans, credit cards and branch and digital banking under the Chase brand; Corporate & Investment Banking, which provides capital markets, advisory, underwriting, trading and risk management services; Commercial Banking, delivering lending, treasury and capital solutions to middle-market and corporate clients; and Asset & Wealth Management, which offers investment management, private banking and retirement services to institutions and high-net-worth individuals. This instant news alert was generated by narrative science technology and financial data from MarketBeat in order to provide readers with the fastest reporting and unbiased coverage. Please send any questions or comments about this story to contact@marketbeat.com. Before you consider JPMorgan Chase & Co., you'll want to hear this. MarketBeat keeps track of Wall Street's top-rated and best performing research analysts and the stocks they recommend to their clients on a daily basis. MarketBeat has identified the five stocks that top analysts are quietly whispering to their clients to buy now before the broader market catches on... and JPMorgan Chase & Co. wasn't on the list. While JPMorgan Chase & Co. currently has a Moderate Buy rating among analysts, top-rated analysts believe these five stocks are better buys. MarketBeat just released its list of the 7 hottest IPOs expected to hit Wall Street in 2026. See which companies are preparing to go public and why investors are watching closely. Sign up for MarketBeat All Access to gain access to MarketBeat's full suite of research tools. 345 N Reid Place, Suite 620, Sioux Falls, SD 57103
                                        
                                        contact@marketbeat.com
                                        
                                        (844) 978-6257 © MarketBeat Media, LLC 2010-2026. All rights reserved. © 2026   Fair market value prices are updated every minute and are provided by Massive. Other market data provided is at least 10-minutes delayed and hosted by Barchart Solutions.  Information is provided 'as-is' and solely for informational purposes, not for trading purposes or advice, and is delayed. To see all exchange delays and terms of use please see Barchart's disclaimer. We and our partners share information on your use of this website to help improve your experience. For more information, or to opt out click the Do Not Sell My Information button below.",https://www.marketbeat.com/instant-alerts/jpmorgan-chase-co-nysejpm-shares-down-14-should-you-sell-2026-05-08/
JPM,Eddie Wen & Jasmine Ferreira - J.P. Morgan,2026-05-08 20:55:47,"Putting our long-tenured investment teams on the line to earn the trust of institutional investors. Direct access to market leading liquidity harnessed through world-class research, tools, data, and analytics. Helping institutional investors, traditional and alternative asset and fund managers, broker dealers and equity issuers meet the demands of a rapidly evolving market. Leveraging cutting-edge technology and innovative tools to bring clients industry-leading analysis and investment advice. Helping hedge funds, asset managers and institutional investors meet the demands of a rapidly evolving market. Global short-term fixed income strategies designed to help clients manage liquidity through the cycle. Enhance your equity compensation offering with solutions designed to empower your employees and bring your reward strategy to life. Explore a variety of insights organized by different topics. Explore a variety of insights organized by different types of content and media. We aim to be the most respected financial services firm in the world, serving corporations and individuals in more than 100 countries. Meet the people behind J.P. Morgan Markets and get deep dives into the expertise powering our products. Jasmine Ferreira: Hi, I'm Jasmine Ferreira. I head up the marketing at JP Morgan for the Markets, Securities Services and Sales & Research teams. Eddie Wen: And I'm Eddie Wen. I'm the Global Head of Digital Markets. Jasmine Ferreira: Before we get going, I just want to give a bit more, for you to give us a bit of a background on your role at JP Morgan and how you got to where you are today. Eddie Wen: It's a long journey. I started off as a software engineer on Wall Street. In the early days, I did a lot of software development, particularly around portfolio analytics systems, as well as some derivative pricing tools. Over the years of working on the trading floor, I got exposure to the trading businesses. Started doing a lot of work around electronic trading in foreign exchange. Built the very first electronic pricing systems that powered the early days of the electronic business in foreign exchange. And in 2006, I was given the opportunity to run the foreign exchange e-commerce business at JP Morgan. I joined the bank, started in the business and that really took off over the years. It started in foreign exchange. It ultimately expanded into commodities, rates, and many other fixed income businesses today. Up about six years ago, I was given the opportunity to lead a product effort called Digital Markets. That's what I've been doing since. Jasmine Ferreira: You've been doing it since. And that's not just what you do though. You're on a few other things within the firm that you get involved in, such as the AI committee. Just give us a little bit more insights into what that involves. Eddie Wen: Look, I've always been on the crossroads between technology and business. The business people think I'm a technologist, the technology people think I'm a business person. But ultimately, I think that the blurring between the technology and the business has been happening over the years, and I've always had in roles that is how do you actually position the business for transformation and how do we actually make the right investments, so that we can leverage capability that's out there? Getting our business comfortable with that transformation is also part of the job. And largely, in the last several years, is not just our own business, it's also with clients, the industry and whatnot. So I find that over the years, it kind of mushroomed into a variety of other roles. Jasmine Ferreira: It's interesting, because one of the things that, we're in marketing, a little bit different, but we have to understand how the business works and you have to understand how the business makes money. When you're talking about business innovation, technology innovation, talking to each other, is it become more vital that your technology teams are understanding the business side of it? Eddie Wen: Oh, absolutely. I think over the years, as I said, the blurring of the lines between technology and business is very pervasive. You look at a lot of our largest companies today are technology companies. What's happening with the FinTech transformation with banking is very important that banks figure out how to navigate the technology landscape, how do you leverage technology? And now, it's even more obvious with AI and the new trends that are happening in the marketplace. I think that being able to understand technology and business is a real asset. And I think that's what we want to position our people to be more like. And as part of digital markets, always get very much involved in the software engineering aspects of what we do, the design of our systems, how things work, but more importantly, understand what's the business rationale. How do we make money? How do you serve clients? How do you make all these things come together? I think it's very important that that amalgamation of the skillset actually takes place with everyone in the business. I think a lot of the challenge in our businesses is actually not the invention of the technology, but rather adoption, implementation, integrations. And that usually is the most difficult part of technology. It's not so much building it. It's actually getting people to use it, getting people to change the way they do things. That could take a long time and it could take a lot of energy and effort. And really, more importantly, it takes a lot of understanding of what the client's needs are, so a lot of our efforts really focus on driving adoption and implementations. Jasmine Ferreira: I know that story well. We're looking like ... I've been here 10 years. It was probably eight years ago and we're pushing FX algo trading. And it was just like, part of my team's job was to really convince and educate. And naturally, those behavioral shifts happen over time. Old school trading on the phone, the loud trading floors, they're a little bit quieter now in that sense from the digital side of things. It really is about understanding what clients' needs are, but also telling them what their needs are. To an extent, being ahead of it, be more proactive than reactive. But I think that behavioral shift is well on its way now. I think it's just more about that continuous education as that innovation comes in. It's how do we keep informing them, making them. Ultimately, we just want to make our clients as smart as possible, so that they can do the best job for themselves. And ultimately, that has a holistic effect on JP Morgan as a firm. Eddie Wen: I think that's absolutely true. If you look on our trading floor, one thing I've noticed, everyone's very busy. I think I heard this from one of the CEOs from a technology company, he said, ""Everyone's works really hard, but they get so little done."" I think the nature of being busy is not necessarily sometimes the best way of using our time. How do you actually figure out to adopt different tools to make what you do easier and changing the operating model on how we operate and also invest a little bit of time of learning an alternative way of doing things. That's really important. I think, over the years, if you look at the adoption of technology, that has, look at electronic trading in foreign exchange. The amount of time it takes for people to conduct a trade, book a trade or risk management, it's gone down substantially due to automation. But have we done things the same way we used to do before? Very different. Like you said, the trading floor is very quiet. I remember in the early days of my career, I used to take clients on tour of the trading floor. And quite frankly, today, the noise level on our trading floor is much lower. It's not as exciting going to see a trading floor at JP Morgan during NFP because there isn't as much chatter. But believe me, a lot of activities are happening, in fact, much more than what was done back in the days when it was a lot of commotion. Now, it's just a lot of click noises and click, more chattering. But nonetheless, I think the amount of business that we've been doing because of electronification has grown phenomenally. Jasmine Ferreira: Yeah. No, it's a good point. We have a dedicated team in Vieta's world that is there to help alleviate the news technology to help the salespeople do what they need to do. They sat down with our sales teams and worked out and they do like 36 tasks. How can we then make that process, no, reduce that for starters, make that process easier for them, but then also enable them to do what they really should be doing, which is engaging and talking to clients and delivering in that sense. I think we do recognize it, and I think having those teams in place just highlights that a lot. As you mentioned, Eddie, that the trading floors are a little bit quieter now. People are, I wouldn't want to use the word churning, but they're doing multiple tasks with the adoption of technology, it's enabled them to scale the amount that they're actually able to do at one time. But we also have to be conscious that that's not always sustainable. We look at ways that we can alleviate the number of tasks, make that easier, whether that be of AI or machine learning. Before we go into that, let's just define what a platform is. Eddie Wen: Look, we operate a number of different efforts within digital. One of them could be like our JP Morgan market portal. That allows essentially the navigation and aggregation all the tools and services, as well as the platforms that the business offers. I think of it as facilitating access and discovery of content, services, product, and what shows what the firm has to offer. When I think about a platform, it tends to be more about facilitation. How do you create a venue where both a client or salesperson is kind of conducting services using an intermediary agent that allows the services to be procured more effectively? I think we're all consumers ourselves, that we're familiar with the platforms around Netflix or Amazon or Airbnb. The concepts behind those is, really, how do you actually facilitate, be that intermediary or services, as more people come to the channel, they tend to get better services along the way. I think a lot of that theme goes with many of our systems and platforms today. How do you build something that allows every business to participate and allow every client to participate? Now, you could amortize the cost and investment, not just with one particular functions and features, but really allowing those platforms cost to be amortized through all businesses that are trying to provide this similar level of service. Clients get the benefit of a one-stop shop. How do you actually do all the things you need to do from pre-trade, trade to analytics, post-trade data, all the capabilities that we offer on these channels in one place? That's a convenience factor that's a real win for both our clients, as well as for ourselves. Jasmine Ferreira: And I think completely right. It's that holistic presentation of the markets offering to clients in one place. If I'm reading FX Research, I should be able to act on that in the same place. I shouldn't have to go out, log into a different platform or portal, or we'll finish on that one. It should be as easy and intuitive as possible. And of course, there's certain things where it needs a little bit more color and it needs a bit more conversational and a little bit more insight that we want. The JP Morgan Markets platform or the JP Morgan markets is someone's daily routine. They log in, they use it, but then we should think about if we want that to become a client's daily routine, then we also need to make it something that they would use in their daily routine. When we think about your Amazon, your Netflix, your Airbnb, how do people interact with those in their daily life, or how often they use it? What can we use to learn from those type of platforms to bring it into a platform that we want to become part of a daily routine. Even though it's part of their job, but you spend more time at work than you do watching Netflix in the [inaudible 00:09:46], I'd like to think. How do we think about that in an e-commerce way to make it stickier for clients, but then also an enjoyable experience at the end of the day? Eddie Wen: Look, it's all about making things easier for clients. I think we benefit from that as a consumer ourselves. I think stepping back a little bit in a history of how systems get built within our businesses, typically in the old days, we would have a business area that thinks there's a needed feature or functionality and they would build a system that solves that very specific problem. Over the years, we collected a lot of these different tools and systems and ""smaller platforms capabilities,"" and it became this mosaic of different tools that were not interconnected. They would became ... While it solves a problem very well, they're not interconnected. And also, the workflows between various system systems became very cumbersome for our clients. I think the concept behind digital markets is really, how do you make things easier? It's not that different that when you go bank with Chase today, there's one app that allows you to look at your checking account balances, your savings account balances, your credit card balances, maybe your mortgage payments, your car loans. All these things come- Jasmine Ferreira: Shopping through Chase points, just to add that in there. Eddie Wen: Certainly. Trying to, on the institutional side of the business, a lot of these services are still very fragmented today. Our vision is to how do you actually make all these services be much more integrated? There's a one-shop shop for all the capabilities. And more importantly, the data, the authentication processes and the security behind much of this can be shared and common across all the different channels. Bringing all our businesses together and making a cohesive product offering, that's the goal of what we're trying to do. Jasmine Ferreira: That's the northern star, because it goes back to that business innovation versus tech innovation. Sometimes we need to get things to market quickly. How do we balance it between, ""We just need to deliver on that and get it out,"" versus, ""Are we actually thinking about this in the long term and how it all fits together?"" Eddie Wen: Having been working on the trading floor for many years in my life, I think it's very important that demonstrating success and making incremental improvement is critical. The vision of executing the grandiose plan, while it's great, we have to demonstrate that we're able to carry it out. And the best way to do this is to demonstrate incremental progress along the way. A lot of our efforts and projects that we run, I'm a big believer in measuring KPIs and metrics, how much revenue does it generate, how many users are adopting. How do you make sure that, as you are going to the ultimate journey of putting everything together, we are directionally making progress and getting stakeholders buy-in? How do you get their support? How do you make sure that the investment dollars that you're putting in every one of these platform builds actually are demonstrating value? It's a balancing act between what is tactical, realizing results, and making sure to validate your thinking that, ultimately, this is the right direction. I think, a lot of our project governance is really focused on incrementalism, as well as, are we strategically heading forward the right target state? Jasmine Ferreira: That's why it all comes under your group, because you need to have a holistic view over, even going to the UX side of things. They all need to look like they're from the same family. And there's the kind of marketing, branding thing that comes into it. How have you positioned? I know there was some changes about the way the UX teams were positioned, that they weren't just working on one product or one functionality. Can you just give us a bit more insights on how that got shaped to deliver this all in the same family? Eddie Wen: Yeah. Design is an important component of what we do. How do you actually make these applications look like it's cohesive, where the workflows are stable, that's largely a design function. You call it UX, but largely, what does the user experience look like across the different channels? We have one team that reports directly, and to me, that oversees the design of our applications and tools and making sure the user experience is consistent. Whereas, each of the business line may know specifically what are the functionality and capabilities that clients' needs are. How do you make sure the client experience across all of them are consistent? That's an important part of pulling together platforms and make them cohesive. You may be building an application, say for research, that allows research customers to consume content along the documents to prescribe. That shouldn't be that different than say how sales and trading commentaries are actually being consumed. In fact, we are looking at a cohesive design across these different areas, try to make the user experience consistent so that it's easy to learn, it's easier to pick up. And also more importantly, we can share the cost of development. All these tools and capabilities, we don't have to reinvent the wheel over and over again across each one of these business silos. Jasmine Ferreira: Yeah, it's like one content publishing tool here, one here as well. Actually, if we just put the money together, we could have done that a lot quicker and it'll save a bit of cash on that. Due to the size of our firm, and we've had these conversations in this series over the last week. We had it in the sponsor's conversation, we had it in the private markets conversation. Adam Walker gave a great example of, ""I can't take 45 people to a meeting."" We take two and they come back and they find the solution, and then, they deliver it back as the two. I think people's expertise and different parts of the business that they work in, and we can relate this to your part of the business, is very niche, and then, naturally, things do fall in silo. But I think, as a firm, where we deliver so well for clients and how we continue to do so, is behind the wheel and the cogs are actually working in harmony together to reach those solutions. So actually, the clients aren't really aware of too much of what's going on behind the scenes to get to the end result, which is great because that's our problem, not theirs. How do we prevent those silos happening? Because naturally, you have digital product teams who they live and breathe those products and so they should. They're so passionate about it. It is almost like a mini-FinTech within the wider picture, but making sure that we are staying connected, so that the end-client experience, and I think we can bring UX into this. The end client experience is seamless. It's intuitive and they should be able to find exactly what they want when they need it. I think we can also talk about, when we talk about competition and working, looking at competition and say, ""We're not afraid of competition. We work with others."" Ultimately, is that a client should want to do business with us, but also we need to meet them where they want to be met. Eddie Wen: The reality is I think we are all inspired as consumers of the Apple experience. When you open up an Apple product, there's no instruction manual. It just works. It's easy, and I think we aspire to do that. Now, will we someday be able to build a portfolio trading systems and credit that is the Apple experience? Absolutely. I think that's the direction that we're trying to travel, but this is a subject matter expert that's very complex. It requires a lot of expertise, a lot of data, a lot of experiences in these markets. But marrying that together with the various different platforms and the user experience that we are very familiar with, how do you make this easier? How can you electronically quote a portfolio of bonds and be able to trade them with one click of a button, just like you can do foreign exchange? We're taking ideas that has historically been developed in one product silos and trying to apply it to different asset classes. That's actually a unique proposition about the horizontal that I oversee. It's not aligned with one particular business line. It's really about the concept of a platform. How do you share ideas? How do you cross collaborate between different channels? One thing I have noticed over the years in working in the financial services industry is that, a lot of innovation stays within one particular vertical. Just because you have a really good idea in one, it oftentimes takes a long time before those ideas transcends from one area to another. Our job is really to take the best ideas and make best tools, best product capabilities, and how to apply them across different areas. An example of this is, if you look at our execute platform, we started as a foreign exchange trading tool. We actually spent very little time building foreign exchange capability. Yes, we're incrementally improving it, but we're leveraging a lot of those capabilities that have existed in foreign exchange. How do you apply them to commodities, to rates, to credit, to equities? These are areas that may not have had a single dealer platform for a long time, but now that capability is there and we're using the same ideas and expertise in some cases, even the same individuals that build some of these tools, how do you actually make them leverage across the different areas? It's very intuitive. It's easy to understand and it's consistent naturally, because it's the same platform. I think that's how you deliver services and tools that make it easier for the clients. Jasmine Ferreira: And the stickiness, right? The client came on and predominantly just using FX. We used to call it the macro platform, now it's just the platform of execute. Eddie Wen: Yeah. Look, it's ease of doing business. And when I think of stickiness, I think of it as like if you reduce friction, people naturally gravitate what is the easiest way. I think we are all victims of convenience. We tend to like to do things that's convenient and easy and look at all the things that we do and how busy we are. If you make it easier, people naturally will do more and that overall increases productivity and get things done quicker. Jasmine Ferreira: Eddie, let's talk about competition. Highly competitive markets business for starters. When we talk about platforms and how we engage with competition, and we talk about open architecture, APIs, and ultimately, meeting clients where they want to be met, so they can make the right choice as who to go with. Give us a bit more insights into how you think about that, because it is, we are opening ourselves up and saying we might not always be the best choice. Eddie Wen: It's a very interesting dynamic. The phrase I like to think of is co-opetition. It's hard to tell who is a client, who is a competitor, who's a partner. I think, over the years as clients become very successful, they become very large, our platform becomes very successful. Well, you started off as a distribution partner, ultimately becomes a competitor. And also, we have classic competitors, which is the various other bank platforms that we have to compete with. And the reality is, I think with this explosion of digital technologies out there, clients are given a lot more choices. They don't like to be confined. They don't like to be verticalized in one environment. We want to promote competition that allows open API access. That's an important theme. If you look at a lot of our electronic trading business, I think they flourish because of the ability for us to interconnect and share data and allow executions to happen in the lowest friction way as possible. I think the same goes for many of our aspects of our businesses. How do you make sure there's interoperability? I think the old business model is like, I will build a singular system, where you would be able to live and do everything you like to do by. It's great, but it's very difficult to carry out, nor is it ultimately what some clients want. We want to give them the option to be able to live in one particular ecosystem, but the reality is there are a lot of things that we may not be the best at doing. We need to acknowledge, how do you embrace open architectures? How do you allow certain service provider to be complimentary to the services that we're trying to create? How do you make this ecosystem weave together in a seamless way? I think that those are the platform themes that we look to. We regularly have discussions with many platforms that oftentimes started off as being a distribution partner for us. And as that they've gotten bigger, really hard to tell whose client is it. It's actually ours. And ultimately, I embrace that level of competition because it ultimately gives us the need to develop better services, clever pricing mechanism, and also, how do you ease the burden of operating across the various different platforms to make it easier for clients? I think, ultimately, this is a good thing for clients, but we need to figure out how to navigate this landscape. I think we have a tendency to want to work with platforms that allow us to interoperate more openly across different channels. The question was about how do you think about competition? I think the way I want to end it is really about we want to embrace competition because it keeps us on our toes, and ultimately, gives clients a better service. The point I was trying to detract away from is the verticalization. How do you capture people in this vertical cell that doesn't allow them to have a choice to go to other things? Jasmine Ferreira: Yeah, we don't want clients to feel constrained to only using one platform, one product. You want to open it up so that they have choice. As we've already said, not an educated, but an informed client, a well-informed client is a good client. We actually learn from our clients. We speak to them, we ask them, ""What do you like about this? How can we improve? How can we do better?"" And then we'll go away and we'll hopefully meet their needs in that sense. I think showing that vulnerability and saying, ""Hey, we might not always get this right."" This is just like Innovation 101 or one. You got 10 ideas and throw them against the wall and only two stick. Eddie Wen: Look, in reality, the competition is probably the best thing that's ever happened for our clients. When we have a platform, we often have to make sure we are competing effectively with other bank's capabilities, as well as third-party channels, and ultimately, the client have the choice of what they want to do. Jasmine Ferreira: Ultimately, clients have choice, and we're not going to put our hands up and ignore the fact that there's competition out there and they've got multiple providers they can go and speak to and do business with. But it's also being vulnerable to say, ""Hey, we want you to do business with us, because you've made that decision, you've analyzed what's out there. And in this particular instance, you're coming to us."" Of course, that's the ultimate Northern Star. And as we said, a well-informed client is a great client. This steers into the front-of-mind approach that we're always trying to take. It's about transparency and sharing what's happening. The markets business, and we've spoke about this recently, doesn't talk a lot traditionally. We're not thinking about talking on the phones in traditional way of trading, but everyone's got their secret sauce as to what they're doing. It's a competitive environment and we're seeing that change. People want to hear from our traders. I act on a premise that if I could just listen to two people having a conversation over the water cooler, what would I hear from them? How do you make our people, our experts, more available to clients in that sense? We do a lot of that through thought leadership content, whether it's a podcast or it's a white paper or it's what we're doing here today. I have this premise in my team that I never want a client to watch something and not learn from it. It's very easy to put out fluffy content because you're just doing it. But it's very vital, and you talked about the content architecture that we're working for JP Morgan Markets platform, and it's staying front-of-mind. Why is that client or why is that person going to log into our platform versus our competitor's platform that morning? What can we give them? Pricing is not always easy to control. We've seen that recently. Where's that value add and that secret sauce that we can share with you to make you more informed, to make you do your job better, and ultimately, do more? Eddie Wen: Look. Historically, our business is a bit media-shy, and I think a lot of the conversations tend to happen bilaterally. And now, as you all recognize in the world today, there is so much information and so much content out there, it's very hard to separate the signal from the noise. What we try to do is want to be that beacon of understanding and teach the clients on certain themes and thematics that we think are important. And ultimately, like you said, a more informed consumer is a better customer for us. A lot of the concepts around automations and giving better tools to the client can't really happen if the clients don't adopt it and use it. We spend a lot of time on telling the story about why this is important and actually getting testimonials out there to change how people operate. Like our earlier point, people are really busy, but are they getting the most work done? Are you providing the better tools? I think a lot of what we try to do is not really trying to make money on this one particular trade, but rather how do you change the process? What's a better way? And it's also important that the industry hears this, not just our customers. Sometimes you hear other banks will listen to some of the podcasts and things that we do and say, ""Well, why are you showing your competitor what we're doing?"" I think it's really important to get the word out there and also bring that cohesion as an industry on how do you adopt certain changes that will ultimately grow the pie, make us more efficient, get us more productivity. I think those themes, I think it's relevant and it resonates with broadly the whole entire industry. Jasmine Ferreira: And it creates trust. When we always talk about in times of volatility or liquidity whenever you need it, those kind of lines that, as marketers, love to throw out there, but you don't have trust without proving what you can do. That's an ongoing process, and I think not being shy to say, ""We do have this, but we're not going to be quiet about it, because we don't want our competitors to know about it. We should stand up tall and shout from the rooftops that we've got this, and hopefully, they won't shout louder. We are being transparent. I think, when you're being transparent and it builds that trust and it builds those long-term relationships. Eddie Wen: Look. It's often also a two-way conversation. Do we get everything right? No, absolutely not. I think there are a lot of things, ideas that we've had that just didn't work or we invested in something that really didn't catch on. And I think, having those two-way dialogues and having open conversation helps us fail fast at things that don't work and focus on things that do work. I think that's an important part of innovation and creating new ideas and also having that two-way dialogue with our clients and see what sticks and what doesn't. I think that's an important part of how do we actually get things done. Jasmine Ferreira: When we are pushing our content out there and we're sharing this with clients, and it's about going from perception to belief. When I think about what my team do, or if you even think about to traditional advertising, you see something pop up on your reel or on your phone and it's, ""Okay, how do I make that transition from just seeing something to actually believing it's true?"" And that's where my team play their biggest role is to take on that journey. And it's about taking clients from perception to belief. I talk about this in a marketing point where you see an advert. It pops up on your phone or one of your apps, for example, is how do you take a customer from seeing something to believing something? And a really strong tactic of what we do is bring our people to our clients, make them more accessible. If you've got a trader who's got some desk insights, let's share that at large. Let's not be afraid to keep our secret sauce and to keep everything private. I think that shows that builds trust with clients and also it reflects your team strategy of being accessible and letting them make those choices. Eddie Wen: Absolutely. Look. If you made it this far in the video, I would encourage you to engage us and figure out what are the things that we can do better. Whether you're a client, you're a competitor or you're a platform, ask, ""How do you make the things that we do on a day-to-day basis easier?"" Take the time to understand how you would envision better tooling, better systems, better platforms that could, ultimately, do the things that we do more efficient. In a world of AI, there's going to be a lot more efficiencies to be gained on the capabilities that are out there, so figure out how to re-engage, how do you figure out what reinvent the process? I think this is how innovations happen with conversations and dialogues and ideas. Jasmine Ferreira: We've been honest and says we do enjoy a bit of competition, but naturally, we want to be the best. Give me a bit more insight into how we can stay at the forefront and be leading in this space. Eddie Wen: It's about maintaining a consistent discipline investment profile over the years. If you look at the amount of capital we expend for technology investments over the years, it has not gone down. It's consistently stayed where it is or gone up. And I think that's reflection sort of our focus and a commitment to make sure we invest for the long term. The return on our investments aren't measured in terms of months, they're measured in years. The ability to kind of leverage the capabilities, leverage our scale, leverage our diversified portfolio of different capabilities is what differentiates us versus our competition. Explore the crossroads of tech, trading, and AI to understand how J.P.Morgan Markets is building a smarter platform to create a seamless day-to-day workflow for clients J.P. Morgan’s website and/or mobile terms, privacy and security policies don’t apply to the site or app you're about to visit. Please review its terms, privacy and security policies to see how they apply to you. J.P. Morgan isn’t responsible for (and doesn’t provide) any products, services or content at this third-party site or app, except for products and services that explicitly carry the J.P. Morgan name. HELPFUL LINKS JPMORGANCHASE SITES CONNECT WITH US These cookies allow the technical operation of our websites or apps (e.g., cookies that enable you to navigate a website or app, and to use its features). Some may also increase the usability of our websites or apps by remembering your choices (e.g., language, region, login details, and so on).  You may be able to disable some or all necessary cookies by adjusting your browser settings.  If you choose to do so, however, you may experience reduced functionality or be prevented from using our websites or apps altogether. These cookies help us enhance the performance and usability of our websites or apps.  If you choose not to accept these cookies you may experience less than optimal performance. These cookies help us ensure that we understand our audience as clearly as possible, and that any information that is provided to you is as relevant as possible to your interests and preferences These cookies help us evaluate the effectiveness of our marketing campaigns or to provide better targeting for marketing. These cookies may collect personal data such as your name as well as information about how you interact with our websites, apps or marketing materials.",https://www.jpmorgan.com/insights/markets-and-economy/insights-from-the-inside/eddie-wen-jasmine-ferreira
JPM,"Risk of $5 gas ‘can no longer be missed’, JP Morgan warns amid Iran war oil shocks - Yahoo! Finance Canada",2026-05-08 20:44:46,"Tip: Try a valid symbol or a specific company name for relevant results Americans could soon see gas prices hit $5 a gallon, according to analysts at JPMorgan Chase & Co. The ongoing war with Iran is no longer just driving up crude oil prices – it is now squeezing global fuel supplies in ways that could increase the cost of gasoline, diesel and jet fuel, the analysts warned in a note Friday, according to Bloomberg. “If refinery runs continue to be constrained by limited supplies of crude, fuel prices, rather than crude prices, may become the ‘primary transmission channel for demand destruction,’” Natasha Kaneva and a team of analysts said in the note. “In that scenario, crude could plausibly stabilize around $100 [a barrel] even as product cracks widen sharply. The next phase of the shock then may look less like a classic crude spike and more like a refining and end-user fuel crunch.” “This likely helps explain why US gasoline prices are at [$4.55 a gallon] and why the risk of $5 gasoline can no longer be dismissed,” the analysts added. U.S. gasoline prices quickly surged above $4 a gallon in March for the first time in four years. A temporary peace agreement between the U.S. and Iran in mid-April briefly eased prices before fuel costs climbed again, nearing $4.50 a gallon in early May. “The timing could hardly be worse,” the analysts wrote. “The US driving season unofficially begins with Memorial Day at the end of May.” Americans have spent $23.9 billion more on gas, year-on-year, since March 1 because of the Iran war’s impact on U.S. fuel prices, Patrick DeHaan, head of petroleum analysis at tracking site GasBuddy, posted on X. The astronomical added cost breaks down to $6,462 a second and $23.3 million every hour, DeHaan noted. It’s the equivalent of paying for 1.2 billion hours of daycare; the combined budget for the National Science Foundation, Small Business Administration, and the Department of State; and just $1 billion shy of U.S. costs for the war so far. Oil prices soared in early March as shipping in the Strait of Hormuz, which sees the transit of 20 percent of the world’s oil supply, ground to a halt over fears of Iranian attacks on tankers. Drivers of large vehicles are feeling the impact, The Independent previously reported. Filling up a Ford F-150’s 36-gallon tank now costs $160.56, based on AAA’s U.S. average price of $4.46 for a gallon of gas on Monday, May 4. That is up from $114.12 a year ago, an increase of $46.44 per fill-up. Even for drivers who have bought a less gas-guzzling vehicle - such as the country’s most popular sedan, the Toyota Camry - costs are still elevated with drivers paying significantly more than they did last year. The Trump administration has argued that prices will fall once the conflict ends, though there is no clear timeline for when that might happen. When gas prices were above $4 a gallon in mid-April, Trump brushed off the sharp increase in gas prices by telling reporters gas prices were “not very high.” Earlier this month, Trump said that once the war is over, gas prices will “drop like a rock.” Tip: Try a valid symbol or a specific company name for relevant results",https://ca.finance.yahoo.com/news/risk-5-gas-no-longer-204446021.html
JPM,Best Financial Stocks for 2026 and How to Invest - The Motley Fool,2026-05-08 19:15:00,"Financial stocks are a category of publicly traded companies that includes banks, insurance companies, financial service providers, and more. Companies in the financial sector can produce excellent long-term returns, and there are some that look more attractive than others. In this article, we'll explore some of the best financial stocks you can invest in for 2026 and beyond. Berkshire Hathaway (BRK.A +0.16%) (BRK.B +0.14%) is not always considered a financial sector stock. However, it is an insurance company at heart, so it is technically a part of the sector. And with a market cap of more than $1 trillion, it is the largest financial sector company. Berkshire is the parent company of more than 60 businesses, including GEICO, BNSF Railroad, Duracell, and many others. Investors in the company gain exposure to its substantial stock portfolio, which also includes large stakes in financial heavyweights Bank of America (BAC -2.73%) and American Express (AXP -0.90%). Last but certainly not least, Berkshire Hathaway has nearly $400 billion in cash and short-term investments on its balance sheet, which gives the company tremendous financial flexibility to take advantage of opportunities. Even with legendary CEO Warren Buffett stepping down, Berkshire should remain a solid investment for decades to come. JPMorgan Chase (JPM -1.34%) is the largest U.S. bank by assets and has an excellent track record across various economic environments. It's tough to make a case against JPMorgan Chase as an investment if you want bank stock exposure in your portfolio. The bank consistently posts some of the highest profitability metrics in the industry and operates across both consumer and investment banking. JPMorgan Chase is a leader in consumer banking, business banking, and investment banking. It has fantastic asset quality and a great track record of creating value for shareholders, and there's no reason to believe this will change anytime soon. Visa (V -0.77%) operates the world's largest payment network. Along with Mastercard (MA -1.09%), Visa has half of a near-duopoly over the payment processing industry. But don't make the mistake of thinking Visa doesn't have room to grow. The company currently processes about $13 trillion in annualized payment volume across almost 5 billion branded debit and credit cards. But Visa's management has estimated that it has a $185 trillion addressable opportunity, including areas where the company has barely scratched the surface, such as person-to-person and business-to-business payments. Once you've identified financial stocks you want to invest in, the process of buying shares is pretty straightforward: There are some major perks of investing in financial sector stocks, including but not limited to: On the other hand, there are some risk factors to be aware of: There are some excellent financial stocks you can invest in for the long term. Of course, there are risk factors to be aware of, but with some of the top financial companies, the risk-reward dynamics make a lot of sense. The three mentioned in this article -- Berkshire Hathaway, JPMorgan Chase, and Visa -- have excellent track records of delivering market-beating total returns for investors, and could certainly continue to do so in the future. Before you buy stock in Berkshire Hathaway, consider this: The Motley Fool Stock Advisor analyst team just identified what they believe are the 10 best stocks for investors to buy now… and Berkshire Hathaway wasn’t one of them. Generational wealth is rarely built on a single hot stock pick — it’s built on a resilient, diversified foundation designed to compound for decades. If your goal is to pursue true generational wealth, you’ll want to see the 10 stocks our analysts believe are the best to buy now. Consider when Netflix made this list on December 17, 2004... if you invested $1,000 at the time of our recommendation, you’d have $471,827!* Or when Nvidia made this list on April 15, 2005... if you invested $1,000 at the time of our recommendation, you’d have $1,319,291!* That’s the power of choosing a handful of potential long‑term winners and letting time do the heavy lifting. Today, Stock Advisor’s total average return is 986% — a market-crushing outperformance compared to 207% for the S&P 500. If your goal is to start building true generational wealth, don’t miss the latest top 10 list available with Stock Advisor, and take your next step toward a portfolio that can benefit not just you, but your family for years to come. While the banking business itself can be complex, the ways banks make money are easy to understand. Combine finance and technology to get companies in the fintech space. Here's an overview of GE Vernova's business and whether the stock would benefit investors' portfolios. This form of ledger technology is what's behind cryptocurrencies and other tech trends. Bank of America is an advertising partner of Motley Fool Money. JPMorgan Chase is an advertising partner of Motley Fool Money. American Express is an advertising partner of Motley Fool Money. Matt Frankel, CFP has positions in American Express, Bank of America, Berkshire Hathaway, Block, and PayPal and has the following options: long January 2027 $75 calls on PayPal, long January 2027 $95 calls on PayPal, short January 2027 $135 calls on PayPal, and short January 2027 $85 calls on PayPal. The Motley Fool has positions in and recommends Berkshire Hathaway, Block, Goldman Sachs Group, JPMorgan Chase, Mastercard, PayPal, S&P Global, and Visa. The Motley Fool recommends CME Group and recommends the following options: long January 2027 $42.50 calls on PayPal and short March 2026 $65 calls on PayPal. The Motley Fool has a disclosure policy. *Average returns of all recommendations since inception. Cost basis and return based on previous market day close. Our team of credit card pros don’t just recommend this card—they actually use it. Motley Fool Money calls it a top pick for a reason. Invest better with The Motley Fool. Get stock recommendations, portfolio guidance, and more from The Motley Fool's premium services. © 1995 - 2026 The Motley Fool. All rights reserved. Top 10 Stocks to Buy Now &  Our Limited-Time Institutional-Grade AI Report *$149 for two years is a promotional price for new members only. 62% discount based on $199/year list price. Offer expires May 10, 2026 at 11:59 pm PST. **Stock Advisor returns as of May 10, 2026.",https://www.fool.com/investing/stock-market/market-sectors/financials/
JPM,Women Presidents Organization and J.P. Morgan Name Zum to List of 50 Fastest-Growing Women-Owned/Led Companies - School Transportation News,2026-05-08 18:23:15,"REDWOOD CITY, Calif., – The Women Presidents Organization (WPO) has named Zūm to its list of the 2026 50 Fastest Growing Women-Owned/Led Companies™, supported by J.P. Morgan Commercial Banking. Zum ranks No. 4 on this year’s list, which highlights the impressive scale, growth, and impact of women-owned or led enterprises around the world. To be eligible, all companies must be privately held, women-owned or led, and must have reached annual revenues of at least $500,000 in each of the last five years. “Zum is proud to be modernizing mobility systems in more than 4,500 schools nationwide through Zum CMX™, a fully integrated system designed to eliminate the anxiety, uncertainty, and lack of visibility that have plagued student transportation for decades,” said Ritu Narayan, Founder and CEO of Zum. “We are honored to be recognized on this prestigious list of the 2026 50 Fastest Growing Women-Owned/Led Companies, and appreciate all of our team, customers, investors and partners who support our mission.” “The women leading the 50 Fastest Growing Women-Owned/Led Companies are not only scaling successful businesses, they are navigating change, seizing opportunity, and setting the pace within their industries,” said Camille Burns, CEO of the Women Presidents Organization. “Their collective impact reflects the growing influence of women at the highest levels of business. These companies are redefining what scalable leadership looks like today.”Companies on the 2026 list represent a wide array of industries, including travel and hospitality, digital marketing, manufacturing, consumer packaged goods, human capital solutions, information technology and more. Combined, the 2026 50 Fastest generated $8.5 billion in revenue and employed more than 23,000 people in 2025 alone. Zum’s technology-led and data-driven approach improves transparency, communication, and efficiency while delivering a safer, more reliable experience for students and families. The company recently announced a $100 million strategic investment from TPG, bringing its total funding to $430 million and valuing Zum at $1.7 billion. Adopted in 17 states, Zum delivers its unified system across more than 4,500 schools, including Omaha Public Schools, Boston Public Schools, Kansas City Public Schools, Los Angeles Unified, and San Francisco Unified. Zum’s fully integrated Connected Mobility Experience (CMX™) system connects people, vehicles, and operations in real time, reducing anxiety and creating reliable, safe and seamless transportation for families and schools. The 2026 honorees will be formally recognized during the WPO Entrepreneurial Excellence Forum on May 7 in Hollywood, Florida. See the full list of the 2026 50 Fastest Growing Women-Owned/Led Companies™ at women-presidents.com/news-events/50-fastest. To learn more about how Zum is leading the nation in safe and reliable student mobility, visit www.ridezum.com. About Women Presidents Organization (WPO)
The Women Presidents Organization (WPO) is a non-profit membership organization where dynamic and diverse women business leaders around the world tap into collective insight with exclusive access to entrepreneurial equals, innovative ideas, and executive education. WPO members have guided their business to generate at least $2 million USD in gross annual sales (or $1 million USD for a service-based business). Each WPO chapter serves as a professionally-facilitated peer advisory group for members where they can harness the momentum of their successes and cultivate new strategies that will take them even farther. Learn more at women-presidents.com. About J.P. Morgan Commercial Banking
J.P. Morgan Commercial Banking is a business of JPMorgan Chase & Co. (NYSE: JPM), a leading global financial services firm with assets of $4.4 trillion and operations worldwide. Commercial Banking serves emerging startups to mid-corporate businesses as well as government entities, not-for-profit organizations, and commercial real estate investors, developers and owners. Clients are supported through every stage of growth with specialized industry expertise and tailored financial solutions including digital banking and payments solutions, credit and financing, international banking, advisory services and more. Information about J.P. Morgan Commercial Banking is available at www.jpmorganchase.com/commercial. About Zum
Zum is revolutionizing mass mobility with its Connected Mobility Experience (Zum CMX™) system that connects and coordinates people, vehicles, and operations in real time. In the $50 billion student mobility market – the largest segment of the mass mobility industry – Zum CMX is transforming a daily source of anxiety and disruption into a reliable, transparent, and efficient mobility experience for students and families. Today, more than 4,500 schools rely on Zum CMX. Recognized globally for its innovative approach and operational execution, Zum has been named to Fast Company’s World’s Most Innovative Companies, CNBC Disruptor 50 and Changemakers, the World Economic Forum, and the Financial Times’ Fastest Growing Companies lists. Zum is backed by leading investors including Sequoia Capital, GIC, SoftBank, and TPG. Zum, Zum CMX, and associated logos are trademarks of Zum Services, Inc. All rights reserved. Learn more at www.ridezum.com.",https://stnonline.com/industry-releases/women-presidents-organization-and-j-p-morgan-name-zum-to-list-of-50-fastest-growing-women-owned-led-companies/
JPM,"The Big 3: SPOT, UBER & JPM (OZy5m8R6Cw) - Fathom Journal",2026-05-08 17:46:55,"Join over 9000 global opinion formers by subscribing to Fathom's influential Weekly Newsletter Tag: #Portugal, #iran war hormuz, #finalissima, #chiraiya Scott Bauer takes us through  chernobyl today's top three trades. He talks about Spotify (SPOT) who he says had a ""floor"" installed as a comeback after being punished, Uber (UBER) having its recent repeated high points, and JPMorgan Chase (JPM) with a 200-day moving streak. Rick Ducat takes us through the key technicals in the stock charts. Empowering every investor and trader, every market day. #spot #uber #jpm #schwabnetwork #investing #news #stocks #stockmarket #trading #economy #marketnews Our Voice of the Fortnight is the Decision Points podcast with David Makovsky - Hezbollah Decapitated? The War with Israel and Lebanon’s Future",https://fathomjournal.org/b7e00bffsmm/5c7dcab3-D1E8CzVVBAoTPSc.html
JPM,JPMorgan Links Tokenized Treasuries And AI Deals With Valuation Upside - simplywall.st,2026-05-08 15:45:20,"For investors watching NYSE:JPM, these developments come with the stock trading around $306.27 and showing a 23.2% return over the past year, alongside a notable return over the past 3 years. The combination of blockchain based settlement activity and large scale AI related financing underscores JPMorgan's role as a core player at the intersection of banking and digital finance. Both the tokenized US Treasury pilot and the Meta AI data center financing highlight areas that could influence how capital moves across borders and into data heavy infrastructure. Readers may want to track how frequently JPMorgan features in similar digital asset and AI related projects, and whether these efforts develop into repeatable transaction flows or broader platforms over time. Stay updated on the most important news stories for JPMorgan Chase by adding it to your watchlist or portfolio. Alternatively, explore our Community to discover new perspectives on JPMorgan Chase. We've flagged 1 risk for JPMorgan Chase. See which could impact your investment. There is only one way to know the right time to buy, sell or hold JPMorgan Chase. Head to Simply Wall St's
company report for the latest analysis of JPMorgan Chase's Fair Value. For the full picture including more risks and rewards, check out the
complete JPMorgan Chase analysis. Alternatively, you can visit the
community page for JPMorgan Chase to see how other investors believe this latest news will impact the company's narrative. This article by Simply Wall St is general in nature. We provide commentary based on historical data
        and analyst forecasts only using an unbiased methodology and our articles are not intended to be financial advice. It does not constitute a recommendation to buy or sell any stock, and does not take account of your objectives, or your
        financial situation. We aim to bring you long-term focused analysis driven by fundamental data.
        Note that our analysis may not factor in the latest price-sensitive company announcements or qualitative material.
        Simply Wall St has no position in any stocks mentioned. We've created the ultimate portfolio companion for stock investors, and it's free. • Connect an unlimited number of Portfolios and see your total in one currency• Be alerted to new Warning Signs or Risks via email or mobile• Track the Fair Value of your stocks Have feedback on this article? Concerned about the content? Get in touch with us directly. Alternatively, email editorial-team@simplywallst.com Operates as a bank and financial holding company in the United States, rest of North America, Europe, the Middle East, Africa, the Asia Pacific, Latin America, and the Caribbean. Financial Data provided by S&P Global Market Intelligence LLC, analysis provided by Simply Wall Street Pty Ltd. Copyright © 2026, S&P Global Market Intelligence LLC. All rights reserved. Simply Wall Street Pty Ltd (ACN 600 056 611), is a Corporate Authorised Representative (Authorised Representative Number: 467183) of Sanlam Private Wealth Pty Ltd (AFSL No. 337927). Any advice contained in this website is general advice only and has been prepared without considering your objectives, financial situation or needs. You should not rely on any advice and/or information contained in this website and before making any investment decision we recommend that you consider whether it is appropriate for your situation and seek appropriate financial, taxation and legal advice. Please read our Financial Services Guide before deciding whether to obtain financial services from us. © 2026 Simply Wall Street Pty Ltd, US Design Patent #29/544/281, Community and European Design Registration #2845206",https://simplywall.st/stocks/us/banks/nyse-jpm/jpmorgan-chase/news/jpmorgan-links-tokenized-treasuries-and-ai-deals-with-valuat
JPM,Loan loss coverage ratio of JP Morgan Chase & Co. – NYSE:JPM - TradingView,2026-05-08 15:09:25,"Select market data provided by ICE Data Services. Select reference data provided by FactSet. Copyright © 2026 FactSet Research Systems Inc.Copyright © 2026, American Bankers Association. CUSIP Database provided by FactSet Research Systems Inc. All rights reserved. SEC fillings and other documents provided by Quartr.© 2026 TradingView, Inc.",https://www.tradingview.com/symbols/NYSE-JPM/financials-statistics-and-ratios/loan-loss-coverage/
JPM,Loan losses (actual) to total loans of JP Morgan Chase & Co. – NYSE:JPM - TradingView,2026-05-08 15:04:58,"Select market data provided by ICE Data Services. Select reference data provided by FactSet. Copyright © 2026 FactSet Research Systems Inc.Copyright © 2026, American Bankers Association. CUSIP Database provided by FactSet Research Systems Inc. All rights reserved. SEC fillings and other documents provided by Quartr.© 2026 TradingView, Inc.",https://www.tradingview.com/symbols/NYSE-JPM/financials-statistics-and-ratios/loan-losses-act-loans-gross/
JPM,Research Analysts Set Expectations for JPM FY2027 Earnings - MarketBeat,2026-05-08 13:48:54,"JPMorgan Chase & Co. (NYSE:JPM - Free Report) - Equities research analysts at Erste Group Bank raised their FY2027 earnings per share (EPS) estimates for shares of JPMorgan Chase & Co. in a report released on Tuesday, May 5th. Erste Group Bank analyst H. Engel now expects that the financial services provider will post earnings of $23.52 per share for the year, up from their previous forecast of $23.44. The consensus estimate for JPMorgan Chase & Co.'s current full-year earnings is $22.42 per share. JPMorgan Chase & Co. (NYSE:JPM - Get Free Report) last issued its quarterly earnings data on Tuesday, April 14th. The financial services provider reported $5.94 EPS for the quarter, beating analysts' consensus estimates of $5.50 by $0.44. The firm had revenue of $50.54 billion for the quarter, compared to analysts' expectations of $48.30 billion. JPMorgan Chase & Co. had a net margin of 20.66% and a return on equity of 17.54%. The firm's revenue was up 10.0% on a year-over-year basis. During the same period in the prior year, the company earned $5.07 EPS. Other equities analysts also recently issued reports about the company. Piper Sandler increased their target price on JPMorgan Chase & Co. from $325.00 to $345.00 and gave the stock an ""overweight"" rating in a research report on Wednesday, April 15th. Wall Street Zen raised shares of JPMorgan Chase & Co. from a ""sell"" rating to a ""hold"" rating in a research report on Sunday, January 18th. Zacks Research lowered shares of JPMorgan Chase & Co. from a ""strong-buy"" rating to a ""hold"" rating in a research report on Wednesday, April 8th. Argus increased their target price on JPMorgan Chase & Co. from $340.00 to $355.00 and gave the company a ""buy"" rating in a research note on Wednesday, April 15th. Finally, Autonomous Res lowered their price objective on shares of JPMorgan Chase & Co. from $360.00 to $324.00 and set a ""neutral"" rating for the company in a research report on Monday, April 6th. Fifteen research analysts have rated the stock with a Buy rating and fifteen have given a Hold rating to the stock. According to data from MarketBeat, JPMorgan Chase & Co.  has an average rating of ""Moderate Buy"" and an average price target of $338.12. Shares of JPM stock opened at $307.47 on Friday. The firm has a 50-day moving average price of $299.69 and a 200 day moving average price of $307.26. The company has a current ratio of 0.86, a quick ratio of 0.85 and a debt-to-equity ratio of 1.30. The company has a market capitalization of $823.86 billion, a price-to-earnings ratio of 14.73, a PEG ratio of 1.53 and a beta of 1.03. JPMorgan Chase & Co. has a twelve month low of $252.34 and a twelve month high of $337.25. The company also recently disclosed a quarterly dividend, which was paid on Thursday, April 30th. Stockholders of record on Monday, April 6th were paid a $1.50 dividend. This represents a $6.00 dividend on an annualized basis and a dividend yield of 2.0%. The ex-dividend date of this dividend was Monday, April 6th. JPMorgan Chase & Co.'s payout ratio is currently 28.74%. In other JPMorgan Chase & Co. news, General Counsel Stacey Friedman sold 3,404 shares of the business's stock in a transaction dated Tuesday, February 17th. The stock was sold at an average price of $306.40, for a total transaction of $1,042,985.60. Following the sale, the general counsel owned 61,949 shares in the company, valued at approximately $18,981,173.60. The trade was a 5.21% decrease in their position. The transaction was disclosed in a filing with the Securities & Exchange Commission, which is accessible through this hyperlink. Also, COO Jennifer Piepszak sold 4,919 shares of the company's stock in a transaction dated Tuesday, May 5th. The shares were sold at an average price of $309.42, for a total transaction of $1,522,036.98. Following the sale, the chief operating officer directly owned 85,082 shares of the company's stock, valued at $26,326,072.44. This represents a 5.47% decrease in their ownership of the stock. The disclosure for this sale is available in the SEC filing. The transaction was executed under a pre-arranged Rule 10b5-1 trading plan. Over the last quarter, insiders sold 79,849 shares of company stock valued at $24,522,956. Corporate insiders own  0.41% of the company's stock. Several hedge funds have recently bought and sold shares of JPM. Timmons Wealth Management LLC acquired a new position in shares of  JPMorgan Chase & Co. during the fourth quarter worth approximately $27,000.  MBM Wealth Consultants LLC bought a new stake in  JPMorgan Chase & Co. during the 1st quarter worth about $29,000.  Mountain Hill Investment Partners Corp. acquired a new position in shares of  JPMorgan Chase & Co. during the third quarter worth approximately $32,000.  Caitong International Asset Management Co. Ltd acquired a new stake in shares of  JPMorgan Chase & Co. in the fourth quarter valued at approximately $32,000.  Finally, Osbon Capital Management LLC bought a new position in  JPMorgan Chase & Co. in the 4th quarter worth approximately $35,000. 71.55% of the stock is owned by institutional investors and hedge funds. Here are the key news stories impacting JPMorgan Chase & Co. this week: JPMorgan Chase & Co NYSE: JPM is a diversified global financial services firm headquartered in New York City. The company provides a wide range of banking and financial products and services to consumers, small businesses, corporations, governments and institutional investors worldwide. Its operations span retail banking, commercial lending, investment banking, asset management, payments and card services, and treasury and securities services. The firm's principal business activities are organized across several core lines: Consumer & Community Banking, which offers deposit accounts, mortgages, auto loans, credit cards and branch and digital banking under the Chase brand; Corporate & Investment Banking, which provides capital markets, advisory, underwriting, trading and risk management services; Commercial Banking, delivering lending, treasury and capital solutions to middle-market and corporate clients; and Asset & Wealth Management, which offers investment management, private banking and retirement services to institutions and high-net-worth individuals. This instant news alert was generated by narrative science technology and financial data from MarketBeat in order to provide readers with the fastest reporting and unbiased coverage. Please send any questions or comments about this story to contact@marketbeat.com. Before you consider JPMorgan Chase & Co., you'll want to hear this. MarketBeat keeps track of Wall Street's top-rated and best performing research analysts and the stocks they recommend to their clients on a daily basis. MarketBeat has identified the five stocks that top analysts are quietly whispering to their clients to buy now before the broader market catches on... and JPMorgan Chase & Co. wasn't on the list. While JPMorgan Chase & Co. currently has a Moderate Buy rating among analysts, top-rated analysts believe these five stocks are better buys. We are about to experience the greatest A.I. boom in stock market history...

Thanks to a pivotal economic catalyst, specific tech stocks will skyrocket just like they did during the ""dot com"" boom in the 1990s.

That’s why, we’ve hand-selected 7 tiny tech disruptor stocks positioned to surge. Sign up for MarketBeat All Access to gain access to MarketBeat's full suite of research tools. 345 N Reid Place, Suite 620, Sioux Falls, SD 57103
                                        
                                        contact@marketbeat.com
                                        
                                        (844) 978-6257 © MarketBeat Media, LLC 2010-2026. All rights reserved. © 2026   Fair market value prices are updated every minute and are provided by Massive. Other market data provided is at least 10-minutes delayed and hosted by Barchart Solutions.  Information is provided 'as-is' and solely for informational purposes, not for trading purposes or advice, and is delayed. To see all exchange delays and terms of use please see Barchart's disclaimer. We and our partners share information on your use of this website to help improve your experience. For more information, or to opt out click the Do Not Sell My Information button below.",https://www.marketbeat.com/instant-alerts/research-analysts-set-expectations-for-jpm-fy2027-earnings-2026-05-08/
JPM,JPMorgan (JPM) at Record Highs: Add to Position or Trim? - Gotrade,2026-05-08 13:22:00,"JPMorgan Chase (JPM) closed at $309.40 on May 5, 2026, within nine percent of the January all-time high of $337.25 and up roughly 26 percent over the past year. The bank just printed one of its strongest Q1 results, yet recession chatter is back after Mastercard flagged an April deceleration in cross-border travel volume. For investors who already own JPM, the question is whether to keep adding at highs, sit tight, or take chips off the table before the credit cycle turns. The headlines were strong across every line. Net income hit $16.5 billion, up 13 percent year over year, on diluted EPS of $5.94 (up 17 percent). Revenue grew 10 percent to $49.8 billion, with NII up 9 percent and non-interest revenue up 11 percent. Return on tangible common equity was 23 percent, well above the through-cycle target. Management held full-year 2026 NII guidance at roughly $103 billion, with Markets NII trimmed to about $8 billion as rates normalize. Deposit costs have peaked, and the asset side keeps rolling into higher-yielding paper. NIM is not expanding aggressively, but it is no longer the headwind it was twelve months ago. Credit costs were $2.5 billion with net charge-offs of $2.3 billion. The card NCO rate sat near 3.4 percent, in line with normalized levels and well below bear-case scenarios. Jamie Dimon described consumer credit as resilient, supported by the labor market. The honest read: card losses are normalizing, not deteriorating, and that is the most important number in the deck. JPM has compounded tangible book at a high-teens rate while regional banks are still digesting the 2023 deposit shock. Two structural reasons explain the gap against WFC, BAC, and C. The Corporate and Investment Bank delivered $9 billion in net income on revenue up 19 percent. Markets revenue printed a record $11.6 billion, IB fees rose 28 percent on M&A and ECM strength. When card NIM tightens, capital markets pick up the slack. Pure-play regional banks do not have that hedge. Sticky retail and corporate deposits give JPM a funding advantage that compounds during rate cycles. Combined with the largest tech budget in the industry, this drives operating leverage smaller peers cannot match. Here is the operator-grade decision tree for an existing JPM holder this week. If you underwrite full-year NII at $103 billion and CIB momentum continues, JPM compounds earnings into the high teens with a 23 percent ROTCE. Adding 10 to 20 percent at $300 to $315 is defensible, especially if you are underweight financials. JPM trades near 2.5x tangible book and 14x forward earnings. Rich versus peers but cheap versus its own ROTCE. If JPM is already 8 to 10 percent of equity exposure, the marginal dollar adds concentration without diversification benefit. Mastercard flagged April cross-border travel decelerating to 2 percent. If that softness shows up in JPM card NCO rates climbing past 3.8 percent in Q2, the credit narrative flips fast. Trimming a third and parking proceeds in XLP or short-duration Treasuries is a reasonable de-risk. Want to act on this analysis? Open a Gotrade app and trade JPM and other US bank stocks fractionally with no minimums. If you want to keep JPM but reduce cyclical risk, sector rotation is more elegant than outright trimming. Two paired trades worth running. Adding XLP alongside JPM dampens consumer-credit beta. When recession talk spikes, staples bid as financials fade. Our Defensive Rotation Playbook for Q2 2026 walks through the LLY, KO, and PG sleeve in detail. Card networks see consumer spending two to three weeks before banks report charge-offs. The Mastercard deep dive covers why cross-border volume is the cleanest leading signal for global consumer health. Two consecutive months of MA deceleration would be a real warning shot for JPM card. JPMorgan at record highs is not a bubble. It is a fairly valued compounder with the strongest balance sheet in US banking and the most diversified revenue mix. The three-framework answer is disciplined: add modestly if underweight, hold if at target, trim a third if cross-border signals deteriorate over the next sixty days. Rotate the trim into staples or short-duration Treasuries rather than cash, because being out of the market entirely has been a losing trade since 2024. Is JPM still a buy at $309 after a 26 percent run?Yes for underweight investors, with sizing capped at 4 to 5 percent of equity exposure given valuation has rerated higher. What is the most important number to watch in JPM Q2 2026?Card net charge-off rate; anything above 3.8 percent would meaningfully shift the credit narrative. How does JPM compare to BAC and WFC at current prices?JPM trades at a premium for justified reasons, but BAC and WFC offer better entry valuations if you want bank exposure with less concentration risk. Should I hedge JPM with XLF or with staples?Pair with staples like XLP rather than XLF, since XLF would just amplify the same financials beta you are trying to dampen. Gotrade is the trading name of Gotrade Securities Inc., which is registered with and supervised by the Labuan Financial Services Authority (LFSA). This content is for educational purposes only and does not constitute financial advice. Always do your own research (DYOR) before investing. 1 Returns reflected are cumulative returns from 5 Mar 2020, 5 Mar 2019, 5 Mar 2018 & 3 Mar 2017 till 4 Mar 2021 for 1 year, 2 years, 3 years & 4 years respectively with the exception of Spotify which reflect the cumulative returns from 5 Mar 2020 & 5 Mar 2019 till 3 Mar 2021 for 1 year & 2 year respectively. Past performance is not an indicator of future outcomes. © 2020 Gotrade Securities Inc.Gotrade is a trading name of Gotrade Securities Inc., which is licensed to carry on business as a Labuan Securities Licensee under the Labuan Financial Services and Securities Act 2010 (License No. SL/20/0014). All investments involve risk, including the possible loss of capital. You may not get back what you have originally invested. The material provided herein is general in nature and does not take into account your objectives, financial situation or needs. This is not an offer, solicitation of an offer, or advice to buy or sell securities, or open a brokerage account in any jurisdiction where Gotrade Securities Inc. is not registered. The information on this site is not directed at residents of the United States and is not intended for distribution to, or use by, any person in any country or jurisdiction where such distribution or use would be contrary to local law or regulation.",https://www.heygotrade.com/en/blog/Jpmorgan-Jpm-Record-Highs-Add-Hold-Or-Trim/
JPM,How The Market’s Inflation Fears are Running Ahead of Reality - J.P. Morgan,2026-05-08 13:16:50,"Sharpen your knowledge with the latest wealth engagement news, market commentary and planning education. Access educational resources designed to help build and preserve your family legacy. Discover our approach, digital tools and community initiatives. As markets reprice oil-driven inflation risk, global central banks offer a clearer signal on whether rate hikes are really coming. Executive Director, Global Investment Strategist, J.P. Morgan Private Bank This line chart displays the target interest rates set by six central banks from 2020 through early 2026, illustrating how emerging market central banks raised rates much earlier and more aggressively than their developed-market counterparts. The six central banks shown are the Federal Reserve, Bank of England, European Central Bank, Bank of Japan, Central Bank of Brazil, and Bank of Mexico. The two emerging market central banks — Brazil and Mexico — began hiking rates in early 2021, well before the developed-market banks moved. Brazil's rate climbed from around 2% in early 2021 all the way up to roughly 13.5% by mid-2022, then held steady before rising again to a peak near 15% in late 2025, and has since dipped slightly. Mexico's rate rose from about 4% in mid-2021 to around 11% by early 2023, held there through much of 2024, and has since come down to approximately 7% by early 2026. The developed-market central banks started raising rates later, mostly beginning in 2022. The Federal Reserve went from near zero to about 5.5% by mid-2023, and has since cut back to roughly 4.5%. The Bank of England followed a similar trajectory, rising from under 1% to about 5.25%, and has since eased to around 3.75%. The European Central Bank moved from negative territory to about 4% by late 2023, and has since come down to around 2%. The Bank of Japan barely moved throughout the entire period, staying near or just below zero until a small step up to roughly 0.5–1% in late 2025 into 2026. Sources: Bloomberg Finance L.P. Data as of April 2026. Note: LatAm = Latin America. The implication is structural: Latin America no longer imports global monetary cycles to the degree it has historically. Instead, it increasingly provides signals on inflation credibility, real rate turning points and policy normalization – especially as commodity prices drive the impulse. And right now, inflation is within the bands of tolerance across most major Latin American economies. In using Latin American monetary policy as a guiding light of potential changes in global rates, the message is clear: We’re not there yet. Already facing a more subdued growth outlook, economies navigating trade shocks on the back of higher energy prices – like the U.K. and Eurozone – have seen markets pricing as many as three rate hikes in this year from their respective central banks. The policy rate repricing has pushed longer-dated bond yields to new highs in the United Kingdom. Whereas in other parts of the world, there are more factors to consider, the 70-basis-point move in 10-year gilt yields is largely linked to the inflationary impact of the war. For the fifth year running, inflation sits well above the Bank of England’s 2% target. A quick resolution to the war and subsequent fall in commodity prices could see yields fall sharply in the U.K. and Eurozone as market expectations for rate hikes unwind. While a prolonged conflict may exert further upward pressure on yields, it also comes with downside risks to growth, serving as a cap to surging bond yields. China stands apart: It does not face inflation risk but instead exports deflationary pressure. Given China's scale and role as the largest manufacturer in the world, that matters globally. Consumer inflation in the country remains subdued while producer prices continue to reflect excess capacity and weak pricing power. Marry that with a housing slump and declining export prices, and the dynamic has a tendency to spill over into global markets if persistent – exerting downward pressure on global goods inflation through manufacturing, exports and supply chains. This line chart tracks two measures of price changes in China on a year-over-year basis, from roughly mid-2022 through early 2026. The producer price index, which reflects what factories and manufacturers charge, started at about 6% in mid-2022 and fell rapidly, crossing below zero by late 2022 and bottoming out near negative 5% around June 2023. It spent the entire period from late 2022 through late 2025 in negative territory, meaning producers were consistently charging less than they had a year earlier. It finally climbed back to 0.5% by the end of the chart. The consumer price index, which reflects what everyday people pay for goods and services, started around 2.5% in mid-2022 and drifted lower over the following years, hovering mostly between zero and 1% from mid-2023 onward, with occasional dips just below zero. It ended the chart at 1.0%. Both measures are now barely above the zero line, sitting close together for the first time since the chart began. Sources: Bloomberg Finance L.P. Data as of March 2026. All market and economic data as of 05/08/2026 are sourced from Bloomberg Finance L.P. and FactSet unless otherwise stated. Reach out to your Wealth Advisor to discuss any considerations for your current portfolio. If you don’t have a Wealth Advisor, click here to tell us about your needs and we’ll reach out to you. Investing in emerging markets involves a greater degree of risk and increased volatility compared to developed markets. Changes in currency exchange rates and differences in accounting and taxation policies outside the investor's jurisdiction can raise or lower returns. Some markets may not be as politically and economically stable, in addition to differences in taxation policies, and legal systems outside the investor's jurisdiction may create additional risks. Investors should carefully consider these risks and consult with financial and legal advisors before investing in emerging markets. Standard and Poor’s 500 Index is a capitalization-weighted index of 500 stocks. The index is designed to measure performance of the broad domestic economy through changes in the aggregate market value of 500 stocks representing all major industries. The index was developed with a base level of 10 for the 1941–43 base period. The Bloomberg Eco Surprise Index shows the degree to which economic analysts under- or over-estimate the trends in the business cycle. The surprise element is defined as the percentage difference between analyst forecasts and the published value of economic data releases. The MSCI World Index is a free float-adjusted market capitalization index that is designed to measure global developed market equity performance. The NASDAQ 100 Index is a basket of the 100 largest, most actively traded U.S companies listed on the NASDAQ stock exchange. The index includes companies from various industries except for the financial industry, like commercial and investment banks. These non-financial sectors include retail, biotechnology, industrial, technology, health care, and others. The Russell 2000 Index measures small company stock market performance. The index does not include fees or expenses. We believe the information contained in this material to be reliable but do not warrant its accuracy or completeness. Opinions, estimates, and investment strategies and views expressed in this document constitute our judgment based on current market conditions and are subject to change without notice. The views, opinions, estimates and strategies expressed herein constitutes the author's judgment based on current market conditions and are subject to change without notice, and may differ from those expressed by other areas of J.P. Morgan. This information in no way constitutes J.P. Morgan Research and should not be treated as such. You should carefully consider your needs and objectives before making any decisions. For additional guidance on how this information should be applied to your situation, you should consult your advisor. Any companies referenced are shown for illustrative purposes only, and are not intended as a recommendation or endorsement by J.P. Morgan in this context. JPMorgan Chase & Co., its affiliates, and employees do not provide tax, legal or accounting advice. Information presented on these webpages is not intended to provide, and should not be relied on for tax, legal and accounting advice. You should consult your own tax, legal and accounting advisors before engaging in any financial transaction. GENERAL RISKS & CONSIDERATIONS. Any views, strategies or products discussed in this material may not be appropriate for all individuals and are subject to risks. Investors may get back less than they invested, and past performance is not a reliable indicator of future results. Asset allocation/diversification does not guarantee a profit or protect against loss. Nothing in this material should be relied upon in isolation for the purpose of making an investment decision. You are urged to consider carefully whether the services, products, asset classes (e.g. equities, fixed income, alternative investments, commodities, etc.) or strategies discussed are suitable to your needs. You must also consider the objectives, risks, charges, and expenses associated with an investment service, product or strategy prior to making an investment decision. For this and more complete information, including discussion of your goals/situation, contact your J.P. Morgan representative. NON-RELIANCE. Certain information contained in this material is believed to be reliable; however, JPM does not represent or warrant its accuracy, reliability or completeness, or accept any liability for any loss or damage (whether direct or indirect) arising out of the use of all or any part of this material. No representation or warranty should be made with regard to any computations, graphs, tables, diagrams or commentary in this material, which are provided for illustration/reference purposes only. The views, opinions, estimates and strategies expressed in this material constitute our judgment based on current market conditions and are subject to change without notice. JPM assumes no duty to update any information in this material in the event that such information changes. Views, opinions, estimates and strategies expressed herein may differ from those expressed by other areas of JPM, views expressed for other purposes or in other contexts, and this material should not be regarded as a research report. Any projected results and risks are based solely on hypothetical examples cited, and actual results and risks will vary depending on specific circumstances. Forward-looking statements should not be considered as guarantees or predictions of future events. Nothing in this document shall be construed as giving rise to any duty of care owed to, or advisory relationship with, you or any third party. Nothing in this document shall be regarded as an offer, solicitation, recommendation or advice (whether financial, accounting, legal, tax or other) given by J.P. Morgan and/or its officers or employees, irrespective of whether or not such communication was given at your request. J.P. Morgan and its affiliates and employees do not provide tax, legal or accounting advice. You should consult your own tax, legal and accounting advisors before engaging in any financial transactions. J.P. Morgan Wealth Management is a business of JPMorgan Chase & Co., which offers investment products and services through J.P. Morgan Securities LLC (JPMS), a registered broker-dealer and investment adviser, member FINRA and SIPC. Insurance products are made available through Chase Insurance Agency, Inc. (CIA), a licensed insurance agency, doing business as Chase Insurance Agency Services, Inc. in Florida. Certain custody and other services are provided by JPMorgan Chase Bank, N.A. (JPMCB). JPMS, CIA and JPMCB are affiliated companies under the common control of JPMorgan Chase & Co. Products not available in all states. Bank deposit accounts and related services, such as checking, savings and bank lending, are offered by JPMorgan Chase Bank, N.A. Member FDIC. This document may provide information about the brokerage and investment advisory services provided by J.P. Morgan Securities LLC (“JPMS”). The agreements entered into with JPMS, and corresponding disclosures provided with respect to the different products and services provided by JPMS (including our Form ADV disclosure brochure, if and when applicable), contain important information about the capacity in which we will be acting. You should read them all carefully. We encourage clients to speak to their JPMS representative regarding the nature of the products and services and to ask any questions they may have about the difference between brokerage and investment advisory services, including the obligation to disclose conflicts of interests and to act in the best interests of our clients. J.P. Morgan may hold a position for itself or our other clients which may not be consistent with the information, opinions, estimates, investment strategies or views expressed in this document. JPMorgan Chase & Co. or its affiliates may hold a position or act as market maker in the financial instruments of any issuer discussed herein or act as an underwriter, placement agent, advisor or lender to such issuer. H1 2026 Startup Insights Benchmark raise size and understand the ownership trade-offs. Explore new data on dilution, raise sizing, manufacturing momentum and where to build. The interplay between liquidity and collateral ETFs and mutual funds: What dual share classes could mean for investors Powell says 'no choice but to stay' on as Fed governor – here's what to watch for at the next Fed meeting After the Federal Reserve held rates steady for a third time at its April meeting, Chair Jerome Powell confirmed that he will stay on as a governor after his term ends in May. Turning the tide: Revitalizing the US shipbuilding industry With the U.S. shipbuilding industry experiencing a multi-decade decline, a sea change is needed, especially in light of growing national security concerns. How tech became everything to everyone From inflation worries to volatility spikes to the artificial intelligence (AI) buildout, investors keep leaning on tech. Earnings influence is becoming harder to ignore. How embedded payments can unlock SaaS growth in the AI era Embedding payments does more than help 
your clients transact. It creates a competitive 
edge by making your software platform 
indispensable and unlocking new revenue 
opportunities. Unum streamlines and protects important healthcare insurance payments with J.P. Morgan Learn how Unum simplified payments and achieved Nacha compliance with J.P. Morgan Concourse™. Check the background of our firm and investment professionals on FINRA's BrokerCheck To learn more about J. P. Morgan Wealth Management’s investment business, including our accounts, products and services, as well as our relationship with you, please review our J.P. Morgan Securities LLC Form CRS and Guide to Investment Services and Brokerage Products. This website is for informational purposes only, and not an offer, recommendation or solicitation of any product, strategy service or transaction. Any views, strategies or products discussed on this site may not be appropriate or suitable for all individuals and are subject to risks. Prior to making any investment or financial decisions, an investor should seek individualized advice from a personal financial, legal, tax and other professional advisors that take into account all of the particular facts and circumstances of an investor's own situation. This website may provide information about the brokerage and investment advisory services provided by J.P. Morgan Securities LLC (""JPMS""). When JPMS acts as a broker-dealer, a client's relationship with us and our duties to the client will be different in some important ways than a client's relationship with us and our duties to the client when we are acting as an investment advisor. A client should carefully read the agreements and disclosures received (including our Form ADV disclosure brochure, if and when applicable) in connection with our provision of services for important information about the capacity in which we will be acting. INVESTMENT AND INSURANCE PRODUCTS ARE: 
 • NOT FDIC INSURED • NOT INSURED BY ANY FEDERAL GOVERNMENT AGENCY • NOT A DEPOSIT OR OTHER OBLIGATION OF, OR GUARANTEED BY, JPMORGAN CHASE BANK, N.A. OR ANY OF ITS AFFILIATES • SUBJECT TO INVESTMENT RISKS, INCLUDING POSSIBLE LOSS OF THE PRINCIPAL AMOUNT INVESTED J.P. Morgan Wealth Management is a business of JPMorgan Chase & Co., which offers investment products and services through J.P. Morgan Securities LLC (JPMS), a registered broker-dealer and investment adviser, member FINRA and SIPC Insurance products are made available through Chase Insurance Agency, Inc. (CIA), a licensed insurance agency, doing business as Chase Insurance Agency Services, Inc. in Florida. Certain custody and other services are provided by JPMorgan Chase Bank, N.A. (JPMCB). JPMS, CIA and JPMCB are affiliated companies under the common control of JPMorgan Chase & Co. Products not available in all states. Please read additional Important Information in conjunction with these pages. WEALTH ADVISORS JPMORGAN CHASE IMPORTANT INFORMATION These cookies allow the technical operation of our websites or apps (e.g., cookies that enable you to navigate a website or app, and to use its features). Some may also increase the usability of our websites or apps by remembering your choices (e.g., language, region, login details, and so on).  You may be able to disable some or all necessary cookies by adjusting your browser settings.  If you choose to do so, however, you may experience reduced functionality or be prevented from using our websites or apps altogether. These cookies help us enhance the performance and usability of our websites or apps.  If you choose not to accept these cookies you may experience less than optimal performance. These cookies help us ensure that we understand our audience as clearly as possible, and that any information that is provided to you is as relevant as possible to your interests and preferences These cookies help us evaluate the effectiveness of our marketing campaigns or to provide better targeting for marketing. These cookies may collect personal data such as your name as well as information about how you interact with our websites, apps or marketing materials.",https://www.jpmorgan.com/insights/markets-and-economy/top-market-takeaways/tmt-the-markets-inflation-fears-are-running-ahead-of-reality
JPM,Demand deposits to total deposits of JP Morgan Chase & Co. – NYSE:JPM - TradingView,2026-05-08 13:14:41,"Select market data provided by ICE Data Services. Select reference data provided by FactSet. Copyright © 2026 FactSet Research Systems Inc.Copyright © 2026, American Bankers Association. CUSIP Database provided by FactSet Research Systems Inc. All rights reserved. SEC fillings and other documents provided by Quartr.© 2026 TradingView, Inc.",https://www.tradingview.com/symbols/NYSE-JPM/financials-statistics-and-ratios/demand-deposits-total-deposits/
JPM,Loan losses (actual) to loan loss reserve of JP Morgan Chase & Co. – NYSE:JPM - TradingView,2026-05-08 12:35:45,"Select market data provided by ICE Data Services. Select reference data provided by FactSet. Copyright © 2026 FactSet Research Systems Inc.Copyright © 2026, American Bankers Association. CUSIP Database provided by FactSet Research Systems Inc. All rights reserved. SEC fillings and other documents provided by Quartr.© 2026 TradingView, Inc.",https://www.tradingview.com/symbols/NYSE-JPM/financials-statistics-and-ratios/loan-losses-act-loan-loss-rsrv/
JPM,Savings deposits to total deposits of JP Morgan Chase & Co. – NYSE:JPM - TradingView,2026-05-08 12:29:38,"Select market data provided by ICE Data Services. Select reference data provided by FactSet. Copyright © 2026 FactSet Research Systems Inc.Copyright © 2026, American Bankers Association. CUSIP Database provided by FactSet Research Systems Inc. All rights reserved. SEC fillings and other documents provided by Quartr.© 2026 TradingView, Inc.",https://www.tradingview.com/symbols/NYSE-JPM/financials-statistics-and-ratios/savings-time-deposits-total-deposits/
JPM,"AT&T to Webcast Fireside Chat with John Stankey at the 2026 J.P. Morgan Global Technology, Media and Communications Conference on May 19 - PR Newswire",2026-05-08 11:00:00,"In-Language News Fireside chat with John Stankey will be webcast live and available for replay DALLAS, May 8, 2026 /PRNewswire/ -- AT&T (NYSE:T) will webcast a fireside chat with John Stankey, chairman and chief executive officer, AT&T Inc., at the 2026 J.P. Morgan Global Technology, Media and Communications Conference on Tuesday, May 19, 2026. The conversation is scheduled to begin at 8:00 a.m. ET. AT&T remains on track to achieve its 2026 and multi-year financial guidanceAT&T maintains the long-term outlook and capital allocation plans provided with its first-quarter 2026 results. This includes the Company's outlook for improved growth in adjusted EBITDA and adjusted EPS and higher free cash flow through 2028, its plans to return $45 billion+ to shareholders during 2026-2028 through dividends and share repurchases, and an expectation that its net debt-to-adjusted EBITDA ratio will return to a level consistent with its target in the 2.5x range within approximately three years following the closing of its transaction with EchoStar. Conference details and more are available on the AT&T Investor Relations websiteTo hear more, tune into the webcast live or listen to the replay on the AT&T Investor Relations website. Viewers should start the webcast a few minutes before the planned start time in case the conference schedule changes. To automatically receive AT&T financial news by email, please subscribe to email alerts. About AT&TWe help more than 100 million U.S. families, friends and neighbors, plus nearly 2.5 million businesses, connect to greater possibility. From the first phone call 150 years ago to our 5G wireless and multi-gig internet offerings today, we @ATT innovate to improve lives. For more information about AT&T Inc. (NYSE:T), please visit us at about.att.com. Investors can learn more at investors.att.com. Cautionary Language Concerning Forward-Looking StatementsInformation set forth in this news release contains financial estimates and other forward-looking statements that are subject to risks and uncertainties, and actual results might differ materially. A discussion of factors that may affect future results is contained in AT&T's filings with the Securities and Exchange Commission. AT&T disclaims any obligation to update and revise statements contained in this news release based on new information or otherwise. This news release may contain certain non-GAAP financial measures. Reconciliations between the non-GAAP financial measures and the GAAP financial measures are available on the company's website at investors.att.com. Net debt and adjusted EBITDA estimates depend on future levels of revenues, expenses and other metrics which are not reasonably estimable at this time. Accordingly, we cannot provide a reconciliation between projected net debt-to-adjusted EBITDA and the most comparable GAAP metrics and related ratios without unreasonable effort. © 2026 AT&T Intellectual Property. All rights reserved. AT&T and the Globe logo are registered trademarks of AT&T Intellectual Property. In a new report, AT&T leads the nation in fastest upload experience, with speeds more than 2x faster than the closest competitor Key Takeaways: AT&T... Contest applicants have a chance to win $50,000, join a network of small business owners and connect to greater possibility Key Takeaways:...",https://www.prnewswire.com/news-releases/att-to-webcast-fireside-chat-with-john-stankey-at-the-2026-jp-morgan-global-technology-media-and-communications-conference-on-may-19-302766457.html
JPM,"Nippon Life Global Investors Americas Inc. Sells 13,450 Shares of JPMorgan Chase & Co. $JPM - MarketBeat",2026-05-08 09:29:09,"Nippon Life Global Investors Americas Inc. reduced its stake in shares of  JPMorgan Chase & Co. (NYSE:JPM) by 23.7% during the fourth quarter, according to the company in its most recent 13F filing with the Securities & Exchange Commission. The institutional investor  owned 43,200 shares of the financial services provider's stock after selling 13,450 shares during the period. Nippon Life Global Investors Americas Inc.'s holdings in JPMorgan Chase & Co. were worth $13,920,000 at the end of the most recent reporting period. A number of other hedge funds also recently made changes to their positions in the stock. Howard Capital Management Inc. boosted its stake in  JPMorgan Chase & Co. by 18.2% in the 4th quarter. Howard Capital Management Inc. now owns 25,784 shares of the financial services provider's stock worth $8,308,000 after purchasing an additional 3,976 shares during the period.  Andra AP fonden boosted its stake in  JPMorgan Chase & Co. by 3.2% in the 3rd quarter. Andra AP fonden now owns 107,700 shares of the financial services provider's stock worth $33,972,000 after purchasing an additional 3,300 shares during the period.  Newbridge Financial Services Group Inc. boosted its stake in  JPMorgan Chase & Co. by 51.7% in the 4th quarter. Newbridge Financial Services Group Inc. now owns 8,883 shares of the financial services provider's stock worth $2,862,000 after purchasing an additional 3,027 shares during the period.  Banco Santander S.A. boosted its stake in  JPMorgan Chase & Co. by 9.0% in the 3rd quarter. Banco Santander S.A. now owns 452,612 shares of the financial services provider's stock worth $142,767,000 after purchasing an additional 37,550 shares during the period.  Finally, Brighton Jones LLC boosted its stake in  JPMorgan Chase & Co. by 11.0% in the 4th quarter. Brighton Jones LLC now owns 48,732 shares of the financial services provider's stock worth $11,682,000 after purchasing an additional 4,841 shares during the period. 71.55% of the stock is currently owned by institutional investors. Here are the key news stories impacting JPMorgan Chase & Co. this week: In related news, COO Jennifer Piepszak sold 9,136 shares of the stock in a transaction on Wednesday, April 15th. The stock was sold at an average price of $306.56, for a total transaction of $2,800,732.16. Following the sale, the chief operating officer owned 90,001 shares in the company, valued at approximately $27,590,706.56. This represents a 9.22% decrease in their position. The transaction was disclosed in a filing with the SEC, which is accessible through this hyperlink. The transaction was executed under a pre-arranged Rule 10b5-1 trading plan. Also, insider Robin Leopold sold 433 shares of the stock in a transaction on Monday, March 23rd. The shares were sold at an average price of $295.06, for a total value of $127,760.98. Following the sale, the insider owned 64,920 shares in the company, valued at $19,155,295.20. The trade was a 0.66% decrease in their position. The disclosure for this sale is available in the SEC filing. In the last ninety days, insiders sold 79,849 shares of company stock worth $24,522,956. 0.41% of the stock is owned by corporate insiders. Several research analysts have weighed in on JPM shares. Daiwa Securities Group dropped their price target on JPMorgan Chase & Co. from $340.00 to $328.00 and set an ""outperform"" rating for the company in a research note on Tuesday, April 7th. UBS Group dropped their price target on JPMorgan Chase & Co. from $380.00 to $375.00 in a research note on Wednesday. Evercore upped their price target on JPMorgan Chase & Co. from $320.00 to $340.00 and gave the stock an ""outperform"" rating in a research note on Friday, April 17th. Wall Street Zen raised JPMorgan Chase & Co. from a ""sell"" rating to a ""hold"" rating in a report on Sunday, January 18th. Finally, Argus increased their target price on JPMorgan Chase & Co. from $340.00 to $355.00 and gave the company a ""buy"" rating in a research report on Wednesday, April 15th. Fifteen equities research analysts have rated the stock with a Buy rating and fifteen have issued  a Hold rating to the stock. According to data from MarketBeat.com, the company presently has a consensus rating of ""Moderate Buy"" and a consensus target price of $338.12. NYSE JPM opened at $306.44 on Friday. The company has a debt-to-equity ratio of 1.30, a quick ratio of 0.85 and a current ratio of 0.86. The company has a market capitalization of $821.10 billion, a P/E ratio of 14.68, a P/E/G ratio of 1.53 and a beta of 1.03. JPMorgan Chase & Co. has a one year low of $251.55 and a one year high of $337.25. The stock has a 50 day moving average price of $299.69 and a 200-day moving average price of $307.26. JPMorgan Chase & Co. (NYSE:JPM - Get Free Report) last posted its earnings results on Tuesday, April 14th. The financial services provider reported $5.94 EPS for the quarter, beating analysts' consensus estimates of $5.50 by $0.44. The firm had revenue of $50.54 billion during the quarter, compared to the consensus estimate of $48.30 billion. JPMorgan Chase & Co. had a return on equity of 17.54% and a net margin of 20.66%.The company's quarterly revenue was up 10.0% compared to the same quarter last year. During the same period in the prior year, the company earned $5.07 EPS.  As a group, equities analysts predict that  JPMorgan Chase & Co. will post 22.42 EPS for the current fiscal year. The company also recently announced a quarterly dividend, which was paid on Thursday, April 30th. Stockholders of record on Monday, April 6th were given a dividend of $1.50 per share. This represents a $6.00 dividend on an annualized basis and a dividend yield of 2.0%. The ex-dividend date was Monday, April 6th. JPMorgan Chase & Co.'s dividend payout ratio  is currently 28.74%. JPMorgan Chase & Co NYSE: JPM is a diversified global financial services firm headquartered in New York City. The company provides a wide range of banking and financial products and services to consumers, small businesses, corporations, governments and institutional investors worldwide. Its operations span retail banking, commercial lending, investment banking, asset management, payments and card services, and treasury and securities services. The firm's principal business activities are organized across several core lines: Consumer & Community Banking, which offers deposit accounts, mortgages, auto loans, credit cards and branch and digital banking under the Chase brand; Corporate & Investment Banking, which provides capital markets, advisory, underwriting, trading and risk management services; Commercial Banking, delivering lending, treasury and capital solutions to middle-market and corporate clients; and Asset & Wealth Management, which offers investment management, private banking and retirement services to institutions and high-net-worth individuals. Want to see what other hedge funds are holding JPM? Visit HoldingsChannel.com to get the latest 13F filings and insider trades for JPMorgan Chase & Co. (NYSE:JPM - Free Report). This instant news alert was generated by narrative science technology and financial data from MarketBeat in order to provide readers with the fastest reporting and unbiased coverage. Please send any questions or comments about this story to contact@marketbeat.com. Before you consider JPMorgan Chase & Co., you'll want to hear this. MarketBeat keeps track of Wall Street's top-rated and best performing research analysts and the stocks they recommend to their clients on a daily basis. MarketBeat has identified the five stocks that top analysts are quietly whispering to their clients to buy now before the broader market catches on... and JPMorgan Chase & Co. wasn't on the list. While JPMorgan Chase & Co. currently has a Moderate Buy rating among analysts, top-rated analysts believe these five stocks are better buys. MarketBeat just released its list of the 7 hottest IPOs expected to hit Wall Street in 2026. See which companies are preparing to go public and why investors are watching closely. Sign up for MarketBeat All Access to gain access to MarketBeat's full suite of research tools. 345 N Reid Place, Suite 620, Sioux Falls, SD 57103
                                        
                                        contact@marketbeat.com
                                        
                                        (844) 978-6257 © MarketBeat Media, LLC 2010-2026. All rights reserved. © 2026   Fair market value prices are updated every minute and are provided by Massive. Other market data provided is at least 10-minutes delayed and hosted by Barchart Solutions.  Information is provided 'as-is' and solely for informational purposes, not for trading purposes or advice, and is delayed. To see all exchange delays and terms of use please see Barchart's disclaimer. We and our partners share information on your use of this website to help improve your experience. For more information, or to opt out click the Do Not Sell My Information button below.",https://www.marketbeat.com/instant-alerts/filing-nippon-life-global-investors-americas-inc-sells-13450-shares-of-jpmorgan-chase-co-jpm-2026-05-08/
JPM,JPMorgan Chase & Co. $JPM Shares Acquired by Kestra Private Wealth Services LLC - MarketBeat,2026-05-08 09:29:03,"Kestra Private Wealth Services LLC lifted its holdings in shares of  JPMorgan Chase & Co. (NYSE:JPM) by 3.4% in the 4th quarter, according to the company in its most recent disclosure with the Securities and Exchange Commission. The firm owned 315,624 shares of the financial services provider's stock after buying an additional 10,488 shares during the period. JPMorgan Chase & Co. makes up  about  1.3% of Kestra Private Wealth Services LLC's investment portfolio, making the stock its 7th largest holding. Kestra Private Wealth Services LLC's holdings in JPMorgan Chase & Co. were worth $101,700,000 as of its most recent SEC filing. Several other hedge funds and other institutional investors have also made changes to their positions in the business. Roxbury Financial LLC lifted its position in  JPMorgan Chase & Co. by 0.4% in the fourth quarter. Roxbury Financial LLC now owns 8,011 shares of the financial services provider's stock worth $2,581,000 after purchasing an additional 31 shares during the period.  Collective Family Office LLC lifted its position in  JPMorgan Chase & Co. by 1.0% in the fourth quarter. Collective Family Office LLC now owns 3,339 shares of the financial services provider's stock worth $1,076,000 after purchasing an additional 32 shares during the period.  Rialto Wealth Management LLC lifted its position in  JPMorgan Chase & Co. by 3.6% in the third quarter. Rialto Wealth Management LLC now owns 962 shares of the financial services provider's stock worth $304,000 after purchasing an additional 33 shares during the period.  Essential Planning LLC. lifted its position in  JPMorgan Chase & Co. by 2.4% in the fourth quarter. Essential Planning LLC. now owns 1,399 shares of the financial services provider's stock worth $451,000 after purchasing an additional 33 shares during the period.  Finally, Granite Group Advisors LLC lifted its position in  JPMorgan Chase & Co. by 0.3% in the third quarter. Granite Group Advisors LLC now owns 10,313 shares of the financial services provider's stock worth $3,253,000 after purchasing an additional 34 shares during the period. 71.55% of the stock is currently owned by institutional investors and hedge funds. A number of research firms have weighed in on JPM. Truist Financial upped their target price on JPMorgan Chase & Co. from $323.00 to $332.00 and gave the stock a ""hold"" rating in a research report on Wednesday, April 15th. Jefferies Financial Group  restated a ""neutral"" rating on shares of JPMorgan Chase & Co. in a research report on Monday. Argus upped their target price on JPMorgan Chase & Co. from $340.00 to $355.00 and gave the stock a ""buy"" rating in a research report on Wednesday, April 15th. Wall Street Zen upgraded JPMorgan Chase & Co. from a ""sell"" rating to a ""hold"" rating in a research report on Sunday, January 18th. Finally, Freedom Capital upgraded JPMorgan Chase & Co. to a ""hold"" rating in a research report on Wednesday, January 14th. Fifteen analysts have rated the stock with a Buy rating and fifteen have issued  a Hold rating to the stock. According to data from MarketBeat.com, the stock currently has an average rating of ""Moderate Buy"" and a consensus target price of $338.12. In related news, insider Robin Leopold sold 433 shares of the company's stock in a transaction on Monday, March 23rd. The shares were sold at an average price of $295.06, for a total value of $127,760.98. Following the completion of the sale, the insider directly owned 64,920 shares in the company, valued at approximately $19,155,295.20. This represents a 0.66% decrease in their ownership of the stock. The sale was disclosed in a document filed with the SEC, which is accessible through this link. Also, General Counsel Stacey Friedman sold 3,404 shares of the company's stock in a transaction on Tuesday, February 17th. The stock was sold at an average price of $306.40, for a total transaction of $1,042,985.60. Following the completion of the sale, the general counsel owned 61,949 shares of the company's stock, valued at $18,981,173.60. This represents a 5.21% decrease in their ownership of the stock. The disclosure for this sale is available in the SEC filing. Over the last 90 days, insiders sold 79,849 shares of company stock worth $24,522,956. Insiders own  0.41% of the company's stock. Here are the key news stories impacting JPMorgan Chase & Co. this week: NYSE JPM opened at $306.44 on Friday. The stock has a market capitalization of $821.10 billion, a P/E ratio of 14.68, a P/E/G ratio of 1.53 and a beta of 1.03. JPMorgan Chase & Co. has a 1 year low of $251.55 and a 1 year high of $337.25. The business's fifty day moving average is $299.69 and its two-hundred day moving average is $307.26. The company has a debt-to-equity ratio of 1.30, a quick ratio of 0.85 and a current ratio of 0.86. JPMorgan Chase & Co. (NYSE:JPM - Get Free Report) last posted its quarterly earnings results on Tuesday, April 14th. The financial services provider reported $5.94 earnings per share (EPS) for the quarter, beating the consensus estimate of $5.50 by $0.44. The company had revenue of $50.54 billion for the quarter, compared to analysts' expectations of $48.30 billion. JPMorgan Chase & Co. had a return on equity of 17.54% and a net margin of 20.66%.The firm's revenue was up 10.0% on a year-over-year basis. During the same quarter in the prior year, the company earned $5.07 earnings per share.  On average, research analysts forecast that  JPMorgan Chase & Co. will post 22.42 earnings per share for the current fiscal year. The company also recently announced a quarterly dividend, which was paid on Thursday, April 30th. Shareholders of record on Monday, April 6th were paid a dividend of $1.50 per share. This represents a $6.00 annualized dividend and a yield of 2.0%. The ex-dividend date of this dividend was Monday, April 6th. JPMorgan Chase & Co.'s payout ratio is 28.74%. JPMorgan Chase & Co NYSE: JPM is a diversified global financial services firm headquartered in New York City. The company provides a wide range of banking and financial products and services to consumers, small businesses, corporations, governments and institutional investors worldwide. Its operations span retail banking, commercial lending, investment banking, asset management, payments and card services, and treasury and securities services. The firm's principal business activities are organized across several core lines: Consumer & Community Banking, which offers deposit accounts, mortgages, auto loans, credit cards and branch and digital banking under the Chase brand; Corporate & Investment Banking, which provides capital markets, advisory, underwriting, trading and risk management services; Commercial Banking, delivering lending, treasury and capital solutions to middle-market and corporate clients; and Asset & Wealth Management, which offers investment management, private banking and retirement services to institutions and high-net-worth individuals. Want to see what other hedge funds are holding JPM? Visit HoldingsChannel.com to get the latest 13F filings and insider trades for JPMorgan Chase & Co. (NYSE:JPM - Free Report). This instant news alert was generated by narrative science technology and financial data from MarketBeat in order to provide readers with the fastest reporting and unbiased coverage. Please send any questions or comments about this story to contact@marketbeat.com. Before you consider JPMorgan Chase & Co., you'll want to hear this. MarketBeat keeps track of Wall Street's top-rated and best performing research analysts and the stocks they recommend to their clients on a daily basis. MarketBeat has identified the five stocks that top analysts are quietly whispering to their clients to buy now before the broader market catches on... and JPMorgan Chase & Co. wasn't on the list. While JPMorgan Chase & Co. currently has a Moderate Buy rating among analysts, top-rated analysts believe these five stocks are better buys. Click the link to see MarketBeat's list of seven stocks and why their long-term outlooks are very promising. Sign up for MarketBeat All Access to gain access to MarketBeat's full suite of research tools. 345 N Reid Place, Suite 620, Sioux Falls, SD 57103
                                        
                                        contact@marketbeat.com
                                        
                                        (844) 978-6257 © MarketBeat Media, LLC 2010-2026. All rights reserved. © 2026   Fair market value prices are updated every minute and are provided by Massive. Other market data provided is at least 10-minutes delayed and hosted by Barchart Solutions.  Information is provided 'as-is' and solely for informational purposes, not for trading purposes or advice, and is delayed. To see all exchange delays and terms of use please see Barchart's disclaimer. We and our partners share information on your use of this website to help improve your experience. For more information, or to opt out click the Do Not Sell My Information button below.",https://www.marketbeat.com/instant-alerts/filing-jpmorgan-chase-co-jpm-shares-acquired-by-kestra-private-wealth-services-llc-2026-05-08/
JPM,"State of Michigan Retirement System Sells 30,900 Shares of JPMorgan Chase & Co. $JPM - MarketBeat",2026-05-08 09:11:01,"State of Michigan Retirement System trimmed its position in shares of  JPMorgan Chase & Co. (NYSE:JPM - Free Report) by 3.3% during the 4th quarter, according to its most recent 13F filing with the Securities and Exchange Commission. The fund owned 912,731 shares of the financial services provider's stock after selling 30,900 shares during the period. JPMorgan Chase & Co. comprises  1.4% of State of Michigan Retirement System's holdings, making the stock its 12th biggest holding. State of Michigan Retirement System's holdings in JPMorgan Chase & Co. were worth $294,100,000 at the end of the most recent quarter. A number of other hedge funds and other institutional investors also recently added to or reduced their stakes in the company. Danske Bank A S purchased a new stake in shares of  JPMorgan Chase & Co. in the third quarter worth approximately $696,885,000.  Holocene Advisors LP boosted its holdings in  JPMorgan Chase & Co. by 1,033.3% during the 3rd quarter. Holocene Advisors LP now owns 2,155,120 shares of the financial services provider's stock valued at $679,790,000 after acquiring an additional 1,964,958 shares during the period.  Viking Global Investors LP grew its position in  JPMorgan Chase & Co. by 86.1% in the 2nd quarter. Viking Global Investors LP now owns 4,042,034 shares of the financial services provider's stock valued at $1,171,826,000 after acquiring an additional 1,870,386 shares during the last quarter.  California Public Employees Retirement System grew its position in  JPMorgan Chase & Co. by 19.6% in the 3rd quarter. California Public Employees Retirement System now owns 6,615,749 shares of the financial services provider's stock valued at $2,086,806,000 after acquiring an additional 1,082,913 shares during the last quarter.  Finally, Legal & General Group Plc increased its stake in  JPMorgan Chase & Co. by 3.3% in the third quarter. Legal & General Group Plc now owns 18,908,978 shares of the financial services provider's stock worth $5,964,459,000 after purchasing an additional 607,025 shares during the period. 71.55% of the stock is owned by hedge funds and other institutional investors. Here are the key news stories impacting JPMorgan Chase & Co. this week: JPM has been the subject of a number of research analyst reports. Piper Sandler lifted their price objective on shares of JPMorgan Chase & Co. from $325.00 to $345.00 and gave the company an ""overweight"" rating in a report on Wednesday, April 15th. Wells Fargo & Company dropped their target price on shares of JPMorgan Chase & Co. from $360.00 to $350.00 and set an ""overweight"" rating on the stock in a research note on Tuesday, February 17th. DZ Bank  reaffirmed a ""neutral"" rating on shares of JPMorgan Chase & Co. in a research note on Wednesday, April 15th. Freedom Capital upgraded JPMorgan Chase & Co. to a ""hold"" rating in a report on Wednesday, January 14th. Finally, Royal Bank Of Canada  reissued a ""buy"" rating on shares of JPMorgan Chase & Co. in a research note on Monday. Fifteen analysts have rated the stock with a Buy rating and fifteen have given a Hold rating to the company. According to MarketBeat, JPMorgan Chase & Co.  has a consensus rating of ""Moderate Buy"" and an average price target of $338.12. Read Our Latest Stock Analysis on JPMorgan Chase & Co. JPMorgan Chase & Co. stock opened at $306.44 on Friday. The company has a quick ratio of 0.85, a current ratio of 0.86 and a debt-to-equity ratio of 1.30. The firm has a market cap of $821.10 billion, a P/E ratio of 14.68, a P/E/G ratio of 1.53 and a beta of 1.03. The business has a fifty day moving average of $299.69 and a two-hundred day moving average of $307.26. JPMorgan Chase & Co. has a twelve month low of $251.55 and a twelve month high of $337.25. JPMorgan Chase & Co. (NYSE:JPM - Get Free Report) last announced its quarterly earnings results on Tuesday, April 14th. The financial services provider reported $5.94 earnings per share (EPS) for the quarter, beating analysts' consensus estimates of $5.50 by $0.44. The business had revenue of $50.54 billion for the quarter, compared to the consensus estimate of $48.30 billion. JPMorgan Chase & Co. had a return on equity of 17.54% and a net margin of 20.66%.The business's revenue was up 10.0% compared to the same quarter last year. During the same period last year, the business posted $5.07 EPS.  On average, analysts forecast that  JPMorgan Chase & Co. will post 22.42 earnings per share for the current fiscal year. The business also recently announced a quarterly dividend, which was paid on Thursday, April 30th. Shareholders of record on Monday, April 6th were paid a $1.50 dividend. This represents a $6.00 annualized dividend and a yield of 2.0%. The ex-dividend date was Monday, April 6th. JPMorgan Chase & Co.'s payout ratio is 28.74%. In other JPMorgan Chase & Co. news, General Counsel Stacey Friedman sold 3,404 shares of the business's stock in a transaction dated Tuesday, February 17th. The shares were sold at an average price of $306.40, for a total value of $1,042,985.60. Following the completion of the transaction, the general counsel directly owned 61,949 shares in the company, valued at approximately $18,981,173.60. The trade was a 5.21% decrease in their ownership of the stock. The sale was disclosed in a document filed with the SEC, which can be accessed through the SEC website. Also, insider Robin Leopold sold 433 shares of the stock in a transaction dated Monday, March 23rd. The shares were sold at an average price of $295.06, for a total transaction of $127,760.98. Following the sale, the insider directly owned 64,920 shares of the company's stock, valued at approximately $19,155,295.20. The trade was a 0.66% decrease in their ownership of the stock. Additional details regarding this sale are available in the official SEC disclosure. Insiders have sold 79,849 shares of company stock valued at $24,522,956 over the last three months. Corporate insiders own  0.41% of the company's stock. JPMorgan Chase & Co NYSE: JPM is a diversified global financial services firm headquartered in New York City. The company provides a wide range of banking and financial products and services to consumers, small businesses, corporations, governments and institutional investors worldwide. Its operations span retail banking, commercial lending, investment banking, asset management, payments and card services, and treasury and securities services. The firm's principal business activities are organized across several core lines: Consumer & Community Banking, which offers deposit accounts, mortgages, auto loans, credit cards and branch and digital banking under the Chase brand; Corporate & Investment Banking, which provides capital markets, advisory, underwriting, trading and risk management services; Commercial Banking, delivering lending, treasury and capital solutions to middle-market and corporate clients; and Asset & Wealth Management, which offers investment management, private banking and retirement services to institutions and high-net-worth individuals. This instant news alert was generated by narrative science technology and financial data from MarketBeat in order to provide readers with the fastest reporting and unbiased coverage. Please send any questions or comments about this story to contact@marketbeat.com. Before you consider JPMorgan Chase & Co., you'll want to hear this. MarketBeat keeps track of Wall Street's top-rated and best performing research analysts and the stocks they recommend to their clients on a daily basis. MarketBeat has identified the five stocks that top analysts are quietly whispering to their clients to buy now before the broader market catches on... and JPMorgan Chase & Co. wasn't on the list. While JPMorgan Chase & Co. currently has a Moderate Buy rating among analysts, top-rated analysts believe these five stocks are better buys. Unlock the timeless value of gold with our exclusive 2026 Gold Forecasting Report. Explore why gold remains the ultimate investment for safeguarding wealth against inflation, economic shifts, and global uncertainties. Whether you're planning for future generations or seeking a reliable asset in turbulent times, this report is your essential guide to making informed decisions. Sign up for MarketBeat All Access to gain access to MarketBeat's full suite of research tools. 345 N Reid Place, Suite 620, Sioux Falls, SD 57103
                                        
                                        contact@marketbeat.com
                                        
                                        (844) 978-6257 © MarketBeat Media, LLC 2010-2026. All rights reserved. © 2026   Fair market value prices are updated every minute and are provided by Massive. Other market data provided is at least 10-minutes delayed and hosted by Barchart Solutions.  Information is provided 'as-is' and solely for informational purposes, not for trading purposes or advice, and is delayed. To see all exchange delays and terms of use please see Barchart's disclaimer. We and our partners share information on your use of this website to help improve your experience. For more information, or to opt out click the Do Not Sell My Information button below.",https://www.marketbeat.com/instant-alerts/filing-state-of-michigan-retirement-system-sells-30900-shares-of-jpmorgan-chase-co-jpm-2026-05-08/
JPM,Pictet Asset Management Holding SA Boosts Stake in JPMorgan Chase & Co. $JPM - MarketBeat,2026-05-08 09:10:58,"Pictet Asset Management Holding SA boosted its position in  JPMorgan Chase & Co. (NYSE:JPM - Free Report) by 4.1% in the 4th quarter, according to the company in its most recent disclosure with the Securities and Exchange Commission (SEC). The fund owned 1,467,289 shares of the financial services provider's stock after purchasing an additional 57,725 shares during the period. Pictet Asset Management Holding SA owned approximately 0.05% of JPMorgan Chase & Co. worth $472,793,000 as of its most recent filing with the Securities and Exchange Commission (SEC). Several other large investors have also modified their holdings of JPM. Mountain Hill Investment Partners Corp. bought a new stake in shares of  JPMorgan Chase & Co. during the 3rd quarter worth approximately $32,000.  Turning Point Benefit Group Inc. bought a new position in  JPMorgan Chase & Co. in the 3rd quarter valued at $35,000.  Miller Global Investments LLC purchased a new stake in  JPMorgan Chase & Co. in the fourth quarter worth $52,000.  Collier Financial purchased a new stake in  JPMorgan Chase & Co. in the third quarter worth $60,000.  Finally, Nvest Wealth Strategies Inc. bought a new stake in shares of  JPMorgan Chase & Co. during the fourth quarter worth $62,000. Hedge funds and other institutional investors own  71.55% of the company's stock. JPM opened at $306.44 on Friday. The firm has a market capitalization of $821.10 billion, a PE ratio of 14.68, a price-to-earnings-growth ratio of 1.53 and a beta of 1.03. The company has a debt-to-equity ratio of 1.30, a current ratio of 0.86 and a quick ratio of 0.85. The business's 50-day moving average is $299.69 and its two-hundred day moving average is $307.26. JPMorgan Chase & Co. has a 1 year low of $251.55 and a 1 year high of $337.25. JPMorgan Chase & Co. (NYSE:JPM - Get Free Report) last released its quarterly earnings results on Tuesday, April 14th. The financial services provider reported $5.94 EPS for the quarter, beating the consensus estimate of $5.50 by $0.44. JPMorgan Chase & Co. had a net margin of 20.66% and a return on equity of 17.54%. The business had revenue of $50.54 billion during the quarter, compared to analyst estimates of $48.30 billion. During the same period in the prior year, the firm posted $5.07 earnings per share. The company's quarterly revenue was up 10.0% on a year-over-year basis.  Research analysts anticipate that  JPMorgan Chase & Co. will post 22.42 earnings per share for the current fiscal year. The company also recently announced a quarterly dividend, which was paid on Thursday, April 30th. Shareholders of record on Monday, April 6th were paid a $1.50 dividend. This represents a $6.00 annualized dividend and a yield of 2.0%. The ex-dividend date was Monday, April 6th. JPMorgan Chase & Co.'s dividend payout ratio (DPR) is 28.74%. A number of brokerages have recently issued reports on JPM. Robert W. Baird  set a $295.00 target price on shares of JPMorgan Chase & Co. in a research note on Wednesday, April 15th. Argus lifted their price objective on shares of JPMorgan Chase & Co. from $340.00 to $355.00 and gave the company a ""buy"" rating in a report on Wednesday, April 15th. Autonomous Res lowered their price objective on shares of JPMorgan Chase & Co. from $360.00 to $324.00 and set a ""neutral"" rating for the company in a research report on Monday, April 6th. Jefferies Financial Group  restated a ""neutral"" rating on shares of JPMorgan Chase & Co. in a research note on Monday. Finally, Daiwa Securities Group reduced their target price on shares of JPMorgan Chase & Co. from $340.00 to $328.00 and set an ""outperform"" rating on the stock in a research report on Tuesday, April 7th. Fifteen equities research analysts have rated the stock with a Buy rating and fifteen have given a Hold rating to the company. According to data from MarketBeat, the company presently has a consensus rating of ""Moderate Buy"" and an average price target of $338.12. Check Out Our Latest Report on JPMorgan Chase & Co. Here are the key news stories impacting JPMorgan Chase & Co. this week: In other JPMorgan Chase & Co. news, CEO Troy L. Rohrbaugh sold 50,000 shares of JPMorgan Chase & Co. stock in a transaction on Thursday, February 19th. The shares were sold at an average price of $307.11, for a total value of $15,355,500.00. Following the transaction, the chief executive officer directly owned 111,279 shares of the company's stock, valued at approximately $34,174,893.69. The trade was a 31.00% decrease in their ownership of the stock. The transaction was disclosed in a document filed with the Securities & Exchange Commission, which can be accessed through the SEC website. Also, General Counsel Stacey Friedman sold 3,404 shares of the company's stock in a transaction on Tuesday, February 17th. The stock was sold at an average price of $306.40, for a total value of $1,042,985.60. Following the transaction, the general counsel directly owned 61,949 shares in the company, valued at approximately $18,981,173.60. The trade was a 5.21% decrease in their ownership of the stock. Additional details regarding this sale are available in the official SEC disclosure. Insiders sold 79,849 shares of company stock valued at $24,522,956 over the last quarter. Insiders own  0.41% of the company's stock. JPMorgan Chase & Co NYSE: JPM is a diversified global financial services firm headquartered in New York City. The company provides a wide range of banking and financial products and services to consumers, small businesses, corporations, governments and institutional investors worldwide. Its operations span retail banking, commercial lending, investment banking, asset management, payments and card services, and treasury and securities services. The firm's principal business activities are organized across several core lines: Consumer & Community Banking, which offers deposit accounts, mortgages, auto loans, credit cards and branch and digital banking under the Chase brand; Corporate & Investment Banking, which provides capital markets, advisory, underwriting, trading and risk management services; Commercial Banking, delivering lending, treasury and capital solutions to middle-market and corporate clients; and Asset & Wealth Management, which offers investment management, private banking and retirement services to institutions and high-net-worth individuals. This instant news alert was generated by narrative science technology and financial data from MarketBeat in order to provide readers with the fastest reporting and unbiased coverage. Please send any questions or comments about this story to contact@marketbeat.com. Before you consider JPMorgan Chase & Co., you'll want to hear this. MarketBeat keeps track of Wall Street's top-rated and best performing research analysts and the stocks they recommend to their clients on a daily basis. MarketBeat has identified the five stocks that top analysts are quietly whispering to their clients to buy now before the broader market catches on... and JPMorgan Chase & Co. wasn't on the list. While JPMorgan Chase & Co. currently has a Moderate Buy rating among analysts, top-rated analysts believe these five stocks are better buys. Unlock the timeless value of gold with our exclusive 2026 Gold Forecasting Report. Explore why gold remains the ultimate investment for safeguarding wealth against inflation, economic shifts, and global uncertainties. Whether you're planning for future generations or seeking a reliable asset in turbulent times, this report is your essential guide to making informed decisions. Sign up for MarketBeat All Access to gain access to MarketBeat's full suite of research tools. 345 N Reid Place, Suite 620, Sioux Falls, SD 57103
                                        
                                        contact@marketbeat.com
                                        
                                        (844) 978-6257 © MarketBeat Media, LLC 2010-2026. All rights reserved. © 2026   Fair market value prices are updated every minute and are provided by Massive. Other market data provided is at least 10-minutes delayed and hosted by Barchart Solutions.  Information is provided 'as-is' and solely for informational purposes, not for trading purposes or advice, and is delayed. To see all exchange delays and terms of use please see Barchart's disclaimer. We and our partners share information on your use of this website to help improve your experience. For more information, or to opt out click the Do Not Sell My Information button below.",https://www.marketbeat.com/instant-alerts/filing-pictet-asset-management-holding-sa-boosts-stake-in-jpmorgan-chase-co-jpm-2026-05-08/
JPM,JPMorgan Chase & Co (JPM) Stock Price Quote Today & Current Price Chart - Capital.com,2026-05-08 08:18:04,"1Our charge for executing your trade is the spread, the difference between the buy and sell price. Please consult the Charges and Fees section of our website for further information JPMorgan Chase (JPM) is a financial holding company, headquartered in New York, the USA and incorporated in 1968. The company specialises in financial services, investment and commercial banking, asset management, financial transaction processing, and private equity. This is one of the largest US banking institutions with a global presence. JPMorgan Chase traces its roots to 1799. The banking institution has over 1,200 heritage financial companies, which have joined to form the company we know today. A list of predecessors of the bank includes J.P. Morgan & Co., Bank One, Chemical Bank, National Bank of Detroit, The Chase Manhattan Bank, etc. JPMorgan Chase’s activities are organised into five key business divisions: JPMorgan Chase & Co. operates through bank and nonbank subsidiaries in the USA as well as through international subsidiaries and subsidiary foreign banks, branches, and representative offices. Here are the major bank subsidiaries: •    JPMorgan Chase Bank, National Association (with branches in 23 US states) •    Chase Bank USA, National Association (credit card issuer) •    J.P. Morgan Securities LLC (investment banking, USA) •    J.P. Morgan Securities plc (UK operating subsidiary) JPMorgan Chase provides financial services under its J.P. Morgan and Chase brands. Under the J.P. Morgan brand, the company serves institutional investors and individuals across the following areas: Investment Banking, Markets & Investor Services, Treasury Services, Asset Management, Private Banking, and Wealth Management & Brokerage. Under the Chase brand, the company serves approximately half of America’s households, providing a wide range of financial services: personal banking, mortgages, auto financing, investment advice, credit cards, small business loans, and payment processing. JPMorgan Chase serves individual customers, small and large companies, governments and institutions in more than 100 countries. Today, the company employs over 240,000 staff members in more than 60 countries globally. The corporate headquarters of JPMorgan Chase are located in Manhattan, New York City, the USA. JPMorgan Chase is included in the ‘Big Four’ US banks, along with Bank of America, Citigroup and Wells Fargo. The bank’s main global competitors, in terms of market capitalisation, are the Industrial and Commercial Bank of China, and China Construction Bank. JPMorgan Chase is listed on the New York (NYSE) and London (LSE) stock exchanges. The company constitutes the DJIA, S&P 500, and the S&P 100 market indices. Great customer service I got to say that. They helped get my account back very fast, after i logged myself out by losing my old email, it was so fast you wouldn’t believe it thank you once again. Everything worked as expected from the 1 day. I didn’t have to search how to use the platform, it’s intuitive. The support chat was there when I had a tiny issue. Capital.com has been great for both learning and trading. The app is clean, fast, and packed with useful tools. Customer support has been solid too. Definitely recommended for beginners and active traders alike. I trade every day and Capital is my beloved home. I also create music and you can always feel when something has been created from the heart. Capital has soul! I would like to express a huge thank you to Evgeniya Logvinovich, customer service manager. For your attention and heartfelt attitude to your clients.❤️ I am extremely happy with this broker. Great spreads, good selection of instruments, well coded toolbox. Love the TV integration. Makes traders life smooth and comfortable. I trade every day and Capital is my beloved home. I also create music and you can always feel when something has been created from the heart. Capital has soul! I’d been paper trading for 2yrs now, went live and this platform is easy for beginners to understand and navigate all important tools to execute all that I learned. Earning now! This application is perfect.. simple, easy to use, run smoothly and fast and it has an accurate graphics.. be careful to use only one credit card and one bank account to prevent any withdrawal problem.. overnight fees and spread variation will be repaid for you by the next month.. I used many application but this is the best one User friendly app & interface and good support team. Funds transfer ease & Leverage is an advantage but crypto is highly risky be responsible of your loss limits and risks appetite. Capital is really great to be used on start, also beginner friendly broker! Great costumer support and it is quick! Showing our 4 & 5 star reviews. The specific details of the user have been intentionally anonymised to safeguard their privacy pursuant to GDPR requirements. CFDs are complex instruments and come with a high risk of losing money rapidly due to leverage.  78.48% of retail investor accounts lose money when trading CFDs with this provider. You should consider whether you understand how CFDs work and whether you can afford to take the high risk of losing your money. Capital Com Online Investments Ltd is a limited liability company with company number 209236B. Capital Com Online Investments Ltd is a Company registered in the Commonwealth of The Bahamas and authorised by the Securities Commission of The Bahamas with license number SIA-F245. The Company’s registered office is at #3 Bayside Executive Park, Blake Road and West Bay Street, P. O. Box CB 13012, Nassau, The Bahamas. We use cookies to enhance site navigation, personalise content and ads, and analyse site usage. You can change your cookie settings at any time. For more information, please see our Cookie Policy.",https://capital.com/en-int/markets/shares/jpmorgan-chase-co-share-price-1
JPM,Elevated Financial Group LLC Makes New $1.34 Million Investment in JPMorgan Chase & Co. $JPM - MarketBeat,2026-05-08 08:12:40,"Elevated Financial Group LLC bought a new position in shares of  JPMorgan Chase & Co. (NYSE:JPM - Free Report) during the fourth quarter, according to the company in its most recent 13F filing with the Securities and Exchange Commission. The firm bought 4,157 shares of the financial services provider's stock, valued at approximately $1,339,000. A number of other institutional investors and hedge funds also recently added to or reduced their stakes in the company. Facet Wealth Inc. raised its stake in  JPMorgan Chase & Co. by 40.8% during the 4th quarter. Facet Wealth Inc. now owns 8,446 shares of the financial services provider's stock worth $2,540,000 after acquiring an additional 2,448 shares during the period.  Axecap Investments LLC raised its stake in  JPMorgan Chase & Co. by 6.4% during the 4th quarter. Axecap Investments LLC now owns 12,527 shares of the financial services provider's stock worth $4,036,000 after acquiring an additional 753 shares during the period.  Huntleigh Advisors Inc. raised its stake in  JPMorgan Chase & Co. by 3.5% during the 4th quarter. Huntleigh Advisors Inc. now owns 19,959 shares of the financial services provider's stock worth $6,431,000 after acquiring an additional 670 shares during the period.  Viewpoint Investment Partners Corp raised its stake in  JPMorgan Chase & Co. by 4.1% during the 4th quarter. Viewpoint Investment Partners Corp now owns 18,310 shares of the financial services provider's stock worth $5,900,000 after acquiring an additional 720 shares during the period.  Finally, High Point Wealth Management LLC bought a new stake in  JPMorgan Chase & Co. during the 4th quarter worth approximately $573,000. Institutional investors own  71.55% of the company's stock. Several research firms have weighed in on JPM. Truist Financial upped their price target on JPMorgan Chase & Co. from $323.00 to $332.00 and gave the stock a ""hold"" rating in a research note on Wednesday, April 15th. Wells Fargo & Company cut their price objective on shares of JPMorgan Chase & Co. from $360.00 to $350.00 and set an ""overweight"" rating for the company in a report on Tuesday, February 17th. DZ Bank  reaffirmed a ""neutral"" rating on shares of JPMorgan Chase & Co. in a report on Wednesday, April 15th. Zacks Research lowered shares of JPMorgan Chase & Co. from a ""strong-buy"" rating to a ""hold"" rating in a report on Wednesday, April 8th. Finally, CICC Research initiated coverage on shares of JPMorgan Chase & Co. in a report on Wednesday, January 14th. They set an ""outperform"" rating and a $355.00 price objective for the company. Fifteen investment analysts have rated the stock with a Buy rating and fifteen have assigned  a Hold rating to the stock. Based on data from MarketBeat, the stock presently has an average rating of ""Moderate Buy"" and an average target price of $338.12. JPM stock opened at $306.44 on Friday. The firm has a fifty day moving average price of $299.69 and a 200 day moving average price of $307.26. JPMorgan Chase & Co. has a fifty-two week low of $251.55 and a fifty-two week high of $337.25. The firm has a market cap of $821.10 billion, a PE ratio of 14.68, a price-to-earnings-growth ratio of 1.53 and a beta of 1.03. The company has a debt-to-equity ratio of 1.30, a quick ratio of 0.85 and a current ratio of 0.86. JPMorgan Chase & Co. (NYSE:JPM - Get Free Report) last released its quarterly earnings results on Tuesday, April 14th. The financial services provider reported $5.94 earnings per share (EPS) for the quarter, beating analysts' consensus estimates of $5.50 by $0.44. JPMorgan Chase & Co. had a net margin of 20.66% and a return on equity of 17.54%. The company had revenue of $50.54 billion for the quarter, compared to the consensus estimate of $48.30 billion. During the same quarter in the prior year, the firm earned $5.07 earnings per share. JPMorgan Chase & Co.'s revenue was up 10.0% on a year-over-year basis.  Sell-side analysts anticipate that  JPMorgan Chase & Co. will post 22.42 earnings per share for the current fiscal year. The firm also recently declared a quarterly dividend, which was paid on Thursday, April 30th. Investors of record on Monday, April 6th were issued a $1.50 dividend. The ex-dividend date of this dividend was Monday, April 6th. This represents a $6.00 dividend on an annualized basis and a dividend yield of 2.0%. JPMorgan Chase & Co.'s dividend payout ratio (DPR) is presently 28.74%. Here are the key news stories impacting JPMorgan Chase & Co. this week: In other JPMorgan Chase & Co. news, COO Jennifer Piepszak sold 9,136 shares of the company's stock in a transaction that occurred on Wednesday, April 15th. The stock was sold at an average price of $306.56, for a total transaction of $2,800,732.16. Following the sale, the chief operating officer directly owned 90,001 shares in the company, valued at $27,590,706.56. This represents a 9.22% decrease in their ownership of the stock. The sale was disclosed in a document filed with the SEC, which is available at this link. The transaction was executed under a pre-arranged Rule 10b5-1 trading plan. Also, insider Robin Leopold sold 433 shares of the firm's stock in a transaction that occurred on Monday, March 23rd. The shares were sold at an average price of $295.06, for a total value of $127,760.98. Following the completion of the sale, the insider directly owned 64,920 shares of the company's stock, valued at $19,155,295.20. The trade was a 0.66% decrease in their ownership of the stock. The disclosure for this sale is available in the SEC filing. Insiders have sold 79,849 shares of company stock worth $24,522,956 in the last quarter. Company insiders own  0.41% of the company's stock. JPMorgan Chase & Co NYSE: JPM is a diversified global financial services firm headquartered in New York City. The company provides a wide range of banking and financial products and services to consumers, small businesses, corporations, governments and institutional investors worldwide. Its operations span retail banking, commercial lending, investment banking, asset management, payments and card services, and treasury and securities services. The firm's principal business activities are organized across several core lines: Consumer & Community Banking, which offers deposit accounts, mortgages, auto loans, credit cards and branch and digital banking under the Chase brand; Corporate & Investment Banking, which provides capital markets, advisory, underwriting, trading and risk management services; Commercial Banking, delivering lending, treasury and capital solutions to middle-market and corporate clients; and Asset & Wealth Management, which offers investment management, private banking and retirement services to institutions and high-net-worth individuals. This instant news alert was generated by narrative science technology and financial data from MarketBeat in order to provide readers with the fastest reporting and unbiased coverage. Please send any questions or comments about this story to contact@marketbeat.com. Before you consider JPMorgan Chase & Co., you'll want to hear this. MarketBeat keeps track of Wall Street's top-rated and best performing research analysts and the stocks they recommend to their clients on a daily basis. MarketBeat has identified the five stocks that top analysts are quietly whispering to their clients to buy now before the broader market catches on... and JPMorgan Chase & Co. wasn't on the list. While JPMorgan Chase & Co. currently has a Moderate Buy rating among analysts, top-rated analysts believe these five stocks are better buys. Discover the next wave of investment opportunities with our report, 7 Stocks That Will Be Magnificent in 2026. Explore companies poised to replicate the growth, innovation, and value creation of the tech giants dominating today's markets. Sign up for MarketBeat All Access to gain access to MarketBeat's full suite of research tools. 345 N Reid Place, Suite 620, Sioux Falls, SD 57103
                                        
                                        contact@marketbeat.com
                                        
                                        (844) 978-6257 © MarketBeat Media, LLC 2010-2026. All rights reserved. © 2026   Fair market value prices are updated every minute and are provided by Massive. Other market data provided is at least 10-minutes delayed and hosted by Barchart Solutions.  Information is provided 'as-is' and solely for informational purposes, not for trading purposes or advice, and is delayed. To see all exchange delays and terms of use please see Barchart's disclaimer. Enter your email below to receive daily updates and analyst ratings for JPMorgan Chase & Co. and related companies from The Early Bird. We and our partners share information on your use of this website to help improve your experience. For more information, or to opt out click the Do Not Sell My Information button below.",https://www.marketbeat.com/instant-alerts/filing-elevated-financial-group-llc-makes-new-134-million-investment-in-jpmorgan-chase-co-jpm-2026-05-08/
JPM,Aprio Wealth Management LLC Has $8.28 Million Stock Holdings in JPMorgan Chase & Co. $JPM - MarketBeat,2026-05-08 07:14:16,"Aprio Wealth Management LLC increased its stake in shares of  JPMorgan Chase & Co. (NYSE:JPM) by 43.6% during the 4th quarter, according to the company in its most recent 13F filing with the Securities & Exchange Commission. The institutional investor  owned 25,709 shares of the financial services provider's stock after buying an additional 7,812 shares during the period. Aprio Wealth Management LLC's holdings in JPMorgan Chase & Co. were worth $8,284,000 at the end of the most recent quarter. Several other institutional investors and hedge funds have also added to or reduced their stakes in the stock. S.A. Mason LLC lifted its position in  JPMorgan Chase & Co. by 2.1% during the 4th quarter. S.A. Mason LLC now owns 4,245 shares of the financial services provider's stock worth $1,368,000 after buying an additional 87 shares in the last quarter.  Kestra Private Wealth Services LLC lifted its position in  JPMorgan Chase & Co. by 3.4% during the 4th quarter. Kestra Private Wealth Services LLC now owns 315,624 shares of the financial services provider's stock worth $101,700,000 after buying an additional 10,488 shares in the last quarter.  Pictet Asset Management Holding SA lifted its position in  JPMorgan Chase & Co. by 4.1% during the 4th quarter. Pictet Asset Management Holding SA now owns 1,467,289 shares of the financial services provider's stock worth $472,793,000 after buying an additional 57,725 shares in the last quarter.  Physician Wealth Advisors Inc. lifted its position in  JPMorgan Chase & Co. by 3.2% during the 4th quarter. Physician Wealth Advisors Inc. now owns 2,369 shares of the financial services provider's stock worth $763,000 after buying an additional 73 shares in the last quarter.  Finally, James Investment Research Inc. lifted its position in  JPMorgan Chase & Co. by 0.6% during the 4th quarter. James Investment Research Inc. now owns 75,294 shares of the financial services provider's stock worth $24,261,000 after buying an additional 418 shares in the last quarter. Institutional investors and hedge funds own  71.55% of the company's stock. Here are the key news stories impacting JPMorgan Chase & Co. this week: In other news, General Counsel Stacey Friedman sold 3,404 shares of the company's stock in a transaction dated Tuesday, February 17th. The stock was sold at an average price of $306.40, for a total value of $1,042,985.60. Following the completion of the sale, the general counsel directly owned 61,949 shares of the company's stock, valued at $18,981,173.60. This represents a 5.21% decrease in their position. The sale was disclosed in a legal filing with the SEC, which is available through this hyperlink. Also, CFO Jeremy Barnum sold 3,022 shares of the company's stock in a transaction dated Tuesday, May 5th. The shares were sold at an average price of $309.41, for a total value of $935,037.02. Following the completion of the sale, the chief financial officer directly owned 32,438 shares of the company's stock, valued at approximately $10,036,641.58. This trade represents a 8.52% decrease in their ownership of the stock. The SEC filing for this sale provides additional information. The transaction was executed under a pre-arranged Rule 10b5-1 trading plan. Insiders sold a total of 79,849 shares of company stock worth $24,522,956 over the last quarter. Insiders own  0.41% of the company's stock. Shares of JPM stock opened at $306.44 on Friday. The company has a debt-to-equity ratio of 1.30, a current ratio of 0.86 and a quick ratio of 0.85. The stock has a market cap of $821.10 billion, a PE ratio of 14.68, a price-to-earnings-growth ratio of 1.53 and a beta of 1.03. The stock has a 50-day moving average of $299.69 and a 200-day moving average of $307.26. JPMorgan Chase & Co. has a one year low of $251.55 and a one year high of $337.25. JPMorgan Chase & Co. (NYSE:JPM - Get Free Report) last announced its quarterly earnings results on Tuesday, April 14th. The financial services provider reported $5.94 EPS for the quarter, beating analysts' consensus estimates of $5.50 by $0.44. The company had revenue of $50.54 billion during the quarter, compared to analysts' expectations of $48.30 billion. JPMorgan Chase & Co. had a return on equity of 17.54% and a net margin of 20.66%.JPMorgan Chase & Co.'s revenue was up 10.0% on a year-over-year basis. During the same period in the prior year, the business posted $5.07 EPS.  As a group, sell-side analysts expect that  JPMorgan Chase & Co. will post 22.42 earnings per share for the current year. The business also recently declared a quarterly dividend, which was paid on Thursday, April 30th. Stockholders of record on Monday, April 6th were paid a $1.50 dividend. The ex-dividend date of this dividend was Monday, April 6th. This represents a $6.00 dividend on an annualized basis and a dividend yield of 2.0%. JPMorgan Chase & Co.'s dividend payout ratio  is 28.74%. JPM has been the topic of several research reports. The Goldman Sachs Group  set a $361.00 price target on shares of JPMorgan Chase & Co. in a research report on Tuesday, April 14th. Daiwa Securities Group reduced their price target on shares of JPMorgan Chase & Co. from $340.00 to $328.00 and set an ""outperform"" rating on the stock in a research report on Tuesday, April 7th. Robert W. Baird  set a $295.00 price target on shares of JPMorgan Chase & Co. in a research report on Wednesday, April 15th. Keefe, Bruyette & Woods  reiterated an ""outperform"" rating on shares of JPMorgan Chase & Co. in a research report on Tuesday, February 24th. Finally, HSBC upped their target price on shares of JPMorgan Chase & Co. from $288.00 to $312.00 and gave the company a ""hold"" rating in a research report on Monday. Fifteen investment analysts have rated the stock with a Buy rating and fifteen have given a Hold rating to the company. According to MarketBeat.com, JPMorgan Chase & Co. presently has an average rating of ""Moderate Buy"" and an average target price of $338.12. JPMorgan Chase & Co NYSE: JPM is a diversified global financial services firm headquartered in New York City. The company provides a wide range of banking and financial products and services to consumers, small businesses, corporations, governments and institutional investors worldwide. Its operations span retail banking, commercial lending, investment banking, asset management, payments and card services, and treasury and securities services. The firm's principal business activities are organized across several core lines: Consumer & Community Banking, which offers deposit accounts, mortgages, auto loans, credit cards and branch and digital banking under the Chase brand; Corporate & Investment Banking, which provides capital markets, advisory, underwriting, trading and risk management services; Commercial Banking, delivering lending, treasury and capital solutions to middle-market and corporate clients; and Asset & Wealth Management, which offers investment management, private banking and retirement services to institutions and high-net-worth individuals. Want to see what other hedge funds are holding JPM? Visit HoldingsChannel.com to get the latest 13F filings and insider trades for JPMorgan Chase & Co. (NYSE:JPM - Free Report). This instant news alert was generated by narrative science technology and financial data from MarketBeat in order to provide readers with the fastest reporting and unbiased coverage. Please send any questions or comments about this story to contact@marketbeat.com. Before you consider JPMorgan Chase & Co., you'll want to hear this. MarketBeat keeps track of Wall Street's top-rated and best performing research analysts and the stocks they recommend to their clients on a daily basis. MarketBeat has identified the five stocks that top analysts are quietly whispering to their clients to buy now before the broader market catches on... and JPMorgan Chase & Co. wasn't on the list. While JPMorgan Chase & Co. currently has a Moderate Buy rating among analysts, top-rated analysts believe these five stocks are better buys. Learn the basics of options trading and how to use them to boost returns and manage risk with this free report from MarketBeat. Click the link below to get your free copy. Sign up for MarketBeat All Access to gain access to MarketBeat's full suite of research tools. 345 N Reid Place, Suite 620, Sioux Falls, SD 57103
                                        
                                        contact@marketbeat.com
                                        
                                        (844) 978-6257 © MarketBeat Media, LLC 2010-2026. All rights reserved. © 2026   Fair market value prices are updated every minute and are provided by Massive. Other market data provided is at least 10-minutes delayed and hosted by Barchart Solutions.  Information is provided 'as-is' and solely for informational purposes, not for trading purposes or advice, and is delayed. To see all exchange delays and terms of use please see Barchart's disclaimer. We and our partners share information on your use of this website to help improve your experience. For more information, or to opt out click the Do Not Sell My Information button below.",https://www.marketbeat.com/instant-alerts/filing-aprio-wealth-management-llc-has-828-million-stock-holdings-in-jpmorgan-chase-co-jpm-2026-05-08/
JPM,"7,816 Shares in JPMorgan Chase & Co. $JPM Bought by Anchyra Partners LLC - MarketBeat",2026-05-08 07:14:16,"Anchyra Partners LLC acquired a new stake in shares of  JPMorgan Chase & Co. (NYSE:JPM - Free Report) during the 4th quarter, according to its most recent 13F filing with the SEC. The firm acquired 7,816 shares of the financial services provider's stock, valued at approximately $2,518,000. JPMorgan Chase & Co. makes up   0.8% of Anchyra Partners LLC's portfolio, making the stock its 21st largest position. Several other large investors have also bought and sold shares of the stock. Howard Capital Management Inc. increased its position in shares of  JPMorgan Chase & Co. by 18.2% during the 4th quarter. Howard Capital Management Inc. now owns 25,784 shares of the financial services provider's stock valued at $8,308,000 after purchasing an additional 3,976 shares during the last quarter.  Andra AP fonden increased its position in shares of  JPMorgan Chase & Co. by 3.2% during the 3rd quarter. Andra AP fonden now owns 107,700 shares of the financial services provider's stock valued at $33,972,000 after purchasing an additional 3,300 shares during the last quarter.  Newbridge Financial Services Group Inc. increased its position in shares of  JPMorgan Chase & Co. by 51.7% during the 4th quarter. Newbridge Financial Services Group Inc. now owns 8,883 shares of the financial services provider's stock valued at $2,862,000 after purchasing an additional 3,027 shares during the last quarter.  Banco Santander S.A. increased its position in shares of  JPMorgan Chase & Co. by 9.0% during the 3rd quarter. Banco Santander S.A. now owns 452,612 shares of the financial services provider's stock valued at $142,767,000 after purchasing an additional 37,550 shares during the last quarter.  Finally, Brighton Jones LLC increased its position in shares of  JPMorgan Chase & Co. by 11.0% during the 4th quarter. Brighton Jones LLC now owns 48,732 shares of the financial services provider's stock valued at $11,682,000 after purchasing an additional 4,841 shares during the last quarter. 71.55% of the stock is currently owned by institutional investors. In other news, COO Jennifer Piepszak sold 9,136 shares of the business's stock in a transaction dated Wednesday, April 15th. The stock was sold at an average price of $306.56, for a total transaction of $2,800,732.16. Following the completion of the transaction, the chief operating officer owned 90,001 shares of the company's stock, valued at approximately $27,590,706.56. The trade was a 9.22% decrease in their ownership of the stock. The sale was disclosed in a document filed with the Securities & Exchange Commission, which can be accessed through the SEC website. The transaction was executed under a pre-arranged Rule 10b5-1 trading plan. Also, insider Robin Leopold sold 433 shares of the business's stock in a transaction dated Monday, March 23rd. The stock was sold at an average price of $295.06, for a total value of $127,760.98. Following the transaction, the insider directly owned 64,920 shares of the company's stock, valued at $19,155,295.20. The trade was a 0.66% decrease in their position. Additional details regarding this sale are available in the official SEC disclosure. Over the last ninety days, insiders have sold 79,849 shares of company stock worth $24,522,956. 0.41% of the stock is owned by corporate insiders. JPM stock opened at $306.44 on Friday. The company has a quick ratio of 0.85, a current ratio of 0.86 and a debt-to-equity ratio of 1.30. The firm has a market capitalization of $821.10 billion, a PE ratio of 14.68, a PEG ratio of 1.53 and a beta of 1.03. JPMorgan Chase & Co. has a twelve month low of $251.55 and a twelve month high of $337.25. The stock has a 50-day simple moving average of $299.69 and a two-hundred day simple moving average of $307.26. JPMorgan Chase & Co. (NYSE:JPM - Get Free Report) last posted its earnings results on Tuesday, April 14th. The financial services provider reported $5.94 earnings per share for the quarter, beating analysts' consensus estimates of $5.50 by $0.44. The business had revenue of $50.54 billion during the quarter, compared to analyst estimates of $48.30 billion. JPMorgan Chase & Co. had a return on equity of 17.54% and a net margin of 20.66%.The company's quarterly revenue was up 10.0% compared to the same quarter last year. During the same quarter in the previous year, the firm earned $5.07 EPS.  On average, equities analysts predict that  JPMorgan Chase & Co. will post 22.42 EPS for the current fiscal year. The business also recently announced a quarterly dividend, which was paid on Thursday, April 30th. Shareholders of record on Monday, April 6th were issued a dividend of $1.50 per share. This represents a $6.00 dividend on an annualized basis and a yield of 2.0%. The ex-dividend date of this dividend was Monday, April 6th. JPMorgan Chase & Co.'s payout ratio is presently 28.74%. Here are the key news stories impacting JPMorgan Chase & Co. this week: Several equities research analysts recently weighed in on the company. Freedom Capital raised JPMorgan Chase & Co. to a ""hold"" rating in a report on Wednesday, January 14th. Royal Bank Of Canada  reissued a ""buy"" rating on shares of JPMorgan Chase & Co. in a report on Monday. Autonomous Res decreased their price objective on JPMorgan Chase & Co. from $360.00 to $324.00 and set a ""neutral"" rating for the company in a report on Monday, April 6th. Wall Street Zen raised JPMorgan Chase & Co. from a ""sell"" rating to a ""hold"" rating in a report on Sunday, January 18th. Finally, UBS Group decreased their price objective on JPMorgan Chase & Co. from $380.00 to $375.00 in a report on Wednesday. Fifteen analysts have rated the stock with a Buy rating and fifteen have issued  a Hold rating to the stock. According to data from MarketBeat.com, the company presently has a consensus rating of ""Moderate Buy"" and an average target price of $338.12. Get Our Latest Stock Analysis on JPMorgan Chase & Co. JPMorgan Chase & Co NYSE: JPM is a diversified global financial services firm headquartered in New York City. The company provides a wide range of banking and financial products and services to consumers, small businesses, corporations, governments and institutional investors worldwide. Its operations span retail banking, commercial lending, investment banking, asset management, payments and card services, and treasury and securities services. The firm's principal business activities are organized across several core lines: Consumer & Community Banking, which offers deposit accounts, mortgages, auto loans, credit cards and branch and digital banking under the Chase brand; Corporate & Investment Banking, which provides capital markets, advisory, underwriting, trading and risk management services; Commercial Banking, delivering lending, treasury and capital solutions to middle-market and corporate clients; and Asset & Wealth Management, which offers investment management, private banking and retirement services to institutions and high-net-worth individuals. This instant news alert was generated by narrative science technology and financial data from MarketBeat in order to provide readers with the fastest reporting and unbiased coverage. Please send any questions or comments about this story to contact@marketbeat.com. Before you consider JPMorgan Chase & Co., you'll want to hear this. MarketBeat keeps track of Wall Street's top-rated and best performing research analysts and the stocks they recommend to their clients on a daily basis. MarketBeat has identified the five stocks that top analysts are quietly whispering to their clients to buy now before the broader market catches on... and JPMorgan Chase & Co. wasn't on the list. While JPMorgan Chase & Co. currently has a Moderate Buy rating among analysts, top-rated analysts believe these five stocks are better buys. Click the link to see MarketBeat's guide to investing in 5G and which 5G stocks show the most promise. Sign up for MarketBeat All Access to gain access to MarketBeat's full suite of research tools. 345 N Reid Place, Suite 620, Sioux Falls, SD 57103
                                        
                                        contact@marketbeat.com
                                        
                                        (844) 978-6257 © MarketBeat Media, LLC 2010-2026. All rights reserved. © 2026   Fair market value prices are updated every minute and are provided by Massive. Other market data provided is at least 10-minutes delayed and hosted by Barchart Solutions.  Information is provided 'as-is' and solely for informational purposes, not for trading purposes or advice, and is delayed. To see all exchange delays and terms of use please see Barchart's disclaimer. We and our partners share information on your use of this website to help improve your experience. For more information, or to opt out click the Do Not Sell My Information button below.",https://www.marketbeat.com/instant-alerts/filing-7816-shares-in-jpmorgan-chase-co-jpm-bought-by-anchyra-partners-llc-2026-05-08/
JPM,JPMorgan Chase & Co. Stock Recommendations & Analyst Ratings 2026 - MarketBeat,2026-05-08 07:00:00,"View the latest stock recommendations issued by analysts at JPMorgan Chase & Co.. This page tracks publicly reported analyst upgrades and downgrades, buy/hold/sell ratings, and price target changes for publicly traded companies. All data is compiled from credible public sources and updated regularly to reflect new insights from JPMorgan Chase & Co.'s equity research team. MarketBeat is not affiliated with or endorsed by JPMorgan Chase & Co.. Enter your email address below to receive the latest headlines and analysts' recommendations for your stocks with our free daily email newsletter. MarketBeat's community ratings are surveys of what our community members think about JPMorgan Chase & Co. and other research firms in the last 90 days. Vote ""Outperform"" if you believe JPMorgan Chase & Co.'s recommendations will outperform the S&P 500 over the long term. Vote ""Underperform"" if you believe JPMorgan Chase & Co.'s recommendations will underperform the S&P 500 over the long term. You may vote once every thirty days. JPMorgan Chase & Co.'s equity research team has issued ratings on 1,537 companies across 23 sectors over the past 12 months, covered by 160 analysts. The JPMorgan Chase & Co. analysts below are listed by number of ratings issued in the last year. JPMorgan Chase & Co. concentrates its research most heavily in Finance (15.0%), Computer and Technology (14.3%) and Medical (14.2%). The chart below shows how JPMorgan Chase & Co.'s 1,541 rated companies are distributed across all 23 sectors it covers. JPMorgan Chase & Co.'s analysts currently have buy-equivalent ratings on 875 companies. Recent upgrades to buy include Freshpet, Southwest Gas, Teradyne, Telecom Argentina Stet - France Telecom and Blackstone Mortgage Trust. JPMorgan Chase & Co.'s highest-rated analysts by MarketBeat's accuracy score include Stephen Tusa, Mark Strouse and Jessica Fye. Rankings are based on historical rating accuracy and price target precision over the past 12 months. MarketBeat tracks 160 analysts at JPMorgan Chase & Co.. JPMorgan Chase & Co. has the deepest coverage in Finance (15.0% of rated companies), Computer and Technology (14.3% of rated companies), Medical (14.2% of rated companies), Energy (6.2% of rated companies) and Retail/Wholesale (5.7% of rated companies). JPMorgan Chase & Co. issued 4,349 ratings over the last 12 months across 1,541 companies — an average of roughly 362 rating actions per month. These include boost price target, downgrade, initiated coverage, lower price target, reiterated rating, set price target and upgrade. MarketBeat tracks every rating change as it's published so you can see the most current JPMorgan Chase & Co. analyst actions. A buy rating indicates the analyst expects the stock to outperform the market over the next 12 months. A hold suggests the stock will perform in line with the market. A sell rating indicates expected underperformance. JPMorgan Chase & Co. uses Overweight, Neutral, and Underweight as their equivalents. Sign up for MarketBeat All Access to gain access to MarketBeat's full suite of research tools. 345 N Reid Place, Suite 620, Sioux Falls, SD 57103
                                        
                                        contact@marketbeat.com
                                        
                                        (844) 978-6257 © MarketBeat Media, LLC 2010-2026. All rights reserved. © 2026   Fair market value prices are updated every minute and are provided by Massive. Other market data provided is at least 10-minutes delayed and hosted by Barchart Solutions.  Information is provided 'as-is' and solely for informational purposes, not for trading purposes or advice, and is delayed. To see all exchange delays and terms of use please see Barchart's disclaimer. Enter your email below for Earnings360.com’s free morning digest of key earnings insights. Get daily updates on companies beating or missing expectations, delivered straight to your inbox. We and our partners share information on your use of this website to help improve your experience. For more information, or to opt out click the Do Not Sell My Information button below.",https://www.marketbeat.com/ratings/by-issuer/jpmorgan-chase-co-stock-recommendations/
JPM,"Blue Owl Preps Credit Secondaries Strategy - JPMorgan Chase (NYSE:JPM), Blue Owl Capital (NYSE:OWL) - Benzinga",2026-05-08 01:24:23,"Oops! Something went wrong. Please try again soon or contact support@benzinga.com. A newsletter built for market enthusiasts by market enthusiasts. Top stories, top movers, and trade ideas delivered to your inbox every weekday before and after the market closes.",https://www.benzinga.com/markets/private-markets/26/05/52398950/blue-owl-preps-credit-secondaries-strategy
