ticker,title,date,content,url
NVDA,MSFT Stock Records Best Month In A Year: AI PC Tease With NVDA And A Super App For Copilot Are Aiding The Stock - Stocktwits,2026-05-29 23:28:24,"Microsoft (MSFT) share price rose about 5.5% on Friday and ended its best month in a year, gaining 10.4% in May, after it secured a massive multi-billion-dollar defense contract, teased an upcoming next-generation artificial intelligence hardware collaboration with Nvidia Corp., and prepared the launch of a new proprietary coding model. In the consumer and hardware sector, Microsoft and Nvidia dropped joint hints regarding an upcoming hardware shift aimed at challenging current market leaders in personal computing. The two companies published coordinated teasers on social media platforms featuring the phrase ""A new era of PC,"" accompanied by geographic coordinates pointing directly to the Nangang Exhibition Centre—the primary venue for the Computex 2026 trade show in Taipei. The announcement is seen as a teaser ahead of the official debut of Nvidia's highly anticipated ""N1X"" client processor, built on TSMC's cutting-edge 3-nanometer foundry node. The software giant is working on a one-stop shop that would connect its GitHub Copilot coding assistant, Copilot chat function, Copilot Cowork tool, and a new agentic workflow capability internally named Autopilot into a single app, Fortune reported on Friday, citing two people familiar with the matter. The project is being spearheaded by Jacob Andreou, Microsoft’s recently appointed head of Copilot. One of Andreou’s primary tasks has been to unite the consumer and enterprise sides of Copilot into a cohesive product. Some elements of the app, which is being developed internally with the slogan “Delivering one Copilot,” could be referenced at Microsoft’s Build developer conference next week in San Francisco, though there are no plans to showcase the app itself, Fortune wrote in its exclusive report. The company plans to launch the super app by the end of summer. Retail sentiment on Stocktwits was “neutral” with “high” message volumes. One user highlighted bullishness by saying the tease with NVDA was “beyond huge.” Read More: COIN, HOOD Stocks Jump After US Regulator Greenlights Crypto Perpetual Futures For updates and corrections, email newsroom[at]stocktwits[dot]com. Coinbase (COIN) and Robinhood (HOOD) share prices gained 4% and 11%, respectively, on Friday after a U.S. regulator approved the nation’s first regulated Bitcoin perpetual contract, opening the door for mainstream domestic trading of a popular digital asset derivative that has largely existed overseas. The Commodity Futures Trading Commission announced it granted an approval order to KalshiEX LLC, a federally registered designated contract market, allowing the exchange to list a perpetual futures contract tied directly to the spot price of Bitcoin, designated as the BTCPERP contract. Perpetual contracts, or ""perps,"" are derivatives similar to standard futures contracts but differ because they lack an expiration date, allowing investors to hold their positions indefinitely. While highly popular in international, unregulated crypto markets, U.S. retail and institutional investors previously faced steep regulatory hurdles when attempting to trade them domestically. Under the regulatory terms, Kalshi must maintain continuous compliance with the Commodity Exchange Act and all applicable CFTC provisions, according to the agency’s official release. ""This marks Kalshi’s evolution from prediction market leader to next-gen derivatives exchange,"" Kalshi Chief Executive Officer Tarek Mansour said in a statement. ""Onshore, safe, and regulated perps will improve capital allocation and risk management for countless American businesses."" Alongside the approval for Kalshi, federal regulators also signaled a broader expansion of the domestic digital asset derivatives market by greenlighting plans from Coinbase Financial Markets Inc., the futures division of major cryptocurrency platform Coinbase. The CFTC indicated it would permit certain perpetual futures listings through Coinbase's registered futures commission merchant. Coinbase co-founder and Chief Executive Officer Brian Armstrong praised the development, characterizing the regulatory decisions as a milestone for the company and domestic digital asset participants seeking safer, regulated pathways. “We’re bringing proven global products under American regulation which is exactly how we make the US the global crypto leader,” wrote Coinbase Chief Legal Officer Paul Grewal in a post on X. Unlike a traditional futures contract, which was designed for markets that close overnight and on weekends, a perpetual contract is a type of derivative contract that has no fixed expiration date. Instead, counterparties periodically exchange a funding rate payment, similar to variation margin, that is designed to maintain relative price parity with the underlying asset’s spot price. “In markets that operate 24/7, the lack of an expiration date allows market participants to maintain continuous price exposure without periodic expirations and the associated costs of rolling over contracts,” CFTC Chairman Michael S. Selig wrote in a note. “Perpetual contracts were first theorized in a discussion paper published in 1992 by Nobel-prize winning economist Robert Schiller.1 Since then, perpetuals have become a foundational risk management and price discovery tool in the global crypto asset markets,” added Selig. Retail sentiment on Coinbase was “bearish” with “low” message volumes, while sentiment was “extremely bullish” for HOOD with “high” message volumes. Both HOOD and COIN stocks have lost about 19.3% year-to-date. Read More: S&P 500 Jumps For Ninth Week, Longest Since 2023 With DELL Leading Nasdaq To Record Highs, While Positive US-Iran Ceasefire Bets Aid Dow — UMG, COIN, MNKD, ASTC, ASTS In Focus For updates and corrections, email newsroom[at]stocktwits[dot]com. U.S. benchmark stock indices ended at record highs on Friday, with the S&P 500 gaining for the ninth consecutive session as signs of easing U.S.-Iran tensions, while Dell hit its best day, week, and month on record. The S&P 500 ended 0.2% higher, the Nasdaq 100 rose 0.4%, and the Dow Jones inched 0.7% higher on Friday, all hitting record highs, as per data from Koyfin. The Russell 2000, which tracks stocks with small market capitalization, slipped 0.6% after hitting record highs in the previous session. Among ETFs tracking benchmark indexes, the SPDR S&P 500 ETF (SPY) and Invesco QQQ Trust (QQQ) ended Thursday around 0.2% and 0.4% higher, respectively. The SPDR Dow Jones Industrial Average ETF Trust (DIA) gained 0.6%. All the above ETFs ended the week at record highs. Meanwhile, retail sentiment on Stocktwits for SPY, QQQ and DIA was all in the “extremely bullish” territory with “extremely high” message volumes. The artificial intelligence play remained at the forefront of investor attention this week, with Dell leading gains, hitting its best week and month on record. Micron (MU) and Qualcomm (QCOM) have also gained about 88% and 40%, respectively, this month. The Technology Select Sector SPDR Fund (XLK) hit a new 52-week high Friday, moving up nearly 20% on the month. “Dell is like the poster child for [the] AI broadening earning story,” David Nicholas, CEO and founder of XFUNDs by Nicholas Wealth, told CNBC in an interview. “We started with chips, memory, but it’s really now about the broad kind of AI infrastructure stack.” President Donald Trump said in a post on Truth Social he was ready to make a “final determination” on an agreement to extend the ceasefire.  Trump also insisted that Iran “must agree that they will never have a Nuclear Weapon” and the Strait of Hormuz must be “immediately open.” Action in Treasuries was muted on Friday, but the market was set for its best weekly performance since late February. “The recent pullback in oil prices is helping to ease some of those worries,” said Angelo Kourkafas at Edward Jones to Bloomberg in an interview. “However, with inflation moving further away from the Fed’s 2% target and labor-market trends stabilizing or even improving, policymakers may begin to shift away from their easing bias at the June meeting.” Universal Music Group (UMGNF): The firm rejected an unsolicited offer from Bill Ackman’s Pershing Square Capital Management, saying it’s not in the best interest of its shareholders or artists. Coinbase (COIN): Shares gained after a top U.S. regulator opened the door to crypto “perpetual” futures trading. MannKind (MNKD): Shares gained about 5% on Friday after the U.S. Food and Drug Administration approved the expanded use of Afrezza, making it the first and only needle-free, inhaled mealtime insulin available for children and adolescents living with diabetes. Astrotech  (ASTC): Shares added 10% on Friday to end its best week on record since the company announced its plans earlier this week to focus on lunar-based research and infrastructure development. AST SpaceMobile (ASTS): Shares tumbled nearly 18% in Friday morning’s trade, with analysts expressing concerns that the “catastrophic” explosion of Blue Origin’s New Glenn rocket could set back ASTS’s launch target this year. For updates and corrections, email newsroom[at]stocktwits[dot]com. MannKind Corporation (MNKD) share price gained about 5% on Friday after the U.S. Food and Drug Administration approved the expanded use of Afrezza, making it the first and only needle-free, inhaled mealtime insulin available for children and adolescents living with diabetes. The approval allows children aged six and older with either type 1 or type 2 diabetes to manage their mealtime blood sugar levels via a portable inhaler. The regulatory milestone marks a major shift for pediatric patients, who have historically relied on subcutaneous injections or insulin pumps for insulin therapy. ""Mealtime insulin can be especially challenging for children because eating and snacking patterns, activity levels, and daily settings like school and sports often vary,"" said Desmond Schatz, a professor of pediatrics at the University of Florida College of Medicine, in a statement. ""With its rapid onset and dosing at the start of a meal, Afrezza may help clinicians better match insulin therapy to how children and families live day to day."" The FDA’s approval was heavily driven by data from MannKind's Phase 3 INHALE-1 clinical trial. The 26-week, open-label, randomized study evaluated the efficacy and safety of Afrezza in combination with basal insulin against multiple daily injections of rapid-acting analog insulin. The trial enrolled 230 patients between the ages of 4 and 17, most of whom had type 1 diabetes. Results published in the journal Diabetes Care demonstrated that Afrezza met its primary endpoint of noninferiority in changing HbA1c levels compared to traditional injections. Additionally, pediatric patients utilizing the inhaled treatment reported significantly higher satisfaction rates and experienced less weight gain than those in the injectable comparison group. Afrezza utilizes MannKind's proprietary Technosphere technology, which delivers human insulin powder deep into the lungs using a small, breath-powered inhaler. According to clinical data, the drug dissolves immediately upon inhalation and enters the bloodstream within approximately one minute. The profile peaks between 35 and 45 minutes and returns to baseline within a few hours, closely mimicking the natural mealtime insulin response of a person without diabetes. Retail sentiment on Stocktwits was “extremely bullish” with “high” message volumes. One user highlighted bullishness by saying other pharma companies would need to inquire about Technosphere. https://stocktwits.com/Playthegame06/message/654825272MNKD stock has lost nearly 34% year-to-date. Read More: This Micro-Cap Stock Has Surged Over 2,000% This Week For Its Lunar Infrastructure Ambitions For updates and corrections, email newsroom[at]stocktwits[dot]com. Astrotech (ASTC) share price added 10% on Friday to end its best week on record since the company announced its plans earlier this week to focus on lunar-based research and infrastructure development. The stock jumped nearly 2,400% this week, but retail investors are skeptical about the stock’s meteoric rise in such a short duration. Astrotech intends to pursue technologies and partnerships supporting scalable lunar industrial infrastructure, including autonomous excavation systems, lunar mapping, water extraction systems, thermal processing facilities, sealed material-transfer systems, and autonomous process-control technologies. Astrotech believes these capabilities may be important to future lunar operations involving resource extraction, in-situ processing, energy infrastructure, advanced materials production, and commercial lunar logistics. The initiative is intended to position Astrotech to evaluate emerging opportunities associated with NASA's Artemis Program, the Commercial Lunar Payload Services (CLPS) program, and next-generation commercial lunar transportation systems. Astrotech's lunar initiative builds on a deep operational spaceflight legacy, including its SPACEHAB platform, which supported 24 missions across the Space Shuttle and International Space Station programs, and Astrotech Space Operations, which supported more than 250 satellite launch-processing campaigns over more than two decades. The Company believes this heritage provides an operational foundation for evaluating opportunities including engineering, technology requirements, manufacturing drawings and planning, solicitation of detailed quotes, cost analysis, procurement, prototype, NASA CLPS proposal, certification and licenses, for lunar infrastructure, autonomous systems, and energy generation. Retail sentiment on Stocktwits was “extremely bullish” with “extremely high” message volumes. One user was skeptical of the rise in share value when the company had just begun planning its lunar infrastructure. ASTC stock has jumped 812% over the past 12 months. Read More: NXT Stock Hits Record Highs Amid Prevalon Acquisition, Multiple PT Hikes For updates and corrections, email newsroom[at]stocktwits[dot]com. Nextpower Inc.’s (NXT) share price rose nearly 9% on Friday, hitting record highs following the clean energy company's announcement of a definitive agreement to purchase Prevalon Energy for as much as $365 million. The transaction marks the largest deal for Nextpower since it became an independent corporate entity through a spin-off in 2024. The acquisition will consist of a combination of stock and cash, excluding any cash acquired from the target company. Through this acquisition, Nextpower plans to incorporate Prevalon's battery energy storage units and advanced energy management applications into its proprietary solar technology systems. Prevalon has deployed more than 6 gigawatt-hours of utility-scale storage systems worldwide. The combined capabilities are expected to help Nextpower serve the expanding energy infrastructure needs of artificial intelligence applications and hyperscale data centers, which require reliable, large-scale backup power. A wave of Wall Street analysts responded positively to the announcement. Northland bumped its target price for Nextpower stock to $162, RBC raised its target to $149, and Jefferies raised its projection to $159. All three firms retained ‘Buy’ or ‘Outperform’ ratings on the stock. In a separate research note, UBS raised its individual price target on Nextpower shares to $170 from $140 while keeping a Buy rating on the stock. The investment bank emphasized that Nextpower is successfully shifting its business model from a specialized solar tracker company into a well-rounded supplier of diversified electrical hardware. Analysts at the firm noted that Nextpower is well-positioned to leverage its prominent market share and established client base to rollout the newly added storage products. According to UBS, these minor near-term adjustments reflect the structural integration costs of Prevalon, higher localized logistics and freight expenses, and increased operational overhead required to ramp up its power conversion division. However, the firm reiterated that Nextpower remains one of its preferred equity choices across the broader green energy landscape. Retail sentiment on Stocktwits was “neutral” with “normal” message volumes. For updates and corrections, email newsroom[at]stocktwits[dot]com. These cookies are necessary for the website to function and cannot be switched off in our systems. They are usually only set in response to actions made by you which amount to a request for services, such as setting your privacy preferences, logging in or filling in forms. You can set your browser to block or alert you about these cookies, but some parts of the site will not then work. These cookies do not store any personally identifiable information. Under the California Consumer Privacy Act, you have the right to opt-out of the sale of your personal information to third parties. These cookies collect information for analytics and to personalize your experience with targeted ads. You may exercise your right to opt out of the sale of personal information by using this toggle switch. If you opt out we will not be able to offer you personalised ads and will not hand over your personal information to any third parties. Additionally, you may contact our legal department for further clarification about your rights as a California consumer by using this Exercise My Rights link.If you have enabled privacy controls on your browser (such as a plugin), we have to take that as a valid request to opt-out. Therefore we would not be able to track your activity through the web. This may affect our ability to personalize ads according to your preferences. These cookies allow us to count visits and traffic sources so we can measure and improve the performance of our site. They help us to know which pages are the most and least popular and see how visitors move around the site. All information these cookies collect is aggregated and therefore anonymous. If you do not allow these cookies we will not know when you have visited our site, and will not be able to monitor its performance. These cookies may be set through our site by our advertising partners. They may be used by those companies to build a profile of your interests and show you relevant adverts on other sites. They do not store directly personal information, but are based on uniquely identifying your browser and internet device. If you do not allow these cookies, you will experience less targeted advertising.",https://stocktwits.com/news-articles/markets/equity/msft-stock-records-best-month-in-a-year-ai-pc-tease-with-nvda-and-a-super-app-for-copilot-are-aiding-the-stock/cZgj5WtReub
NVDA,5 April Buys With Double-Digit Year-End Targets - MarketBeat,2026-05-29 23:11:19,"2026 stock price action faces headwinds but remains on track for S&P 500 stocks and others to move higher by year’s end. While headwinds persist, so too do bullish fundamentals centered in labor markets, consumer demand, and business spending. The bulk of business spending is on tech, specifically data centers and AI, but extends to other industries and segments. The stocks on this list have numerous things in common, including positions in tech, improving outlooks, and potential to reach high double-digit gains by year’s end. There are many reasons to buy NVIDIA NASDAQ: NVDA stock in April, but the one summing it all up is the deep-value opportunity. Value is present in the price-to-earnings multiple and analyst trends, which together suggest a high-double-digit upside is the minimum to expect. Trading near 21X projected fiscal year 2027 earnings, the stock is nearly 50% off relative to where blue-chip tech stocks tend to trade, and its own long-term trends—and the forward outlook is robust. Long-term forecasts, which have so far proven too low, suggest NVDA stock trades at only 6X the 2035 forecast, implying 400% to 600% upside over the next five to ten years. NVIDIA catalyst include its upcoming earnings release, which will affirm the trends and potentially accelerate them. There is competition, but NVIDIA’s first-mover advantage is unprecedented, and it has the funds to capitalize on it. Investors should expect to hear more about acquisitions and investments in the coming months. Until then, 53 analysts rate the stock a Buy, with a 96% Buy-side bias and a consensus forecast for 50% upside. Advanced Micro Devices NASDAQ: AMD trades at a premium relative to current-year earnings, but current-year earnings don’t matter for this stock. The company is at a critical pivot point, on the cusp of launching rack-scale solutions for hyperscale AI datacenters and unleashing a torrent of demand. Its MI450 solutions provide superior performance for some tasks, including inference, and offer a lower cost of ownership, making them a viable choice when available. As it is, the analysts forecast revenue and earnings acceleration, but far below the potential. Based on demand trends, AMD’s revenue growth could reach triple digits within the first few quarters of the MI450 launch. Analyst trends are only slightly less bullish for this stock than for NVIDIA. The consensus of the 40 tracked by MarketBeat is a Moderate Buy; coverage is increasing, sentiment is firming, and the Buy-side bias is 75%. The consensus price target offers around 30% upside, and the high-end range, where the trend leads, doubles it. Nebious Group NASDAQ: NBIS faces headwinds, including a swelling debt load, but its growing backlog, driven by deals with Meta and Microsoft, offsets them. The likely scenario is that this data center business, which has close ties to NVIDIA, continues to execute its strategy and capture its backlog. As it stands, the backlog is nearly $50 billion, with revenue recognition expected to accelerate significantly in the subsequent fiscal year as new projects come online. Only 13 analysts cover NBIS stock, but the trends are robust. Coverage is up more than 100% on a trailing 12-month (TTM) basis, and sentiment is firming, with 11 ratings pegged at Buy. Up nearly 200% TTM, the consensus price target forecasts more than 30% upside and recent targets align with the high-end, another 20% higher. Amprius Technologies NYSE: AMPX is a textbook bull market driven by an emergent technology, validation through contract wins, ramping capacity, rising demand, and results and guidance. The likely outcome is that this story continues to advance boldly, with expanding revenue, margins, and profitability. The technical action says it all: the Q4 2025 earnings release triggered a buying event that lasted four weeks, pushing price action to long-term highs and keeping it there. The rally turned to consolidation, the consolidation smacks of continuation, and even higher prices are likely. BigBear AI NYSE: BBAI isn’t out of the weeds yet, but its fiscal 2025 report revealed its aggressive repositioning is over. The dilutive capital raising is over, the company’s balance sheet is healthy, new acquisitions position it for growth, and business is improving. The likely outcome is that momentum accelerates in upcoming releases, triggering short-covering and a complete reversal in the stock price action. At 27% short, the market is ripe for reversal. Analyst coverage is tepid but forecasts a greater than 50% upside; institutional activity is more pronounced, with them actively accumulating in Q1 2026. Before you consider NVIDIA, you'll want to hear this. MarketBeat keeps track of Wall Street's top-rated and best performing research analysts and the stocks they recommend to their clients on a daily basis. MarketBeat has identified the five stocks that top analysts are quietly whispering to their clients to buy now before the broader market catches on... and NVIDIA wasn't on the list. While NVIDIA currently has a Buy rating among analysts, top-rated analysts believe these five stocks are better buys. Enter your email address and we’ll send you MarketBeat’s list of ten stocks set to soar in Summer 2026, despite the threat of tariffs and what's happening in Iran. These ten stocks are incredibly resilient and are likely to thrive in any economic environment. Sign up for MarketBeat All Access to gain access to MarketBeat's full suite of research tools. 345 N Reid Place, Suite 620, Sioux Falls, SD 57103
                                        
                                        contact@marketbeat.com
                                        
                                        (844) 978-6257 © MarketBeat Media, LLC 2010-2026. All rights reserved. © 2026   Fair market value prices are updated every minute and are provided by Massive. Other market data provided is at least 10-minutes delayed and hosted by Barchart Solutions.  Information is provided 'as-is' and solely for informational purposes, not for trading purposes or advice, and is delayed. To see all exchange delays and terms of use please see Barchart's disclaimer.",https://www.marketbeat.com/articles/5-april-buys-with-double-digit-year-end-targets/
NVDA,NVIDIA (NASDAQ:NVDA) Trading Down 1.5% on Insider Selling - MarketBeat,2026-05-29 21:39:21,"NVIDIA Corporation (NASDAQ:NVDA - Get Free Report)'s stock price traded down 1.5% on Friday after an insider sold shares in the company. The company traded as low as $211.13 and last traded at $211.14. 282,649,030 shares were traded  during trading, an increase of 65% from the average session volume of 171,537,859 shares. The stock had previously closed at $214.25. Specifically,  Director John Dabiri sold 625 shares of NVIDIA stock in a transaction dated Wednesday, May 27th. The shares were sold at an average price of $214.00, for a total transaction of $133,750.00. Following the sale, the director directly owned 14,163 shares in the company, valued at $3,030,882. The trade was a 4.23% decrease in their ownership of the stock. The sale was disclosed in a document filed with the Securities & Exchange Commission, which is available through the SEC website. The transaction was executed under a pre-arranged Rule 10b5-1 trading plan. Several equities research analysts recently weighed in on the stock. Piper Sandler  reaffirmed an ""overweight"" rating on shares of NVIDIA in a report on Thursday, February 26th. DA Davidson lifted their target price on NVIDIA from $250.00 to $300.00 and gave the stock a ""buy"" rating in a report on Monday, May 18th. Wells Fargo & Company  reaffirmed an ""overweight"" rating and set a $315.00 target price (up from $265.00) on shares of NVIDIA in a report on Tuesday, May 12th. New Street Research lowered their target price on NVIDIA from $343.00 to $340.00 in a report on Thursday, May 21st. Finally, Stifel Nicolaus  set a $282.00 target price on NVIDIA and gave the stock a ""buy"" rating in a report on Thursday, May 21st. Three equities research analysts have rated the stock with a Strong Buy rating, forty-seven have given a Buy rating and three have given a Hold rating to the company's stock. According to MarketBeat.com, the stock  has an average rating of ""Buy"" and an average target price of $305.38. Here are the key news stories impacting NVIDIA this week: The business's 50 day simple moving average is $198.67 and its 200-day simple moving average is $189.55. The company has a debt-to-equity ratio of 0.04, a quick ratio of 2.85 and a current ratio of 3.44. The company has a market cap of $5.11 trillion, a price-to-earnings ratio of 32.33, a price-to-earnings-growth ratio of 0.51 and a beta of 2.25. NVIDIA (NASDAQ:NVDA - Get Free Report) last released its quarterly earnings data on Wednesday, May 20th. The computer hardware maker reported $1.87 earnings per share (EPS) for the quarter, beating analysts' consensus estimates of $1.76 by $0.11. NVIDIA had a return on equity of 96.94% and a net margin of 62.97%.The firm had revenue of $81.62 billion during the quarter, compared to analysts' expectations of $78.42 billion. During the same quarter last year, the firm earned $0.81 earnings per share. The business's revenue for the quarter was up 85.2% on a year-over-year basis.  Sell-side analysts expect that  NVIDIA Corporation will post 8.04 earnings per share for the current year. The firm also recently announced a quarterly dividend, which will be paid on Friday, June 26th. Shareholders of record on Thursday, June 4th will be paid a $0.25 dividend. This represents a $1.00 dividend on an annualized basis and a yield of 0.5%. This is a boost from NVIDIA's previous quarterly dividend of $0.01. The ex-dividend date is Thursday, June 4th. NVIDIA's dividend payout ratio  is presently 0.61%. NVIDIA announced that its board has initiated a share buyback plan on Wednesday, May 20th that allows the company to repurchase $80.00 billion in    shares. This repurchase authorization allows the computer hardware maker to purchase up to 1.5% of its stock  through open market purchases. Stock  repurchase plans are usually a sign that the company's leadership believes its shares are undervalued. A number of institutional investors have recently added to or reduced their stakes in NVDA. Lifetime Wealth Management P.C. bought a new position in shares of  NVIDIA in the fourth quarter valued at approximately $26,000.  Longview Financial Advisors Inc. bought a new position in shares of  NVIDIA in the first quarter worth about $27,000.  Longfellow Investment Management Co. LLC boosted its position in shares of  NVIDIA by 47.9% in the second quarter. Longfellow Investment Management Co. LLC now owns 207 shares of the computer hardware maker's stock valued at $33,000 after acquiring an additional 67 shares during the period.  Phillip James Consulting Co. bought a new position in  NVIDIA during the first quarter worth $40,000.  Finally, Inspire Investing LLC acquired a new position in  NVIDIA during the 4th quarter valued at $44,000. 65.27% of the stock is currently owned by institutional investors and hedge funds. NVIDIA Corporation, founded in 1993 and headquartered in Santa Clara, California, is a global technology company that designs and develops graphics processing units (GPUs) and system-on-chip (SoC) technologies. Co-founded by Jensen Huang, who serves as president and chief executive officer, along with Chris Malachowsky and Curtis Priem, NVIDIA has grown from a graphics-focused chipmaker into a broad provider of accelerated computing hardware and software for multiple industries. The company's product portfolio spans discrete GPUs for gaming and professional visualization (marketed under the GeForce and NVIDIA RTX lines), high-performance data center accelerators used for AI training and inference (including widely adopted platforms such as the A100 and H100 series), and Tegra SoCs for automotive and edge applications. This instant news alert was generated by narrative science technology and financial data from MarketBeat in order to provide readers with the fastest reporting and unbiased coverage. Please send any questions or comments about this story to contact@marketbeat.com. Before you consider NVIDIA, you'll want to hear this. MarketBeat keeps track of Wall Street's top-rated and best performing research analysts and the stocks they recommend to their clients on a daily basis. MarketBeat has identified the five stocks that top analysts are quietly whispering to their clients to buy now before the broader market catches on... and NVIDIA wasn't on the list. While NVIDIA currently has a Buy rating among analysts, top-rated analysts believe these five stocks are better buys. Discover the next wave of investment opportunities with our report, 7 Stocks That Will Be Magnificent in 2026. Explore companies poised to replicate the growth, innovation, and value creation of the tech giants dominating today's markets. Sign up for MarketBeat All Access to gain access to MarketBeat's full suite of research tools. 345 N Reid Place, Suite 620, Sioux Falls, SD 57103
                                        
                                        contact@marketbeat.com
                                        
                                        (844) 978-6257 © MarketBeat Media, LLC 2010-2026. All rights reserved. © 2026   Fair market value prices are updated every minute and are provided by Massive. Other market data provided is at least 10-minutes delayed and hosted by Barchart Solutions.  Information is provided 'as-is' and solely for informational purposes, not for trading purposes or advice, and is delayed. To see all exchange delays and terms of use please see Barchart's disclaimer. Enter your email address below to receive a concise daily summary of the latest news and analysts’ ratings for NVIDIA and related companies with MarketBeat.com’s FREE daily ratings newsletter.",https://www.marketbeat.com/instant-alerts/nvidia-nasdaqnvda-trading-down-15-on-insider-selling-2026-05-29/
NVDA,NVIDIA (NVDA) and Micron (MU) Drive Market Activity Amid AI Inno - GuruFocus,2026-05-29 21:25:15,"This website is using a security service to protect itself from online attacks. The action you just performed triggered the security solution. There are several actions that could trigger this block including submitting a certain word or phrase, a SQL command or malformed data. You can email the site owner to let them know you were blocked. Please include what you were doing when this page came up and the Cloudflare Ray ID found at the bottom of this page. Cloudflare Ray ID: a03a1e1c5a5f8ea2
•

        Your IP:
        Click to reveal
52.234.41.64
•

Performance & security by Cloudflare",https://www.gurufocus.com/news/8891930/nvidia-nvda-and-micron-mu-drive-market-activity-amid-ai-innovations
NVDA,John Dabiri Sells 625 Shares of NVIDIA (NASDAQ:NVDA) Stock - MarketBeat,2026-05-29 21:19:17,"NVIDIA Corporation (NASDAQ:NVDA - Get Free Report) Director John Dabiri sold 625 shares of the stock in a transaction on Wednesday, May 27th. The shares were sold at an average price of $214.00, for a total transaction of $133,750.00. Following the transaction, the director owned 14,163 shares in the company, valued at $3,030,882. This trade represents a 4.23% decrease in their ownership of the stock. The transaction was disclosed in a legal filing with the Securities & Exchange Commission, which can be accessed through this hyperlink. The transaction was executed under a pre-arranged Rule 10b5-1 trading plan. John Dabiri also recently made the following trade(s): NASDAQ NVDA traded down $3.11 during trading hours on Friday, reaching $211.14. 283,374,975 shares of the company traded hands, compared to its average volume of 171,687,922. NVIDIA Corporation has a 12 month low of $132.92 and a 12 month high of $236.54. The company has a current ratio of 3.44, a quick ratio of 2.85 and a debt-to-equity ratio of 0.04. The stock has a market capitalization of $5.11 trillion, a PE ratio of 32.33, a PEG ratio of 0.51 and a beta of 2.25. The company has a 50 day moving average of $198.67 and a two-hundred day moving average of $189.55. NVIDIA (NASDAQ:NVDA - Get Free Report) last issued its earnings results on Wednesday, May 20th. The computer hardware maker reported $1.87 earnings per share for the quarter, topping analysts' consensus estimates of $1.76 by $0.11. The company had revenue of $81.62 billion for the quarter, compared to analysts' expectations of $78.42 billion. NVIDIA had a net margin of 62.97% and a return on equity of 96.94%. The firm's revenue was up 85.2% compared to the same quarter last year. During the same period in the prior year, the company earned $0.81 earnings per share.  As a group, equities analysts expect that  NVIDIA Corporation will post 8.04 earnings per share for the current year. The company also recently disclosed a quarterly dividend, which will be paid on Friday, June 26th. Investors of record on Thursday, June 4th will be given a $0.25 dividend. The ex-dividend date is Thursday, June 4th. This represents a $1.00 annualized dividend and a yield of 0.5%. This is a boost from NVIDIA's previous quarterly dividend of $0.01. NVIDIA's payout ratio is 0.61%. NVIDIA declared that its board has approved a stock buyback plan on Wednesday, May 20th that authorizes the company to buyback $80.00 billion in  outstanding  shares. This buyback authorization authorizes the computer hardware maker to reacquire up to 1.5% of its shares through open market purchases. Shares buyback plans are generally an indication that the company's management believes its shares are undervalued. Several large investors have recently made changes to their positions in NVDA. Lifetime Wealth Management P.C. acquired a new position in shares of  NVIDIA in the fourth quarter worth about $26,000.  Longview Financial Advisors Inc. acquired a new position in shares of  NVIDIA in the first quarter worth about $27,000.  Longfellow Investment Management Co. LLC boosted its holdings in shares of  NVIDIA by 47.9% in the second quarter. Longfellow Investment Management Co. LLC now owns 207 shares of the computer hardware maker's stock worth $33,000 after buying an additional 67 shares during the period.  Phillip James Consulting Co. acquired a new position in shares of  NVIDIA in the first quarter worth about $40,000.  Finally, Spurstone Advisory Services LLC acquired a new position in shares of  NVIDIA in the second quarter worth about $40,000. Institutional investors own  65.27% of the company's stock. Several equities analysts have commented on NVDA shares. Wolfe Research  reissued an ""outperform"" rating and set a $275.00 target price on shares of NVIDIA in a research note on Thursday, May 21st. Weiss Ratings  reissued a ""buy (b)"" rating on shares of NVIDIA in a research note on Friday, April 10th. Daiwa Securities Group raised their target price on shares of NVIDIA from $215.00 to $255.00 and gave the company an ""outperform"" rating in a research note on Friday, May 22nd. Piper Sandler  reissued an ""overweight"" rating on shares of NVIDIA in a research note on Thursday, February 26th. Finally, Wall Street Zen raised shares of NVIDIA from a ""buy"" rating to a ""strong-buy"" rating in a research note on Saturday, May 23rd. Three investment analysts have rated the stock with a Strong Buy rating, forty-seven have assigned  a Buy rating and three have assigned  a Hold rating to the company. Based on data from MarketBeat, the stock currently has a consensus rating of ""Buy"" and a consensus price target of $305.38. Here are the key news stories impacting NVIDIA this week: NVIDIA Corporation, founded in 1993 and headquartered in Santa Clara, California, is a global technology company that designs and develops graphics processing units (GPUs) and system-on-chip (SoC) technologies. Co-founded by Jensen Huang, who serves as president and chief executive officer, along with Chris Malachowsky and Curtis Priem, NVIDIA has grown from a graphics-focused chipmaker into a broad provider of accelerated computing hardware and software for multiple industries. The company's product portfolio spans discrete GPUs for gaming and professional visualization (marketed under the GeForce and NVIDIA RTX lines), high-performance data center accelerators used for AI training and inference (including widely adopted platforms such as the A100 and H100 series), and Tegra SoCs for automotive and edge applications. This instant news alert was generated by narrative science technology and financial data from MarketBeat in order to provide readers with the fastest reporting and unbiased coverage. Please send any questions or comments about this story to contact@marketbeat.com. Before you consider NVIDIA, you'll want to hear this. MarketBeat keeps track of Wall Street's top-rated and best performing research analysts and the stocks they recommend to their clients on a daily basis. MarketBeat has identified the five stocks that top analysts are quietly whispering to their clients to buy now before the broader market catches on... and NVIDIA wasn't on the list. While NVIDIA currently has a Buy rating among analysts, top-rated analysts believe these five stocks are better buys. Discover the 10 Best High-Yield Dividend Stocks for 2026 and secure reliable income in uncertain markets. Download the report now to identify top dividend payers and avoid common yield traps. Sign up for MarketBeat All Access to gain access to MarketBeat's full suite of research tools. 345 N Reid Place, Suite 620, Sioux Falls, SD 57103
                                        
                                        contact@marketbeat.com
                                        
                                        (844) 978-6257 © MarketBeat Media, LLC 2010-2026. All rights reserved. © 2026   Fair market value prices are updated every minute and are provided by Massive. Other market data provided is at least 10-minutes delayed and hosted by Barchart Solutions.  Information is provided 'as-is' and solely for informational purposes, not for trading purposes or advice, and is delayed. To see all exchange delays and terms of use please see Barchart's disclaimer.",https://www.marketbeat.com/instant-alerts/john-dabiri-sells-625-shares-of-nvidia-nasdaqnvda-stock-2026-05-29/
NVDA,"NVDA Shares Fall Premarket: CEO Jensen Huang Announces Taiwan Headquarters, Calls The Country 'Epicenter' Of AI - Stocktwits",2026-05-29 21:13:36,"Nvidia shares have curiously underperformed peer stocks recently. The company’s blowout report last week did little to lift the stock, nor did its fresh $80 billion buyback authorization or a dividend raise. In fact, CEO Jensen Huang went so far as to say that the stock move remains a “mystery” for him. On Wednesday, the executive turned to Taiwan. Speaking from Taipei, Huang announced that the chip designer would open a headquarters in the country, hailing it as the “epicenter” of artificial intelligence, according to Reuters. ""Four years ago, five years ago, Nvidia was spending about 10, 15 billion dollars a year in Taiwan. Now we're spending 100, going to 150 billion dollars in Taiwan each year,"" Huang reportedly said at an event ​in Taipei to mark the launch of the Taiwan headquarters development. Nvidia shares dropped 0.4% in early premarket on Wednesday. The Taiwan headquarters will bring Nvidia closer to Taiwan Semiconductor Manufacturing Co., which makes nearly all of the company’s advanced chips. It is also expected to boost Nvidia’s alliances with other manufacturing partners, including Foxconn and Wistron. ""Taiwan is the epicentre of the AI revolution. This is where the chips come, ​packaging comes, this is where the systems are made, this is where AI supercomputers were created. The number of partners we work with here in ‌Taiwan, incredible,” he said. Nvidia plans to employ 4,000 people at the new site, he said. Last week, Advanced Micro Devices CEO Lisa Su visited Taiwan and announced a $10 billion investment in the country to ramp up manufacturing and partnerships. Su said at the time that chip demand was higher than the company had previously forecast, indicating a need for additional manufacturing capacity. On Stocktwits, the retail sentiment for NVDA dropped to ‘bullish’ on Wednesday from ‘extremely bullish’ the previous day. “NVDA the longer it sleeps and others rise, the more higher it will go when it finally awakens. Hold those shares,” a trader said. Last week, Nvidia reported blowout quarterly results, announced an $80 billion share buyback, and raised its dividend — moves that signaled strong financial health and underscored robust demand for AI chips. Year to date, NVDA shares have added 15.2%, compared to the 89% gains in the iShares Semiconductor ETF (SOXX) and 10% gains in the benchmark S&P 500 Index (SPX). For updates and corrections, email newsroom[at]stocktwits[dot]com. Shares of Destiny Tech100 (DXYZ), VCX and other SpaceX-linked retail favorites surged toward breakout monthly rallies after FTSE Russell fast-tracked index entry rules just weeks ahead of SpaceX’s expected record-setting IPO. So far this month, DXYZ is on track for its best month since November 2024, while Fundrise Innovation Fund (VCX) is headed for its strongest monthly performance since March. Meanwhile, the Tema Space Innovators ETF (NASA) is on pace for its second straight monthly gain since launching at the end of March. The rally came even after Destiny Tech100 unveiled plans for a massive new $1 billion at-the-market share offering on Tuesday, suggesting that retail investors remain focused on gaining indirect exposure to SpaceX and private AI companies ahead of some of the biggest IPO events in Wall Street history. Late Tuesday, FTSE Russell announced a major overhaul to its IPO inclusion framework that will allow newly listed large-cap companies to qualify for fast-track entry into key indexes after just five trading days. Previously, companies typically had to wait until quarterly reviews before becoming eligible for inclusion. Under the revised framework, IPOs whose investable market capitalization exceeds the Russell Top 500 threshold can now enter flagship indexes on an accelerated basis. The rule changes also follow similar adjustments by Nasdaq earlier this year to shorten waiting periods for major IPOs as competition intensifies among index providers ahead of potential megadebuts from SpaceX, OpenAI and Anthropic. SpaceX already appears eligible for inclusion across several major U.S. and global benchmark indexes based on its current estimated market capitalization. According to the index provider, SpaceX’s estimated $70 billion market cap comfortably clears the thresholds required for fast-track entry into indexes, including the Russell Top 50, Russell Top 200 and Russell 1000. The company could also qualify for major global indexes, including the FTSE All-World and FTSE Global Total Cap indexes. SpaceX is targeting a public debut that could value the company at roughly $1.75 trillion, potentially making it the largest IPO in history. The company is expected to list under the ticker “SPCX,” with a roadshow launch reportedly targeted for early June and a potential share sale expected shortly afterward. The accelerated inclusion could carry major implications for passive-fund flows, given that more than $30 trillion globally tracks indexes whose IPO inclusion rules are already active or currently under review, Bloomberg noted. Despite broader bullishness, Destiny Tech100 filed plans this week to sell up to $1 billion in stock over time through Jefferies under an at-the-market offering structure. The company said proceeds from the offering would primarily be used to invest in additional “unicorn” private tech companies. The filing additionally warned investors about significant volatility in DXYZ shares since its March 2024 listing and cautioned that investors could lose a large portion of their investment if shares decline following the offering. As of March 31, Destiny Tech100 reported a net asset value of $24.56 per share, well below Tuesday’s closing market price of $60.21. The company also highlighted that closed-end funds frequently trade at discounts to net asset value, increasing risks for investors purchasing shares at elevated premiums. The growing SpaceX IPO frenzy has already spilled over into publicly traded companies offering indirect exposure to SpaceX, as well as into private AI firms. Among the most closely watched names has been Destiny Tech100, which currently counts SpaceX as its largest holding at 16.2% of portfolio assets. The portfolio also includes exposure to xAI, OpenAI, Anthropic, Databricks and Shield AI, turning DXYZ into one of retail traders’ preferred vehicles for gaining access to high-profile private-market companies. VCX has similarly emerged as a retail-favored gateway into venture-backed AI and technology firms. Anthropic currently represents roughly 21% of the portfolio, while other holdings include OpenAI, Databricks, Anduril, Ramp and SpaceX. Meanwhile, the NASA ETF has gained traction among traders due to its direct exposure to SpaceX through a special-purpose vehicle structure. The fund also includes holdings tied to satellite connectivity, commercial launch infrastructure and space technology companies, including AST SpaceMobile, Rocket Lab, Planet Labs and Intuitive Machines. On Stocktwits, retail sentiment for DXYZ was ‘bullish’ with ‘extremely high’ message volume, while VCX sentiment remained ‘bearish’ amid ‘low’ message volume. Meanwhile, sentiment around the NASA ETF stayed ‘extremely bullish’ with ‘extremely high’ message volume. One user said, “$NASA I’m not missing this once in a decade opportunity, let’s pump this to the moon 60 by SpaceX IPO.” Another bullish user said, “$DXYZ What do you think they’re going to do with $1 billion? Of course they’re going to buy $1 billion of pre-IPO shares in companies we retails cannot invest.” Over the past year, DXYZ shares have gained 29%, while VCX has surged 1,927%. Meanwhile, the NASA ETF has climbed 65% during the same period. For updates and corrections, email newsroom[at]stocktwits[dot]com. Read Next: Tesla Stock Rides SpaceX Hype: Trump Floats $20B Lunar Push, Musk Eyes 'Major' Moon Base Modine (MOD)  stock extended its rally overnight on Tuesday after reaching a record high of $323.25 in the regular session as investors responded to a combination of stronger-than-expected earnings and a multibillion-dollar customer agreement tied to artificial intelligence infrastructure. The company reported record fiscal fourth-quarter (Q4) and annual sales, as rising demand for data center cooling systems continued to reshape its business mix. For Q4, Modine generated $954.4 million in revenue, marking a 47% year-on-year increase. Net income also climbed 47% to $73.6 million, while adjusted earnings per share were $1.71. Both revenue and EPS surpassed the analysts’ consensus estimates of $920.68 million and $1.55, respectively, according to Fsical AI data. The company’s Climate Solutions segment produced particularly strong results, with sales jumping 87% to $665.9 million. Revenue tied to data center customers surged 158%, reflecting continued investment in AI server infrastructure and cooling capacity. Modine expects fiscal 2027 net sales growth between 20% and 35%, while adjusted EBITDA is projected to be in the range of $650 million to $680 million. “We took decisive action this year to advance our transformation, including the completion of three acquisitions in our Climate Solutions segment, the launch of the largest capacity expansion in our company's history to meet growing demand for our data center products, and the announced pending spin-off of the Performance Technologies business,” said President and CEO Neil D. Brinker. Modine also announced a long-term $4 billion deal with a major cloud company. The agreement, running from 2027 to 2029, will supply Airedale cooling systems for large AI-focused data centers. The deal is expected to generate about $1.3 billion in yearly revenue during the contract period. Modine also said the customer will make an upfront payment of $165 million. On Stocktwits, retail sentiment around the stock jumped to ‘extremely bullish’ from ‘neutral’ territory the previous day. Message volume surged over 7,200% in 24 hours. A user said, “I’ve been in on $AGX and $MOD for about a year now, manufacturing and construction have absolutely f****** ripped for this AI buildout and not a single person on this app or Reddit ever mentions these stocks lol.” Another user said, “This thing should be up hella rn… announced a 4B deal AND smashed earnings.. with peg ratio of 1 and crazy eps growth of 60-70% cagr guide for the next 2 years…. Wildddd.” Also See: NCLH Stock Gains Overnight: CEO Bets $2.5M On Recovery After Demand Warning For updates and corrections, email newsroom[at]stocktwits[dot]com. Shares of Tesla, Inc. (TSLA) are headed toward their best month since September as investors bet that Elon Musk’s sprawling AI and space empire could benefit from NASA’s expanding Moon Base ambitions and growing SpaceX merger chatter. TSLA stock jumped nearly 2% on Tuesday, logging its fourth straight session of gains. Late Tuesday, NASA unveiled fresh details around its Moon Base initiative, which aims to establish a permanent human presence near the Moon’s south pole by 2032 as the U.S. races China in the next era of space exploration. The program includes robotic landers, hopping drones, autonomous rovers, cargo systems, nuclear and solar-powered infrastructure and eventually semi-permanent lunar housing for astronauts. NASA outlined a three-phase strategy involving up to 25 missions before 2029, ahead of future Artemis astronaut landings. The agency also said the effort is backed by President Donald Trump’s administration as the U.S. attempts to land astronauts on the Moon before Trump leaves office in 2029. NASA separately announced new contracts involving Blue Origin, Intuitive Machines, Astrobotic, Astrolab and Lunar Outpost for lunar landers, robotic systems and mobility vehicles. Meanwhile, SpaceX remains key to NASA’s broader lunar ambitions through its 2021 Artemis Human Landing System contract, under which the company’s Starship vehicle will transport astronauts and cargo to the lunar surface and help build the infrastructure needed for a long-term Moon base. Musk quickly amplified investor enthusiasm after NASA’s announcements. “Time to build a major base on the Moon!” Musk said on X. In another post, Musk said lunar and Martian colonization was essential to humanity’s survival. “What matters is securing the long-term future of consciousness, both on Earth and other heavenly bodies,” Musk said. “We cannot just focus on Earth, because there are irreducible external and internal cataclysmic risks.” Musk added that both the Moon and Mars ultimately need “self-growing civilizations” and called making that happen “the prime directive of SpaceX.” According to SpaceX, Starship can deliver astronauts, habitats, rovers and more than 100 tons of cargo directly to the lunar surface using reusable launch systems and in-space refueling tech. The company has already begun marketing future Starship cargo and lunar missions commercially, including lunar cargo flights expected to begin no earlier than 2028. Investor optimism was also boosted when SpaceX recently completed a largely successful Starship V3 test flight involving mock satellite deployments and a controlled splashdown in the Indian Ocean. The test flight marked a major milestone for the upgraded Starship platform after years of delays, failed launches and several setbacks. During the mission, SpaceX successfully deployed mock Starlink satellites, executed atmospheric re-entry maneuvers and completed a controlled descent before the vehicle exploded after splashdown. The launch comes just weeks ahead of SpaceX’s expected IPO, which could become the largest public listing in history and potentially value the company at around $1.75 trillion. The IPO excitement has further fueled speculation that Musk could eventually combine Tesla, SpaceX, and xAI into a broader interconnected AI and infrastructure conglomerate. Elon Musk has reportedly discussed internally the possibility of eventually merging Tesla and SpaceX as operational ties between Tesla, SpaceX and xAI continue deepening, CNBC reported. According to the report, employees across Musk’s companies have long openly discussed the possibility of some form of combination, while the businesses increasingly share AI infrastructure, engineering resources, compute capabilities and large-scale AI-related capital spending. In its IPO filing, SpaceX said that it has purchased hundreds of millions of dollars' worth of Tesla Megapack battery systems and Cybertrucks. Merger speculation also increased last week after Musk appeared to cautiously sidestep questions surrounding a potential Tesla-SpaceX merger during a Forbes interview. When asked whether he could eventually see “putting these companies together and just running one big company,” Musk responded: “Well, it'd be difficult for me to sort of comment on that, you know, because, you know, there's publicly traded companies, and they're publicly traded on ones, you know, about to be.” Moments later, when asked about reports surrounding a possible SpaceX S-1 filing, Musk added, “I think I'm not allowed to comment on these things. It's like a quiet period or something to that effect.” SpaceX acquired xAI earlier this year in an all-stock deal, valuing the combined entity at $1.25 trillion. Musk has since rebranded the combined entity as “SpaceXAI.” Musk also defended xAI’s position on X in the heated AI race against OpenAI and Anthropic. Responding to XPrize Foundation founder Peter Diamandis’ argument that controlling AI infrastructure may matter more than having the best chatbot model, Musk acknowledged that xAI still trails some competitors in terms of maturity. “What you say is true, but nonetheless our AI will be great,” Musk said. “Whether it is the best remains to be seen, but I will never give up. Never.” Musk added that xAI still remains significantly younger than its rivals. “Space(XAI) is only 3 years old. That’s half the age of Anthropic and quarter the age of OpenAI,” Musk said. “Let’s see where things stand 3 years from now.” Musk also compared xAI’s current position to SpaceX’s early struggles. “SpaceX had achieved nothing of note after 3 years and was written off as dead after 6 years with 3 consecutive launch failures,” Musk said. “But you may have noticed that things are different now.” On Stocktwits, retail sentiment around Tesla was ‘neutral’ with ‘normal’ message volume, while sentiment around SpaceX remained ‘extremely bullish’ amid ‘high’ message volume. One user said, “SpaceX will probably pay a 25% premium for TSLA.  Selling TSLA to buy SPCX makes no sense.” Another user said, “The average trader knows they are priced out of spacex ipo…so they are buying Tesla as the way in!!!” So far this year, TSLA stock has lagged its “Magnificent Seven” peers, making it the group’s third-worst performer, down 4%. For updates and corrections, email newsroom[at]stocktwits[dot]com. Read Next: HIMS Stock Heads For Weekly Loss — But Ex-Netflix CFO Is Buying The Dip Despite BofA’s GLP-1 Warning Norwegian Cruise Line Holdings (NCLH) stock gained overnight on Tuesday after senior leadership significantly increased personal holdings following the company’s recent earnings-related stock decline. The insider buying activity came as the company continued to roll out a broad restructuring effort aimed at improving profitability and streamlining operations. In a Tuesday filing with the U.S. Securities and Exchange Commission, Norwegian Cruise Line disclosed that President and CEO John Chidsey acquired 153,000 shares of the cruise operator’s common stock on May 22 at an average purchase price of $16.37 per share for a total of about $2.5 million. Following the transaction, Chidsey directly controlled 1.14 million shares of the Miami-based cruise company. In another filing, board member Jonathan Z. Cohen disclosed the purchase of 30,000 shares for $47,4900 on May 20. Cohen paid an average price of $15.83 per share. After the transaction, Cohen’s direct holdings in the company rose to 38,912 shares. Cruise operators have faced continued investor scrutiny tied to consumer spending trends, travel demand and fuel-cost pressures. However, insider accumulation can be seen as a sign that executives expect improving operating conditions ahead. Norwegian Cruise Line stock inched 0.6% higher overnight, ahead of Wednesday. Norwegian Cruise Line earlier this month warned about slower booking activity and a more difficult economic environment heading into the peak summer travel season. CEO John Chidsey, during the fiscal first-quarter (Q1) earnings call, said the company began 2026 with reservation trends running below internal expectations in several categories, while geopolitical instability in the Gulf region further weakened demand in Europe and for shorter-term bookings. So the company lowered its full-year 2026 adjusted earnings outlook to a range between $1.45 and $1.79 per share, down from an earlier estimate of $2.38. Last week, Truist cut Norwegian Cruise Line’s price target to $20 from $25 while maintaining a Buy rating on the stock. The firm said booking activity for mass-market cruise operators showed mild weakness in recent weeks following heightened media attention surrounding hantavirus-related concerns. On Stocktwits, retail sentiment around the stock turned to ‘bearish’ from ‘bullish’ territory the previous day. A user said, “so it looks like the CEO John chizzy bought over 150,000 shares on Friday in the low 16 range,” and added, “Even if Disney buys this company out for the mid to high 20s. It's still worthwhile to take a big investment and I think I'm going to have to add more down here.” Another user said, “if we hear a peace agreement today, we are blowing past $18,” pinning hopes of a U.S.-Iran peace deal to bring down gas prices. Also See: RKLB, RDW, SIDU, PL: Why Are These Space Stocks Gaining Overnight? For updates and corrections, email newsroom[at]stocktwits[dot]com. U.S. space stocks extended their rally into overnight trade on Tuesday, as investors poured money into aerospace companies tied to satellite infrastructure, lunar logistics, and orbital intelligence technology. Shares of Rocket Lab USA (RKLB), Redwire (RDW), Sidus Space (SIDU), and Planet Labs (PL) all climbed to fresh 52-week highs on Tuesday. Much of the enthusiasm stems from the expected June 12 debut of Elon Musk’s SpaceX on public markets, an event investors believe could reshape valuations across the broader aerospace sector. Institutional investors have increasingly turned to publicly traded aerospace names in search of exposure ahead of the highly anticipated SpaceX listing. Investors and retail traders view companies such as Rocket Lab and Redwire as alternative ways to participate in the expanding orbital economy before SpaceX shares become widely available. Rocket Lab stock reached a new all-time high of $146 on Tuesday, gaining for two straight sessions after the company said it completed the acquisition of California-based spacecraft robotics developer Motiv Space Systems, broadening its capabilities in planetary exploration, autonomous systems, and orbital infrastructure. The acquired business, now renamed Rocket Lab Robotics, is known for designing robotic arms, motion-control technologies, and precision spacecraft components used in several high-profile NASA missions. Since Rocket Lab already supplies solar technologies to commercial, civil and defense customers, adding robotic and motion-control manufacturing internally strengthens its vertically integrated production model and could reduce dependence on outside suppliers. Redwire posted one of the strongest moves in the aerospace sector on Tuesday, with shares soaring nearly 26% to close at a fresh 52-week high of $23.10. Interest surged in Redwire’s potential as a strategic infrastructure provider supporting next-generation space platforms. The company’s Roll-Out Solar Array technology powers spacecraft and satellite systems requiring lightweight yet high-output energy generation. As expectations grow for future orbital computing networks and larger satellite constellations, demand for efficient solar power systems has also become a major theme across the aerospace industry. While Rocket Lab gained over 5% overnight on Tuesday, Redwire stock surged over 24%. The planned public debut of SpaceX is being viewed as a landmark event for global equities, as the company is seeking a valuation between $1.75 trillion and $2 trillion and aims to raise as much as $80 billion. FTSE Russell, the index division of London Stock Exchange Group plc (LSEG), announced changes on Tuesday to the criteria for inclusion in the Russell U.S. Index Series, introducing a faster pathway for large initial public offerings. Under the new rules, newly listed companies large enough to pass the Russell Top 500 market value threshold may qualify for faster inclusion in Russell U.S. indexes. Sidus Space has emerged as a classic low-float momentum stock. Since early May, shares of Sidus Space have surged from roughly $3.10 to above $6 by May 26, marking a rapid breakout. The company’s financial performance has also improved. Sidus Space’s fiscal first-quarter revenue surged by 51% from last year while cutting net losses. The company’s involvement in the U.S. Missile Defense Agency’s SHIELD initiative has also raised investors’ sentiment. Sidus Space stock traded over 11% higher overnight, heading into Wednesday. Planet Labs added to the rally as investors poured into the satellite imaging company following new advances in artificial intelligence processing. Investors are seeing Planet Labs as a major beneficiary of the expanding market for AI-driven space infrastructure and real-time orbital intelligence. Unlike many space companies primarily focused on launch services, Planet Labs has gained attention for integrating AI directly into its satellite operations. In March, the company said it is working with Nvidia to deploy Jetson computing modules aboard its Pelican satellite constellation. The onboard systems allow satellites to process imagery in orbit instead of transmitting large amounts of raw data back to Earth for analysis. Planet Labs’ stock traded over 10% higher overnight, ahead of Wednesday. So far this year, RKLB, RDW, SIDU and PL stock have gained between 97% to 190%. Also See: NOK, MU, BB Stocks Hit 52-Week Highs Today: What's Fueling The Rally? For updates and corrections, email newsroom[at]stocktwits[dot]com. These cookies are necessary for the website to function and cannot be switched off in our systems. They are usually only set in response to actions made by you which amount to a request for services, such as setting your privacy preferences, logging in or filling in forms. You can set your browser to block or alert you about these cookies, but some parts of the site will not then work. These cookies do not store any personally identifiable information. Under the California Consumer Privacy Act, you have the right to opt-out of the sale of your personal information to third parties. These cookies collect information for analytics and to personalize your experience with targeted ads. You may exercise your right to opt out of the sale of personal information by using this toggle switch. If you opt out we will not be able to offer you personalised ads and will not hand over your personal information to any third parties. Additionally, you may contact our legal department for further clarification about your rights as a California consumer by using this Exercise My Rights link.If you have enabled privacy controls on your browser (such as a plugin), we have to take that as a valid request to opt-out. Therefore we would not be able to track your activity through the web. This may affect our ability to personalize ads according to your preferences. These cookies allow us to count visits and traffic sources so we can measure and improve the performance of our site. They help us to know which pages are the most and least popular and see how visitors move around the site. All information these cookies collect is aggregated and therefore anonymous. If you do not allow these cookies we will not know when you have visited our site, and will not be able to monitor its performance. These cookies may be set through our site by our advertising partners. They may be used by those companies to build a profile of your interests and show you relevant adverts on other sites. They do not store directly personal information, but are based on uniquely identifying your browser and internet device. If you do not allow these cookies, you will experience less targeted advertising.",https://stocktwits.com/news-articles/markets/equity/nvda-shares-fall-premarket-ceo-jensen-huang-announces-taiwan-headquarters-calls-the-country-epicenter-of-ai/cZgg2KyReAS
NVDA,The CEOs of the world's biggest chip companies are descending on Taiwan next week - Yahoo Finance,2026-05-29 19:46:02,"Tip: Try a valid symbol or a specific company name for relevant results The JPMorgan CEO blasted Coinbase's lobbying push for a major crypto bill, going so far as to call its CEO 'full of shit' The Dow closed above 51,000 for the first time, and the S&P 500 and Nasdaq rose to fresh records as stocks capped a winning month. Markets are betting on an Iran deal. But social media posts from Trump and Iran's foreign minister point to a key sticking point. US stocks gained at the open as markets awaited an update on US-Iran talks 'This is what an AI supercycle looks like.' Dell shares are soaring after a blockbuster quarter and hefty guidance boost. Salesforce CEO Marc Benioff is hiring for just one role in the age of AI The S&P 500 and Nasdaq led another record-setting stock surge, boosted by a software rally and hopes for a US-Iran deal. Anthropic tops OpenAI's valuation in latest funding round Micron's AI boom is unprecedented for the memory trade The Dow, S&P 500, and Nasdaq moved lower following US-Iran strikes and fresh inflation data The Fed's preferred inflation gauge heated up in April, cementing that interest rates will remain steady for now. JPMorgan's Jamie Dimon sees investor exuberance in today's market, but says it gives him little comfort The Dow, S&P 500, and Nasdaq edged higher, posting record highs as oil prices dropped America's $5 gas threat is back, one analyst says — and it runs through the Strait of Hormuz. Stocks tipped higher as Wall Street looked to continue a tech-fueled rally. Oil slid amid optimism over a US-Iran deal. SpaceX is not yet public, but the race to own it is already rearranging the ETF market. Here's how. Apple stumbled on AI. That may become its strategic advantage. The S&P 500 and Nasdaq hit record highs as chip stocks rallied, sending Micron’s market cap above $1 trillion The White House says energy prices will fall once the Strait of Hormuz reopens, but analysts don't agree Micron surged, leading chipmakers and tech stocks higher, as UBS more than tripled its price target. US stocks opened higher on Iran peace prospects as oil prices remained volatile Blackrock's Mike Pyle, a former economic advisor to Obama and Biden, discusses AI’s impact on the labor market Schwab CEO explains why the investment services giant doesn't plan to integrate meme coins and gambling SpaceX and OpenAI IPOs could push the AI trade deeper into bubble territory 'There's mania': Strategists weigh in on looming SpaceX IPO Tariff refunds are showing up — in a big way — on the government's bottom line Consumers should brace for the 'most volatile summer at the pump in years.' New Fed Chair Kevin Warsh suggests he may take an Alan Greenspan-style approach at the central bank SpaceX is going public with a rocket-company reputation, but its IPO filing points investors mainly to AI. Stocks and earnings surge, and an agreement with Iran may be imminent. Here's what to watch this week. The president said the agreement would set the framework for renewed peace talks and reopen the Strait of Hormuz. How soaring Treasury yields could impact your finances Job-seekers are using AI to apply for open roles. The result: 'Everybody's applications are starting to look more and more alike' A growing wave of older Americans are returning to work after stepping away from their careers, often out of financial need. Fewer sellers have had to cut prices this spring, a sign that the housing market is finding balance. Chip stocks are hitting fresh records, but Nvidia isn't driving the rally The S&P 500 notched its longest weekly win streak since 2023 as the AI trade boosted stocks Kevin Warsh said he would lead a “reform-oriented Federal Reserve."" Consumer sentiment hits record low as higher gas prices and rising costs weigh on Americans’ views of the economy. US stocks opened higher as the S&P 500 headed for its longest weekly winning streak in three years The Trump administration plans to invest $2 billion in quantum computing, expanding its broader push into strategic industries The Dow clinched a record high as stocks rebounded on optimism for a US-Iran peace deal US stocks turned higher as oil prices fell on hopes of a US-Iran peace deal Quantum stocks jump as Trump administration doles out $2 billion in exchange for equity US stocks fell as oil prices rose amid doubts about US-Iran peace talks The bond market's signal to the Fed: Interest rates should be higher SpaceX files IPO prospectus, offering a rare look at the company's finances Nvidia beats earnings estimates, gives upbeat outlook on strong chip sales The Dow, S&P 500, and Nasdaq rallied as oil fell and Nvidia earnings were on deck The above button links to Coinbase. Yahoo Finance is not a broker-dealer or investment adviser and does not offer securities or cryptocurrencies for sale or facilitate trading. Coinbase pays us for certain activity generated through this link. Prices displayed are informational. The world’s chip giants will descend on Taiwan for the annual Computex Taipei conference next week. The gathering, which runs from June 2 through June 5, will likely feature a number of product announcements and industry updates from the likes of AMD (AMD), Intel (INTC), Nvidia (NVDA), and Qualcomm (QCOM). How are chip companies competing in AI infrastructure? What major announcements are expected at Computex Taipei? Nvidia will kick things off with its own GTC Taipei beginning June 1 with a keynote from CEO Jensen Huang. The executive has been in Taiwan for the past several days, meeting with corporate partners and hosting an event for Nvidia’s future headquarters in the country called Nvidia Constellation, which will be home to some 4,000 workers. In a statement, Huang noted that the company has dramatically increased spending in the island nation, saying Nvidia will spend upwards of $150 billion a year in Taiwan, up from $10 billion to $15 billion just four years ago, Reuters reported. Huang is expected to tout Nvidia’s continued strength thanks to the global AI build-out, while highlighting its next-generation Vera Rubin AI platform. According to a company blog post, Huang also teased a secret upcoming product during a dinner with Quanta Computer executives on Wednesday. It’s unclear if he will reveal the product at GTC or sometime later this year. “Vera Rubin bringing that to full production, getting all of our supply chain ramped on that and ready to kind of deploy it at scale is really where a lot of the core focus will be,” explained Dion Harris, senior director of HPC and AI hyperscale infrastructure solutions at Nvidia. “Of course … Nvidia is a platform company, and so we’ll talk about a lot of our other platforms as well, in addition to data center, that will be used to help drive that agentic inflection point,” he added. Nvidia rival AMD will also likely have updates about its various data center offerings, including its upcoming Helios server rack, which will compete directly with Nvidia’s own NVL72 server rack. Ahead of Computex, AMD announced it is investing more than $10 billion in Taiwan’s AI infrastructure ecosystems, with the goal of enabling “higher performance, greater efficiency, and faster deployment of AI systems.” Intel CEO Lip-Bu Tan and Qualcomm CEO Cristiano Amon will also hold keynote speeches at Computex, where they’ll likely dive into their respective AI data center products. The four chip companies could also provide updates and insights into their respective consumer strategies, though those business segments have largely taken a back seat to data center products in investors’ minds. Email Daniel Howley at dhowley@yahoofinance.com. Follow him on Twitter at @DanielHowley. Click here for the latest technology news that will impact the stock market Read the latest financial and business news from Yahoo Finance Tip: Try a valid symbol or a specific company name for relevant results",https://finance.yahoo.com/sectors/technology/article/the-ceos-of-the-worlds-biggest-chip-companies-are-descending-on-taiwan-next-week-194602431.html
NVDA,"While NVDA Dominates Headlines, Here’s Where the Real AI Economics Are Hiding - AOL.com",2026-05-29 18:10:01,"NVIDIA (NVDA) dominates every portfolio conversation, but semiconductor cycles are predictable — and the peak crowding at peak valuations is the warning signal. Microsoft (MSFT) runs a $37B AI revenue stream at 45.6% operating margins, where contractual backlogs and proven scaling math beat chip-dependent growth narratives. Meta (META) operates at 41.4% margins with 33.1% revenue growth, collecting recurring rent on AI workloads regardless of underlying silicon — the real structural advantage. The analyst who called NVIDIA in 2010 just named his top 10 stocks and Google wasn't one of them. Get them here FREE. NVIDIA (NASDAQ:NVDA) is the stock dominating every retirement account discussion, every cable hit, and every chart on Twitter, and the multi-year run is precisely why. The more important signal sits elsewhere. Semiconductor revenue is cyclical. Always has been. The Bureau of Economic Analysis already shows the math: manufacturing's share of GDP fell from 9.7% in Q4 2024 to 9.4% in Q4 2025, with growth swinging from -2.6% in Q1 2025 to +3.2% in Q3 and back to 0.3% in Q4. The information sector, by contrast, held a steady 5.4% to 5.6% of GDP all year. Chips are the picks and shovels. Software and cloud are the mine. Owning the picks at peak demand, peak multiple, and peak crowding is a textbook setup for multiple compression. The retirement-focused investor has seen this movie before. The analyst who called NVIDIA in 2010 just named his top 10 stocks and Google wasn't one of them.Get them here FREE. The layer above the silicon, the hyperscalers and software platforms collecting rent on every AI workload regardless of which chip wins, is where the durable economics sit. Point one: the backlogs are enormous and contractual.Alphabet (NASDAQ:GOOG) reported Google Cloud backlog of over $460 billion, nearly doubling quarter-on-quarter. Microsoft (NASDAQ:MSFT) carried commercial remaining performance obligations of $627 billion. Salesforce (NYSE:CRM) sits on total RPO of $72.40 billion, and ServiceNow shows cRPO of $12.85 billion, up 25% year-over-year. That is contracted, recurring revenue, a structural advantage chip order books lack. Point two: the margins are already proven. Alphabet runs at a 32.1% operating margin with 35.7% return on equity. Microsoft sits at a 45.6% operating margin. Meta Platforms (NASDAQ:META) operates at 41.4%. Amazon just printed an AWS operating margin of 37.7% while AWS grew 28%, its fastest in 15 quarters. These are software economics that expand with scale. Point three: the valuations sit well below the chip cohort. Alphabet trades at a P/E of roughly 16, cheaper than the S&P 500, despite Q1 FY26 revenue growth of 21.8% year-over-year, Google Cloud growth of 63%, and EPS of $5.11 against a $2.63 consensus. Meta sits at roughly 22, Salesforce at 20, and Microsoft, the priciest of the group, at 30. Microsoft's AI business alone now runs at a $37 billion annual run rate, up 123% year-over-year. Satya Nadella put the figure plainly on the call: ""Our AI business surpassed an annual revenue run rate of $37 billion, up 123% year-over-year."" Salesforce's Agentforce ARR hit $800 million, up 169% year-over-year, across 29,000 deals. ServiceNow's Now Assist net new ACV more than doubled year-over-year, with FY26 subscription revenue guided to $15.53 billion to $15.57 billion. Meta added to the case with Q1 FY26 revenue of $56.31 billion, up 33.1% year-over-year, and Amazon's chip business is already at a $20 billion run rate growing triple digits. This is what monetization looks like, with cash flowing through to shareholders rather than into next year's capex line on a wafer fab. The investable signal is up the stack: the names that collect recurring revenue every month, in every economy, regardless of which silicon wins. This analyst's 2025 picks are up 106% on average. He just named his top 10 stocks to buy in 2026. Get them here FREE.",https://www.aol.com/articles/while-nvda-dominates-headlines-where-142728000.html
NVDA,Nvidia GTC Hype vs Stock Reaction: Why Isn't $NVDA Moving More? - Yahoo Finance,2026-05-29 16:21:56,"Tip: Try a valid symbol or a specific company name for relevant results The JPMorgan CEO blasted Coinbase's lobbying push for a major crypto bill, going so far as to call its CEO 'full of shit' The Dow closed above 51,000 for the first time, and the S&P 500 and Nasdaq rose to fresh records as stocks capped a winning month. Markets are betting on an Iran deal. But social media posts from Trump and Iran's foreign minister point to a key sticking point. US stocks gained at the open as markets awaited an update on US-Iran talks 'This is what an AI supercycle looks like.' Dell shares are soaring after a blockbuster quarter and hefty guidance boost. Salesforce CEO Marc Benioff is hiring for just one role in the age of AI The S&P 500 and Nasdaq led another record-setting stock surge, boosted by a software rally and hopes for a US-Iran deal. Anthropic tops OpenAI's valuation in latest funding round Micron's AI boom is unprecedented for the memory trade The Dow, S&P 500, and Nasdaq moved lower following US-Iran strikes and fresh inflation data The Fed's preferred inflation gauge heated up in April, cementing that interest rates will remain steady for now. JPMorgan's Jamie Dimon sees investor exuberance in today's market, but says it gives him little comfort The Dow, S&P 500, and Nasdaq edged higher, posting record highs as oil prices dropped America's $5 gas threat is back, one analyst says — and it runs through the Strait of Hormuz. Stocks tipped higher as Wall Street looked to continue a tech-fueled rally. Oil slid amid optimism over a US-Iran deal. SpaceX is not yet public, but the race to own it is already rearranging the ETF market. Here's how. Apple stumbled on AI. That may become its strategic advantage. The S&P 500 and Nasdaq hit record highs as chip stocks rallied, sending Micron’s market cap above $1 trillion The White House says energy prices will fall once the Strait of Hormuz reopens, but analysts don't agree Micron surged, leading chipmakers and tech stocks higher, as UBS more than tripled its price target. US stocks opened higher on Iran peace prospects as oil prices remained volatile Blackrock's Mike Pyle, a former economic advisor to Obama and Biden, discusses AI’s impact on the labor market Schwab CEO explains why the investment services giant doesn't plan to integrate meme coins and gambling SpaceX and OpenAI IPOs could push the AI trade deeper into bubble territory 'There's mania': Strategists weigh in on looming SpaceX IPO Tariff refunds are showing up — in a big way — on the government's bottom line Consumers should brace for the 'most volatile summer at the pump in years.' New Fed Chair Kevin Warsh suggests he may take an Alan Greenspan-style approach at the central bank SpaceX is going public with a rocket-company reputation, but its IPO filing points investors mainly to AI. Stocks and earnings surge, and an agreement with Iran may be imminent. Here's what to watch this week. The president said the agreement would set the framework for renewed peace talks and reopen the Strait of Hormuz. How soaring Treasury yields could impact your finances Job-seekers are using AI to apply for open roles. The result: 'Everybody's applications are starting to look more and more alike' A growing wave of older Americans are returning to work after stepping away from their careers, often out of financial need. Fewer sellers have had to cut prices this spring, a sign that the housing market is finding balance. Chip stocks are hitting fresh records, but Nvidia isn't driving the rally The S&P 500 notched its longest weekly win streak since 2023 as the AI trade boosted stocks Kevin Warsh said he would lead a “reform-oriented Federal Reserve."" Consumer sentiment hits record low as higher gas prices and rising costs weigh on Americans’ views of the economy. US stocks opened higher as the S&P 500 headed for its longest weekly winning streak in three years The Trump administration plans to invest $2 billion in quantum computing, expanding its broader push into strategic industries The Dow clinched a record high as stocks rebounded on optimism for a US-Iran peace deal US stocks turned higher as oil prices fell on hopes of a US-Iran peace deal Quantum stocks jump as Trump administration doles out $2 billion in exchange for equity US stocks fell as oil prices rose amid doubts about US-Iran peace talks The bond market's signal to the Fed: Interest rates should be higher SpaceX files IPO prospectus, offering a rare look at the company's finances Nvidia beats earnings estimates, gives upbeat outlook on strong chip sales The Dow, S&P 500, and Nasdaq rallied as oil fell and Nvidia earnings were on deck The above button links to Coinbase. Yahoo Finance is not a broker-dealer or investment adviser and does not offer securities or cryptocurrencies for sale or facilitate trading. Coinbase pays us for certain activity generated through this link. Prices displayed are informational. Despite Jensen Huang's announcements at Nvidia GTC, including projections of doubling chip demand and a trillion-dollar market, Nvidia's stock has remained range-bound. Shy Balore explains the market's focus on inference economics and the need for consumer AI products to drive the next leg of growth. He also analyzes Micron's HBM4 production and its strong gross margins, suggesting a durable pricing power in the memory market. Tip: Try a valid symbol or a specific company name for relevant results",https://finance.yahoo.com/video/nvidia-gtc-hype-vs-stock-162156198.html
NVDA,NVDA Stock Price Drop—the Time to Buy Nvidia or Diversify Across the AI Datacenter Supply Chain? - TradingKey,2026-05-29 16:06:56,"Nvidia's stock dips post-earnings, but three-month gains indicate long-term thesis remains intact. Repeated successes in AI compute, coupled with significant R&D investment, signal operational maturity. While returning capital via dividends and buybacks, Nvidia continues to fund innovation, unlike typical hypergrowth companies. The introduction of a standalone CPU product, alongside its GPU dominance, positions Nvidia for broader market control in AI datacenters. Investors seeking leveraged exposure can consider NVDA ETFs, while those desiring diversification can explore supply chain companies like Vertiv or the VanEck Semiconductor ETF. TradingKey - Over the past year, Nvidia (NVDA) has reported blockbuster results, but the Nvidia stock price has dipped on the day or week of every report. That’s led some to question whether Wall Street still buys the story. The broader reality is more nuanced: post-print volatility has been accompanied by gains in the majority of three-month reporting windows, indicating that the market may be taking a moment to reset short-term expectations and not throwing out the long-term thesis. Is Nvidia still a good buy in 2026? Nvidia's steady results have made surprises rare; so once something is tagged (like ""best-in-class""), it doesn't usually get a premium from the market because it doesn't represent an additional source of revenue or a near-term incentive (a new ""catalyst"") for owning it. Indeed, with its repeated successes across sectors at ""MVP"" levels, there are places where the absence of new excitement puts a cap on near-term multiple expansion; but these static backdrops teach you how successful a company's operations can actually get. The fact that Nvidia has consistently allocated more of its revenues to research and development, as opposed to pursuing growth through various financial engineering tools (buyback programs, significant dividend increases), signifies the company's level of operational maturity and suggests its strong long-term business model. Therefore, the changes in the company's business model are significant for Nvidia as well as the entire technology sector, where other dividend-growth companies (e.g., Apple, MSFT, AVGO) have maintained their ability to create sustainable profit (cash flow) and innovation. To that end, the announced significant commitment to returning a large portion of free cash flow to shareholders through dividend payments and buybacks illustrates the scope of exceptional profitability achieved (i.e., there should be continued growth) but does not necessarily correlate with declining levels of innovation. Given that Nvidia's cash far exceeds its total long-term debt, the company is in a position to both meet its shareholders' expectations and continue to fund multiple roadmaps and systems engineering across heavy AI compute roadmaps and systems engineering. Buybacks and dividends are usually how companies exit hypergrowth once top-line momentum has slowed. Nvidia does not follow this pattern; the company is growing both revenue and profit at a very high rate while also returning capital to shareholders because of continued demand from cloud service providers and businesses training AI and performing inference at scale. The instinct is for the market to see capital returns as a sign of maturity; Nvidia's operational results have proven that to be an incorrect assumption. In recent quarters, there have been some large, quick selloffs around earnings and investor days, but as time has progressed, the stock has increased in value as investors digest this information. If you are a long-term investor trying to determine whether Nvidia would be a good long-term investment, these are not red flag events; they are great opportunities to purchase additional shares, assuming your thesis is still valid. Valuation will be an important factor in making this decision. Given the growth it has, recent multiples don’t seem to be about hype. On a trailing basis, the P/E ratio has looked reasonable for a company with the scale and earnings momentum of Nvidia, and forward multiples imply a discount to many mega-cap peers on a growth-adjusted basis. That interplay diminishes the probability that the shares are too hot in 2026, yet still opens the door for compounding if execution stays strong. Nvidia’s core advantage is still its dominance in GPUs for training and running AI models. Years of investment in silicon, software, networking, and systems integration have created a hard-to-replicate ecosystem. This has been evident not only in revenue but also in operating leverage, as premium Data Center products generate outstanding profitability and cash flow. The next leg is broader compute. Nvidia has traditionally deferred to Intel (INTC) and Advanced Micro Devices (AMD) for Central Processing Units, putting CPUs inside full systems rather than selling them as standalones. That will change with the Vera Rubin system, which brings a standalone CPU product. Management has framed it as a path to a very large addressable market with meaningful revenue potential even in its first full year of availability, as shipments ramp. If the company does deliver, it could be the leader in both GPUs and, as AI-era datacenters expand, CPUs as well, achieving system-level control and risk diversification away from a single product category. This push also coincides with the growth of AI agents, in which computing requirements are applied over varying workloads and efficiency profiles. A CPU line that matches leading-edge GPUs might enable Nvidia to grab more of the total Bill of Materials (BOM) per rack, while providing customers a ""one-throat-to-choke"" model for performance, tooling, and support. Some investors want more torque to NVDA’s moves. Others want to diversify around the AI infrastructure stack. Each route will differ in risk. There are also the single-stock leveraged ETFs that seek to track twice the daily movement of Nvidia stock, such as the GraniteShares 2x Long NVDA Daily ETF (NVDL) and the Direxion Daily NVDA Bull 2X Shares (NVDU). These instruments can enhance returns in trending markets, but they are subject to resetting daily and can drift from plain vanilla 2x over longer windows of time due to compounding and volatility. They are optimal when combined with active risk management and shorter holding horizons. The other way is through the businesses tied to Nvidia’s supply chain and data center build-outs. Corning (GLW) produces optical communications and advanced materials that draw from bandwidth and interconnect enhancements. Vertiv Holdings (VRT) is exposed to power and thermal infrastructure at AI-dense data centers, such as liquid cooling solutions. nVent Electric (NVT) provides electrical connection and protection solutions that may be needed more as density increases. These tend to be smaller names and can be more volatile, which means more upside in positive cycles, but more downside the other way. For investors looking for broader exposure to the top chipmakers and equipment providers but without the individual stock risk, the VanEck Semiconductor ETF (SMH) is the more diversified choice. It is a concentrated bundle of the best semiconductor companies, so it still can be volatile, but it irons out company-specific surprises while keeping the AI and compute theme at the core of the portfolio. Click the $ button, enter the symbol, and select to link a stock, ETF, or other ticker.",https://www.tradingkey.com/analysis/stocks/us-stocks/261935744-nvda-stock-price-drop-nvidia-ai-datacenter-supply-chain-tradingkey
NVDA,$NVIDIA (NVDA.US)$ up up up [Facepalm][Facepalm][Facepalm] - Moomoo,2026-05-29 14:51:04,"To create a seamless experience and for website quality and improvement purposes, we use cookie technologies for verification and quality purposes, to personalize the content presented, and to provide advertising that may be of specific interest to you. Learn our Privacy Policy here.",https://www.moomoo.com/community/feed/nvidia-nvda-us-up-up-up-116658422677510?chain_id=Name1K9-3FXPhg.1l1j6v0&global_content=%7B%22promote_id%22%3A13764%2C%22sub_promote_id%22%3A109%2C%22f%22%3A%22www.moomoo.com%2Fsectors%2FNancy-Pelosi-Portfolio-BK20883%22%7D
NVDA,"TSLA, NVDA and ORCL Forecasts – Tech Looks Ready to Rally - FXEmpire",2026-05-29 14:39:00,"Tech stocks look bullish again on Friday, as interest rates in the US have started to drift lower again. Tesla looks like it is building a little bit of a base here on Friday, and it looks like it is, in fact, trying to break to the upside. Whether or not it can remain to be seen, but I think you have a scenario where traders will continue to try to buy dips in this market. After all, Tesla is a favorite, although it’s been a little bit quiet as of late. I think you have to assume that it is probably only a matter of time before we try to break out to the $460 level. Nvidia has initially pulled back just a touch but now it looks like it’s trying to rally for the session. Given enough time, this is a buy the dip opportunity. I think that’s where we’re at right now. I think it looks pretty good. Clearly though, if we were to break down below the $205 level, then you probably have a little bit of a problem, but as things stand right now, I think Nvidia is going to try to reach the highs again. Oracle continues to jump. Quite frankly, Oracle is a major winner here in the AI infrastructure play. I think that will continue to be the case. I like the idea of buying Oracle. I do recognize though, if we were to break down below the 200-day EMA, that would be a very bad thing indeed. Longer term, it would not surprise me to see this one go back to $300. That being said, you need to watch in 10-year yield as a barometer of risk appetite in the United States, which will have an effect on all of these stocks. If you’d like to know more about technical analysis and how traders use it, please visit our educational area. Chris is a proprietary trader with more than 20 years of experience across various markets, including currencies, indices and commodities. As a senior analyst at FXEmpire since the website’s early days, he offers readers advanced market perspectives to navigate today’s financial landscape with confidence. NASDAQ Index, SP500, Dow Jones Forecasts – NASDAQ Tests New Highs As Rally Continues Gold (XAU/USD) Price Forecast: Falling Wedge Signals Bullish Reversal Natural Gas Price Forecast: 200-Day Resistance Tests Momentum Palantir (PLTR) Price Forecast: Structural Bottom Signals Trend Reversal Gold (XAUUSD) Price Forecast: Ceasefire Chatter Sparks Gold Rally Off 200-Day MA Chris is a proprietary trader with more than 20 years of experience across various markets, including currencies, indices and commodities. As a senior analyst at FXEmpire since the website’s early days, he offers readers advanced market perspectives to navigate today’s financial landscape with confidence.",https://www.fxempire.com/forecasts/article/tsla-nvda-and-orcl-forecasts-tec-looks-ready-to-rally-1601129
NVDA,NVIDIA’s Secret New Products Could Be Staring Down a $40 Trillion Opportunity - 24/7 Wall St.,2026-05-29 12:46:00,"Nvidia (NVDA) is expanding beyond GPU chips into physical AI with products like Cosmos 3.0, GR00T, and Jetson Thor hardware, positioning itself to control multiple layers of the emerging robotics and physical AI ecosystem. The analyst who called NVIDIA in 2010 just named his top 10 AI stocks. Get them here FREE. © BING-JHEN HONG / iStock Editorial via Getty Images It’s hard to believe that shares of Nvidia (NASDAQ:NVDA | NVDA Price Prediction) could still have gas left in the tank as the firm reports absolutely stunning results to a tough crowd that continues to discount, or even dismiss, the massive strides that Jensen Huang’s empire has been making. Of course, it’s hard to be truly bullish on a $5.2 trillion behemoth as someone as famed as Michael Burry, of The Big Short fame, bets against the company while fears of what could happen when AI and semiconductor finally do show signs of demand slowing and, eventually, peaking out. After all, Nvidia is in a cyclical business, and it’s becoming harder to tell if Nvidia is an absolute steal of a bargain or something that’s far riskier than its seemingly modest multiple suggests. If earnings keep coming in hot and margins stay heightened, there’s no question that Nvidia might be a historic anomaly and a bargain in spite of its meteoric and bubbly-looking multi-year run. Though the name isn’t without its fair share of risks, it still feels like Nvidia stock is either a steal of a deal or a trap. Which one will it be? Time will tell, but one thing, I believe, is clear: the company needs to go above and beyond GPUs if it’s to impress Wall Street, given how high the bar has been set. As most others dismiss Nvidia as a cyclical AI chip play, though, the company is already looking ahead to the fast-rising robotics and physical AI opportunity. Indeed, physical AI’s long-term potential could be profound enough to keep Nvidia ahead of the pack. And its colossal $5.2 trillion market cap does not seem to be all too much of a limiting factor when you consider the potential total addressable market (or TAM) of physical AI. Fellow 24/7WallSt contributor Jeremy Philips recently highlighted a “$40 trillion” figure for the TAM of physical AI. That’s a difficult figure to even begin to fathom. In my humble opinion, it’s a pretty aggressive estimate, but it’s worth contemplating, especially considering how far-reaching physical AI could become. Whether physical AI’s TAM ends up being worth $40 trillion over the long term or significantly less, though, is up for debate. It’s really hard to pin down the magnitude in these early innings. Morgan Stanley (NYSE:MS) sees the humanoid market being worth $5 trillion by 2050. But that’s just humanoid robots. What about everything else? Any way you look at it, it’s probably going to be big TAM. But, in my opinion, what’s more important is which firm could become a force in such a market. Such an astronomical figure is anywhere close to the mark, perhaps arguing that Nvidia’s best days are over because of its sheer size no longer makes much sense. At the end of the day, there isn’t an actual ceiling that’s stopping a $5 trillion company from becoming a $10 trillion one and so on. The analyst who called NVIDIA in 2010 just named his top 10 stocks. Get them here FREE. When Apple (NASDAQ:AAPL) blew through the $1 trillion market cap milestone for the very first time, it certainly did feel like that was the new ceiling for companies across America. Eventually, the firm broke the $4 trillion mark, and two other tech titans have since surpassed it, including Nvidia. In my view, Nvidia is staring down the emerging physical AI market as it builds what could be the go-to ecosystem for physical AI. However large the market, it looks like it could be a needle-mover for Nvidia. Whether we’re talking about Cosmos 3.0 and GR00T at the application layer or the powerful Jetson Thor hardware that’s behind it, I think Jensen Huang and company are already laser-focused on replicating the magic formula as we ring in the next and perhaps most explosive era of AI. It’s easy to dismiss humanoid robots and all the sort as outlandish and the TAM as a giant question mark, given uncertainties regarding the timeline of when the tech will go mainstream, but the robots are being built at an accelerating pace, and if Nvidia can control as many layers of the “five-layer AI cake” in physical AI, perhaps there is a chance that Nvidia hasn’t yet reached the top. In my humble opinion, Nvidia is smart for playing the operating system and System-on-a-Module (SOM) chip as the physical AI revolution looks to kick off. With Jensen Huang teasing a new mystery chip “that will surprise the world,” it’s hard not to speculate as to what it could be. Based on the phrasing, it’s probably not another GPU. Could we be looking at quantum AI innovation? Or a new physical AI chip? Time will tell. Could it be that investors are too focused on increased ASIC competition and a shift in inference’s impact on GPU sales and margins? Possibly. Either way, if Nvidia stands behind the brains and OS of the robots of tomorrow, maybe Nvidia can maintain its unprecedented growth rate and margins for a whole while longer. In my view, Nvidia looks poised to stay relevant as we enter such a new era, and I don’t think the stock is priced appropriately at 32.8 times trailing price-to-earnings (P/E), even considering the lower-end estimates of the physical AI TAM. Joey is a 24/7 Wall St. contributor and seasoned investment writer whose work can also be found in publications such as The Motley Fool and TipRanks. Holding a B.A.Sc in Computer Engineering from the University of British Columbia (UBC), Joey has leveraged his technical background to provide insightful stock analyses to readers. Joey's investment philosophy is heavily influenced by Warren Buffett's value investing principles. As a dedicated Buffett disciple, Joey is committed to unearthing value in the tech sector and beyond. Our top personal finance-related articles today. Your wallet will thank you later. Nvidia (NASDAQ:NVDA | NVDA Price Prediction) has ridden the AI wave to unprecedented heights. Its GPUs, essential for training massive… CES 2026 has come and gone, and while there was certainly a slew of fantastic showcases, I’d argue that one… NVIDIA CEO Jensen Huang has called humanoid robots and labor automation a $40 trillion total addressable market, and on the… A T. Rowe Price analyst recently laid out a compelling case for why Nvidia (NASDAQ:NVDA | NVDA Price Prediction) remains… The AI trade looks to be back on after taking several months of well-earned time off. And while not every… Nvidia (NASDAQ:NVDA | NVDA Price Prediction) is probably one of the most obvious trades in all of the AI scene… NVIDIA (NASDAQ:NVDA | NVDA Price Prediction) just pole-vaulted into first place in the market race after last week’s impressive surge of… 24/7 Wall St. : Nvidia (NVDA | NVDA Price Prediction) CEO Jensen Huang gave the keynote address at CES 2025… Shares of Nvidia (NASDAQ:NVDA | NVDA Price Prediction) have broken out in a big-time way, with shares blasting off more…",https://247wallst.com/investing/2026/05/29/nvidias-secret-new-products-could-be-staring-down-a-40-trillion-opportunity/
NVDA,Latest News In AI Chips - AI Transforms Industrial Maintenance with Digital Workforce Expansion - simplywall.st,2026-05-29 11:11:38,"In recent developments within the AI Chips arena, Ultimo has introduced an expanded suite of digital workers aimed at transforming industrial maintenance operations. These AI-driven assistants are designed to integrate intelligence directly into the workflows of maintenance teams, covering functions such as planning, technician support, and health, safety & environment (HSE) management. Accessible through platforms like Microsoft Teams, these digital workers address crucial challenges such as an aging workforce and the vast data management needs faced by industrial organizations. By automating routine tasks and enhancing decision-making capabilities, they enable teams to prioritize critical maintenance work, optimize operations, and consistently meet safety and compliance standards. This advancement underscores the growing trend of embedding AI within enterprise asset management (EAM) systems to turbocharge productivity and operational efficiency. In other market news, Shanghai Biren Technology (SEHK:6082) was trading firmly up 14.7% and ending the day at HK$61.75, close to the 52-week high. In the meantime, United Nova TechnologyLtd (SHSE:688469) softened, down 10.2% to end trading at CN¥8.06. NVIDIA's growth is fueled by AI adoption and critical digital advancements across industries. Discover more about NVIDIA's strategic positioning and potential opportunities in this narrative. Also, check out our Market Insights article on AI Chips, where we discussed how AI disruption is impacting earnings season and market narratives—seize the opportunity while it lasts. This article by Simply Wall St is general in nature. We provide commentary based on historical data 
    and analyst forecasts only using an unbiased methodology and our articles are not intended to be financial advice. It does not constitute a recommendation to buy or sell any stock, and does not take account of your objectives, or your 
    financial situation. We aim to bring you long-term focused analysis driven by fundamental data. 
    Note that our analysis may not factor in the latest price-sensitive company announcements or qualitative material. 
    Simply Wall St has no position in any stocks mentioned. Discover if NVIDIA might be undervalued or overvalued with our detailed analysis, featuring fair value estimates, potential risks, dividends, insider trades, and its financial condition. Have feedback on this article? Concerned about the content? Get in touch with us directly. Alternatively, email editorial-team@simplywallst.com Operates as a data center scale AI infrastructure company. Exceptional growth potential with flawless balance sheet. Financial Data provided by S&P Global Market Intelligence LLC, analysis provided by Simply Wall Street Pty Ltd. Copyright © 2026, S&P Global Market Intelligence LLC. All rights reserved. Simply Wall Street Pty Ltd (ACN 600 056 611), is a Corporate Authorised Representative (Authorised Representative Number: 467183) of Sanlam Private Wealth Pty Ltd (AFSL No. 337927). Any advice contained in this website is general advice only and has been prepared without considering your objectives, financial situation or needs. You should not rely on any advice and/or information contained in this website and before making any investment decision we recommend that you consider whether it is appropriate for your situation and seek appropriate financial, taxation and legal advice. Please read our Financial Services Guide before deciding whether to obtain financial services from us. © 2026 Simply Wall Street Pty Ltd, US Design Patent #29/544/281, Community and European Design Registration #2845206",https://simplywall.st/stocks/us/semiconductors/nasdaq-nvda/nvidia/news/latest-news-in-ai-chips-ai-transforms-industrial-maintenance
NVDA,"Welch Financial Planning LLC Acquires Shares of 3,831 NVIDIA Corporation $NVDA - MarketBeat",2026-05-29 10:57:13,"Welch Financial Planning LLC acquired a new stake in shares of  NVIDIA Corporation (NASDAQ:NVDA - Free Report) in the fourth quarter, according to the company in its most recent 13F filing with the Securities and Exchange Commission. The firm acquired 3,831 shares of the computer hardware maker's stock, valued at approximately $714,000. A number of other hedge funds have also recently bought and sold shares of the business. Joule Financial LLC grew its stake in  NVIDIA by 2.2% during the 3rd quarter. Joule Financial LLC now owns 2,308 shares of the computer hardware maker's stock valued at $431,000 after purchasing an additional 50 shares in the last quarter.  Presidio Capital Management LLC grew its stake in  NVIDIA by 0.4% during the 4th quarter. Presidio Capital Management LLC now owns 15,137 shares of the computer hardware maker's stock valued at $2,823,000 after purchasing an additional 53 shares in the last quarter.  LMG Wealth Partners LLC grew its stake in  NVIDIA by 0.7% during the 4th quarter. LMG Wealth Partners LLC now owns 7,649 shares of the computer hardware maker's stock valued at $1,427,000 after purchasing an additional 53 shares in the last quarter.  Vision Financial Markets LLC grew its stake in  NVIDIA by 1.2% during the 3rd quarter. Vision Financial Markets LLC now owns 4,640 shares of the computer hardware maker's stock valued at $866,000 after purchasing an additional 53 shares in the last quarter.  Finally, IMG Wealth Management Inc. grew its stake in  NVIDIA by 1.4% during the 3rd quarter. IMG Wealth Management Inc. now owns 3,820 shares of the computer hardware maker's stock valued at $713,000 after purchasing an additional 54 shares in the last quarter. Institutional investors and hedge funds own  65.27% of the company's stock. A number of brokerages have weighed in on NVDA. Robert W. Baird  set a $500.00 price objective on NVIDIA and gave the company an ""outperform"" rating in a research note on Thursday, May 21st. Wolfe Research  reaffirmed an ""outperform"" rating and set a $275.00 target price on shares of NVIDIA in a report on Thursday, May 21st. Fundamental Research  set a $218.00 target price on NVIDIA in a report on Thursday, February 26th. Raymond James Financial  reaffirmed a ""strong-buy"" rating and set a $330.00 target price on shares of NVIDIA in a report on Thursday, May 21st. Finally, Piper Sandler  reaffirmed an ""overweight"" rating on shares of NVIDIA in a report on Thursday, February 26th. Three equities research analysts have rated the stock with a Strong Buy rating, forty-seven have assigned  a Buy rating and three have given a Hold rating to the company. Based on data from MarketBeat.com, NVIDIA  has an average rating of ""Buy"" and a consensus target price of $305.38. In related news, Director Mark A. Stevens sold 221,682 shares of the firm's stock in a transaction that occurred on Friday, March 20th. The stock was sold at an average price of $173.68, for a total value of $38,501,729.76. Following the sale, the director owned 7,399,771 shares of the company's stock, valued at approximately $1,285,192,227.28. This trade represents a 2.91% decrease in their position. The sale was disclosed in a document filed with the SEC, which is accessible through this hyperlink. Also, EVP Ajay K. Puri sold 300,000 shares of the firm's stock in a transaction that occurred on Wednesday, March 18th. The stock was sold at an average price of $182.25, for a total value of $54,675,000.00. Following the completion of the sale, the executive vice president directly owned 3,018,547 shares in the company, valued at approximately $550,130,190.75. This trade represents a 9.04% decrease in their position. The disclosure for this sale is available in the SEC filing. In the last quarter, insiders have sold 906,336 shares of company stock worth $162,802,518. 3.94% of the stock is currently owned by insiders. NASDAQ:NVDA opened at $214.25 on Friday. The company has a quick ratio of 2.85, a current ratio of 3.44 and a debt-to-equity ratio of 0.04. The business's 50 day moving average is $198.67 and its two-hundred day moving average is $189.55. NVIDIA Corporation has a 52 week low of $132.92 and a 52 week high of $236.54. The company has a market cap of $5.18 trillion, a PE ratio of 32.81, a P/E/G ratio of 0.51 and a beta of 2.25. NVIDIA (NASDAQ:NVDA - Get Free Report) last announced its quarterly earnings results on Wednesday, May 20th. The computer hardware maker reported $1.87 earnings per share (EPS) for the quarter, topping the consensus estimate of $1.76 by $0.11. The business had revenue of $81.62 billion for the quarter, compared to the consensus estimate of $78.42 billion. NVIDIA had a return on equity of 96.94% and a net margin of 62.97%.The business's revenue was up 85.2% on a year-over-year basis. During the same quarter last year, the business posted $0.81 EPS.  On average, analysts predict that  NVIDIA Corporation will post 8.04 EPS for the current year. The business also recently declared a quarterly dividend, which will be paid on Friday, June 26th. Investors of record on Thursday, June 4th will be issued a $0.25 dividend. This is a positive change from NVIDIA's previous quarterly dividend of $0.01. The ex-dividend date of this dividend is Thursday, June 4th. This represents a $1.00 annualized dividend and a dividend yield of 0.5%. NVIDIA's dividend payout ratio (DPR) is 0.61%. NVIDIA announced that its Board of Directors has initiated a stock repurchase program on Wednesday, May 20th that authorizes the company to repurchase $80.00 billion in  outstanding  shares. This repurchase authorization authorizes the computer hardware maker to reacquire up to 1.5% of its shares through open market purchases. Shares repurchase programs are generally an indication that the company's management believes its stock is undervalued. Here are the key news stories impacting NVIDIA this week: NVIDIA Corporation, founded in 1993 and headquartered in Santa Clara, California, is a global technology company that designs and develops graphics processing units (GPUs) and system-on-chip (SoC) technologies. Co-founded by Jensen Huang, who serves as president and chief executive officer, along with Chris Malachowsky and Curtis Priem, NVIDIA has grown from a graphics-focused chipmaker into a broad provider of accelerated computing hardware and software for multiple industries. The company's product portfolio spans discrete GPUs for gaming and professional visualization (marketed under the GeForce and NVIDIA RTX lines), high-performance data center accelerators used for AI training and inference (including widely adopted platforms such as the A100 and H100 series), and Tegra SoCs for automotive and edge applications. Want to see what other hedge funds are holding NVDA? Visit HoldingsChannel.com to get the latest 13F filings and insider trades for NVIDIA Corporation (NASDAQ:NVDA - Free Report). This instant news alert was generated by narrative science technology and financial data from MarketBeat in order to provide readers with the fastest reporting and unbiased coverage. Please send any questions or comments about this story to contact@marketbeat.com. Before you consider NVIDIA, you'll want to hear this. MarketBeat keeps track of Wall Street's top-rated and best performing research analysts and the stocks they recommend to their clients on a daily basis. MarketBeat has identified the five stocks that top analysts are quietly whispering to their clients to buy now before the broader market catches on... and NVIDIA wasn't on the list. While NVIDIA currently has a Buy rating among analysts, top-rated analysts believe these five stocks are better buys. Learn the basics of options trading and how to use them to boost returns and manage risk with this free report from MarketBeat. Click the link below to get your free copy. Sign up for MarketBeat All Access to gain access to MarketBeat's full suite of research tools. 345 N Reid Place, Suite 620, Sioux Falls, SD 57103
                                        
                                        contact@marketbeat.com
                                        
                                        (844) 978-6257 © MarketBeat Media, LLC 2010-2026. All rights reserved. © 2026   Fair market value prices are updated every minute and are provided by Massive. Other market data provided is at least 10-minutes delayed and hosted by Barchart Solutions.  Information is provided 'as-is' and solely for informational purposes, not for trading purposes or advice, and is delayed. To see all exchange delays and terms of use please see Barchart's disclaimer.",https://www.marketbeat.com/instant-alerts/filing-welch-financial-planning-llc-acquires-shares-of-3831-nvidia-corporation-nvda-2026-05-29/
NVDA,NVIDIA Corporation $NVDA Shares Sold by Tranquility Partners LLC - MarketBeat,2026-05-29 10:56:57,"Tranquility Partners LLC cut its stake in shares of  NVIDIA Corporation (NASDAQ:NVDA - Free Report) by 14.2% in the fourth quarter, according to the company in its most recent Form 13F filing with the Securities & Exchange Commission. The firm owned 39,517 shares of the computer hardware maker's stock after selling 6,552 shares during the period. NVIDIA makes up  approximately  2.7% of Tranquility Partners LLC's investment portfolio, making the stock its 5th largest holding. Tranquility Partners LLC's holdings in NVIDIA were worth $7,370,000 as of its most recent SEC filing. A number of other institutional investors have also made changes to their positions in the stock. State Street Corp grew its stake in shares of  NVIDIA by 1.0% during the second quarter. State Street Corp now owns 978,208,862 shares of the computer hardware maker's stock worth $154,556,803,000 after purchasing an additional 9,554,857 shares during the period.  Geode Capital Management LLC grew its stake in shares of  NVIDIA by 1.5% during the second quarter. Geode Capital Management LLC now owns 579,213,497 shares of the computer hardware maker's stock worth $91,150,170,000 after purchasing an additional 8,521,936 shares during the period.  Norges Bank acquired a new stake in shares of  NVIDIA during the second quarter worth $51,386,863,000.  Legal & General Group Plc grew its stake in shares of  NVIDIA by 1.5% during the third quarter. Legal & General Group Plc now owns 181,203,035 shares of the computer hardware maker's stock worth $33,808,862,000 after purchasing an additional 2,609,560 shares during the period.  Finally, Capital Research Global Investors grew its stake in shares of  NVIDIA by 16.1% during the third quarter. Capital Research Global Investors now owns 165,377,852 shares of the computer hardware maker's stock worth $30,855,564,000 after purchasing an additional 22,896,705 shares during the period. 65.27% of the stock is owned by institutional investors and hedge funds. NVIDIA stock opened at $214.25 on Friday. The stock has a market capitalization of $5.18 trillion, a PE ratio of 32.81, a price-to-earnings-growth ratio of 0.51 and a beta of 2.25. NVIDIA Corporation has a twelve month low of $132.92 and a twelve month high of $236.54. The company has a quick ratio of 2.85, a current ratio of 3.44 and a debt-to-equity ratio of 0.04. The company has a 50 day moving average of $198.67 and a 200-day moving average of $189.55. NVIDIA (NASDAQ:NVDA - Get Free Report) last released its quarterly earnings results on Wednesday, May 20th. The computer hardware maker reported $1.87 earnings per share for the quarter, beating the consensus estimate of $1.76 by $0.11. The company had revenue of $81.62 billion during the quarter, compared to analysts' expectations of $78.42 billion. NVIDIA had a net margin of 62.97% and a return on equity of 96.94%. The business's quarterly revenue was up 85.2% compared to the same quarter last year. During the same quarter in the prior year, the company earned $0.81 earnings per share.  On average, equities research analysts anticipate that  NVIDIA Corporation will post 8.04 EPS for the current fiscal year. The business also recently declared a quarterly dividend, which will be paid on Friday, June 26th. Stockholders of record on Thursday, June 4th will be issued a $0.25 dividend. This represents a $1.00 annualized dividend and a dividend yield of 0.5%. This is a boost from NVIDIA's previous quarterly dividend of $0.01. The ex-dividend date is Thursday, June 4th. NVIDIA's dividend payout ratio  is currently 0.61%. NVIDIA declared that its board has authorized a stock repurchase program on Wednesday, May 20th that permits the company to buyback $80.00 billion in    shares. This buyback authorization permits the computer hardware maker to repurchase up to 1.5% of its shares through open market purchases. Shares buyback programs are usually a sign that the company's board of directors believes its shares are undervalued. A number of equities research analysts recently commented on NVDA shares. Royal Bank Of Canada  set a $280.00 price objective on NVIDIA in a research note on Thursday, May 21st. HSBC  reaffirmed a ""buy"" rating and set a $325.00 price objective (up from $295.00) on shares of NVIDIA in a research note on Tuesday, May 19th. CICC Research lifted their price objective on NVIDIA from $240.60 to $268.30 and gave the stock an ""outperform"" rating in a research note on Friday, May 22nd. Bank of America  reaffirmed a ""buy"" rating and set a $350.00 price objective (up from $320.00) on shares of NVIDIA in a research note on Thursday, May 21st. Finally, Sanford C. Bernstein  reaffirmed an ""outperform"" rating on shares of NVIDIA in a research note on Thursday, May 21st. Three equities research analysts have rated the stock with a Strong Buy rating, forty-seven have given a Buy rating and three have given a Hold rating to the company's stock. Based on data from MarketBeat, NVIDIA presently has a consensus rating of ""Buy"" and an average target price of $305.38. Here are the key news stories impacting NVIDIA this week: In other news, Director John Dabiri sold 3,004 shares of the company's stock in a transaction dated Friday, March 13th. The stock was sold at an average price of $184.90, for a total transaction of $555,439.60. Following the completion of the transaction, the director directly owned 14,788 shares of the company's stock, valued at $2,734,301.20. This represents a 16.88% decrease in their ownership of the stock. The transaction was disclosed in a filing with the Securities & Exchange Commission, which is available at this hyperlink. Also, Director Mark A. Stevens sold 221,682 shares of the company's stock in a transaction dated Friday, March 20th. The stock was sold at an average price of $173.68, for a total value of $38,501,729.76. Following the transaction, the director directly owned 7,399,771 shares of the company's stock, valued at $1,285,192,227.28. This represents a 2.91% decrease in their ownership of the stock. The disclosure for this sale is available in the SEC filing. Insiders sold 906,336 shares of company stock valued at $162,802,518 over the last ninety days. Company insiders own  3.94% of the company's stock. NVIDIA Corporation, founded in 1993 and headquartered in Santa Clara, California, is a global technology company that designs and develops graphics processing units (GPUs) and system-on-chip (SoC) technologies. Co-founded by Jensen Huang, who serves as president and chief executive officer, along with Chris Malachowsky and Curtis Priem, NVIDIA has grown from a graphics-focused chipmaker into a broad provider of accelerated computing hardware and software for multiple industries. The company's product portfolio spans discrete GPUs for gaming and professional visualization (marketed under the GeForce and NVIDIA RTX lines), high-performance data center accelerators used for AI training and inference (including widely adopted platforms such as the A100 and H100 series), and Tegra SoCs for automotive and edge applications. Want to see what other hedge funds are holding NVDA? Visit HoldingsChannel.com to get the latest 13F filings and insider trades for NVIDIA Corporation (NASDAQ:NVDA - Free Report). This instant news alert was generated by narrative science technology and financial data from MarketBeat in order to provide readers with the fastest reporting and unbiased coverage. Please send any questions or comments about this story to contact@marketbeat.com. Before you consider NVIDIA, you'll want to hear this. MarketBeat keeps track of Wall Street's top-rated and best performing research analysts and the stocks they recommend to their clients on a daily basis. MarketBeat has identified the five stocks that top analysts are quietly whispering to their clients to buy now before the broader market catches on... and NVIDIA wasn't on the list. While NVIDIA currently has a Buy rating among analysts, top-rated analysts believe these five stocks are better buys. Click the link to see MarketBeat's list of seven best retirement stocks and why they should be in your portfolio. Sign up for MarketBeat All Access to gain access to MarketBeat's full suite of research tools. 345 N Reid Place, Suite 620, Sioux Falls, SD 57103
                                        
                                        contact@marketbeat.com
                                        
                                        (844) 978-6257 © MarketBeat Media, LLC 2010-2026. All rights reserved. © 2026   Fair market value prices are updated every minute and are provided by Massive. Other market data provided is at least 10-minutes delayed and hosted by Barchart Solutions.  Information is provided 'as-is' and solely for informational purposes, not for trading purposes or advice, and is delayed. To see all exchange delays and terms of use please see Barchart's disclaimer.",https://www.marketbeat.com/instant-alerts/filing-nvidia-corporation-nvda-shares-sold-by-tranquility-partners-llc-2026-05-29/
NVDA,Nvidia (NVDA) Faces Uncertainty Over Rubin CPX Launch - GuruFocus,2026-05-29 10:41:42,"This website is using a security service to protect itself from online attacks. The action you just performed triggered the security solution. There are several actions that could trigger this block including submitting a certain word or phrase, a SQL command or malformed data. You can email the site owner to let them know you were blocked. Please include what you were doing when this page came up and the Cloudflare Ray ID found at the bottom of this page. Cloudflare Ray ID: a03a20e32a21eb2c
•

        Your IP:
        Click to reveal
52.234.41.64
•

Performance & security by Cloudflare",https://www.gurufocus.com/news/8890967/nvidia-nvda-faces-uncertainty-over-rubin-cpx-launch
NVDA,"Matthew 25 Management Corp Sells 13,000 Shares of NVIDIA Corporation $NVDA - MarketBeat",2026-05-29 08:40:55,"Matthew 25 Management Corp reduced its position in shares of  NVIDIA Corporation (NASDAQ:NVDA - Free Report) by 3.0% during the fourth quarter, according to the company in its most recent 13F filing with the SEC. The firm owned 425,000 shares of the computer hardware maker's stock after selling 13,000 shares during the quarter. NVIDIA comprises about  24.2% of Matthew 25 Management Corp's portfolio, making the stock its biggest position. Matthew 25 Management Corp's holdings in NVIDIA were worth $79,262,000 at the end of the most recent reporting period. Other institutional investors have also added to or reduced their stakes in the company. Brighton Jones LLC raised its stake in shares of  NVIDIA by 12.4% in the fourth quarter. Brighton Jones LLC now owns 324,901 shares of the computer hardware maker's stock worth $43,631,000 after purchasing an additional 35,815 shares during the last quarter.  Bank Pictet & Cie Europe AG raised its stake in shares of  NVIDIA by 1.0% in the fourth quarter. Bank Pictet & Cie Europe AG now owns 2,346,417 shares of the computer hardware maker's stock worth $315,100,000 after purchasing an additional 22,929 shares during the last quarter.  Highview Capital Management LLC DE raised its stake in shares of  NVIDIA by 6.7% in the fourth quarter. Highview Capital Management LLC DE now owns 58,396 shares of the computer hardware maker's stock worth $7,842,000 after purchasing an additional 3,653 shares during the last quarter.  Hudson Value Partners LLC raised its stake in shares of  NVIDIA by 30.7% in the fourth quarter. Hudson Value Partners LLC now owns 50,658 shares of the computer hardware maker's stock worth $6,805,000 after purchasing an additional 11,900 shares during the last quarter.  Finally, Wealth Group Ltd. raised its stake in shares of  NVIDIA by 15.7% in the first quarter. Wealth Group Ltd. now owns 6,598 shares of the computer hardware maker's stock worth $715,000 after purchasing an additional 896 shares during the last quarter. 65.27% of the stock is owned by institutional investors and hedge funds. Here are the key news stories impacting NVIDIA this week: NASDAQ:NVDA opened at $214.25 on Friday. The company has a debt-to-equity ratio of 0.04, a current ratio of 3.44 and a quick ratio of 2.85. The business has a fifty day simple moving average of $198.67 and a two-hundred day simple moving average of $189.55. NVIDIA Corporation has a 1 year low of $132.92 and a 1 year high of $236.54. The company has a market capitalization of $5.18 trillion, a P/E ratio of 32.81, a P/E/G ratio of 0.51 and a beta of 2.25. NVIDIA (NASDAQ:NVDA - Get Free Report) last released its earnings results on Wednesday, May 20th. The computer hardware maker reported $1.87 earnings per share (EPS) for the quarter, topping analysts' consensus estimates of $1.76 by $0.11. NVIDIA had a return on equity of 96.94% and a net margin of 62.97%.The business had revenue of $81.62 billion during the quarter, compared to the consensus estimate of $78.42 billion. During the same period last year, the business posted $0.81 earnings per share. The business's revenue for the quarter was up 85.2% on a year-over-year basis.  On average, analysts expect that  NVIDIA Corporation will post 8.04 earnings per share for the current year. NVIDIA declared that its board has approved a share repurchase plan on Wednesday, May 20th that permits the company to repurchase $80.00 billion in    shares. This repurchase authorization permits the computer hardware maker to purchase up to 1.5% of its stock  through open market purchases. Stock  repurchase plans are typically a sign that the company's management believes its shares are undervalued. The business also recently declared a quarterly dividend, which will be paid on Friday, June 26th. Stockholders of record on Thursday, June 4th will be issued a $0.25 dividend. The ex-dividend date of this dividend is Thursday, June 4th. This is an increase from NVIDIA's previous quarterly dividend of $0.01. This represents a $1.00 dividend on an annualized basis and a dividend yield of 0.5%. NVIDIA's dividend payout ratio  is 0.61%. In other news, Director Aarti S. Shah sold 19,000 shares of the firm's stock in a transaction on Thursday, March 19th. The stock was sold at an average price of $176.71, for a total value of $3,357,490.00. Following the completion of the transaction, the director directly owned 36,007 shares of the company's stock, valued at $6,362,796.97. This trade represents a 34.54% decrease in their ownership of the stock. The transaction was disclosed in a legal filing with the Securities & Exchange Commission, which is available at the SEC website. Also, EVP Ajay K. Puri sold 300,000 shares of the firm's stock in a transaction on Wednesday, March 18th. The stock was sold at an average price of $182.25, for a total value of $54,675,000.00. Following the completion of the transaction, the executive vice president directly owned 3,018,547 shares of the company's stock, valued at $550,130,190.75. The trade was a 9.04% decrease in their ownership of the stock. The disclosure for this sale is available in the SEC filing. Over the last ninety days, insiders sold 906,336 shares of company stock valued at $162,802,518. 3.94% of the stock is currently owned by company insiders. A number of equities analysts have issued reports on the stock. Bank of America  reaffirmed a ""buy"" rating and set a $350.00 price objective (up from $320.00) on shares of NVIDIA in a report on Thursday, May 21st. Raymond James Financial  reiterated a ""strong-buy"" rating and issued a $330.00 target price on shares of NVIDIA in a report on Thursday, May 21st. BNP Paribas Exane boosted their price target on shares of NVIDIA from $270.00 to $285.00 and gave the stock an ""outperform"" rating in a report on Thursday, May 21st. Needham & Company LLC  restated a ""buy"" rating and set a $270.00 price target (up from $240.00) on shares of NVIDIA in a report on Thursday, May 21st. Finally, Benchmark  restated a ""buy"" rating and set a $335.00 price target (up from $250.00) on shares of NVIDIA in a report on Thursday, May 21st. Three investment analysts have rated the stock with a Strong Buy rating, forty-seven have given a Buy rating and three have issued  a Hold rating to the stock. Based on data from MarketBeat.com, the stock  has an average rating of ""Buy"" and an average target price of $305.38. NVIDIA Corporation, founded in 1993 and headquartered in Santa Clara, California, is a global technology company that designs and develops graphics processing units (GPUs) and system-on-chip (SoC) technologies. Co-founded by Jensen Huang, who serves as president and chief executive officer, along with Chris Malachowsky and Curtis Priem, NVIDIA has grown from a graphics-focused chipmaker into a broad provider of accelerated computing hardware and software for multiple industries. The company's product portfolio spans discrete GPUs for gaming and professional visualization (marketed under the GeForce and NVIDIA RTX lines), high-performance data center accelerators used for AI training and inference (including widely adopted platforms such as the A100 and H100 series), and Tegra SoCs for automotive and edge applications. This instant news alert was generated by narrative science technology and financial data from MarketBeat in order to provide readers with the fastest reporting and unbiased coverage. Please send any questions or comments about this story to contact@marketbeat.com. Before you consider NVIDIA, you'll want to hear this. MarketBeat keeps track of Wall Street's top-rated and best performing research analysts and the stocks they recommend to their clients on a daily basis. MarketBeat has identified the five stocks that top analysts are quietly whispering to their clients to buy now before the broader market catches on... and NVIDIA wasn't on the list. While NVIDIA currently has a Buy rating among analysts, top-rated analysts believe these five stocks are better buys. Enter your email address and we’ll send you MarketBeat’s list of ten stocks set to soar in Summer 2026, despite the threat of tariffs and what's happening in Iran. These ten stocks are incredibly resilient and are likely to thrive in any economic environment. Sign up for MarketBeat All Access to gain access to MarketBeat's full suite of research tools. 345 N Reid Place, Suite 620, Sioux Falls, SD 57103
                                        
                                        contact@marketbeat.com
                                        
                                        (844) 978-6257 © MarketBeat Media, LLC 2010-2026. All rights reserved. © 2026   Fair market value prices are updated every minute and are provided by Massive. Other market data provided is at least 10-minutes delayed and hosted by Barchart Solutions.  Information is provided 'as-is' and solely for informational purposes, not for trading purposes or advice, and is delayed. To see all exchange delays and terms of use please see Barchart's disclaimer.",https://www.marketbeat.com/instant-alerts/filing-matthew-25-management-corp-sells-13000-shares-of-nvidia-corporation-nvda-2026-05-29/
NVDA,"RNC Capital Management LLC Sells 3,167 Shares of NVIDIA Corporation $NVDA - MarketBeat",2026-05-29 08:40:54,"RNC Capital Management LLC decreased its stake in shares of  NVIDIA Corporation (NASDAQ:NVDA - Free Report) by 1.8% in the fourth quarter, according to the company in its most recent Form 13F filing with the SEC. The fund owned 168,329 shares of the computer hardware maker's stock after selling 3,167 shares during the quarter. RNC Capital Management LLC's holdings in NVIDIA were worth $31,393,000 at the end of the most recent quarter. Other hedge funds and other institutional investors have also made changes to their positions in the company. Longfellow Investment Management Co. LLC boosted its holdings in shares of  NVIDIA by 47.9% during the 2nd quarter. Longfellow Investment Management Co. LLC now owns 207 shares of the computer hardware maker's stock valued at $33,000 after purchasing an additional 67 shares during the last quarter.  Spurstone Advisory Services LLC bought a new position in shares of  NVIDIA during the 2nd quarter valued at about $40,000.  Syntax Research Inc. boosted its holdings in shares of  NVIDIA by 62.5% during the 4th quarter. Syntax Research Inc. now owns 260 shares of the computer hardware maker's stock valued at $49,000 after purchasing an additional 100 shares during the last quarter.  Sellwood Investment Partners LLC bought a new position in shares of  NVIDIA during the 3rd quarter valued at about $50,000.  Finally, Networth Advisors LLC bought a new position in shares of  NVIDIA during the 4th quarter valued at about $51,000. Institutional investors own  65.27% of the company's stock. NVDA stock opened at $214.25 on Friday. The company has a fifty day simple moving average of $198.67 and a two-hundred day simple moving average of $189.55. The firm has a market capitalization of $5.18 trillion, a P/E ratio of 32.81, a price-to-earnings-growth ratio of 0.51 and a beta of 2.25. The company has a quick ratio of 2.85, a current ratio of 3.44 and a debt-to-equity ratio of 0.04. NVIDIA Corporation has a 52 week low of $132.92 and a 52 week high of $236.54. NVIDIA (NASDAQ:NVDA - Get Free Report) last released its earnings results on Wednesday, May 20th. The computer hardware maker reported $1.87 earnings per share (EPS) for the quarter, topping the consensus estimate of $1.76 by $0.11. The firm had revenue of $81.62 billion during the quarter, compared to analyst estimates of $78.42 billion. NVIDIA had a net margin of 62.97% and a return on equity of 96.94%. The business's revenue was up 85.2% on a year-over-year basis. During the same quarter last year, the business earned $0.81 EPS.  Analysts anticipate that  NVIDIA Corporation will post 8.04 earnings per share for the current fiscal year. NVIDIA announced that its board has authorized a share buyback program on Wednesday, May 20th that permits the company to repurchase $80.00 billion in  outstanding  shares. This repurchase authorization permits the computer hardware maker to purchase up to 1.5% of its shares through open market purchases. Shares repurchase programs are often a sign that the company's board of directors believes its stock is undervalued. The company also recently disclosed a quarterly dividend, which will be paid on Friday, June 26th. Investors of record on Thursday, June 4th will be given a $0.25 dividend. This is an increase from NVIDIA's previous quarterly dividend of $0.01. The ex-dividend date of this dividend is Thursday, June 4th. This represents a $1.00 dividend on an annualized basis and a yield of 0.5%. NVIDIA's dividend payout ratio  is currently 0.61%. In related news, CFO Colette Kress sold 20,000 shares of the stock in a transaction dated Friday, March 20th. The shares were sold at an average price of $174.89, for a total value of $3,497,800.00. Following the sale, the chief financial officer directly owned 83,060 shares of the company's stock, valued at $14,526,363.40. This represents a 19.41% decrease in their position. The transaction was disclosed in a document filed with the SEC, which is available through this hyperlink. Also, Director John Dabiri sold 3,004 shares of the stock in a transaction dated Friday, March 13th. The stock was sold at an average price of $184.90, for a total transaction of $555,439.60. Following the completion of the sale, the director directly owned 14,788 shares in the company, valued at $2,734,301.20. This trade represents a 16.88% decrease in their ownership of the stock. The SEC filing for this sale provides additional information. Insiders sold a total of 906,336 shares of company stock worth $162,802,518 over the last three months. 3.94% of the stock is currently owned by company insiders. Several research analysts have commented on the stock. Piper Sandler  reissued an ""overweight"" rating on shares of NVIDIA in a report on Thursday, February 26th. DA Davidson increased their price objective on shares of NVIDIA from $250.00 to $300.00 and gave the company a ""buy"" rating in a research report on Monday, May 18th. Rosenblatt Securities  reiterated a ""buy"" rating and set a $325.00 price objective on shares of NVIDIA in a research report on Thursday, May 21st. Seaport Research Partners increased their price objective on shares of NVIDIA from $140.00 to $180.00 and gave the company a ""sell"" rating in a research report on Thursday, May 21st. Finally, New Street Research lowered their price objective on shares of NVIDIA from $343.00 to $340.00 in a research report on Thursday, May 21st. Three equities research analysts have rated the stock with a Strong Buy rating, forty-seven have given a Buy rating and three have given a Hold rating to the company. According to MarketBeat, the company currently has a consensus rating of ""Buy"" and an average target price of $305.38. Here are the key news stories impacting NVIDIA this week: NVIDIA Corporation, founded in 1993 and headquartered in Santa Clara, California, is a global technology company that designs and develops graphics processing units (GPUs) and system-on-chip (SoC) technologies. Co-founded by Jensen Huang, who serves as president and chief executive officer, along with Chris Malachowsky and Curtis Priem, NVIDIA has grown from a graphics-focused chipmaker into a broad provider of accelerated computing hardware and software for multiple industries. The company's product portfolio spans discrete GPUs for gaming and professional visualization (marketed under the GeForce and NVIDIA RTX lines), high-performance data center accelerators used for AI training and inference (including widely adopted platforms such as the A100 and H100 series), and Tegra SoCs for automotive and edge applications. This instant news alert was generated by narrative science technology and financial data from MarketBeat in order to provide readers with the fastest reporting and unbiased coverage. Please send any questions or comments about this story to contact@marketbeat.com. Before you consider NVIDIA, you'll want to hear this. MarketBeat keeps track of Wall Street's top-rated and best performing research analysts and the stocks they recommend to their clients on a daily basis. MarketBeat has identified the five stocks that top analysts are quietly whispering to their clients to buy now before the broader market catches on... and NVIDIA wasn't on the list. While NVIDIA currently has a Buy rating among analysts, top-rated analysts believe these five stocks are better buys. Click the link to see MarketBeat's list of seven best retirement stocks and why they should be in your portfolio. Sign up for MarketBeat All Access to gain access to MarketBeat's full suite of research tools. 345 N Reid Place, Suite 620, Sioux Falls, SD 57103
                                        
                                        contact@marketbeat.com
                                        
                                        (844) 978-6257 © MarketBeat Media, LLC 2010-2026. All rights reserved. © 2026   Fair market value prices are updated every minute and are provided by Massive. Other market data provided is at least 10-minutes delayed and hosted by Barchart Solutions.  Information is provided 'as-is' and solely for informational purposes, not for trading purposes or advice, and is delayed. To see all exchange delays and terms of use please see Barchart's disclaimer.",https://www.marketbeat.com/instant-alerts/filing-rnc-capital-management-llc-sells-3167-shares-of-nvidia-corporation-nvda-2026-05-29/
NVDA,Hemenway Trust Co LLC Has $72.87 Million Position in NVIDIA Corporation $NVDA - MarketBeat,2026-05-29 08:40:52,"Hemenway Trust Co LLC decreased its holdings in shares of  NVIDIA Corporation (NASDAQ:NVDA - Free Report) by 2.7% in the 4th quarter, according to the company in its most recent filing with the Securities and Exchange Commission. The institutional investor  owned 390,723 shares of the computer hardware maker's stock after selling 11,038 shares during the period. NVIDIA makes up   5.6% of Hemenway Trust Co LLC's portfolio, making the stock its 2nd biggest holding. Hemenway Trust Co LLC's holdings in NVIDIA were worth $72,870,000 as of its most recent SEC filing. Several other large investors also recently made changes to their positions in the business. State Street Corp boosted its position in shares of  NVIDIA by 1.0% during the 2nd quarter. State Street Corp now owns 978,208,862 shares of the computer hardware maker's stock valued at $154,556,803,000 after purchasing an additional 9,554,857 shares in the last quarter.  Geode Capital Management LLC boosted its position in shares of  NVIDIA by 1.5% during the 2nd quarter. Geode Capital Management LLC now owns 579,213,497 shares of the computer hardware maker's stock valued at $91,150,170,000 after purchasing an additional 8,521,936 shares in the last quarter.  Norges Bank bought a new position in shares of  NVIDIA during the 2nd quarter valued at about $51,386,863,000.  Legal & General Group Plc boosted its position in shares of  NVIDIA by 1.5% during the 3rd quarter. Legal & General Group Plc now owns 181,203,035 shares of the computer hardware maker's stock valued at $33,808,862,000 after purchasing an additional 2,609,560 shares in the last quarter.  Finally, Capital Research Global Investors boosted its position in shares of  NVIDIA by 16.1% during the 3rd quarter. Capital Research Global Investors now owns 165,377,852 shares of the computer hardware maker's stock valued at $30,855,564,000 after purchasing an additional 22,896,705 shares in the last quarter. Institutional investors own  65.27% of the company's stock. NASDAQ NVDA opened at $214.25 on Friday. The company has a 50 day simple moving average of $198.67 and a 200-day simple moving average of $189.55. The company has a debt-to-equity ratio of 0.04, a current ratio of 3.44 and a quick ratio of 2.85. The firm has a market capitalization of $5.18 trillion, a price-to-earnings ratio of 32.81, a price-to-earnings-growth ratio of 0.51 and a beta of 2.25. NVIDIA Corporation has a 52-week low of $132.92 and a 52-week high of $236.54. NVIDIA (NASDAQ:NVDA - Get Free Report) last issued its quarterly earnings data on Wednesday, May 20th. The computer hardware maker reported $1.87 earnings per share for the quarter, beating the consensus estimate of $1.76 by $0.11. The firm had revenue of $81.62 billion for the quarter, compared to analyst estimates of $78.42 billion. NVIDIA had a net margin of 62.97% and a return on equity of 96.94%. The company's revenue for the quarter was up 85.2% on a year-over-year basis. During the same quarter last year, the firm earned $0.81 earnings per share.  Equities research analysts predict that  NVIDIA Corporation will post 8.04 earnings per share for the current fiscal year. The firm also recently announced a quarterly dividend, which will be paid on Friday, June 26th. Shareholders of record on Thursday, June 4th will be paid a $0.25 dividend. This represents a $1.00 dividend on an annualized basis and a yield of 0.5%. This is a boost from NVIDIA's previous quarterly dividend of $0.01. The ex-dividend date is Thursday, June 4th. NVIDIA's dividend payout ratio  is presently 0.61%. NVIDIA announced that its board has initiated a share buyback plan on Wednesday, May 20th that allows the company to repurchase $80.00 billion in    shares. This repurchase authorization allows the computer hardware maker to purchase up to 1.5% of its stock  through open market purchases. Stock  repurchase plans are usually a sign that the company's leadership believes its shares are undervalued. NVDA has been the subject of several research reports. Deutsche Bank Aktiengesellschaft  restated a ""hold"" rating and set a $255.00 price objective (up from $220.00) on shares of NVIDIA in a research report on Thursday, May 21st. Tigress Financial  reaffirmed a ""strong-buy"" rating and set a $425.00 price objective (up from $360.00) on shares of NVIDIA in a research note on Wednesday. Daiwa Securities Group upped their price objective on shares of NVIDIA from $215.00 to $255.00 and gave the company an ""outperform"" rating in a research note on Friday, May 22nd. Weiss Ratings  reaffirmed a ""buy (b)"" rating on shares of NVIDIA in a research note on Friday, April 10th. Finally, HSBC  reaffirmed a ""buy"" rating and set a $325.00 price objective (up from $295.00) on shares of NVIDIA in a research note on Tuesday, May 19th. Three equities research analysts have rated the stock with a Strong Buy rating, forty-seven have assigned  a Buy rating and three have given a Hold rating to the company's stock. According to data from MarketBeat.com, the company  has a consensus rating of ""Buy"" and an average price target of $305.38. Here are the key news stories impacting NVIDIA this week: In other NVIDIA news, CFO Colette Kress sold 20,000 shares of NVIDIA stock in a transaction that occurred on Friday, March 20th. The shares were sold at an average price of $174.89, for a total value of $3,497,800.00. Following the completion of the sale, the chief financial officer directly owned 83,060 shares in the company, valued at $14,526,363.40. The trade was a 19.41% decrease in their ownership of the stock. The transaction was disclosed in a legal filing with the Securities & Exchange Commission, which is available through the SEC website. Also, EVP Ajay K. Puri sold 300,000 shares of NVIDIA stock in a transaction that occurred on Wednesday, March 18th. The shares were sold at an average price of $182.25, for a total transaction of $54,675,000.00. Following the completion of the sale, the executive vice president owned 3,018,547 shares of the company's stock, valued at $550,130,190.75. This trade represents a 9.04% decrease in their ownership of the stock. The SEC filing for this sale provides additional information. Over the last three months, insiders sold 906,336 shares of company stock valued at $162,802,518. Insiders own  3.94% of the company's stock. NVIDIA Corporation, founded in 1993 and headquartered in Santa Clara, California, is a global technology company that designs and develops graphics processing units (GPUs) and system-on-chip (SoC) technologies. Co-founded by Jensen Huang, who serves as president and chief executive officer, along with Chris Malachowsky and Curtis Priem, NVIDIA has grown from a graphics-focused chipmaker into a broad provider of accelerated computing hardware and software for multiple industries. The company's product portfolio spans discrete GPUs for gaming and professional visualization (marketed under the GeForce and NVIDIA RTX lines), high-performance data center accelerators used for AI training and inference (including widely adopted platforms such as the A100 and H100 series), and Tegra SoCs for automotive and edge applications. Want to see what other hedge funds are holding NVDA? Visit HoldingsChannel.com to get the latest 13F filings and insider trades for NVIDIA Corporation (NASDAQ:NVDA - Free Report). This instant news alert was generated by narrative science technology and financial data from MarketBeat in order to provide readers with the fastest reporting and unbiased coverage. Please send any questions or comments about this story to contact@marketbeat.com. Before you consider NVIDIA, you'll want to hear this. MarketBeat keeps track of Wall Street's top-rated and best performing research analysts and the stocks they recommend to their clients on a daily basis. MarketBeat has identified the five stocks that top analysts are quietly whispering to their clients to buy now before the broader market catches on... and NVIDIA wasn't on the list. While NVIDIA currently has a Buy rating among analysts, top-rated analysts believe these five stocks are better buys. We are about to experience the greatest A.I. boom in stock market history...

Thanks to a pivotal economic catalyst, specific tech stocks will skyrocket just like they did during the ""dot com"" boom in the 1990s.

That’s why, we’ve hand-selected 7 tiny tech disruptor stocks positioned to surge. Sign up for MarketBeat All Access to gain access to MarketBeat's full suite of research tools. 345 N Reid Place, Suite 620, Sioux Falls, SD 57103
                                        
                                        contact@marketbeat.com
                                        
                                        (844) 978-6257 © MarketBeat Media, LLC 2010-2026. All rights reserved. © 2026   Fair market value prices are updated every minute and are provided by Massive. Other market data provided is at least 10-minutes delayed and hosted by Barchart Solutions.  Information is provided 'as-is' and solely for informational purposes, not for trading purposes or advice, and is delayed. To see all exchange delays and terms of use please see Barchart's disclaimer.",https://www.marketbeat.com/instant-alerts/filing-hemenway-trust-co-llc-has-7287-million-position-in-nvidia-corporation-nvda-2026-05-29/
NVDA,NVIDIA Corporation $NVDA Stake Boosted by Principal Financial Group Inc. - MarketBeat,2026-05-29 08:40:52,"Principal Financial Group Inc. boosted its position in  NVIDIA Corporation (NASDAQ:NVDA - Free Report) by 3.4% in the fourth quarter, according to its most recent disclosure with the Securities and Exchange Commission (SEC). The fund owned 38,551,197 shares of the computer hardware maker's stock after buying an additional 1,251,321 shares during the quarter. NVIDIA makes up  about  3.7% of Principal Financial Group Inc.'s holdings, making the stock its largest position. Principal Financial Group Inc. owned about 0.16% of NVIDIA worth $7,189,801,000 at the end of the most recent reporting period. A number of other large investors have also bought and sold shares of NVDA. Longfellow Investment Management Co. LLC lifted its holdings in  NVIDIA by 47.9% during the second quarter. Longfellow Investment Management Co. LLC now owns 207 shares of the computer hardware maker's stock valued at $33,000 after purchasing an additional 67 shares during the last quarter.  Spurstone Advisory Services LLC purchased a new stake in  NVIDIA during the second quarter valued at about $40,000.  Syntax Research Inc. lifted its holdings in  NVIDIA by 62.5% during the fourth quarter. Syntax Research Inc. now owns 260 shares of the computer hardware maker's stock valued at $49,000 after purchasing an additional 100 shares during the last quarter.  Sellwood Investment Partners LLC purchased a new stake in  NVIDIA during the third quarter valued at about $50,000.  Finally, Networth Advisors LLC purchased a new stake in  NVIDIA during the fourth quarter valued at about $51,000. 65.27% of the stock is owned by hedge funds and other institutional investors. Several equities research analysts have commented on the stock. Jefferies Financial Group  reaffirmed a ""buy"" rating and set a $300.00 price objective (up from $275.00) on shares of NVIDIA in a report on Thursday, May 21st. Weiss Ratings  reiterated a ""buy (b)"" rating on shares of NVIDIA in a research report on Friday, April 10th. Seaport Research Partners upped their price target on NVIDIA from $140.00 to $180.00 and gave the company a ""sell"" rating in a research report on Thursday, May 21st. BNP Paribas Exane upped their price target on NVIDIA from $270.00 to $285.00 and gave the company an ""outperform"" rating in a research report on Thursday, May 21st. Finally, Deutsche Bank Aktiengesellschaft  reiterated a ""hold"" rating and set a $255.00 price target (up from $220.00) on shares of NVIDIA in a research report on Thursday, May 21st. Three analysts have rated the stock with a Strong Buy rating, forty-seven have issued  a Buy rating and three have assigned  a Hold rating to the company's stock. According to data from MarketBeat.com, the stock presently has an average rating of ""Buy"" and a consensus target price of $305.38. Here are the key news stories impacting NVIDIA this week: NVDA stock opened at $214.25 on Friday. The company has a current ratio of 3.44, a quick ratio of 2.85 and a debt-to-equity ratio of 0.04. The company's 50 day moving average is $198.67 and its 200 day moving average is $189.55. The stock has a market cap of $5.18 trillion, a price-to-earnings ratio of 32.81, a price-to-earnings-growth ratio of 0.51 and a beta of 2.25. NVIDIA Corporation has a 1-year low of $132.92 and a 1-year high of $236.54. NVIDIA (NASDAQ:NVDA - Get Free Report) last issued its quarterly earnings results on Wednesday, May 20th. The computer hardware maker reported $1.87 EPS for the quarter, beating analysts' consensus estimates of $1.76 by $0.11. The business had revenue of $81.62 billion for the quarter, compared to analysts' expectations of $78.42 billion. NVIDIA had a net margin of 62.97% and a return on equity of 96.94%. The business's quarterly revenue was up 85.2% on a year-over-year basis. During the same period last year, the business earned $0.81 earnings per share.  Sell-side analysts predict that  NVIDIA Corporation will post 8.04 EPS for the current fiscal year. The firm also recently disclosed a quarterly dividend, which will be paid on Friday, June 26th. Stockholders of record on Thursday, June 4th will be paid a $0.25 dividend. This is a positive change from NVIDIA's previous quarterly dividend of $0.01. The ex-dividend date of this dividend is Thursday, June 4th. This represents a $1.00 dividend on an annualized basis and a dividend yield of 0.5%. NVIDIA's dividend payout ratio  is currently 0.61%. NVIDIA declared that its board has approved a stock buyback program on Wednesday, May 20th that authorizes the company to repurchase $80.00 billion in  outstanding  shares. This repurchase authorization authorizes the computer hardware maker to buy up to 1.5% of its stock  through open market purchases. Stock  repurchase programs are typically an indication that the company's management believes its shares are undervalued. In other news, Director Mark A. Stevens sold 221,682 shares of the company's stock in a transaction on Friday, March 20th. The shares were sold at an average price of $173.68, for a total value of $38,501,729.76. Following the completion of the sale, the director owned 7,399,771 shares of the company's stock, valued at approximately $1,285,192,227.28. This represents a 2.91% decrease in their position. The sale was disclosed in a document filed with the Securities & Exchange Commission, which is accessible through this link. Also, Director Aarti S. Shah sold 19,000 shares of the company's stock in a transaction on Thursday, March 19th. The shares were sold at an average price of $176.71, for a total transaction of $3,357,490.00. Following the completion of the sale, the director directly owned 36,007 shares of the company's stock, valued at $6,362,796.97. This trade represents a 34.54% decrease in their position. Additional details regarding this sale are available in the official SEC disclosure. Insiders have sold 906,336 shares of company stock worth $162,802,518 in the last ninety days. 3.94% of the stock is currently owned by insiders. NVIDIA Corporation, founded in 1993 and headquartered in Santa Clara, California, is a global technology company that designs and develops graphics processing units (GPUs) and system-on-chip (SoC) technologies. Co-founded by Jensen Huang, who serves as president and chief executive officer, along with Chris Malachowsky and Curtis Priem, NVIDIA has grown from a graphics-focused chipmaker into a broad provider of accelerated computing hardware and software for multiple industries. The company's product portfolio spans discrete GPUs for gaming and professional visualization (marketed under the GeForce and NVIDIA RTX lines), high-performance data center accelerators used for AI training and inference (including widely adopted platforms such as the A100 and H100 series), and Tegra SoCs for automotive and edge applications. Want to see what other hedge funds are holding NVDA? Visit HoldingsChannel.com to get the latest 13F filings and insider trades for NVIDIA Corporation (NASDAQ:NVDA - Free Report). This instant news alert was generated by narrative science technology and financial data from MarketBeat in order to provide readers with the fastest reporting and unbiased coverage. Please send any questions or comments about this story to contact@marketbeat.com. Before you consider NVIDIA, you'll want to hear this. MarketBeat keeps track of Wall Street's top-rated and best performing research analysts and the stocks they recommend to their clients on a daily basis. MarketBeat has identified the five stocks that top analysts are quietly whispering to their clients to buy now before the broader market catches on... and NVIDIA wasn't on the list. While NVIDIA currently has a Buy rating among analysts, top-rated analysts believe these five stocks are better buys. Unlock the timeless value of gold with our exclusive 2026 Gold Forecasting Report. Explore why gold remains the ultimate investment for safeguarding wealth against inflation, economic shifts, and global uncertainties. Whether you're planning for future generations or seeking a reliable asset in turbulent times, this report is your essential guide to making informed decisions. Sign up for MarketBeat All Access to gain access to MarketBeat's full suite of research tools. 345 N Reid Place, Suite 620, Sioux Falls, SD 57103
                                        
                                        contact@marketbeat.com
                                        
                                        (844) 978-6257 © MarketBeat Media, LLC 2010-2026. All rights reserved. © 2026   Fair market value prices are updated every minute and are provided by Massive. Other market data provided is at least 10-minutes delayed and hosted by Barchart Solutions.  Information is provided 'as-is' and solely for informational purposes, not for trading purposes or advice, and is delayed. To see all exchange delays and terms of use please see Barchart's disclaimer. Enter your email address below to receive InsiderTrades.com’s daily insider buying and selling report for NVIDIA and related companies.",https://www.marketbeat.com/instant-alerts/filing-nvidia-corporation-nvda-stake-boosted-by-principal-financial-group-inc-2026-05-29/
NVDA,NVIDIA Corporation $NVDA Shares Acquired by Milestone Asset Management Group LLC - MarketBeat,2026-05-29 08:40:49,"Milestone Asset Management Group LLC increased its stake in  NVIDIA Corporation (NASDAQ:NVDA - Free Report) by 22.5% in the fourth quarter, according to its most recent 13F filing with the Securities & Exchange Commission. The institutional investor  owned 19,145 shares of the computer hardware maker's stock after purchasing an additional 3,515 shares during the quarter. NVIDIA accounts for  2.0% of Milestone Asset Management Group LLC's investment portfolio, making the stock its 17th largest position. Milestone Asset Management Group LLC's holdings in NVIDIA were worth $3,571,000 as of its most recent filing with the Securities & Exchange Commission. Other large investors have also made changes to their positions in the company. Longfellow Investment Management Co. LLC grew its position in  NVIDIA by 47.9% during the second quarter. Longfellow Investment Management Co. LLC now owns 207 shares of the computer hardware maker's stock worth $33,000 after buying an additional 67 shares during the period.  Spurstone Advisory Services LLC acquired a new position in  NVIDIA during the second quarter worth about $40,000.  Syntax Research Inc. grew its position in  NVIDIA by 62.5% during the fourth quarter. Syntax Research Inc. now owns 260 shares of the computer hardware maker's stock worth $49,000 after buying an additional 100 shares during the period.  Sellwood Investment Partners LLC acquired a new position in  NVIDIA during the third quarter worth about $50,000.  Finally, Networth Advisors LLC acquired a new position in  NVIDIA during the fourth quarter worth about $51,000. Hedge funds and other institutional investors own  65.27% of the company's stock. In related news, Director Mark A. Stevens sold 221,682 shares of the firm's stock in a transaction that occurred on Friday, March 20th. The shares were sold at an average price of $173.68, for a total transaction of $38,501,729.76. Following the sale, the director owned 7,399,771 shares in the company, valued at approximately $1,285,192,227.28. This trade represents a 2.91% decrease in their ownership of the stock. The sale was disclosed in a legal filing with the Securities & Exchange Commission, which can be accessed through this hyperlink. Also, Director John Dabiri sold 3,004 shares of the firm's stock in a transaction that occurred on Friday, March 13th. The stock was sold at an average price of $184.90, for a total transaction of $555,439.60. Following the sale, the director owned 14,788 shares in the company, valued at approximately $2,734,301.20. This trade represents a 16.88% decrease in their position. Additional details regarding this sale are available in the official SEC disclosure. Insiders have sold 906,336 shares of company stock valued at $162,802,518 in the last 90 days. Insiders own  3.94% of the company's stock. Here are the key news stories impacting NVIDIA this week: Several research analysts have weighed in on NVDA shares. Robert W. Baird  set a $500.00 target price on shares of NVIDIA and gave the stock an ""outperform"" rating in a research report on Thursday, May 21st. UBS Group upped their target price on shares of NVIDIA from $275.00 to $280.00 and gave the stock a ""buy"" rating in a research report on Thursday, May 21st. Bank of America  restated a ""buy"" rating and set a $350.00 target price (up from $320.00) on shares of NVIDIA in a research report on Thursday, May 21st. DZ Bank  restated a ""buy"" rating on shares of NVIDIA in a research report on Thursday, May 21st. Finally, Benchmark  restated a ""buy"" rating and set a $335.00 target price (up from $250.00) on shares of NVIDIA in a research report on Thursday, May 21st. Three equities research analysts have rated the stock with a Strong Buy rating, forty-seven have given a Buy rating and three have issued  a Hold rating to the company. According to MarketBeat, the stock currently has an average rating of ""Buy"" and an average price target of $305.38. Shares of NASDAQ NVDA opened at $214.25 on Friday. The company has a market cap of $5.18 trillion, a PE ratio of 32.81, a price-to-earnings-growth ratio of 0.51 and a beta of 2.25. NVIDIA Corporation has a 12 month low of $132.92 and a 12 month high of $236.54. The company has a debt-to-equity ratio of 0.04, a current ratio of 3.44 and a quick ratio of 2.85. The company has a 50-day simple moving average of $198.67 and a 200-day simple moving average of $189.55. NVIDIA (NASDAQ:NVDA - Get Free Report) last issued its quarterly earnings results on Wednesday, May 20th. The computer hardware maker reported $1.87 EPS for the quarter, topping analysts' consensus estimates of $1.76 by $0.11. NVIDIA had a net margin of 62.97% and a return on equity of 96.94%. The business had revenue of $81.62 billion during the quarter, compared to the consensus estimate of $78.42 billion. During the same period in the previous year, the firm posted $0.81 earnings per share. The company's quarterly revenue was up 85.2% compared to the same quarter last year.  On average, equities analysts anticipate that  NVIDIA Corporation will post 8.04 earnings per share for the current year. NVIDIA announced that its Board of Directors has initiated a share buyback program on Wednesday, May 20th that permits the company to buyback $80.00 billion in  outstanding  shares. This buyback authorization permits the computer hardware maker to reacquire up to 1.5% of its stock  through open market purchases. Stock  buyback programs are usually an indication that the company's board believes its shares are undervalued. The company also recently announced a quarterly dividend, which will be paid on Friday, June 26th. Investors of record on Thursday, June 4th will be given a dividend of $0.25 per share. This represents a $1.00 dividend on an annualized basis and a yield of 0.5%. This is an increase from NVIDIA's previous quarterly dividend of $0.01. The ex-dividend date is Thursday, June 4th. NVIDIA's dividend payout ratio (DPR) is 0.61%. NVIDIA Corporation, founded in 1993 and headquartered in Santa Clara, California, is a global technology company that designs and develops graphics processing units (GPUs) and system-on-chip (SoC) technologies. Co-founded by Jensen Huang, who serves as president and chief executive officer, along with Chris Malachowsky and Curtis Priem, NVIDIA has grown from a graphics-focused chipmaker into a broad provider of accelerated computing hardware and software for multiple industries. The company's product portfolio spans discrete GPUs for gaming and professional visualization (marketed under the GeForce and NVIDIA RTX lines), high-performance data center accelerators used for AI training and inference (including widely adopted platforms such as the A100 and H100 series), and Tegra SoCs for automotive and edge applications. Want to see what other hedge funds are holding NVDA? Visit HoldingsChannel.com to get the latest 13F filings and insider trades for NVIDIA Corporation (NASDAQ:NVDA - Free Report). This instant news alert was generated by narrative science technology and financial data from MarketBeat in order to provide readers with the fastest reporting and unbiased coverage. Please send any questions or comments about this story to contact@marketbeat.com. Before you consider NVIDIA, you'll want to hear this. MarketBeat keeps track of Wall Street's top-rated and best performing research analysts and the stocks they recommend to their clients on a daily basis. MarketBeat has identified the five stocks that top analysts are quietly whispering to their clients to buy now before the broader market catches on... and NVIDIA wasn't on the list. While NVIDIA currently has a Buy rating among analysts, top-rated analysts believe these five stocks are better buys. Click the link to see MarketBeat's guide to investing in 5G and which 5G stocks show the most promise. Sign up for MarketBeat All Access to gain access to MarketBeat's full suite of research tools. 345 N Reid Place, Suite 620, Sioux Falls, SD 57103
                                        
                                        contact@marketbeat.com
                                        
                                        (844) 978-6257 © MarketBeat Media, LLC 2010-2026. All rights reserved. © 2026   Fair market value prices are updated every minute and are provided by Massive. Other market data provided is at least 10-minutes delayed and hosted by Barchart Solutions.  Information is provided 'as-is' and solely for informational purposes, not for trading purposes or advice, and is delayed. To see all exchange delays and terms of use please see Barchart's disclaimer.",https://www.marketbeat.com/instant-alerts/filing-nvidia-corporation-nvda-shares-acquired-by-milestone-asset-management-group-llc-2026-05-29/
NVDA,McIlrath & Eck LLC Has $3.56 Million Holdings in NVIDIA Corporation $NVDA - MarketBeat,2026-05-29 08:40:42,"McIlrath & Eck LLC reduced its position in  NVIDIA Corporation (NASDAQ:NVDA - Free Report) by 22.7% during the 4th quarter, according to the company in its most recent filing with the Securities and Exchange Commission (SEC). The fund owned 19,063 shares of the computer hardware maker's stock after selling 5,603 shares during the period. McIlrath & Eck LLC's holdings in NVIDIA were worth $3,555,000 at the end of the most recent quarter. Other hedge funds also recently bought and sold shares of the company. Longfellow Investment Management Co. LLC increased its position in  NVIDIA by 47.9% in the 2nd quarter. Longfellow Investment Management Co. LLC now owns 207 shares of the computer hardware maker's stock worth $33,000 after purchasing an additional 67 shares during the last quarter.  Spurstone Advisory Services LLC bought a new stake in shares of  NVIDIA during the 2nd quarter worth about $40,000.  Syntax Research Inc. boosted its stake in shares of  NVIDIA by 62.5% during the 4th quarter. Syntax Research Inc. now owns 260 shares of the computer hardware maker's stock worth $49,000 after acquiring an additional 100 shares in the last quarter.  Sellwood Investment Partners LLC bought a new stake in shares of  NVIDIA during the 3rd quarter worth about $50,000.  Finally, Networth Advisors LLC bought a new stake in shares of  NVIDIA during the 4th quarter worth about $51,000. 65.27% of the stock is owned by institutional investors and hedge funds. Here are the key news stories impacting NVIDIA this week: NVDA opened at $214.25 on Friday. The firm has a market capitalization of $5.18 trillion, a P/E ratio of 32.81, a price-to-earnings-growth ratio of 0.51 and a beta of 2.25. The stock's 50 day moving average price is $198.67 and its two-hundred day moving average price is $189.55. The company has a quick ratio of 2.85, a current ratio of 3.44 and a debt-to-equity ratio of 0.04. NVIDIA Corporation has a 12-month low of $132.92 and a 12-month high of $236.54. NVIDIA (NASDAQ:NVDA - Get Free Report) last released its earnings results on Wednesday, May 20th. The computer hardware maker reported $1.87 earnings per share (EPS) for the quarter, beating analysts' consensus estimates of $1.76 by $0.11. The firm had revenue of $81.62 billion for the quarter, compared to analyst estimates of $78.42 billion. NVIDIA had a return on equity of 96.94% and a net margin of 62.97%.The company's revenue was up 85.2% on a year-over-year basis. During the same quarter last year, the firm posted $0.81 EPS.  On average, equities analysts forecast that  NVIDIA Corporation will post 8.04 earnings per share for the current year. The firm also recently announced a quarterly dividend, which will be paid on Friday, June 26th. Shareholders of record on Thursday, June 4th will be issued a $0.25 dividend. This is an increase from NVIDIA's previous quarterly dividend of $0.01. The ex-dividend date of this dividend is Thursday, June 4th. This represents a $1.00 dividend on an annualized basis and a yield of 0.5%. NVIDIA's payout ratio is 0.61%. NVIDIA declared that its Board of Directors has approved a share repurchase plan on Wednesday, May 20th that permits the company to repurchase $80.00 billion in    shares. This repurchase authorization permits the computer hardware maker to purchase up to 1.5% of its stock  through open market purchases. Stock  repurchase plans are usually a sign that the company's management believes its stock is undervalued. Several analysts have recently issued reports on NVDA shares. Wall Street Zen upgraded NVIDIA from a ""buy"" rating to a ""strong-buy"" rating in a research note on Saturday, May 23rd. Argus upped their price target on NVIDIA from $220.00 to $270.00 and gave the stock a ""buy"" rating in a research note on Thursday, May 21st. Sanford C. Bernstein  reiterated an ""outperform"" rating on shares of NVIDIA in a research note on Thursday, May 21st. Wells Fargo & Company  reiterated an ""overweight"" rating and set a $315.00 price target (up from $265.00) on shares of NVIDIA in a research note on Tuesday, May 12th. Finally, Seaport Research Partners upped their price target on NVIDIA from $140.00 to $180.00 and gave the stock a ""sell"" rating in a research note on Thursday, May 21st. Three equities research analysts have rated the stock with a Strong Buy rating, forty-seven have issued  a Buy rating and three have given a Hold rating to the company. According to data from MarketBeat, NVIDIA  has an average rating of ""Buy"" and a consensus target price of $305.38. In other NVIDIA news, EVP Ajay K. Puri sold 300,000 shares of the firm's stock in a transaction that occurred on Wednesday, March 18th. The stock was sold at an average price of $182.25, for a total value of $54,675,000.00. Following the sale, the executive vice president owned 3,018,547 shares of the company's stock, valued at $550,130,190.75. This trade represents a 9.04% decrease in their position. The transaction was disclosed in a filing with the SEC, which is available through this link. Also, Director Aarti S. Shah sold 19,000 shares of the firm's stock in a transaction that occurred on Thursday, March 19th. The stock was sold at an average price of $176.71, for a total value of $3,357,490.00. Following the completion of the sale, the director owned 36,007 shares of the company's stock, valued at $6,362,796.97. This represents a 34.54% decrease in their position. The SEC filing for this sale provides additional information. Over the last three months, insiders have sold 906,336 shares of company stock worth $162,802,518. Insiders own  3.94% of the company's stock. NVIDIA Corporation, founded in 1993 and headquartered in Santa Clara, California, is a global technology company that designs and develops graphics processing units (GPUs) and system-on-chip (SoC) technologies. Co-founded by Jensen Huang, who serves as president and chief executive officer, along with Chris Malachowsky and Curtis Priem, NVIDIA has grown from a graphics-focused chipmaker into a broad provider of accelerated computing hardware and software for multiple industries. The company's product portfolio spans discrete GPUs for gaming and professional visualization (marketed under the GeForce and NVIDIA RTX lines), high-performance data center accelerators used for AI training and inference (including widely adopted platforms such as the A100 and H100 series), and Tegra SoCs for automotive and edge applications. This instant news alert was generated by narrative science technology and financial data from MarketBeat in order to provide readers with the fastest reporting and unbiased coverage. Please send any questions or comments about this story to contact@marketbeat.com. Before you consider NVIDIA, you'll want to hear this. MarketBeat keeps track of Wall Street's top-rated and best performing research analysts and the stocks they recommend to their clients on a daily basis. MarketBeat has identified the five stocks that top analysts are quietly whispering to their clients to buy now before the broader market catches on... and NVIDIA wasn't on the list. While NVIDIA currently has a Buy rating among analysts, top-rated analysts believe these five stocks are better buys. MarketBeat just released its list of the 7 hottest IPOs expected to hit Wall Street in 2026. See which companies are preparing to go public and why investors are watching closely. Sign up for MarketBeat All Access to gain access to MarketBeat's full suite of research tools. 345 N Reid Place, Suite 620, Sioux Falls, SD 57103
                                        
                                        contact@marketbeat.com
                                        
                                        (844) 978-6257 © MarketBeat Media, LLC 2010-2026. All rights reserved. © 2026   Fair market value prices are updated every minute and are provided by Massive. Other market data provided is at least 10-minutes delayed and hosted by Barchart Solutions.  Information is provided 'as-is' and solely for informational purposes, not for trading purposes or advice, and is delayed. To see all exchange delays and terms of use please see Barchart's disclaimer.",https://www.marketbeat.com/instant-alerts/filing-mcilrath-eck-llc-has-356-million-holdings-in-nvidia-corporation-nvda-2026-05-29/
NVDA,NVIDIA Corporation $NVDA Shares Sold by Highland Capital Management LLC - MarketBeat,2026-05-29 08:40:42,"Highland Capital Management LLC trimmed its holdings in shares of  NVIDIA Corporation (NASDAQ:NVDA - Free Report) by 2.7% in the fourth quarter, according to its most recent 13F filing with the Securities and Exchange Commission. The fund owned 348,803 shares of the computer hardware maker's stock after selling 9,810 shares during the quarter. NVIDIA accounts for approximately  3.2% of Highland Capital Management LLC's portfolio, making the stock its 4th biggest position. Highland Capital Management LLC's holdings in NVIDIA were worth $65,052,000 as of its most recent SEC filing. A number of other institutional investors and hedge funds have also made changes to their positions in NVDA. Longfellow Investment Management Co. LLC raised its stake in shares of  NVIDIA by 47.9% in the 2nd quarter. Longfellow Investment Management Co. LLC now owns 207 shares of the computer hardware maker's stock valued at $33,000 after acquiring an additional 67 shares during the period.  Spurstone Advisory Services LLC purchased a new stake in shares of  NVIDIA in the 2nd quarter valued at approximately $40,000.  Syntax Research Inc. raised its stake in shares of  NVIDIA by 62.5% in the 4th quarter. Syntax Research Inc. now owns 260 shares of the computer hardware maker's stock valued at $49,000 after acquiring an additional 100 shares during the period.  Sellwood Investment Partners LLC purchased a new stake in shares of  NVIDIA in the 3rd quarter valued at approximately $50,000.  Finally, Networth Advisors LLC purchased a new stake in shares of  NVIDIA in the 4th quarter valued at approximately $51,000. 65.27% of the stock is owned by hedge funds and other institutional investors. Here are the key news stories impacting NVIDIA this week: Shares of NASDAQ:NVDA opened at $214.25 on Friday. NVIDIA Corporation has a 52 week low of $132.92 and a 52 week high of $236.54. The company's 50 day moving average is $198.67 and its two-hundred day moving average is $189.55. The company has a current ratio of 3.44, a quick ratio of 2.85 and a debt-to-equity ratio of 0.04. The company has a market cap of $5.18 trillion, a PE ratio of 32.81, a P/E/G ratio of 0.51 and a beta of 2.25. NVIDIA (NASDAQ:NVDA - Get Free Report) last announced its quarterly earnings data on Wednesday, May 20th. The computer hardware maker reported $1.87 EPS for the quarter, beating analysts' consensus estimates of $1.76 by $0.11. NVIDIA had a net margin of 62.97% and a return on equity of 96.94%. The company had revenue of $81.62 billion for the quarter, compared to the consensus estimate of $78.42 billion. During the same period in the prior year, the firm posted $0.81 EPS. The company's quarterly revenue was up 85.2% compared to the same quarter last year.  Equities analysts predict that  NVIDIA Corporation will post 8.04 earnings per share for the current fiscal year. The company also recently disclosed a quarterly dividend, which will be paid on Friday, June 26th. Shareholders of record on Thursday, June 4th will be given a $0.25 dividend. The ex-dividend date of this dividend is Thursday, June 4th. This represents a $1.00 dividend on an annualized basis and a dividend yield of 0.5%. This is a boost from NVIDIA's previous quarterly dividend of $0.01. NVIDIA's payout ratio is currently 0.61%. NVIDIA declared that its Board of Directors has initiated a share buyback plan on Wednesday, May 20th that allows the company to repurchase $80.00 billion in    shares. This repurchase authorization allows the computer hardware maker to repurchase up to 1.5% of its shares through open market purchases. Shares repurchase plans are typically a sign that the company's leadership believes its stock is undervalued. A number of equities research analysts have recently issued reports on NVDA shares. Deutsche Bank Aktiengesellschaft  reissued a ""hold"" rating and issued a $255.00 price target (up from $220.00) on shares of NVIDIA in a research note on Thursday, May 21st. Rosenblatt Securities  reaffirmed a ""buy"" rating and issued a $325.00 target price on shares of NVIDIA in a research report on Thursday, May 21st. New Street Research dropped their target price on NVIDIA from $343.00 to $340.00 in a research report on Thursday, May 21st. Fundamental Research  set a $218.00 target price on NVIDIA in a research report on Thursday, February 26th. Finally, Cantor Fitzgerald  reaffirmed an ""overweight"" rating and issued a $350.00 target price on shares of NVIDIA in a research report on Thursday, May 21st. Three investment analysts have rated the stock with a Strong Buy rating, forty-seven have assigned  a Buy rating and three have issued  a Hold rating to the company's stock. Based on data from MarketBeat.com, the stock presently has an average rating of ""Buy"" and a consensus target price of $305.38. In related news, Director John Dabiri sold 3,004 shares of the company's stock in a transaction that occurred on Friday, March 13th. The stock was sold at an average price of $184.90, for a total value of $555,439.60. Following the completion of the transaction, the director directly owned 14,788 shares of the company's stock, valued at $2,734,301.20. This represents a 16.88% decrease in their ownership of the stock. The sale was disclosed in a document filed with the SEC, which is available through this hyperlink. Also, CFO Colette Kress sold 42,650 shares of the company's stock in a transaction that occurred on Friday, March 20th. The shares were sold at an average price of $174.89, for a total value of $7,459,058.50. Following the completion of the transaction, the chief financial officer directly owned 881,387 shares of the company's stock, valued at $154,145,772.43. This trade represents a 4.62% decrease in their ownership of the stock. Additional details regarding this sale are available in the official SEC disclosure. Insiders sold a total of 906,336 shares of company stock valued at $162,802,518 over the last three months. 3.94% of the stock is owned by corporate insiders. NVIDIA Corporation, founded in 1993 and headquartered in Santa Clara, California, is a global technology company that designs and develops graphics processing units (GPUs) and system-on-chip (SoC) technologies. Co-founded by Jensen Huang, who serves as president and chief executive officer, along with Chris Malachowsky and Curtis Priem, NVIDIA has grown from a graphics-focused chipmaker into a broad provider of accelerated computing hardware and software for multiple industries. The company's product portfolio spans discrete GPUs for gaming and professional visualization (marketed under the GeForce and NVIDIA RTX lines), high-performance data center accelerators used for AI training and inference (including widely adopted platforms such as the A100 and H100 series), and Tegra SoCs for automotive and edge applications. This instant news alert was generated by narrative science technology and financial data from MarketBeat in order to provide readers with the fastest reporting and unbiased coverage. Please send any questions or comments about this story to contact@marketbeat.com. Before you consider NVIDIA, you'll want to hear this. MarketBeat keeps track of Wall Street's top-rated and best performing research analysts and the stocks they recommend to their clients on a daily basis. MarketBeat has identified the five stocks that top analysts are quietly whispering to their clients to buy now before the broader market catches on... and NVIDIA wasn't on the list. While NVIDIA currently has a Buy rating among analysts, top-rated analysts believe these five stocks are better buys. Click the link to see MarketBeat's guide to investing in 5G and which 5G stocks show the most promise. Sign up for MarketBeat All Access to gain access to MarketBeat's full suite of research tools. 345 N Reid Place, Suite 620, Sioux Falls, SD 57103
                                        
                                        contact@marketbeat.com
                                        
                                        (844) 978-6257 © MarketBeat Media, LLC 2010-2026. All rights reserved. © 2026   Fair market value prices are updated every minute and are provided by Massive. Other market data provided is at least 10-minutes delayed and hosted by Barchart Solutions.  Information is provided 'as-is' and solely for informational purposes, not for trading purposes or advice, and is delayed. To see all exchange delays and terms of use please see Barchart's disclaimer.",https://www.marketbeat.com/instant-alerts/filing-nvidia-corporation-nvda-shares-sold-by-highland-capital-management-llc-2026-05-29/
NVDA,"Liberty Atlantic Advisors LLC Invests $989,000 in NVIDIA Corporation $NVDA - MarketBeat",2026-05-29 08:40:41,"Liberty Atlantic Advisors LLC purchased a new position in shares of  NVIDIA Corporation (NASDAQ:NVDA - Free Report) in the fourth quarter, according to its most recent filing with the Securities & Exchange Commission. The fund purchased 5,305 shares of the computer hardware maker's stock, valued at approximately $989,000. NVIDIA makes up  about  1.0% of Liberty Atlantic Advisors LLC's holdings, making the stock its 18th biggest holding. Other hedge funds and other institutional investors have also modified their holdings of the company. Brighton Jones LLC boosted its position in  NVIDIA by 12.4% during the fourth quarter. Brighton Jones LLC now owns 324,901 shares of the computer hardware maker's stock worth $43,631,000 after acquiring an additional 35,815 shares during the last quarter.  Bank Pictet & Cie Europe AG boosted its position in  NVIDIA by 1.0% during the fourth quarter. Bank Pictet & Cie Europe AG now owns 2,346,417 shares of the computer hardware maker's stock worth $315,100,000 after acquiring an additional 22,929 shares during the last quarter.  Highview Capital Management LLC DE boosted its position in  NVIDIA by 6.7% during the fourth quarter. Highview Capital Management LLC DE now owns 58,396 shares of the computer hardware maker's stock worth $7,842,000 after acquiring an additional 3,653 shares during the last quarter.  Hudson Value Partners LLC boosted its position in  NVIDIA by 30.7% during the fourth quarter. Hudson Value Partners LLC now owns 50,658 shares of the computer hardware maker's stock worth $6,805,000 after acquiring an additional 11,900 shares during the last quarter.  Finally, Wealth Group Ltd. boosted its position in  NVIDIA by 15.7% during the first quarter. Wealth Group Ltd. now owns 6,598 shares of the computer hardware maker's stock worth $715,000 after acquiring an additional 896 shares during the last quarter. 65.27% of the stock is currently owned by hedge funds and other institutional investors. NASDAQ:NVDA opened at $214.25 on Friday. The company has a current ratio of 3.44, a quick ratio of 2.85 and a debt-to-equity ratio of 0.04. The firm has a market capitalization of $5.18 trillion, a price-to-earnings ratio of 32.81, a PEG ratio of 0.51 and a beta of 2.25. The firm's fifty day simple moving average is $198.67 and its 200 day simple moving average is $189.55. NVIDIA Corporation has a twelve month low of $132.92 and a twelve month high of $236.54. NVIDIA (NASDAQ:NVDA - Get Free Report) last posted its earnings results on Wednesday, May 20th. The computer hardware maker reported $1.87 earnings per share for the quarter, beating the consensus estimate of $1.76 by $0.11. NVIDIA had a net margin of 62.97% and a return on equity of 96.94%. The business had revenue of $81.62 billion for the quarter, compared to analyst estimates of $78.42 billion. During the same quarter in the previous year, the business posted $0.81 EPS. The business's quarterly revenue was up 85.2% on a year-over-year basis.  As a group, equities research analysts expect that  NVIDIA Corporation will post 8.04 earnings per share for the current fiscal year. The company also recently declared a quarterly dividend, which will be paid on Friday, June 26th. Investors of record on Thursday, June 4th will be paid a dividend of $0.25 per share. This is a positive change from NVIDIA's previous quarterly dividend of $0.01. The ex-dividend date of this dividend is Thursday, June 4th. This represents a $1.00 annualized dividend and a yield of 0.5%. NVIDIA's payout ratio is presently 0.61%. NVIDIA announced that its Board of Directors has initiated a share repurchase program on Wednesday, May 20th that authorizes the company to repurchase $80.00 billion in    shares. This repurchase authorization authorizes the computer hardware maker to buy up to 1.5% of its stock  through open market purchases. Stock  repurchase programs are typically an indication that the company's management believes its shares are undervalued. Here are the key news stories impacting NVIDIA this week: A number of analysts recently issued reports on NVDA shares. Zacks Research lowered shares of NVIDIA from a ""strong-buy"" rating to a ""hold"" rating in a research report on Thursday, May 21st. DZ Bank  restated a ""buy"" rating on shares of NVIDIA in a research report on Thursday, May 21st. Citic Securities raised their target price on shares of NVIDIA from $242.00 to $315.00 and gave the stock a ""buy"" rating in a research report on Friday, May 22nd. Daiwa Securities Group raised their target price on shares of NVIDIA from $215.00 to $255.00 and gave the stock an ""outperform"" rating in a research report on Friday, May 22nd. Finally, Barclays  restated an ""overweight"" rating on shares of NVIDIA in a research report on Thursday, May 21st. Three equities research analysts have rated the stock with a Strong Buy rating, forty-seven have issued  a Buy rating and three have assigned  a Hold rating to the company's stock. According to MarketBeat, the stock presently has a consensus rating of ""Buy"" and an average price target of $305.38. In related news, Director Mark A. Stevens sold 221,682 shares of NVIDIA stock in a transaction on Friday, March 20th. The shares were sold at an average price of $173.68, for a total transaction of $38,501,729.76. Following the sale, the director owned 7,399,771 shares of the company's stock, valued at $1,285,192,227.28. The trade was a 2.91% decrease in their position. The transaction was disclosed in a filing with the SEC, which is accessible through the SEC website. Also, Director John Dabiri sold 3,004 shares of NVIDIA stock in a transaction on Friday, March 13th. The stock was sold at an average price of $184.90, for a total transaction of $555,439.60. Following the sale, the director directly owned 14,788 shares in the company, valued at $2,734,301.20. This trade represents a 16.88% decrease in their position. The SEC filing for this sale provides additional information. Insiders have sold a total of 906,336 shares of company stock worth $162,802,518 over the last three months. 3.94% of the stock is currently owned by corporate insiders. NVIDIA Corporation, founded in 1993 and headquartered in Santa Clara, California, is a global technology company that designs and develops graphics processing units (GPUs) and system-on-chip (SoC) technologies. Co-founded by Jensen Huang, who serves as president and chief executive officer, along with Chris Malachowsky and Curtis Priem, NVIDIA has grown from a graphics-focused chipmaker into a broad provider of accelerated computing hardware and software for multiple industries. The company's product portfolio spans discrete GPUs for gaming and professional visualization (marketed under the GeForce and NVIDIA RTX lines), high-performance data center accelerators used for AI training and inference (including widely adopted platforms such as the A100 and H100 series), and Tegra SoCs for automotive and edge applications. Want to see what other hedge funds are holding NVDA? Visit HoldingsChannel.com to get the latest 13F filings and insider trades for NVIDIA Corporation (NASDAQ:NVDA - Free Report). This instant news alert was generated by narrative science technology and financial data from MarketBeat in order to provide readers with the fastest reporting and unbiased coverage. Please send any questions or comments about this story to contact@marketbeat.com. Before you consider NVIDIA, you'll want to hear this. MarketBeat keeps track of Wall Street's top-rated and best performing research analysts and the stocks they recommend to their clients on a daily basis. MarketBeat has identified the five stocks that top analysts are quietly whispering to their clients to buy now before the broader market catches on... and NVIDIA wasn't on the list. While NVIDIA currently has a Buy rating among analysts, top-rated analysts believe these five stocks are better buys. Enter your email address and we’ll send you MarketBeat’s list of ten stocks set to soar in Summer 2026, despite the threat of tariffs and what's happening in Iran. These ten stocks are incredibly resilient and are likely to thrive in any economic environment. Sign up for MarketBeat All Access to gain access to MarketBeat's full suite of research tools. 345 N Reid Place, Suite 620, Sioux Falls, SD 57103
                                        
                                        contact@marketbeat.com
                                        
                                        (844) 978-6257 © MarketBeat Media, LLC 2010-2026. All rights reserved. © 2026   Fair market value prices are updated every minute and are provided by Massive. Other market data provided is at least 10-minutes delayed and hosted by Barchart Solutions.  Information is provided 'as-is' and solely for informational purposes, not for trading purposes or advice, and is delayed. To see all exchange delays and terms of use please see Barchart's disclaimer.",https://www.marketbeat.com/instant-alerts/filing-liberty-atlantic-advisors-llc-invests-989000-in-nvidia-corporation-nvda-2026-05-29/
NVDA,Nordwand Advisors LLC Increases Holdings in NVIDIA Corporation $NVDA - MarketBeat,2026-05-29 08:40:37,"Nordwand Advisors LLC raised its stake in shares of  NVIDIA Corporation (NASDAQ:NVDA - Free Report) by 15.0% in the fourth quarter, according to the company in its most recent filing with the Securities and Exchange Commission. The fund owned 23,323 shares of the computer hardware maker's stock after buying an additional 3,036 shares during the period. Nordwand Advisors LLC's holdings in NVIDIA were worth $4,350,000 as of its most recent SEC filing. A number of other hedge funds have also added to or reduced their stakes in NVDA. Longfellow Investment Management Co. LLC raised its stake in  NVIDIA by 47.9% during the 2nd quarter. Longfellow Investment Management Co. LLC now owns 207 shares of the computer hardware maker's stock valued at $33,000 after buying an additional 67 shares during the last quarter.  Spurstone Advisory Services LLC bought a new stake in shares of  NVIDIA during the 2nd quarter valued at $40,000.  Syntax Research Inc. grew its position in shares of  NVIDIA by 62.5% during the 4th quarter. Syntax Research Inc. now owns 260 shares of the computer hardware maker's stock valued at $49,000 after acquiring an additional 100 shares during the period.  Sellwood Investment Partners LLC bought a new stake in shares of  NVIDIA during the 3rd quarter valued at $50,000.  Finally, Networth Advisors LLC bought a new stake in  NVIDIA during the fourth quarter valued at about $51,000. 65.27% of the stock is currently owned by hedge funds and other institutional investors. Here are the key news stories impacting NVIDIA this week: In other NVIDIA news, EVP Ajay K. Puri sold 300,000 shares of the stock in a transaction dated Wednesday, March 18th. The shares were sold at an average price of $182.25, for a total transaction of $54,675,000.00. Following the completion of the transaction, the executive vice president owned 3,018,547 shares of the company's stock, valued at $550,130,190.75. This represents a 9.04% decrease in their position. The transaction was disclosed in a document filed with the Securities & Exchange Commission, which is available at the SEC website. Also, Director Mark A. Stevens sold 221,682 shares of the stock in a transaction dated Friday, March 20th. The shares were sold at an average price of $173.68, for a total transaction of $38,501,729.76. Following the transaction, the director directly owned 7,399,771 shares of the company's stock, valued at $1,285,192,227.28. This trade represents a 2.91% decrease in their position. Additional details regarding this sale are available in the official SEC disclosure. Insiders have sold a total of 906,336 shares of company stock worth $162,802,518 in the last three months. 3.94% of the stock is owned by company insiders. Several analysts have issued reports on NVDA shares. New Street Research cut their price target on NVIDIA from $343.00 to $340.00 in a report on Thursday, May 21st. JPMorgan Chase & Co. lifted their price objective on NVIDIA from $265.00 to $280.00 and gave the company an ""overweight"" rating in a research report on Thursday, May 21st. Needham & Company LLC  reaffirmed a ""buy"" rating and set a $270.00 price objective (up from $240.00) on shares of NVIDIA in a research report on Thursday, May 21st. Evercore  reaffirmed an ""outperform"" rating and set a $413.00 price objective (up from $352.00) on shares of NVIDIA in a research report on Thursday, May 21st. Finally, Rosenblatt Securities  reaffirmed a ""buy"" rating and set a $325.00 price objective on shares of NVIDIA in a research report on Thursday, May 21st. Three analysts have rated the stock with a Strong Buy rating, forty-seven have issued  a Buy rating and three have assigned  a Hold rating to the company. Based on data from MarketBeat, the stock presently has an average rating of ""Buy"" and an average price target of $305.38. Shares of NVDA stock opened at $214.25 on Friday. NVIDIA Corporation has a 52-week low of $132.92 and a 52-week high of $236.54. The company has a debt-to-equity ratio of 0.04, a quick ratio of 2.85 and a current ratio of 3.44. The firm has a market capitalization of $5.18 trillion, a PE ratio of 32.81, a PEG ratio of 0.51 and a beta of 2.25. The stock has a fifty day simple moving average of $198.67 and a two-hundred day simple moving average of $189.55. NVIDIA (NASDAQ:NVDA - Get Free Report) last issued its quarterly earnings results on Wednesday, May 20th. The computer hardware maker reported $1.87 earnings per share (EPS) for the quarter, topping analysts' consensus estimates of $1.76 by $0.11. NVIDIA had a return on equity of 96.94% and a net margin of 62.97%.The business had revenue of $81.62 billion during the quarter, compared to analyst estimates of $78.42 billion. During the same quarter in the prior year, the business posted $0.81 EPS. NVIDIA's revenue for the quarter was up 85.2% compared to the same quarter last year.  On average, analysts predict that  NVIDIA Corporation will post 8.04 EPS for the current fiscal year. NVIDIA declared that its board has approved a stock repurchase plan on Wednesday, May 20th that authorizes the company to buyback $80.00 billion in    shares. This buyback authorization authorizes the computer hardware maker to reacquire up to 1.5% of its shares through open market purchases. Shares buyback plans are generally a sign that the company's leadership believes its shares are undervalued. The firm also recently declared a quarterly dividend, which will be paid on Friday, June 26th. Shareholders of record on Thursday, June 4th will be paid a $0.25 dividend. This represents a $1.00 dividend on an annualized basis and a yield of 0.5%. The ex-dividend date is Thursday, June 4th. This is a boost from NVIDIA's previous quarterly dividend of $0.01. NVIDIA's dividend payout ratio (DPR) is currently 0.61%. NVIDIA Corporation, founded in 1993 and headquartered in Santa Clara, California, is a global technology company that designs and develops graphics processing units (GPUs) and system-on-chip (SoC) technologies. Co-founded by Jensen Huang, who serves as president and chief executive officer, along with Chris Malachowsky and Curtis Priem, NVIDIA has grown from a graphics-focused chipmaker into a broad provider of accelerated computing hardware and software for multiple industries. The company's product portfolio spans discrete GPUs for gaming and professional visualization (marketed under the GeForce and NVIDIA RTX lines), high-performance data center accelerators used for AI training and inference (including widely adopted platforms such as the A100 and H100 series), and Tegra SoCs for automotive and edge applications. Want to see what other hedge funds are holding NVDA? Visit HoldingsChannel.com to get the latest 13F filings and insider trades for NVIDIA Corporation (NASDAQ:NVDA - Free Report). This instant news alert was generated by narrative science technology and financial data from MarketBeat in order to provide readers with the fastest reporting and unbiased coverage. Please send any questions or comments about this story to contact@marketbeat.com. Before you consider NVIDIA, you'll want to hear this. MarketBeat keeps track of Wall Street's top-rated and best performing research analysts and the stocks they recommend to their clients on a daily basis. MarketBeat has identified the five stocks that top analysts are quietly whispering to their clients to buy now before the broader market catches on... and NVIDIA wasn't on the list. While NVIDIA currently has a Buy rating among analysts, top-rated analysts believe these five stocks are better buys. Looking to profit from the electric vehicle mega-trend? Click the link to see our list of which EV stocks show the most long-term potential. Sign up for MarketBeat All Access to gain access to MarketBeat's full suite of research tools. 345 N Reid Place, Suite 620, Sioux Falls, SD 57103
                                        
                                        contact@marketbeat.com
                                        
                                        (844) 978-6257 © MarketBeat Media, LLC 2010-2026. All rights reserved. © 2026   Fair market value prices are updated every minute and are provided by Massive. Other market data provided is at least 10-minutes delayed and hosted by Barchart Solutions.  Information is provided 'as-is' and solely for informational purposes, not for trading purposes or advice, and is delayed. To see all exchange delays and terms of use please see Barchart's disclaimer.",https://www.marketbeat.com/instant-alerts/filing-nordwand-advisors-llc-increases-holdings-in-nvidia-corporation-nvda-2026-05-29/
NVDA,NVIDIA Corporation $NVDA Shares Sold by Heartland Bank & Trust Co - MarketBeat,2026-05-29 08:40:35,"Heartland Bank & Trust Co trimmed its holdings in  NVIDIA Corporation (NASDAQ:NVDA - Free Report) by 3.4% in the fourth quarter, according to the company in its most recent Form 13F filing with the Securities and Exchange Commission. The firm owned 68,442 shares of the computer hardware maker's stock after selling 2,438 shares during the period. NVIDIA comprises about  5.4% of Heartland Bank & Trust Co's investment portfolio, making the stock its 4th largest holding. Heartland Bank & Trust Co's holdings in NVIDIA were worth $12,764,000 at the end of the most recent quarter. Other institutional investors and hedge funds have also recently added to or reduced their stakes in the company. Diversified Enterprises LLC raised its position in  NVIDIA by 44.2% in the 4th quarter. Diversified Enterprises LLC now owns 127,604 shares of the computer hardware maker's stock valued at $23,798,000 after buying an additional 39,129 shares during the last quarter.  Oak Ridge Investments LLC raised its position in  NVIDIA by 2.2% in the 3rd quarter. Oak Ridge Investments LLC now owns 970,860 shares of the computer hardware maker's stock valued at $181,143,000 after buying an additional 20,559 shares during the last quarter.  PMG Family Office LLC acquired a new stake in  NVIDIA in the 3rd quarter valued at approximately $2,150,000.  Weaver Capital Management LLC raised its position in  NVIDIA by 5.5% in the 4th quarter. Weaver Capital Management LLC now owns 85,216 shares of the computer hardware maker's stock valued at $15,893,000 after buying an additional 4,439 shares during the last quarter.  Finally, Circle Wealth Management LLC raised its position in  NVIDIA by 16.1% in the 3rd quarter. Circle Wealth Management LLC now owns 107,787 shares of the computer hardware maker's stock valued at $20,111,000 after buying an additional 14,936 shares during the last quarter. 65.27% of the stock is owned by institutional investors and hedge funds. Shares of NASDAQ NVDA opened at $214.25 on Friday. The stock has a 50 day moving average price of $198.67 and a 200 day moving average price of $189.55. NVIDIA Corporation has a 52 week low of $132.92 and a 52 week high of $236.54. The company has a debt-to-equity ratio of 0.04, a quick ratio of 2.85 and a current ratio of 3.44. The stock has a market capitalization of $5.18 trillion, a PE ratio of 32.81, a price-to-earnings-growth ratio of 0.51 and a beta of 2.25. NVIDIA (NASDAQ:NVDA - Get Free Report) last issued its quarterly earnings results on Wednesday, May 20th. The computer hardware maker reported $1.87 EPS for the quarter, beating the consensus estimate of $1.76 by $0.11. NVIDIA had a return on equity of 96.94% and a net margin of 62.97%.The firm had revenue of $81.62 billion during the quarter, compared to analysts' expectations of $78.42 billion. During the same period in the prior year, the firm posted $0.81 earnings per share. The business's quarterly revenue was up 85.2% compared to the same quarter last year.  Analysts predict that  NVIDIA Corporation will post 8.04 earnings per share for the current fiscal year. NVIDIA declared that its Board of Directors has approved a stock buyback program on Wednesday, May 20th that allows the company to buyback $80.00 billion in    shares. This buyback authorization allows the computer hardware maker to repurchase up to 1.5% of its stock  through open market purchases. Stock  buyback programs are often a sign that the company's management believes its stock is undervalued. The firm also recently announced a quarterly dividend, which will be paid on Friday, June 26th. Stockholders of record on Thursday, June 4th will be paid a dividend of $0.25 per share. The ex-dividend date is Thursday, June 4th. This represents a $1.00 annualized dividend and a dividend yield of 0.5%. This is an increase from NVIDIA's previous quarterly dividend of $0.01. NVIDIA's dividend payout ratio  is presently 0.61%. In other news, Director John Dabiri sold 3,004 shares of NVIDIA stock in a transaction that occurred on Friday, March 13th. The stock was sold at an average price of $184.90, for a total transaction of $555,439.60. Following the completion of the transaction, the director directly owned 14,788 shares in the company, valued at approximately $2,734,301.20. The trade was a 16.88% decrease in their position. The sale was disclosed in a legal filing with the SEC, which can be accessed through this link. Also, Director Mark A. Stevens sold 221,682 shares of NVIDIA stock in a transaction that occurred on Friday, March 20th. The stock was sold at an average price of $173.68, for a total value of $38,501,729.76. Following the transaction, the director owned 7,399,771 shares of the company's stock, valued at $1,285,192,227.28. This represents a 2.91% decrease in their ownership of the stock. The SEC filing for this sale provides additional information. Insiders sold a total of 906,336 shares of company stock worth $162,802,518 in the last three months. 3.94% of the stock is owned by company insiders. Here are the key news stories impacting NVIDIA this week: A number of equities research analysts recently issued reports on the company. Sanford C. Bernstein  reissued an ""outperform"" rating on shares of NVIDIA in a research report on Thursday, May 21st. Cantor Fitzgerald  reissued an ""overweight"" rating and issued a $350.00 target price on shares of NVIDIA in a research report on Thursday, May 21st. CICC Research lifted their target price on NVIDIA from $240.60 to $268.30 and gave the company an ""outperform"" rating in a research report on Friday, May 22nd. Citigroup assumed coverage on NVIDIA in a research report on Wednesday, April 15th. They issued a ""buy"" rating on the stock. Finally, Jefferies Financial Group  reissued a ""buy"" rating and issued a $300.00 target price (up from $275.00) on shares of NVIDIA in a research report on Thursday, May 21st. Three analysts have rated the stock with a Strong Buy rating, forty-seven have assigned  a Buy rating and three have given a Hold rating to the company's stock. According to data from MarketBeat.com, NVIDIA currently has an average rating of ""Buy"" and an average target price of $305.38. NVIDIA Corporation, founded in 1993 and headquartered in Santa Clara, California, is a global technology company that designs and develops graphics processing units (GPUs) and system-on-chip (SoC) technologies. Co-founded by Jensen Huang, who serves as president and chief executive officer, along with Chris Malachowsky and Curtis Priem, NVIDIA has grown from a graphics-focused chipmaker into a broad provider of accelerated computing hardware and software for multiple industries. The company's product portfolio spans discrete GPUs for gaming and professional visualization (marketed under the GeForce and NVIDIA RTX lines), high-performance data center accelerators used for AI training and inference (including widely adopted platforms such as the A100 and H100 series), and Tegra SoCs for automotive and edge applications. Want to see what other hedge funds are holding NVDA? Visit HoldingsChannel.com to get the latest 13F filings and insider trades for NVIDIA Corporation (NASDAQ:NVDA - Free Report). This instant news alert was generated by narrative science technology and financial data from MarketBeat in order to provide readers with the fastest reporting and unbiased coverage. Please send any questions or comments about this story to contact@marketbeat.com. Before you consider NVIDIA, you'll want to hear this. MarketBeat keeps track of Wall Street's top-rated and best performing research analysts and the stocks they recommend to their clients on a daily basis. MarketBeat has identified the five stocks that top analysts are quietly whispering to their clients to buy now before the broader market catches on... and NVIDIA wasn't on the list. While NVIDIA currently has a Buy rating among analysts, top-rated analysts believe these five stocks are better buys. Click the link to see MarketBeat's guide to investing in 5G and which 5G stocks show the most promise. Sign up for MarketBeat All Access to gain access to MarketBeat's full suite of research tools. 345 N Reid Place, Suite 620, Sioux Falls, SD 57103
                                        
                                        contact@marketbeat.com
                                        
                                        (844) 978-6257 © MarketBeat Media, LLC 2010-2026. All rights reserved. © 2026   Fair market value prices are updated every minute and are provided by Massive. Other market data provided is at least 10-minutes delayed and hosted by Barchart Solutions.  Information is provided 'as-is' and solely for informational purposes, not for trading purposes or advice, and is delayed. To see all exchange delays and terms of use please see Barchart's disclaimer.",https://www.marketbeat.com/instant-alerts/filing-nvidia-corporation-nvda-shares-sold-by-heartland-bank-trust-co-2026-05-29/
NVDA,Falcon Wealth Planning Boosts Stake in NVIDIA Corporation $NVDA - MarketBeat,2026-05-29 07:38:33,"Falcon Wealth Planning increased its position in  NVIDIA Corporation (NASDAQ:NVDA - Free Report) by 9.5% in the 4th quarter, according to its most recent filing with the SEC. The fund owned 57,310 shares of the computer hardware maker's stock after purchasing an additional 4,976 shares during the period. NVIDIA accounts for about  0.9% of Falcon Wealth Planning's holdings, making the stock its 21st biggest holding. Falcon Wealth Planning's holdings in NVIDIA were worth $10,688,000 at the end of the most recent reporting period. Other institutional investors and hedge funds have also made changes to their positions in the company. Brighton Jones LLC raised its stake in  NVIDIA by 12.4% during the 4th quarter. Brighton Jones LLC now owns 324,901 shares of the computer hardware maker's stock valued at $43,631,000 after acquiring an additional 35,815 shares during the last quarter.  Bank Pictet & Cie Europe AG raised its stake in  NVIDIA by 1.0% during the 4th quarter. Bank Pictet & Cie Europe AG now owns 2,346,417 shares of the computer hardware maker's stock valued at $315,100,000 after acquiring an additional 22,929 shares during the last quarter.  Highview Capital Management LLC DE raised its stake in  NVIDIA by 6.7% during the 4th quarter. Highview Capital Management LLC DE now owns 58,396 shares of the computer hardware maker's stock valued at $7,842,000 after acquiring an additional 3,653 shares during the last quarter.  Hudson Value Partners LLC raised its stake in  NVIDIA by 30.7% during the 4th quarter. Hudson Value Partners LLC now owns 50,658 shares of the computer hardware maker's stock valued at $6,805,000 after acquiring an additional 11,900 shares during the last quarter.  Finally, Wealth Group Ltd. raised its stake in  NVIDIA by 15.7% during the 1st quarter. Wealth Group Ltd. now owns 6,598 shares of the computer hardware maker's stock valued at $715,000 after acquiring an additional 896 shares during the last quarter. 65.27% of the stock is owned by hedge funds and other institutional investors. Here are the key news stories impacting NVIDIA this week: Several analysts have commented on NVDA shares. Zacks Research downgraded NVIDIA from a ""strong-buy"" rating to a ""hold"" rating in a research note on Thursday, May 21st. New Street Research reduced their price objective on NVIDIA from $343.00 to $340.00 in a research note on Thursday, May 21st. HSBC  reaffirmed a ""buy"" rating and set a $325.00 price objective (up from $295.00) on shares of NVIDIA in a research note on Tuesday, May 19th. Rothschild & Co Redburn upped their price objective on NVIDIA from $280.00 to $300.00 and gave the company a ""buy"" rating in a research note on Tuesday. Finally, Itau BBA Securities  reaffirmed a ""market perform"" rating on shares of NVIDIA in a research note on Thursday, February 26th. Three research analysts have rated the stock with a Strong Buy rating, forty-seven have assigned  a Buy rating and three have given a Hold rating to the company. According to MarketBeat.com, NVIDIA currently has an average rating of ""Buy"" and an average price target of $305.38. NVDA opened at $214.25 on Friday. The stock has a market cap of $5.18 trillion, a P/E ratio of 32.81, a P/E/G ratio of 0.51 and a beta of 2.25. The company has a debt-to-equity ratio of 0.04, a current ratio of 3.44 and a quick ratio of 2.85. The stock's 50 day simple moving average is $198.67 and its 200 day simple moving average is $189.55. NVIDIA Corporation has a 1-year low of $132.92 and a 1-year high of $236.54. NVIDIA (NASDAQ:NVDA - Get Free Report) last released its quarterly earnings results on Wednesday, May 20th. The computer hardware maker reported $1.87 earnings per share for the quarter, topping analysts' consensus estimates of $1.76 by $0.11. The business had revenue of $81.62 billion for the quarter, compared to analysts' expectations of $78.42 billion. NVIDIA had a return on equity of 96.94% and a net margin of 62.97%.The company's revenue was up 85.2% compared to the same quarter last year. During the same quarter in the prior year, the firm posted $0.81 EPS.  As a group, equities analysts anticipate that  NVIDIA Corporation will post 8.04 EPS for the current fiscal year. The company also recently declared a quarterly dividend, which will be paid on Friday, June 26th. Investors of record on Thursday, June 4th will be issued a $0.25 dividend. The ex-dividend date is Thursday, June 4th. This represents a $1.00 dividend on an annualized basis and a dividend yield of 0.5%. This is an increase from NVIDIA's previous quarterly dividend of $0.01. NVIDIA's payout ratio is currently 0.61%. NVIDIA announced that its Board of Directors has approved a share repurchase plan on Wednesday, May 20th that authorizes the company to buyback $80.00 billion in  outstanding  shares. This buyback authorization authorizes the computer hardware maker to reacquire up to 1.5% of its stock  through open market purchases. Stock  buyback plans are generally an indication that the company's board believes its shares are undervalued. In related news, EVP Ajay K. Puri sold 300,000 shares of the company's stock in a transaction that occurred on Wednesday, March 18th. The stock was sold at an average price of $182.25, for a total value of $54,675,000.00. Following the sale, the executive vice president owned 3,018,547 shares in the company, valued at $550,130,190.75. This represents a 9.04% decrease in their position. The transaction was disclosed in a legal filing with the SEC, which is available at this hyperlink. Also, CFO Colette Kress sold 20,000 shares of the company's stock in a transaction that occurred on Friday, March 20th. The stock was sold at an average price of $174.89, for a total value of $3,497,800.00. Following the completion of the sale, the chief financial officer owned 83,060 shares in the company, valued at approximately $14,526,363.40. This represents a 19.41% decrease in their position. Additional details regarding this sale are available in the official SEC disclosure. Over the last quarter, insiders have sold 906,336 shares of company stock worth $162,802,518. 3.94% of the stock is owned by insiders. NVIDIA Corporation, founded in 1993 and headquartered in Santa Clara, California, is a global technology company that designs and develops graphics processing units (GPUs) and system-on-chip (SoC) technologies. Co-founded by Jensen Huang, who serves as president and chief executive officer, along with Chris Malachowsky and Curtis Priem, NVIDIA has grown from a graphics-focused chipmaker into a broad provider of accelerated computing hardware and software for multiple industries. The company's product portfolio spans discrete GPUs for gaming and professional visualization (marketed under the GeForce and NVIDIA RTX lines), high-performance data center accelerators used for AI training and inference (including widely adopted platforms such as the A100 and H100 series), and Tegra SoCs for automotive and edge applications. Want to see what other hedge funds are holding NVDA? Visit HoldingsChannel.com to get the latest 13F filings and insider trades for NVIDIA Corporation (NASDAQ:NVDA - Free Report). This instant news alert was generated by narrative science technology and financial data from MarketBeat in order to provide readers with the fastest reporting and unbiased coverage. Please send any questions or comments about this story to contact@marketbeat.com. Before you consider NVIDIA, you'll want to hear this. MarketBeat keeps track of Wall Street's top-rated and best performing research analysts and the stocks they recommend to their clients on a daily basis. MarketBeat has identified the five stocks that top analysts are quietly whispering to their clients to buy now before the broader market catches on... and NVIDIA wasn't on the list. While NVIDIA currently has a Buy rating among analysts, top-rated analysts believe these five stocks are better buys. Learn the basics of options trading and how to use them to boost returns and manage risk with this free report from MarketBeat. Click the link below to get your free copy. Sign up for MarketBeat All Access to gain access to MarketBeat's full suite of research tools. 345 N Reid Place, Suite 620, Sioux Falls, SD 57103
                                        
                                        contact@marketbeat.com
                                        
                                        (844) 978-6257 © MarketBeat Media, LLC 2010-2026. All rights reserved. © 2026   Fair market value prices are updated every minute and are provided by Massive. Other market data provided is at least 10-minutes delayed and hosted by Barchart Solutions.  Information is provided 'as-is' and solely for informational purposes, not for trading purposes or advice, and is delayed. To see all exchange delays and terms of use please see Barchart's disclaimer. Enter your email address below to receive a concise daily summary of dividend news for NVIDIA, new dividend declarations and stocks going ex-dividend with DividendStocks.com’s free newsletter.",https://www.marketbeat.com/instant-alerts/filing-falcon-wealth-planning-boosts-stake-in-nvidia-corporation-nvda-2026-05-29/
NVDA,Fulcrum Wealth Advisors LLC Makes New Investment in NVIDIA Corporation $NVDA - MarketBeat,2026-05-29 07:38:22,"Fulcrum Wealth Advisors LLC acquired a new position in  NVIDIA Corporation (NASDAQ:NVDA - Free Report) in the fourth quarter, according to the company in its most recent filing with the Securities & Exchange Commission. The institutional investor  acquired 35,335 shares of the computer hardware maker's stock, valued at approximately $6,590,000. NVIDIA makes up  approximately  5.4% of Fulcrum Wealth Advisors LLC's investment portfolio, making the stock its 4th biggest holding. Other institutional investors have also added to or reduced their stakes in the company. Longfellow Investment Management Co. LLC raised its holdings in  NVIDIA by 47.9% in the second quarter. Longfellow Investment Management Co. LLC now owns 207 shares of the computer hardware maker's stock worth $33,000 after purchasing an additional 67 shares in the last quarter.  Spurstone Advisory Services LLC bought a new position in  NVIDIA in the second quarter worth $40,000.  Syntax Research Inc. raised its holdings in  NVIDIA by 62.5% in the fourth quarter. Syntax Research Inc. now owns 260 shares of the computer hardware maker's stock worth $49,000 after purchasing an additional 100 shares in the last quarter.  Sellwood Investment Partners LLC bought a new position in  NVIDIA in the third quarter worth $50,000.  Finally, Networth Advisors LLC bought a new position in  NVIDIA in the fourth quarter worth $51,000. Institutional investors own  65.27% of the company's stock. In other NVIDIA news, Director John Dabiri sold 3,004 shares of the business's stock in a transaction dated Friday, March 13th. The stock was sold at an average price of $184.90, for a total transaction of $555,439.60. Following the completion of the sale, the director directly owned 14,788 shares in the company, valued at $2,734,301.20. The trade was a 16.88% decrease in their position. The transaction was disclosed in a document filed with the SEC, which is available through this hyperlink. Also, Director Aarti S. Shah sold 19,000 shares of the business's stock in a transaction dated Thursday, March 19th. The shares were sold at an average price of $176.71, for a total value of $3,357,490.00. Following the sale, the director owned 36,007 shares of the company's stock, valued at approximately $6,362,796.97. This represents a 34.54% decrease in their ownership of the stock. The SEC filing for this sale provides additional information. Over the last quarter, insiders sold 906,336 shares of company stock worth $162,802,518. 3.94% of the stock is owned by corporate insiders. NVIDIA stock opened at $214.25 on Friday. The business has a 50-day simple moving average of $198.67 and a two-hundred day simple moving average of $189.55. The company has a market cap of $5.18 trillion, a P/E ratio of 32.81, a P/E/G ratio of 0.51 and a beta of 2.25. NVIDIA Corporation has a 52-week low of $132.92 and a 52-week high of $236.54. The company has a quick ratio of 2.85, a current ratio of 3.44 and a debt-to-equity ratio of 0.04. NVIDIA (NASDAQ:NVDA - Get Free Report) last released its quarterly earnings results on Wednesday, May 20th. The computer hardware maker reported $1.87 earnings per share (EPS) for the quarter, beating analysts' consensus estimates of $1.76 by $0.11. The business had revenue of $81.62 billion during the quarter, compared to the consensus estimate of $78.42 billion. NVIDIA had a return on equity of 96.94% and a net margin of 62.97%.The business's quarterly revenue was up 85.2% compared to the same quarter last year. During the same period in the previous year, the company posted $0.81 EPS.  Analysts predict that  NVIDIA Corporation will post 8.04 EPS for the current year. NVIDIA declared that its board has authorized a share buyback plan on Wednesday, May 20th that authorizes the company to buyback $80.00 billion in  outstanding  shares. This buyback authorization authorizes the computer hardware maker to purchase up to 1.5% of its shares through open market purchases. Shares buyback plans are generally an indication that the company's leadership believes its shares are undervalued. The company also recently declared a quarterly dividend, which will be paid on Friday, June 26th. Shareholders of record on Thursday, June 4th will be paid a dividend of $0.25 per share. The ex-dividend date is Thursday, June 4th. This represents a $1.00 dividend on an annualized basis and a dividend yield of 0.5%. This is an increase from NVIDIA's previous quarterly dividend of $0.01. NVIDIA's dividend payout ratio  is presently 0.61%. A number of equities analysts have issued reports on the company. Wells Fargo & Company  reiterated an ""overweight"" rating and issued a $315.00 price objective (up from $265.00) on shares of NVIDIA in a report on Tuesday, May 12th. Royal Bank Of Canada  set a $280.00 price target on NVIDIA in a report on Thursday, May 21st. Bank of America  reaffirmed a ""buy"" rating and issued a $350.00 price target (up from $320.00) on shares of NVIDIA in a research report on Thursday, May 21st. Citic Securities lifted their price target on NVIDIA from $242.00 to $315.00 and gave the stock a ""buy"" rating in a research report on Friday, May 22nd. Finally, The Goldman Sachs Group  reissued a ""buy"" rating and set a $285.00 price objective (up from $250.00) on shares of NVIDIA in a research report on Wednesday, May 20th. Three equities research analysts have rated the stock with a Strong Buy rating, forty-seven have given a Buy rating and three have given a Hold rating to the company. According to MarketBeat, NVIDIA  has an average rating of ""Buy"" and a consensus price target of $305.38. Here are the key news stories impacting NVIDIA this week: NVIDIA Corporation, founded in 1993 and headquartered in Santa Clara, California, is a global technology company that designs and develops graphics processing units (GPUs) and system-on-chip (SoC) technologies. Co-founded by Jensen Huang, who serves as president and chief executive officer, along with Chris Malachowsky and Curtis Priem, NVIDIA has grown from a graphics-focused chipmaker into a broad provider of accelerated computing hardware and software for multiple industries. The company's product portfolio spans discrete GPUs for gaming and professional visualization (marketed under the GeForce and NVIDIA RTX lines), high-performance data center accelerators used for AI training and inference (including widely adopted platforms such as the A100 and H100 series), and Tegra SoCs for automotive and edge applications. Want to see what other hedge funds are holding NVDA? Visit HoldingsChannel.com to get the latest 13F filings and insider trades for NVIDIA Corporation (NASDAQ:NVDA - Free Report). This instant news alert was generated by narrative science technology and financial data from MarketBeat in order to provide readers with the fastest reporting and unbiased coverage. Please send any questions or comments about this story to contact@marketbeat.com. Before you consider NVIDIA, you'll want to hear this. MarketBeat keeps track of Wall Street's top-rated and best performing research analysts and the stocks they recommend to their clients on a daily basis. MarketBeat has identified the five stocks that top analysts are quietly whispering to their clients to buy now before the broader market catches on... and NVIDIA wasn't on the list. While NVIDIA currently has a Buy rating among analysts, top-rated analysts believe these five stocks are better buys. MarketBeat's analysts have just released their top five short plays for June 2026. Learn which stocks have the most short interest and how to trade them. Click the link to see which companies made the list. Sign up for MarketBeat All Access to gain access to MarketBeat's full suite of research tools. 345 N Reid Place, Suite 620, Sioux Falls, SD 57103
                                        
                                        contact@marketbeat.com
                                        
                                        (844) 978-6257 © MarketBeat Media, LLC 2010-2026. All rights reserved. © 2026   Fair market value prices are updated every minute and are provided by Massive. Other market data provided is at least 10-minutes delayed and hosted by Barchart Solutions.  Information is provided 'as-is' and solely for informational purposes, not for trading purposes or advice, and is delayed. To see all exchange delays and terms of use please see Barchart's disclaimer.",https://www.marketbeat.com/instant-alerts/filing-fulcrum-wealth-advisors-llc-makes-new-investment-in-nvidia-corporation-nvda-2026-05-29/
NVDA,"26,121 Shares in NVIDIA Corporation $NVDA Acquired by Christine Messmer PC - MarketBeat",2026-05-29 07:38:21,"Christine Messmer PC bought a new position in shares of  NVIDIA Corporation (NASDAQ:NVDA - Free Report) during the 4th quarter, according to its most recent filing with the Securities and Exchange Commission. The firm bought 26,121 shares of the computer hardware maker's stock, valued at approximately $4,872,000. NVIDIA accounts for approximately  3.2% of Christine Messmer PC's holdings, making the stock its 11th largest holding. Other hedge funds have also added to or reduced their stakes in the company. Longfellow Investment Management Co. LLC boosted its position in  NVIDIA by 47.9% during the 2nd quarter. Longfellow Investment Management Co. LLC now owns 207 shares of the computer hardware maker's stock worth $33,000 after buying an additional 67 shares during the period.  Spurstone Advisory Services LLC acquired a new stake in  NVIDIA during the 2nd quarter worth approximately $40,000.  Syntax Research Inc. boosted its position in  NVIDIA by 62.5% during the 4th quarter. Syntax Research Inc. now owns 260 shares of the computer hardware maker's stock worth $49,000 after buying an additional 100 shares during the period.  Sellwood Investment Partners LLC acquired a new stake in  NVIDIA during the 3rd quarter worth approximately $50,000.  Finally, Networth Advisors LLC acquired a new stake in  NVIDIA during the 4th quarter worth approximately $51,000. 65.27% of the stock is currently owned by institutional investors and hedge funds. A number of brokerages have recently issued reports on NVDA. DA Davidson boosted their price target on shares of NVIDIA from $250.00 to $300.00 and gave the stock a ""buy"" rating in a research report on Monday, May 18th. Tigress Financial  restated a ""strong-buy"" rating and issued a $425.00 price target (up from $360.00) on shares of NVIDIA in a research report on Wednesday. Weiss Ratings  restated a ""buy (b)"" rating on shares of NVIDIA in a research report on Friday, April 10th. Evercore  restated an ""outperform"" rating and issued a $413.00 price target (up from $352.00) on shares of NVIDIA in a research report on Thursday, May 21st. Finally, Susquehanna  restated a ""positive"" rating and issued a $275.00 price target (up from $250.00) on shares of NVIDIA in a research report on Tuesday, May 12th. Three research analysts have rated the stock with a Strong Buy rating, forty-seven have issued  a Buy rating and three have assigned  a Hold rating to the company. According to MarketBeat, the company presently has an average rating of ""Buy"" and an average target price of $305.38. Here are the key news stories impacting NVIDIA this week: NVIDIA stock opened at $214.25 on Friday. The company has a quick ratio of 2.85, a current ratio of 3.44 and a debt-to-equity ratio of 0.04. NVIDIA Corporation has a 12-month low of $132.92 and a 12-month high of $236.54. The firm's fifty day moving average is $198.67 and its 200 day moving average is $189.55. The company has a market capitalization of $5.18 trillion, a PE ratio of 32.81, a PEG ratio of 0.51 and a beta of 2.25. NVIDIA (NASDAQ:NVDA - Get Free Report) last released its earnings results on Wednesday, May 20th. The computer hardware maker reported $1.87 earnings per share (EPS) for the quarter, beating analysts' consensus estimates of $1.76 by $0.11. NVIDIA had a net margin of 62.97% and a return on equity of 96.94%. The company had revenue of $81.62 billion for the quarter, compared to the consensus estimate of $78.42 billion. During the same quarter in the previous year, the company earned $0.81 EPS. NVIDIA's quarterly revenue was up 85.2% compared to the same quarter last year.  As a group, sell-side analysts predict that  NVIDIA Corporation will post 8.04 EPS for the current fiscal year. The firm also recently declared a quarterly dividend, which will be paid on Friday, June 26th. Shareholders of record on Thursday, June 4th will be paid a dividend of $0.25 per share. This is a boost from NVIDIA's previous quarterly dividend of $0.01. The ex-dividend date is Thursday, June 4th. This represents a $1.00 dividend on an annualized basis and a yield of 0.5%. NVIDIA's dividend payout ratio (DPR) is presently 0.61%. NVIDIA announced that its Board of Directors has approved a share buyback plan on Wednesday, May 20th that allows the company to buyback $80.00 billion in    shares. This buyback authorization allows the computer hardware maker to reacquire up to 1.5% of its stock  through open market purchases. Stock  buyback plans are generally a sign that the company's management believes its stock is undervalued. In other NVIDIA news, Director Aarti S. Shah sold 19,000 shares of the business's stock in a transaction on Thursday, March 19th. The shares were sold at an average price of $176.71, for a total transaction of $3,357,490.00. Following the completion of the sale, the director owned 36,007 shares in the company, valued at approximately $6,362,796.97. The trade was a 34.54% decrease in their position. The sale was disclosed in a document filed with the SEC, which can be accessed through the SEC website. Also, EVP Ajay K. Puri sold 300,000 shares of the business's stock in a transaction on Wednesday, March 18th. The shares were sold at an average price of $182.25, for a total transaction of $54,675,000.00. Following the sale, the executive vice president owned 3,018,547 shares of the company's stock, valued at $550,130,190.75. This trade represents a 9.04% decrease in their position. The SEC filing for this sale provides additional information. Insiders have sold a total of 906,336 shares of company stock worth $162,802,518 in the last ninety days. 3.94% of the stock is currently owned by corporate insiders. NVIDIA Corporation, founded in 1993 and headquartered in Santa Clara, California, is a global technology company that designs and develops graphics processing units (GPUs) and system-on-chip (SoC) technologies. Co-founded by Jensen Huang, who serves as president and chief executive officer, along with Chris Malachowsky and Curtis Priem, NVIDIA has grown from a graphics-focused chipmaker into a broad provider of accelerated computing hardware and software for multiple industries. The company's product portfolio spans discrete GPUs for gaming and professional visualization (marketed under the GeForce and NVIDIA RTX lines), high-performance data center accelerators used for AI training and inference (including widely adopted platforms such as the A100 and H100 series), and Tegra SoCs for automotive and edge applications. Want to see what other hedge funds are holding NVDA? Visit HoldingsChannel.com to get the latest 13F filings and insider trades for NVIDIA Corporation (NASDAQ:NVDA - Free Report). This instant news alert was generated by narrative science technology and financial data from MarketBeat in order to provide readers with the fastest reporting and unbiased coverage. Please send any questions or comments about this story to contact@marketbeat.com. Before you consider NVIDIA, you'll want to hear this. MarketBeat keeps track of Wall Street's top-rated and best performing research analysts and the stocks they recommend to their clients on a daily basis. MarketBeat has identified the five stocks that top analysts are quietly whispering to their clients to buy now before the broader market catches on... and NVIDIA wasn't on the list. While NVIDIA currently has a Buy rating among analysts, top-rated analysts believe these five stocks are better buys. Learn the basics of options trading and how to use them to boost returns and manage risk with this free report from MarketBeat. Click the link below to get your free copy. Sign up for MarketBeat All Access to gain access to MarketBeat's full suite of research tools. 345 N Reid Place, Suite 620, Sioux Falls, SD 57103
                                        
                                        contact@marketbeat.com
                                        
                                        (844) 978-6257 © MarketBeat Media, LLC 2010-2026. All rights reserved. © 2026   Fair market value prices are updated every minute and are provided by Massive. Other market data provided is at least 10-minutes delayed and hosted by Barchart Solutions.  Information is provided 'as-is' and solely for informational purposes, not for trading purposes or advice, and is delayed. To see all exchange delays and terms of use please see Barchart's disclaimer.",https://www.marketbeat.com/instant-alerts/filing-26121-shares-in-nvidia-corporation-nvda-acquired-by-christine-messmer-pc-2026-05-29/
NVDA,NVIDIA Corporation $NVDA is Alliance Wealth Advisors LLC UT's 8th Largest Position - MarketBeat,2026-05-29 07:14:19,"Alliance Wealth Advisors LLC UT decreased its holdings in  NVIDIA Corporation (NASDAQ:NVDA - Free Report) by 12.5% in the 4th quarter, according to the company in its most recent Form 13F filing with the SEC. The firm owned 53,595 shares of the computer hardware maker's stock after selling 7,629 shares during the quarter. NVIDIA accounts for about  2.2% of Alliance Wealth Advisors LLC UT's holdings, making the stock its 8th biggest holding. Alliance Wealth Advisors LLC UT's holdings in NVIDIA were worth $9,995,000 as of its most recent SEC filing. Several other hedge funds and other institutional investors have also made changes to their positions in the business. Longfellow Investment Management Co. LLC lifted its stake in  NVIDIA by 47.9% in the second quarter. Longfellow Investment Management Co. LLC now owns 207 shares of the computer hardware maker's stock worth $33,000 after acquiring an additional 67 shares during the last quarter.  Spurstone Advisory Services LLC purchased a new stake in  NVIDIA during the 2nd quarter worth about $40,000.  Syntax Research Inc. lifted its position in shares of  NVIDIA by 62.5% during the 4th quarter. Syntax Research Inc. now owns 260 shares of the computer hardware maker's stock worth $49,000 after buying an additional 100 shares during the last quarter.  Sellwood Investment Partners LLC purchased a new stake in shares of  NVIDIA during the 3rd quarter worth approximately $50,000.  Finally, Networth Advisors LLC purchased a new stake in shares of  NVIDIA during the 4th quarter worth approximately $51,000. Hedge funds and other institutional investors own  65.27% of the company's stock. Shares of NVIDIA stock opened at $214.25 on Friday. The company has a market cap of $5.18 trillion, a P/E ratio of 32.81, a PEG ratio of 0.51 and a beta of 2.25. The company has a debt-to-equity ratio of 0.04, a quick ratio of 2.85 and a current ratio of 3.44. NVIDIA Corporation has a one year low of $132.92 and a one year high of $236.54. The firm has a fifty day moving average of $198.67 and a two-hundred day moving average of $189.55. NVIDIA (NASDAQ:NVDA - Get Free Report) last announced its quarterly earnings data on Wednesday, May 20th. The computer hardware maker reported $1.87 EPS for the quarter, topping analysts' consensus estimates of $1.76 by $0.11. The company had revenue of $81.62 billion during the quarter, compared to the consensus estimate of $78.42 billion. NVIDIA had a net margin of 62.97% and a return on equity of 96.94%. NVIDIA's quarterly revenue was up 85.2% on a year-over-year basis. During the same quarter in the prior year, the firm earned $0.81 EPS.  On average, analysts forecast that  NVIDIA Corporation will post 8.04 earnings per share for the current year. NVIDIA declared that its board has authorized a stock buyback plan on Wednesday, May 20th that allows the company to buyback $80.00 billion in    shares. This buyback authorization allows the computer hardware maker to repurchase up to 1.5% of its stock  through open market purchases. Stock  buyback plans are generally a sign that the company's management believes its stock is undervalued. The business also recently declared a quarterly dividend, which will be paid on Friday, June 26th. Stockholders of record on Thursday, June 4th will be issued a $0.25 dividend. The ex-dividend date is Thursday, June 4th. This represents a $1.00 dividend on an annualized basis and a dividend yield of 0.5%. This is a boost from NVIDIA's previous quarterly dividend of $0.01. NVIDIA's payout ratio is 0.61%. Here are the key news stories impacting NVIDIA this week: In other news, Director Mark A. Stevens sold 221,682 shares of the stock in a transaction dated Friday, March 20th. The shares were sold at an average price of $173.68, for a total value of $38,501,729.76. Following the completion of the transaction, the director owned 7,399,771 shares in the company, valued at $1,285,192,227.28. This trade represents a 2.91% decrease in their position. The sale was disclosed in a document filed with the SEC, which is available through this hyperlink. Also, CFO Colette Kress sold 42,650 shares of the firm's stock in a transaction that occurred on Friday, March 20th. The shares were sold at an average price of $174.89, for a total value of $7,459,058.50. Following the completion of the transaction, the chief financial officer directly owned 881,387 shares of the company's stock, valued at $154,145,772.43. The trade was a 4.62% decrease in their ownership of the stock. The disclosure for this sale is available in the SEC filing. Over the last three months, insiders have sold 906,336 shares of company stock worth $162,802,518. Insiders own  3.94% of the company's stock. Several analysts have recently weighed in on NVDA shares. Tigress Financial  restated a ""strong-buy"" rating and set a $425.00 price objective (up from $360.00) on shares of NVIDIA in a research report on Wednesday. Truist Financial boosted their target price on NVIDIA from $287.00 to $307.00 and gave the company a ""buy"" rating in a report on Thursday, May 21st. Jefferies Financial Group  reissued a ""buy"" rating and issued a $300.00 target price (up from $275.00) on shares of NVIDIA in a report on Thursday, May 21st. New Street Research reduced their target price on NVIDIA from $343.00 to $340.00 in a report on Thursday, May 21st. Finally, Susquehanna  reissued a ""positive"" rating and issued a $275.00 target price (up from $250.00) on shares of NVIDIA in a report on Tuesday, May 12th. Three investment analysts have rated the stock with a Strong Buy rating, forty-seven have given a Buy rating and three have given a Hold rating to the company. According to MarketBeat, the stock currently has an average rating of ""Buy"" and an average target price of $305.38. NVIDIA Corporation, founded in 1993 and headquartered in Santa Clara, California, is a global technology company that designs and develops graphics processing units (GPUs) and system-on-chip (SoC) technologies. Co-founded by Jensen Huang, who serves as president and chief executive officer, along with Chris Malachowsky and Curtis Priem, NVIDIA has grown from a graphics-focused chipmaker into a broad provider of accelerated computing hardware and software for multiple industries. The company's product portfolio spans discrete GPUs for gaming and professional visualization (marketed under the GeForce and NVIDIA RTX lines), high-performance data center accelerators used for AI training and inference (including widely adopted platforms such as the A100 and H100 series), and Tegra SoCs for automotive and edge applications. This instant news alert was generated by narrative science technology and financial data from MarketBeat in order to provide readers with the fastest reporting and unbiased coverage. Please send any questions or comments about this story to contact@marketbeat.com. Before you consider NVIDIA, you'll want to hear this. MarketBeat keeps track of Wall Street's top-rated and best performing research analysts and the stocks they recommend to their clients on a daily basis. MarketBeat has identified the five stocks that top analysts are quietly whispering to their clients to buy now before the broader market catches on... and NVIDIA wasn't on the list. While NVIDIA currently has a Buy rating among analysts, top-rated analysts believe these five stocks are better buys. Click the link to see MarketBeat's list of seven best retirement stocks and why they should be in your portfolio. Sign up for MarketBeat All Access to gain access to MarketBeat's full suite of research tools. 345 N Reid Place, Suite 620, Sioux Falls, SD 57103
                                        
                                        contact@marketbeat.com
                                        
                                        (844) 978-6257 © MarketBeat Media, LLC 2010-2026. All rights reserved. © 2026   Fair market value prices are updated every minute and are provided by Massive. Other market data provided is at least 10-minutes delayed and hosted by Barchart Solutions.  Information is provided 'as-is' and solely for informational purposes, not for trading purposes or advice, and is delayed. To see all exchange delays and terms of use please see Barchart's disclaimer.",https://www.marketbeat.com/instant-alerts/filing-nvidia-corporation-nvda-is-alliance-wealth-advisors-llc-uts-8th-largest-position-2026-05-29/
NVDA,"Alta Wealth Advisors LLC Buys 2,840 Shares of NVIDIA Corporation $NVDA - MarketBeat",2026-05-29 07:14:06,"Alta Wealth Advisors LLC increased its stake in  NVIDIA Corporation (NASDAQ:NVDA - Free Report) by 4.0% during the 4th quarter, according to its most recent Form 13F filing with the SEC. The fund owned 73,913 shares of the computer hardware maker's stock after acquiring an additional 2,840 shares during the period. NVIDIA makes up   4.6% of Alta Wealth Advisors LLC's investment portfolio, making the stock its 4th largest position. Alta Wealth Advisors LLC's holdings in NVIDIA were worth $13,785,000 as of its most recent filing with the SEC. Other hedge funds have also modified their holdings of the company. Longfellow Investment Management Co. LLC boosted its position in shares of  NVIDIA by 47.9% in the second quarter. Longfellow Investment Management Co. LLC now owns 207 shares of the computer hardware maker's stock worth $33,000 after acquiring an additional 67 shares during the last quarter.  Spurstone Advisory Services LLC acquired a new stake in shares of  NVIDIA in the second quarter worth approximately $40,000.  Syntax Research Inc. boosted its position in shares of  NVIDIA by 62.5% in the fourth quarter. Syntax Research Inc. now owns 260 shares of the computer hardware maker's stock worth $49,000 after acquiring an additional 100 shares during the last quarter.  Sellwood Investment Partners LLC acquired a new stake in shares of  NVIDIA in the third quarter worth approximately $50,000.  Finally, Networth Advisors LLC acquired a new stake in shares of  NVIDIA in the fourth quarter worth approximately $51,000. 65.27% of the stock is owned by institutional investors and hedge funds. NASDAQ NVDA opened at $214.25 on Friday. The company's fifty day simple moving average is $198.67 and its 200-day simple moving average is $189.55. NVIDIA Corporation has a 52 week low of $132.92 and a 52 week high of $236.54. The company has a current ratio of 3.44, a quick ratio of 2.85 and a debt-to-equity ratio of 0.04. The stock has a market cap of $5.18 trillion, a P/E ratio of 32.81, a PEG ratio of 0.51 and a beta of 2.25. NVIDIA (NASDAQ:NVDA - Get Free Report) last posted its earnings results on Wednesday, May 20th. The computer hardware maker reported $1.87 EPS for the quarter, topping analysts' consensus estimates of $1.76 by $0.11. NVIDIA had a net margin of 62.97% and a return on equity of 96.94%. The business had revenue of $81.62 billion for the quarter, compared to analysts' expectations of $78.42 billion. During the same period in the previous year, the company posted $0.81 earnings per share. The business's revenue for the quarter was up 85.2% compared to the same quarter last year.  Equities research analysts predict that  NVIDIA Corporation will post 8.04 EPS for the current fiscal year. The company also recently announced a quarterly dividend, which will be paid on Friday, June 26th. Stockholders of record on Thursday, June 4th will be given a dividend of $0.25 per share. The ex-dividend date of this dividend is Thursday, June 4th. This is an increase from NVIDIA's previous quarterly dividend of $0.01. This represents a $1.00 dividend on an annualized basis and a dividend yield of 0.5%. NVIDIA's dividend payout ratio  is presently 0.61%. NVIDIA announced that its Board of Directors has initiated a share repurchase program on Wednesday, May 20th that authorizes the company to repurchase $80.00 billion in    shares. This repurchase authorization authorizes the computer hardware maker to buy up to 1.5% of its stock  through open market purchases. Stock  repurchase programs are typically an indication that the company's management believes its shares are undervalued. Here are the key news stories impacting NVIDIA this week: Several research firms recently issued reports on NVDA. William Blair  set a $300.00 target price on shares of NVIDIA in a research report on Thursday, March 12th. Rothschild & Co Redburn raised their target price on shares of NVIDIA from $280.00 to $300.00 and gave the stock a ""buy"" rating in a research report on Tuesday. DZ Bank  reissued a ""buy"" rating on shares of NVIDIA in a research report on Thursday, May 21st. BTIG Research assumed coverage on shares of NVIDIA in a research report on Wednesday, April 15th. They issued a ""buy"" rating on the stock. Finally, Seaport Research Partners lifted their price target on shares of NVIDIA from $140.00 to $180.00 and gave the company a ""sell"" rating in a research report on Thursday, May 21st. Three analysts have rated the stock with a Strong Buy rating, forty-seven have given a Buy rating and three have given a Hold rating to the company. According to MarketBeat, NVIDIA currently has a consensus rating of ""Buy"" and a consensus target price of $305.38. In other news, CFO Colette Kress sold 42,650 shares of the business's stock in a transaction on Friday, March 20th. The shares were sold at an average price of $174.89, for a total transaction of $7,459,058.50. Following the transaction, the chief financial officer directly owned 881,387 shares of the company's stock, valued at approximately $154,145,772.43. The trade was a 4.62% decrease in their ownership of the stock. The transaction was disclosed in a document filed with the SEC, which is available at this hyperlink. Also, EVP Ajay K. Puri sold 300,000 shares of the business's stock in a transaction on Wednesday, March 18th. The stock was sold at an average price of $182.25, for a total transaction of $54,675,000.00. Following the transaction, the executive vice president directly owned 3,018,547 shares in the company, valued at approximately $550,130,190.75. The trade was a 9.04% decrease in their ownership of the stock. The SEC filing for this sale provides additional information. In the last quarter, insiders sold 906,336 shares of company stock valued at $162,802,518. 3.94% of the stock is owned by company insiders. NVIDIA Corporation, founded in 1993 and headquartered in Santa Clara, California, is a global technology company that designs and develops graphics processing units (GPUs) and system-on-chip (SoC) technologies. Co-founded by Jensen Huang, who serves as president and chief executive officer, along with Chris Malachowsky and Curtis Priem, NVIDIA has grown from a graphics-focused chipmaker into a broad provider of accelerated computing hardware and software for multiple industries. The company's product portfolio spans discrete GPUs for gaming and professional visualization (marketed under the GeForce and NVIDIA RTX lines), high-performance data center accelerators used for AI training and inference (including widely adopted platforms such as the A100 and H100 series), and Tegra SoCs for automotive and edge applications. Want to see what other hedge funds are holding NVDA? Visit HoldingsChannel.com to get the latest 13F filings and insider trades for NVIDIA Corporation (NASDAQ:NVDA - Free Report). This instant news alert was generated by narrative science technology and financial data from MarketBeat in order to provide readers with the fastest reporting and unbiased coverage. Please send any questions or comments about this story to contact@marketbeat.com. Before you consider NVIDIA, you'll want to hear this. MarketBeat keeps track of Wall Street's top-rated and best performing research analysts and the stocks they recommend to their clients on a daily basis. MarketBeat has identified the five stocks that top analysts are quietly whispering to their clients to buy now before the broader market catches on... and NVIDIA wasn't on the list. While NVIDIA currently has a Buy rating among analysts, top-rated analysts believe these five stocks are better buys. With the proliferation of data centers and electric vehicles, the electric grid will only get more strained. Download this report to learn how energy stocks can play a role in your portfolio as the global demand for energy continues to grow. Sign up for MarketBeat All Access to gain access to MarketBeat's full suite of research tools. 345 N Reid Place, Suite 620, Sioux Falls, SD 57103
                                        
                                        contact@marketbeat.com
                                        
                                        (844) 978-6257 © MarketBeat Media, LLC 2010-2026. All rights reserved. © 2026   Fair market value prices are updated every minute and are provided by Massive. Other market data provided is at least 10-minutes delayed and hosted by Barchart Solutions.  Information is provided 'as-is' and solely for informational purposes, not for trading purposes or advice, and is delayed. To see all exchange delays and terms of use please see Barchart's disclaimer.",https://www.marketbeat.com/instant-alerts/filing-alta-wealth-advisors-llc-buys-2840-shares-of-nvidia-corporation-nvda-2026-05-29/
NVDA,NVDA Short Put Strategy: Getting Paid to Buy the Dip - Moomoo,2026-05-29 06:35:44,"To create a seamless experience and for website quality and improvement purposes, we use cookie technologies for verification and quality purposes, to personalize the content presented, and to provide advertising that may be of specific interest to you. Learn our Privacy Policy here.",https://www.moomoo.com/community/feed/nvda-short-put-strategy-getting-paid-to-buy-the-dip-116656474947590
NVDA,Is NVIDIA (NVDA) the Most Profitable Stock to Invest In? - Yahoo Finance,2026-05-29 06:06:00,"Tip: Try a valid symbol or a specific company name for relevant results The JPMorgan CEO blasted Coinbase's lobbying push for a major crypto bill, going so far as to call its CEO 'full of shit' The Dow closed above 51,000 for the first time, and the S&P 500 and Nasdaq rose to fresh records as stocks capped a winning month. Markets are betting on an Iran deal. But social media posts from Trump and Iran's foreign minister point to a key sticking point. US stocks gained at the open as markets awaited an update on US-Iran talks 'This is what an AI supercycle looks like.' Dell shares are soaring after a blockbuster quarter and hefty guidance boost. Salesforce CEO Marc Benioff is hiring for just one role in the age of AI The S&P 500 and Nasdaq led another record-setting stock surge, boosted by a software rally and hopes for a US-Iran deal. Anthropic tops OpenAI's valuation in latest funding round Micron's AI boom is unprecedented for the memory trade The Dow, S&P 500, and Nasdaq moved lower following US-Iran strikes and fresh inflation data The Fed's preferred inflation gauge heated up in April, cementing that interest rates will remain steady for now. JPMorgan's Jamie Dimon sees investor exuberance in today's market, but says it gives him little comfort The Dow, S&P 500, and Nasdaq edged higher, posting record highs as oil prices dropped America's $5 gas threat is back, one analyst says — and it runs through the Strait of Hormuz. Stocks tipped higher as Wall Street looked to continue a tech-fueled rally. Oil slid amid optimism over a US-Iran deal. SpaceX is not yet public, but the race to own it is already rearranging the ETF market. Here's how. Apple stumbled on AI. That may become its strategic advantage. The S&P 500 and Nasdaq hit record highs as chip stocks rallied, sending Micron’s market cap above $1 trillion The White House says energy prices will fall once the Strait of Hormuz reopens, but analysts don't agree Micron surged, leading chipmakers and tech stocks higher, as UBS more than tripled its price target. US stocks opened higher on Iran peace prospects as oil prices remained volatile Blackrock's Mike Pyle, a former economic advisor to Obama and Biden, discusses AI’s impact on the labor market Schwab CEO explains why the investment services giant doesn't plan to integrate meme coins and gambling SpaceX and OpenAI IPOs could push the AI trade deeper into bubble territory 'There's mania': Strategists weigh in on looming SpaceX IPO Tariff refunds are showing up — in a big way — on the government's bottom line Consumers should brace for the 'most volatile summer at the pump in years.' New Fed Chair Kevin Warsh suggests he may take an Alan Greenspan-style approach at the central bank SpaceX is going public with a rocket-company reputation, but its IPO filing points investors mainly to AI. Stocks and earnings surge, and an agreement with Iran may be imminent. Here's what to watch this week. The president said the agreement would set the framework for renewed peace talks and reopen the Strait of Hormuz. How soaring Treasury yields could impact your finances Job-seekers are using AI to apply for open roles. The result: 'Everybody's applications are starting to look more and more alike' A growing wave of older Americans are returning to work after stepping away from their careers, often out of financial need. Fewer sellers have had to cut prices this spring, a sign that the housing market is finding balance. Chip stocks are hitting fresh records, but Nvidia isn't driving the rally The S&P 500 notched its longest weekly win streak since 2023 as the AI trade boosted stocks Kevin Warsh said he would lead a “reform-oriented Federal Reserve."" Consumer sentiment hits record low as higher gas prices and rising costs weigh on Americans’ views of the economy. US stocks opened higher as the S&P 500 headed for its longest weekly winning streak in three years The Trump administration plans to invest $2 billion in quantum computing, expanding its broader push into strategic industries The Dow clinched a record high as stocks rebounded on optimism for a US-Iran peace deal US stocks turned higher as oil prices fell on hopes of a US-Iran peace deal Quantum stocks jump as Trump administration doles out $2 billion in exchange for equity US stocks fell as oil prices rose amid doubts about US-Iran peace talks The bond market's signal to the Fed: Interest rates should be higher SpaceX files IPO prospectus, offering a rare look at the company's finances Nvidia beats earnings estimates, gives upbeat outlook on strong chip sales The Dow, S&P 500, and Nasdaq rallied as oil fell and Nvidia earnings were on deck The above button links to Coinbase. Yahoo Finance is not a broker-dealer or investment adviser and does not offer securities or cryptocurrencies for sale or facilitate trading. Coinbase pays us for certain activity generated through this link. Prices displayed are informational. On May 23, 2026, NVIDIA Corporation (NASDAQ:NVDA) CEO Jensen Huang asked Super Micro Computer (SMCI) to tighten its compliance after Taiwan detained three people for allegedly making fraudulent declarations tied to AI servers made by Nvidia, Bloomberg’s Debby Wu reported. Huang said Super Micro has to run its own company, but added that he hopes it will “enhance and improve” regulatory compliance and avoid similar issues in the future. On May 21, 2026, Raymond James raised the firm’s price target on NVIDIA Corporation (NASDAQ:NVDA) to $330 from $323 and maintained a Strong Buy rating on the shares. Raymond James cited stronger-than-expected Q1 results and Q2 guidance, driven by inference-led growth and share gains. The firm also pointed to Nvidia’s $80B buyback authorization and dividend increase from 1c to 25c per share. BofA also raised the firm’s price target on Nvidia to $350 from $320 and maintained a Buy rating, lifting its FY27 and FY28 pro-forma EPS estimates by 9% and 15%, respectively, after a “solid beat/raise.” On May 20, 2026, NVIDIA Corporation (NASDAQ:NVDA) reported Q1 adjusted EPS of $1.87, ahead of the consensus estimate of $1.77. Revenue totaled $81.6B, above the consensus estimate of $79.12B. Founder and CEO Jensen Huang said the buildout of AI factories is “accelerating at extraordinary speed,” while adding that agentic AI is scaling across companies and industries. Huang said Nvidia is positioned “at the center of this transformation” through its platform spanning hyperscale data centers to the edge. NVIDIA Corporation (NASDAQ:NVDA) operates as a data center-scale AI infrastructure company through its Compute & Networking and Graphics segments. While we acknowledge the potential of NVDA as an investment, we believe certain AI stocks offer greater upside potential and carry less downside risk. If you're looking for an extremely undervalued AI stock that also stands to benefit significantly from Trump-era tariffs and the onshoring trend, see our free report on the best short-term AI stock. READ NEXT: 33 Stocks That Should Double in 3 Years and Cathie Wood 2026 Portfolio: 10 Best Stocks to Buy. Disclosure: None. Follow Insider Monkey on Google News. Tip: Try a valid symbol or a specific company name for relevant results",https://finance.yahoo.com/markets/stocks/articles/nvidia-nvda-most-profitable-stock-060618261.html
NVDA,"$NVIDIA (NVDA.US)$ I bought Nvidia as per ChatGPT’s recommendation. Eventhough the number of share i am holding is very little , but I still hope Nvidia can fly high. - Moomoo",2026-05-29 05:34:03,"To create a seamless experience and for website quality and improvement purposes, we use cookie technologies for verification and quality purposes, to personalize the content presented, and to provide advertising that may be of specific interest to you. Learn our Privacy Policy here.",https://www.moomoo.com/community/feed/nvidia-nvda-us-i-bought-nvidia-as-per-chatgpt-s-116656232398854
NVDA,Is NVIDIA Corporation (NVDA) The Best 52-Week High Stock to Invest In According to Short Sellers? - Yahoo Finance,2026-05-28 23:40:27,"Tip: Try a valid symbol or a specific company name for relevant results The JPMorgan CEO blasted Coinbase's lobbying push for a major crypto bill, going so far as to call its CEO 'full of shit' The Dow closed above 51,000 for the first time, and the S&P 500 and Nasdaq rose to fresh records as stocks capped a winning month. Markets are betting on an Iran deal. But social media posts from Trump and Iran's foreign minister point to a key sticking point. US stocks gained at the open as markets awaited an update on US-Iran talks 'This is what an AI supercycle looks like.' Dell shares are soaring after a blockbuster quarter and hefty guidance boost. Salesforce CEO Marc Benioff is hiring for just one role in the age of AI The S&P 500 and Nasdaq led another record-setting stock surge, boosted by a software rally and hopes for a US-Iran deal. Anthropic tops OpenAI's valuation in latest funding round Micron's AI boom is unprecedented for the memory trade The Dow, S&P 500, and Nasdaq moved lower following US-Iran strikes and fresh inflation data The Fed's preferred inflation gauge heated up in April, cementing that interest rates will remain steady for now. JPMorgan's Jamie Dimon sees investor exuberance in today's market, but says it gives him little comfort The Dow, S&P 500, and Nasdaq edged higher, posting record highs as oil prices dropped America's $5 gas threat is back, one analyst says — and it runs through the Strait of Hormuz. Stocks tipped higher as Wall Street looked to continue a tech-fueled rally. Oil slid amid optimism over a US-Iran deal. SpaceX is not yet public, but the race to own it is already rearranging the ETF market. Here's how. Apple stumbled on AI. That may become its strategic advantage. The S&P 500 and Nasdaq hit record highs as chip stocks rallied, sending Micron’s market cap above $1 trillion The White House says energy prices will fall once the Strait of Hormuz reopens, but analysts don't agree Micron surged, leading chipmakers and tech stocks higher, as UBS more than tripled its price target. US stocks opened higher on Iran peace prospects as oil prices remained volatile Blackrock's Mike Pyle, a former economic advisor to Obama and Biden, discusses AI’s impact on the labor market Schwab CEO explains why the investment services giant doesn't plan to integrate meme coins and gambling SpaceX and OpenAI IPOs could push the AI trade deeper into bubble territory 'There's mania': Strategists weigh in on looming SpaceX IPO Tariff refunds are showing up — in a big way — on the government's bottom line Consumers should brace for the 'most volatile summer at the pump in years.' New Fed Chair Kevin Warsh suggests he may take an Alan Greenspan-style approach at the central bank SpaceX is going public with a rocket-company reputation, but its IPO filing points investors mainly to AI. Stocks and earnings surge, and an agreement with Iran may be imminent. Here's what to watch this week. The president said the agreement would set the framework for renewed peace talks and reopen the Strait of Hormuz. How soaring Treasury yields could impact your finances Job-seekers are using AI to apply for open roles. The result: 'Everybody's applications are starting to look more and more alike' A growing wave of older Americans are returning to work after stepping away from their careers, often out of financial need. Fewer sellers have had to cut prices this spring, a sign that the housing market is finding balance. Chip stocks are hitting fresh records, but Nvidia isn't driving the rally The S&P 500 notched its longest weekly win streak since 2023 as the AI trade boosted stocks Kevin Warsh said he would lead a “reform-oriented Federal Reserve."" Consumer sentiment hits record low as higher gas prices and rising costs weigh on Americans’ views of the economy. US stocks opened higher as the S&P 500 headed for its longest weekly winning streak in three years The Trump administration plans to invest $2 billion in quantum computing, expanding its broader push into strategic industries The Dow clinched a record high as stocks rebounded on optimism for a US-Iran peace deal US stocks turned higher as oil prices fell on hopes of a US-Iran peace deal Quantum stocks jump as Trump administration doles out $2 billion in exchange for equity US stocks fell as oil prices rose amid doubts about US-Iran peace talks The bond market's signal to the Fed: Interest rates should be higher SpaceX files IPO prospectus, offering a rare look at the company's finances Nvidia beats earnings estimates, gives upbeat outlook on strong chip sales The Dow, S&P 500, and Nasdaq rallied as oil fell and Nvidia earnings were on deck The above button links to Coinbase. Yahoo Finance is not a broker-dealer or investment adviser and does not offer securities or cryptocurrencies for sale or facilitate trading. Coinbase pays us for certain activity generated through this link. Prices displayed are informational. NVIDIA Corporation (NASDAQ:NVDA) is one of the best 52-week high stocks to invest in, according to short sellers. On May 21, Truist Securities raised its price target on Nvidia (NASDAQ: NVDA) to $307 from $287, maintaining a Buy rating. The firm cited strong first‑quarter results and upbeat second‑quarter guidance, noting that demand for Nvidia’s products is accelerating again. Truist highlighted the vast potential of the artificial intelligence market, projecting significant long‑term growth and rejecting the idea that AI is in a bubble. Nvidia’s positioning in this space was seen as a key driver of its outlook. Analysts also pointed to improving customer relationships and shareholder returns, with dividends and buybacks adding to the investment case. They cautioned, however, that sustaining growth at Nvidia’s current scale remains a challenge. Nvidia posted fiscal first‑quarter results that topped estimates, with adjusted earnings per share at $1.87 versus $1.76 expected and revenue of $81.62 billion against forecasts of $78.86 billion. The company also announced plans to return more cash to shareholders, authorizing $80 billion for buybacks and raising its quarterly dividend to 25 cents per share from 1 cent. Free cash flow surged to $48.6 billion, up from $34.9 billion in the prior quarter and $26.1 billion a year earlier, underscoring Nvidia’s strong financial momentum. NVIDIA Corporation (NASDAQ:NVDA) designs specialized computer chips, primarily GPUs, that power everything from high-end video games to massive artificial intelligence models. It provides the essential hardware and software infrastructure that allows industries to build, train, and deploy AI, robotics, and digital simulations. While we acknowledge the potential of NVDA as an investment, we believe certain AI stocks offer greater upside potential and carry less downside risk. If you're looking for an extremely undervalued AI stock that also stands to benefit significantly from Trump-era tariffs and the onshoring trend, see our free report on the best short-term AI stock. READ NEXT: 7 Best Small Cap Agriculture Stocks to Buy Now and 8 Best Gold Stocks Under $5. Disclosure: None. Follow Insider Monkey on Google News. Tip: Try a valid symbol or a specific company name for relevant results",https://finance.yahoo.com/markets/stocks/articles/nvidia-corporation-nvda-best-52-234027290.html
NVDA,"NVIDIA Corporation (NVDA) Stock Price, News, Quote & History - Yahoo Finance",2026-05-28 23:13:34,"Tip: Try a valid symbol or a specific company name for relevant results The JPMorgan CEO blasted Coinbase's lobbying push for a major crypto bill, going so far as to call its CEO 'full of shit' The Dow closed above 51,000 for the first time, and the S&P 500 and Nasdaq rose to fresh records as stocks capped a winning month. Markets are betting on an Iran deal. But social media posts from Trump and Iran's foreign minister point to a key sticking point. US stocks gained at the open as markets awaited an update on US-Iran talks 'This is what an AI supercycle looks like.' Dell shares are soaring after a blockbuster quarter and hefty guidance boost. Salesforce CEO Marc Benioff is hiring for just one role in the age of AI The S&P 500 and Nasdaq led another record-setting stock surge, boosted by a software rally and hopes for a US-Iran deal. Anthropic tops OpenAI's valuation in latest funding round Micron's AI boom is unprecedented for the memory trade The Dow, S&P 500, and Nasdaq moved lower following US-Iran strikes and fresh inflation data The Fed's preferred inflation gauge heated up in April, cementing that interest rates will remain steady for now. JPMorgan's Jamie Dimon sees investor exuberance in today's market, but says it gives him little comfort The Dow, S&P 500, and Nasdaq edged higher, posting record highs as oil prices dropped America's $5 gas threat is back, one analyst says — and it runs through the Strait of Hormuz. Stocks tipped higher as Wall Street looked to continue a tech-fueled rally. Oil slid amid optimism over a US-Iran deal. SpaceX is not yet public, but the race to own it is already rearranging the ETF market. Here's how. Apple stumbled on AI. That may become its strategic advantage. The S&P 500 and Nasdaq hit record highs as chip stocks rallied, sending Micron’s market cap above $1 trillion The White House says energy prices will fall once the Strait of Hormuz reopens, but analysts don't agree Micron surged, leading chipmakers and tech stocks higher, as UBS more than tripled its price target. US stocks opened higher on Iran peace prospects as oil prices remained volatile Blackrock's Mike Pyle, a former economic advisor to Obama and Biden, discusses AI’s impact on the labor market Schwab CEO explains why the investment services giant doesn't plan to integrate meme coins and gambling SpaceX and OpenAI IPOs could push the AI trade deeper into bubble territory 'There's mania': Strategists weigh in on looming SpaceX IPO Tariff refunds are showing up — in a big way — on the government's bottom line Consumers should brace for the 'most volatile summer at the pump in years.' New Fed Chair Kevin Warsh suggests he may take an Alan Greenspan-style approach at the central bank SpaceX is going public with a rocket-company reputation, but its IPO filing points investors mainly to AI. Stocks and earnings surge, and an agreement with Iran may be imminent. Here's what to watch this week. The president said the agreement would set the framework for renewed peace talks and reopen the Strait of Hormuz. How soaring Treasury yields could impact your finances Job-seekers are using AI to apply for open roles. The result: 'Everybody's applications are starting to look more and more alike' A growing wave of older Americans are returning to work after stepping away from their careers, often out of financial need. Fewer sellers have had to cut prices this spring, a sign that the housing market is finding balance. Chip stocks are hitting fresh records, but Nvidia isn't driving the rally The S&P 500 notched its longest weekly win streak since 2023 as the AI trade boosted stocks Kevin Warsh said he would lead a “reform-oriented Federal Reserve."" Consumer sentiment hits record low as higher gas prices and rising costs weigh on Americans’ views of the economy. US stocks opened higher as the S&P 500 headed for its longest weekly winning streak in three years The Trump administration plans to invest $2 billion in quantum computing, expanding its broader push into strategic industries The Dow clinched a record high as stocks rebounded on optimism for a US-Iran peace deal US stocks turned higher as oil prices fell on hopes of a US-Iran peace deal Quantum stocks jump as Trump administration doles out $2 billion in exchange for equity US stocks fell as oil prices rose amid doubts about US-Iran peace talks The bond market's signal to the Fed: Interest rates should be higher SpaceX files IPO prospectus, offering a rare look at the company's finances Nvidia beats earnings estimates, gives upbeat outlook on strong chip sales The Dow, S&P 500, and Nasdaq rallied as oil fell and Nvidia earnings were on deck The above button links to Coinbase. Yahoo Finance is not a broker-dealer or investment adviser and does not offer securities or cryptocurrencies for sale or facilitate trading. Coinbase pays us for certain activity generated through this link. Prices displayed are informational. Nvidia is part of a new investment strategy bundling its stock with others, while traders hedge against rising credit risks in the tech sector driven by AI investments. Concerns about potential market bubbles and credit defaults are growing as borrowing surges. NVIDIA Corporation operates as a data center scale AI infrastructure company. The company operates through two segments, Compute & Networking, and Graphics segments. The Compute & Networking segment provides data center accelerated computing and networking platforms and artificial intelligence solutions and software, and automotive platforms and autonomous and electric vehicle solutions, including software. The Graphics segment offers GeForce GPUs for gaming and PCs; Quadro/NVIDIA RTX GPUs for enterprise workstation graphics. The company's products are used in gaming, professional visualization, data center, and automotive markets. The company sells its products to original equipment manufacturers, original device manufacturers, system integrators and distributors, independent software vendors, cloud service providers, add-in board manufacturers, distributors, automotive manufacturers and tier-1 automotive suppliers, and other ecosystem participants worldwide. It has a collaboration with Tech Mahindra Limited to develop artificial intelligence powered telco network operations reasoning agent. The company has a strategic partnership with Lumentum Holdings Inc. to develop optics technologies for AI and data centers. It also has a strategic partnership with Nebius Group N.V. to develop and deploy hyperscale cloud for the artificial intelligence market; and has a strategic partnership with IREN Limited to accelerate deployment of up to 5 gigawatts of infrastructure. NVIDIA Corporation was incorporated in 1993 and is headquartered in Santa Clara, California. As shares of memory chipmaker Micron Technology (MU) maintains gains after its market cap crossed above $1 trillion this week, Yahoo Finance Markets and Data Editor Jared Blikre compares how the chip stock holds up to the performance of Nvidia (NVDA) and the broader AI trade. Trailing total returns as of 5/29/2026, which may include dividends or other distributions. Benchmark is S&P 500 (^GSPC)  . Select to analyze similar companies using key performance metrics; select up to 4 stocks. Sustainable Impact Investing is gaining traction not only with Argus Research clients but also with the global investment community. As assets have flowed in over the past 40 years, Sustainable Investing has evolved. The discipline, originally known as Socially Responsible Investing, first focused on excluding companies that conducted business in South Africa, or participated in industries such as tobacco, alcohol, and firearms. In time, the list of industries to avoid increased to include soft drinks, fast food, and oil and gas, among numerous others.  Performance of initial strategies lagged, and the approach has been modified. Now, instead of merely identifying industries to avoid, the discipline promotes ""sustainable"" business practices across all industries that can have an ""impact"" on global issues such as climate, hunger, poverty, disease, shelter, and workers' rights. Given the strategy's focus on leading management practices, we expect the growth curve for Sustainable Investing to again slope upward in the years ahead. The Bureau of Economic Analysis (BEA) will provide its second estimate of 1Q Gross Domestic Product (GDP) this morning. Based on last month's advance estimate, U.S. output rose in the first quarter at an annualized rate of 2.0%. When we review this morning's release, our focus will be on looking forward, not back. Based on the advance data, the most-important result is likely to be that private investment grew 8.7% and contributed about 1.5 points to growth (approximately three quarters of the total). Almost all of that came from categories related to artificial intelligence. Investment in computers, software, and research & development added about 1.3 points to GDP growth. The equipment category grew about 17%, with computer gear up 67%. The intellectual property category grew 13%, with software up 23%. Note that this is investment, not consumption. Unlike a dozen donuts that are devoured in the office, a good investment can make the economy and its workers more productive. Nobel Prize winning economist Paul Krugman wrote in his 1990 book (The Age of Diminished Expectations) that ""Productivity isn't everything, but, in the long run, it is almost everything."" Krugman added, ""A country's ability to improve its standard of living over time depends almost entirely on its ability to raise its output per worker."" That is what is so important and encouraging about the level of private investment -- and it may still have significant room to run. Even with the massive proliferation of information technology over the last quarter century, equipment, and intellectual property products, at 11.3% of 1Q GDP, have not yet surpassed their 11.6% share of GDP in the second quarter of 2000. But it appears that they will. On May 21, the Federal Reserve Bank of Atlanta's GDP Nowcast provided an estimate for a 2Q26 GDP increase of 4.3% with equipment up 9.4% and intellectual property up 6.4%. Longer term, Nvidia CFO Colette Kress recently estimated that AI infrastructure spending is on track to reach $3-$4 trillion annually by the end of this decade. Nvidia Corp., based in Santa Clara, California, is a visual computing company with worldwide operations and markets. The company operates through two segments, Graphics and Compute & Networking. The company's four main markets are gaming, professional visualization, data center, and automotive. Stocks saw a nice snapback rally on Wednesday. Crude oil (WTI) was smacked, falling 5.5% to $98.50/barrel, while Brent oil dropped about the same to $105/barrel. That took a lot of pressure off the bond market, as the 10-year Treasury yield declined 9.5 basis points (bps), the 5-year fell 10.5 bps, and the 2-year dropped 8 bps.  So for a day anyway, everything was back to normal. The AI charge reasserted itself, led by semiconductor stocks. MU popped 5%, AMD 8%, ASML 6%, INTC and LRCX 7%, and ARM 15%. The hottest chip names come from the memory and storage areas, and the timing of the Roundhill Memory ETF (DRAM, which began trading 4/2) has been a stroke of genius, so far. Assets under management (AUM) for new ETFs generally are nominal. But money has poured into this ETF, which now has an AUM of about $10 billion. And new funds go right into the stocks in the ETF, making an already hot area sizzle. From its 4/2 close, DRAM had rocketed 98% at its recent high on May 11. Indeed, momentum investing is the great self-fulfilling prophecy: higher prices attract more money, creating higher prices. The largest beneficiary of lower oil was Consumer Discretionary (XLY), rising 2.5%. The XLY was led by airlines (up 8%), furnishings (up 7%), and home construction and apparel retailers (up 5%). Meanwhile, durable household products, recreational services, and footwear all rose 4%. Most of these industries had been pounded recently. Tip: Try a valid symbol or a specific company name for relevant results",https://finance.yahoo.com/quote/NVDA/
NVDA,"SA analyst upgrades/downgrades: NVDA, TXN, LITE, ZS - Seeking Alpha",2026-05-28 16:41:42,"Lumentum Holdings (LITE) and Texas Instruments (TXN) received upgrades as Seeking Alpha analysts point to surging demand tied to AI infrastructure and improved financial positioning. Meanwhile, concerns about valuation and structural growth challenges have prompted downgrades for Nvidia (",https://seekingalpha.com/news/4598036-sa-analyst-upgrades-downgrades-nvda-txn-lite-zs
NVDA,"$NVDA 260618 250.00C$ Bro Da, save me... - Moomoo",2026-05-28 16:16:06,"To create a seamless experience and for website quality and improvement purposes, we use cookie technologies for verification and quality purposes, to personalize the content presented, and to provide advertising that may be of specific interest to you. Learn our Privacy Policy here.",https://www.moomoo.com/community/feed/nvda-260618-250-00c-nvda260618c250000-us-brother-da-save-me-116653094731782
NVDA,"Nvidia (NVDA) Stock Quotes, Company News And Chart Analysis - Investor's Business Daily",2026-05-28 16:05:00,"Access to this page has been denied because we believe you are using automation tools to browse the
                website. This may happen as a result of the following: Please make sure that Javascript and cookies are enabled on your browser and that you are not blocking
                them from loading. Reference ID: #c4a85faa-5bca-11f1-96c6-14f538e09dc7 Powered by
                PerimeterX
                , Inc.",https://www.investors.com/news/technology/nvidia-stock-nvda-stock-price-quote-analysis/
NVDA,Jensen Huang Just Said $40 Trillion. Here Are 5 Physical AI Stocks Wall Street Is Quietly Loading Up On Before the Rest of the Market Catches On - 24/7 Wall St.,2026-05-28 14:42:28,"NVIDIA CEO Jensen Huang has called humanoid robots and labor automation a $40 trillion total addressable market, and on the Animal Spirits podcast, Derek Yan argued physical AI is “potentially bigger” than EVs or smartphones, with Waymo serving as live proof the underlying autonomy stack already works in the wild. Capital is rotating into this trade now, before the broader market has priced it in. Here are the five stocks I’m watching, starting with the name almost nobody on retail Twitter is yelling about. Robots without vision are paperweights. Cognex (NASDAQ:CGNX | CGNX Price Prediction) is the machine-vision standard for factory floors and warehouses, and in Q1 it shipped the In-Sight 6900 AI vision platform powered by NVIDIA alongside the In-Sight 3900 powered by Qualcomm. That’s the company plugging itself directly into Jensen’s Isaac and Cosmos stack at the edge, exactly where humanoid and industrial robots need to see, sort, and decide in real time. The numbers tell you Wall Street is already on it quietly. Q1 FY26 revenue hit $268.44 million, up 24.3% year over year, with adjusted EPS of $0.34, beating the $0.25 estimate, and Q2 guidance points to adjusted EPS of $0.40 to $0.44, roughly 68% year-over-year growth at the midpoint. The stock is up 86% year to date as I write this, and the chart looks like a setup that the rest of the market hasn’t fully understood yet. CEO Matt Moschner put it bluntly: “Our latest AI vision products reinforce our technology leadership and objective of becoming the #1 provider of AI-powered machine vision.” If Cognex supplies the eyes, somebody supplies the brain. You knew this name was coming. NVIDIA (NASDAQ:NVDA) is the operating system of physical AI: the DRIVE Hyperion partnerships across Hyundai, Kia, Uber, BYD, Geely, Isuzu, and Nissan, the Isaac GR00T humanoid foundation model, and Cosmos world models for synthetic training data. I’ve owned this stock for over 15 years, and the pivot from gaming GPUs to the central nervous system of the robotics economy is the most aggressive platform expansion I’ve seen from any company in my career. On the most recent call, Huang told investors NVIDIA has “line of sight to projects requiring tens of gigawatts of NVIDIA Corporation AI infrastructure in the not-too-distant future” and said “billions of robots, hundreds of millions of autonomous vehicles, and hundreds of thousands of robotic factories and warehouses will be developed.” Data Center revenue ran $39 billion, up 73% year over year, and Q2 guidance came in at $45 billion at the midpoint. The street is still constructive: 48 Buy and 10 Strong Buy ratings against just 1 Sell, with an analyst target of $295.69 versus the current $212.60. Polymarket traders are pricing a 0.65 probability NVIDIA hits $216 in June, with upside scenarios into the $240 range. The compute is in place. Now somebody has to put it on wheels. Elon Musk is building Tesla into a robotics company in plain sight. Tesla (NASDAQ:TSLA) is the most vertically integrated physical-AI bet in public markets: Optimus humanoids, FSD, Robotaxi, Cybercab, Megapack, and the only real-world fleet generating training data at scale. Optimus production lines are being installed at Fremont (designed for 1 million robots per year) with a second-gen line at Gigafactory Texas designed for 10 million robots per year. Q1 FY26 delivered revenue of $22.39 billion, up 15.8% year over year, with non-GAAP EPS of $0.41 versus a $0.36 estimate and auto gross margin expanding to 21.1% from 16.2%. The really interesting number: FSD active subscriptions hit 1.28 million, up 51% year over year. That’s a software annuity layered on top of a hardware business that’s already throwing off cash. The analyst who called NVIDIA in 2010 just named his top 10 stocks and Cognex wasn't one of them. Get them here FREE. Prediction markets are skeptical on near-term Optimus and California robotaxi timelines, with Polymarket pricing only a 0.11 probability of a California robotaxi launch by June 30. That gap between Huang’s $40 trillion thesis and traders’ short-window pricing is exactly where asymmetric returns get made. Big trucks and big factories are where this thesis pays first. Forget the demo videos. Symbotic (NASDAQ:SYM) already runs end-to-end robotic warehouse systems for Walmart and a growing roster of retailers, with the SoftBank-backed Exol joint venture targeting the warehouse-as-a-service market. This is the rare physical-AI play with revenue that scales as humans get pulled out of fulfillment centers. Q2 FY26 revenue came in at $676.48 million, up 23.1% year over year and beating consensus. Three numbers matter from this report: 70 active systems in deployment (up from 46 a year ago), adjusted EBITDA of $77.75 million, more than doubling year over year, and a contracted backlog around $22.70 billion. That backlog is multiple years of revenue locked in regardless of macro chop. CEO Rick Cohen said “customers across several verticals are now realizing tangible value from our end-to-end automation systems”, and retail still has no idea this exists. Reddit chatter shows just 1 qualified mention per tracking period, with a brief bullish sentiment score of 68 appearing only once. The biggest names are deploying systems in stockrooms. The last mile is a different animal entirely. And here’s the payoff. Serve Robotics (NASDAQ:SERV) is the pure-play physical-AI small cap that almost nobody is talking about, and its Gen3 sidewalk robot runs on NVIDIA Jetson Orin compute. After the Diligent Robotics acquisition, Serve now operates sidewalk delivery robots and Moxi hospital robots across 44 cities in 14 states, with roughly 2,000 outdoor robots and over 100 hospital robots in service. This is Waymo’s proof-of-concept applied to the last mile and the hospital corridor. Q1 FY26 revenue was $2.98 million, up roughly 578% year over year, with management reaffirming ~$26 million in 2026 revenue, roughly 10x fiscal 2025’s $2.7 million. Daily active robots jumped to 812 from 73 a year ago. CEO Ali Kashani framed it directly: “We are leading the development of Physical AI in the real world, operating across multiple physical domains while building towards a unified autonomy platform.” The target is a sub-$1 per delivery cost versus $8 to $10 with human couriers in what management frames as a $450 billion robotic and drone delivery opportunity by 2030. The stock is down 15% year to date, sitting at a $8.84 market price against an $18.45 analyst target with 8 Buy ratings and zero Holds or Sells. That’s the asymmetric setup. If Huang and Musk are even half-right about robots replacing labor at scale, a $750 million market cap on a company already deploying autonomous fleets in dozens of cities is the kind of mispricing that doesn’t last. Vision (CGNX), compute (NVDA), vehicles and humanoids (TSLA), warehouses (SYM), last-mile autonomy (SERV). That’s the full stack of Huang’s $40 trillion thesis, in order of how the capital flows. Trillion-dollar CEOs are directing billions into this right now, before consensus catches up. The window between “quietly loading up” and “crowded trade” is closing. I've been writing about stocks and personal finance for 20+ years. I believe all great companies are tech companies in the long run, and I invest accordingly. Our top personal finance-related articles today. Your wallet will thank you later. Jensen Huang keeps quoting a $40 trillion humanoid robot TAM, and the market is rewarding every concept video and 2030… Everyone is still glued to Tesla (NASDAQ:TSLA | TSLA Price Prediction) because a Q1 earnings beat, the robotaxi pitch, and… Everyone knows NVIDIA (NASDAQ:NVDA | NVDA Price Prediction) and Tesla (NASDAQ:TSLA) are the marquee names in robotics and autonomous systems.… Nvidia (NASDAQ:NVDA | NVDA Price Prediction) has ridden the AI wave to unprecedented heights. Its GPUs, essential for training massive… Jim Cramer’s Bullish Case for Tesla Stock In a June 11 interview on CNBC’s Squawk on the Street, Jim Cramer,… Tesla Inc (NASDAQ:TSLA | TSLA Price Prediction) made a bold move this week, during the company’s Q4 2025 earnings call:… If possible, Elon Musk’s recent appearance on the Moonshots with Peter Diamandis podcast may be the most sweeping claim he’s… Elon Musk has long emphasized SpaceX‘s mission to colonize Mars as essential for humanity’s survival. However, on Sunday, Elon Musk… Cathie Wood’s AI Vision: Why Her Top Stock Outshines Palantir Cathie Wood is the visionary founder of Ark Invest who…",https://247wallst.com/investing/2026/05/28/jensen-huang-just-said-40-trillion-here-are-5-physical-ai-stocks-wall-street-is-quietly-loading-up-on-before-the-rest-of-the-market-catches-on/
NVDA,Lock Profit and Prepare to buy Marvell | NVDA | IBM - Moomoo,2026-05-28 13:39:41,"To create a seamless experience and for website quality and improvement purposes, we use cookie technologies for verification and quality purposes, to personalize the content presented, and to provide advertising that may be of specific interest to you. Learn our Privacy Policy here.",https://www.moomoo.com/community/feed/lock-profit-and-prepare-to-buy-marvell-nvda-ibm-116652479677222
NVDA,Jim Cramer Wants NVIDIA (NVDA) to be More Like Apple - Yahoo Finance,2026-05-28 13:39:38,"Tip: Try a valid symbol or a specific company name for relevant results The JPMorgan CEO blasted Coinbase's lobbying push for a major crypto bill, going so far as to call its CEO 'full of shit' The Dow closed above 51,000 for the first time, and the S&P 500 and Nasdaq rose to fresh records as stocks capped a winning month. Markets are betting on an Iran deal. But social media posts from Trump and Iran's foreign minister point to a key sticking point. US stocks gained at the open as markets awaited an update on US-Iran talks 'This is what an AI supercycle looks like.' Dell shares are soaring after a blockbuster quarter and hefty guidance boost. Salesforce CEO Marc Benioff is hiring for just one role in the age of AI The S&P 500 and Nasdaq led another record-setting stock surge, boosted by a software rally and hopes for a US-Iran deal. Anthropic tops OpenAI's valuation in latest funding round Micron's AI boom is unprecedented for the memory trade The Dow, S&P 500, and Nasdaq moved lower following US-Iran strikes and fresh inflation data The Fed's preferred inflation gauge heated up in April, cementing that interest rates will remain steady for now. JPMorgan's Jamie Dimon sees investor exuberance in today's market, but says it gives him little comfort The Dow, S&P 500, and Nasdaq edged higher, posting record highs as oil prices dropped America's $5 gas threat is back, one analyst says — and it runs through the Strait of Hormuz. Stocks tipped higher as Wall Street looked to continue a tech-fueled rally. Oil slid amid optimism over a US-Iran deal. SpaceX is not yet public, but the race to own it is already rearranging the ETF market. Here's how. Apple stumbled on AI. That may become its strategic advantage. The S&P 500 and Nasdaq hit record highs as chip stocks rallied, sending Micron’s market cap above $1 trillion The White House says energy prices will fall once the Strait of Hormuz reopens, but analysts don't agree Micron surged, leading chipmakers and tech stocks higher, as UBS more than tripled its price target. US stocks opened higher on Iran peace prospects as oil prices remained volatile Blackrock's Mike Pyle, a former economic advisor to Obama and Biden, discusses AI’s impact on the labor market Schwab CEO explains why the investment services giant doesn't plan to integrate meme coins and gambling SpaceX and OpenAI IPOs could push the AI trade deeper into bubble territory 'There's mania': Strategists weigh in on looming SpaceX IPO Tariff refunds are showing up — in a big way — on the government's bottom line Consumers should brace for the 'most volatile summer at the pump in years.' New Fed Chair Kevin Warsh suggests he may take an Alan Greenspan-style approach at the central bank SpaceX is going public with a rocket-company reputation, but its IPO filing points investors mainly to AI. Stocks and earnings surge, and an agreement with Iran may be imminent. Here's what to watch this week. The president said the agreement would set the framework for renewed peace talks and reopen the Strait of Hormuz. How soaring Treasury yields could impact your finances Job-seekers are using AI to apply for open roles. The result: 'Everybody's applications are starting to look more and more alike' A growing wave of older Americans are returning to work after stepping away from their careers, often out of financial need. Fewer sellers have had to cut prices this spring, a sign that the housing market is finding balance. Chip stocks are hitting fresh records, but Nvidia isn't driving the rally The S&P 500 notched its longest weekly win streak since 2023 as the AI trade boosted stocks Kevin Warsh said he would lead a “reform-oriented Federal Reserve."" Consumer sentiment hits record low as higher gas prices and rising costs weigh on Americans’ views of the economy. US stocks opened higher as the S&P 500 headed for its longest weekly winning streak in three years The Trump administration plans to invest $2 billion in quantum computing, expanding its broader push into strategic industries The Dow clinched a record high as stocks rebounded on optimism for a US-Iran peace deal US stocks turned higher as oil prices fell on hopes of a US-Iran peace deal Quantum stocks jump as Trump administration doles out $2 billion in exchange for equity US stocks fell as oil prices rose amid doubts about US-Iran peace talks The bond market's signal to the Fed: Interest rates should be higher SpaceX files IPO prospectus, offering a rare look at the company's finances Nvidia beats earnings estimates, gives upbeat outlook on strong chip sales The Dow, S&P 500, and Nasdaq rallied as oil fell and Nvidia earnings were on deck The above button links to Coinbase. Yahoo Finance is not a broker-dealer or investment adviser and does not offer securities or cryptocurrencies for sale or facilitate trading. Coinbase pays us for certain activity generated through this link. Prices displayed are informational. We recently published Jim Cramer Shared Latest Take On Mega Quantum Computing Investment & Discussed These 13 Stocks. NVIDIA Corporation (NASDAQ:NVDA) is one of the stocks discussed by Jim Cramer. The day this show was aired was a crucial one for AI GPU giant NVIDIA Corporation (NASDAQ:NVDA) as it had just reported its latest earnings. The results, which covered its first quarter of fiscal 2027, saw the firm post $81.6 billion in revenue, $53.53 billion in operating income and $58.32 billion in net income. NVIDIA Corporation (NASDAQ:NVDA)’s revenue set another record, and it also raised its quarterly dividend per share to 25 cents. Ahead of the quarter, Cramer had stressed the need for management to discuss custom AI chips. After the results, he added that NVIDIA Corporation (NASDAQ:NVDA) needed to beef up its dividend and emulate Apple’s approach: “Well look, the stock was up a little bit, before the new, Iranian news, trading off that, trading off the bonds, trading off anything other than NVIDIA was talking about last night. The stock, that there were ten firms I saw that already [inaudible] targets. So I don’t know who’s selling because you really don’t have a sell pace. When I spoke to them later in the night they told me, don’t forget, this rally started at 180 goes all up the way to 225 and come back. But, what I loved about it, this company needed to outrun the spend. We all were so afraid that everyone, all these big companies, hyperscalers, were out of money. It shouldn’t impact NVIDIA, which then broke out their earnings. Hyperscaler, non hyperscaler. Non hyperscaler’s really, really good. David, this is a company that is more control obssessed than people. think. even to the point where Anthropic, Amazon, need more chips, they go to Elon. And say, listen, we’ll pay you a fortune each month if you let us have the latest and the greatest. “Now of course, people will say, you know what, I don’t need that. I will go buy Arm Holdings, Cause it’s Arm CPUs. The stock’s looking up 12, Rene Haas doing kind of like a tag along there. But yes, he’s certainly got the right agreement with Jensen. David, can I tell you, when I look at this, I’m getting a different vibe, about Trainium, and the TPU, about the Amazon semis and about the Alphabet semis. I don’t know if they depreciate a little quicker, a little harder [inaudible], they don’t really hang in there like the NVIDIA ones, which, NVIDIA’s like fine line, just go up. . .they’re the one that you’re worried about, that’s the one. Those are worrisome, they just, they don’t hold their value. . .because they’re not as proprietary, and they’re not as universal. There’s a universality of what NVIDIA is offering. “They have to immediately get into the idea that they do the progression that Luca Maestri did at Apple. You just had to continue to raise the dividend, continue the buyback, and suddenly you have a company whose earnings was much slower, and you had a rocketship. And they understand that.” Here’s what Cramer had said about NVIDIA Corporation (NASDAQ:NVDA) in his morning appearance before the earnings report: “Yeah I’m not sure how much to rely on that because the narrative. . .reset by Jensen. And I think what he has to do is say that the total addressable market twice what people thought. And the thicket that he has to manage, Amazon and Alphabet. These are huge customers. They both on their conference call, do the, yeah NVIDIA’s important, we would never break up, but it’s our own chips, our own chips, our own chips. Andy Jassy, 50 billion dollar chip business. So what matters is, how much can he craft the story away from them, maybe using Anthropic, maybe using OpenAI, maybe using Meta, maybe using Elon. But David, you know that if he just goes in and doesn’t address the fact that these other guys are gunning for him, then I think [inaudible]. “. . .the fact is, Jensen is the best in the world, and if you bring yourself down, where you have to basically play defense, instead of offense, then I think people get confused. . .he’s gotta address the CPU issue, with Groq. And I think he can say, also, that people are misunderstanding the importance of these two hyperscalers. And that he can live without them. . .just has to say, listen, I love them, they’re great, but we’ve got so many people that want our chips. And the Vera Rubin’s sold out, next year. . .” While we acknowledge the potential of NVDA as an investment, we believe certain AI stocks offer greater upside potential and carry less downside risk. If you're looking for an extremely undervalued AI stock that also stands to benefit significantly from Trump-era tariffs and the onshoring trend, see our free report on the best short-term AI stock. READ NEXT: 33 Stocks That Should Double in 3 Years and Cathie Wood 2026 Portfolio: 10 Best Stocks to Buy. Disclosure: None. Follow Insider Monkey on Google News. Tip: Try a valid symbol or a specific company name for relevant results",https://finance.yahoo.com/markets/stocks/articles/jim-cramer-wants-nvidia-nvda-133938364.html
NVDA,Has Nvidia (NVDA) Run Too Far After Its Strong AI Rally This Year? - simplywall.st,2026-05-28 13:23:43,"Find out why NVIDIA's 57.7% return over the last year is lagging behind its peers. A Discounted Cash Flow model estimates what a stock could be worth by projecting the company’s future cash flows and then discounting them back to today’s value using a required return. It is essentially asking what all future cash the company might generate is worth in today’s dollars. For NVIDIA, the model used is a 2 Stage Free Cash Flow to Equity approach. The latest twelve month free cash flow is reported at about $119.4b. Analyst and extrapolated projections have free cash flow at $434.9b in 2031, with a path that includes estimated free cash flow such as $96.0b in 2026 and $540.8b in 2035, all in $. These future cash flows are discounted each year, for example to $86.6b in 2026 and $233.1b in 2031, and then summed to reach an overall equity value. This process results in an estimated intrinsic value of $192.10 per share, compared to the recent share price of $212.60. On this model, NVIDIA screens as around 10.7% overvalued. Our Discounted Cash Flow (DCF) analysis suggests NVIDIA may be overvalued by 10.7%. Discover 47 high quality undervalued stocks or create your own screener to find better value opportunities. Head to the Valuation section of our Company Report for more details on how we arrive at this Fair Value for NVIDIA. For profitable companies, the P/E ratio is a useful yardstick because it links what you pay for the stock to the earnings it is currently generating. You are effectively asking how many dollars of share price you are paying for each dollar of earnings. What counts as a “normal” P/E usually reflects the market’s view of a company’s growth potential and risk. Higher expected growth or lower perceived risk can support a higher multiple, while slower growth or higher risk tends to justify a lower one. NVIDIA trades on a P/E of 32.26x. This sits below the Semiconductor industry average of 68.18x and also below the peer average of 78.01x in the valuation set used here. Simply Wall St’s Fair Ratio for NVIDIA is 50.96x. This is a proprietary estimate of what a reasonable P/E could be, given factors like earnings growth, industry, profit margins, market cap and company specific risks. Because it blends these elements, the Fair Ratio can be more tailored than a simple comparison with peers or the broad industry. Comparing NVIDIA’s current P/E of 32.26x with the Fair Ratio of 50.96x, the stock screens as undervalued on this metric. P/E ratios tell one story, but what if the real opportunity lies elsewhere? Start investing in legacies, not executives. Discover our 20 top founder-led companies. Earlier this article showed how traditional tools like DCF and P/E give you a snapshot of value, but Narratives let you go further by attaching a clear story to those numbers, so you can say not just what you think NVIDIA is worth, but why. A Narrative is simply your own view of the company, written out as assumptions about future revenue, earnings and margins and the fair value you think that implies, grounded in what you believe about topics like AI data centers, competition or regulation. On Simply Wall St’s Community page, Narratives turn that story into a full forecast and valuation, so you see a direct link from “NVIDIA can reach US$400b annual revenue from data centers” or “earnings growth fades and the P/E settles near 30x” through to an estimated fair value per share. Because Narratives live inside the platform used by millions of investors, they are easy to browse and compare, and they update automatically as new information such as earnings, guidance or export control news is added to the model behind the scenes. For NVIDIA, that means one investor might anchor on a fair value near US$87 with slower growth and a lower future P/E, while another might lean toward US$335 with faster AI adoption and higher margins. You can immediately see how each Narrative’s fair value stacks up against today’s US$212.60 share price to decide whether their story, not just their number, fits how you want to invest. For NVIDIA, however, we will make it really easy for you with previews of two leading NVIDIA Narratives: Together they bracket a wide range of outcomes around the current US$212.60 share price, so you can see how different assumptions about AI, data centers and competition translate into very different views on fair value. Each Narrative below comes from a community author, with its own fair value estimate, revenue growth assumption and key arguments. Your job is not to pick a “right” answer, but to decide which story looks closer to how you think the next few years could play out. Implied undervaluation vs last close: the price sits about 37% below this fair value, based on ((339.9 minus 212.6) divided by 339.9). Implied overvaluation vs last close: the price sits about 50% above this fair value, based on ((212.6 minus 141.74) divided by 141.74). Looking across these two Narratives, the same company, products and themes lead to very different answers once you plug in your own expectations for revenue, margins and competition. That is the point of using Narratives alongside tools like DCF and P/E. They force you to be explicit about what needs to happen for NVIDIA stock to look attractively priced or stretched at US$212.60. If you want to go beyond previews and see how your own view compares to the community and to the valuation tools used earlier, you can review the full set of NVIDIA Narratives, adjust the inputs and decide which story feels closest to the way you want to invest. Do you think there's more to the story for NVIDIA? Head over to our Community to see what others are saying! This article by Simply Wall St is general in nature. We provide commentary based on historical data
        and analyst forecasts only using an unbiased methodology and our articles are not intended to be financial advice. It does not constitute a recommendation to buy or sell any stock, and does not take account of your objectives, or your
        financial situation. We aim to bring you long-term focused analysis driven by fundamental data.
        Note that our analysis may not factor in the latest price-sensitive company announcements or qualitative material.
        Simply Wall St has no position in any stocks mentioned. Discover if NVIDIA might be undervalued or overvalued with our detailed analysis, featuring fair value estimates, potential risks, dividends, insider trades, and its financial condition. Have feedback on this article? Concerned about the content? Get in touch with us directly. Alternatively, email editorial-team@simplywallst.com Operates as a data center scale AI infrastructure company. Exceptional growth potential with flawless balance sheet. Financial Data provided by S&P Global Market Intelligence LLC, analysis provided by Simply Wall Street Pty Ltd. Copyright © 2026, S&P Global Market Intelligence LLC. All rights reserved. Simply Wall Street Pty Ltd (ACN 600 056 611), is a Corporate Authorised Representative (Authorised Representative Number: 467183) of Sanlam Private Wealth Pty Ltd (AFSL No. 337927). Any advice contained in this website is general advice only and has been prepared without considering your objectives, financial situation or needs. You should not rely on any advice and/or information contained in this website and before making any investment decision we recommend that you consider whether it is appropriate for your situation and seek appropriate financial, taxation and legal advice. Please read our Financial Services Guide before deciding whether to obtain financial services from us. © 2026 Simply Wall Street Pty Ltd, US Design Patent #29/544/281, Community and European Design Registration #2845206",https://simplywall.st/stocks/us/semiconductors/nasdaq-nvda/nvidia/news/has-nvidia-nvda-run-too-far-after-its-strong-ai-rally-this-y
NVDA,Here is why Nvidia (NVDA) Is Among the Best Steve Cohen Stocks to Invest In - Yahoo Finance,2026-05-28 13:14:27,"Tip: Try a valid symbol or a specific company name for relevant results The JPMorgan CEO blasted Coinbase's lobbying push for a major crypto bill, going so far as to call its CEO 'full of shit' The Dow closed above 51,000 for the first time, and the S&P 500 and Nasdaq rose to fresh records as stocks capped a winning month. Markets are betting on an Iran deal. But social media posts from Trump and Iran's foreign minister point to a key sticking point. US stocks gained at the open as markets awaited an update on US-Iran talks 'This is what an AI supercycle looks like.' Dell shares are soaring after a blockbuster quarter and hefty guidance boost. Salesforce CEO Marc Benioff is hiring for just one role in the age of AI The S&P 500 and Nasdaq led another record-setting stock surge, boosted by a software rally and hopes for a US-Iran deal. Anthropic tops OpenAI's valuation in latest funding round Micron's AI boom is unprecedented for the memory trade The Dow, S&P 500, and Nasdaq moved lower following US-Iran strikes and fresh inflation data The Fed's preferred inflation gauge heated up in April, cementing that interest rates will remain steady for now. JPMorgan's Jamie Dimon sees investor exuberance in today's market, but says it gives him little comfort The Dow, S&P 500, and Nasdaq edged higher, posting record highs as oil prices dropped America's $5 gas threat is back, one analyst says — and it runs through the Strait of Hormuz. Stocks tipped higher as Wall Street looked to continue a tech-fueled rally. Oil slid amid optimism over a US-Iran deal. SpaceX is not yet public, but the race to own it is already rearranging the ETF market. Here's how. Apple stumbled on AI. That may become its strategic advantage. The S&P 500 and Nasdaq hit record highs as chip stocks rallied, sending Micron’s market cap above $1 trillion The White House says energy prices will fall once the Strait of Hormuz reopens, but analysts don't agree Micron surged, leading chipmakers and tech stocks higher, as UBS more than tripled its price target. US stocks opened higher on Iran peace prospects as oil prices remained volatile Blackrock's Mike Pyle, a former economic advisor to Obama and Biden, discusses AI’s impact on the labor market Schwab CEO explains why the investment services giant doesn't plan to integrate meme coins and gambling SpaceX and OpenAI IPOs could push the AI trade deeper into bubble territory 'There's mania': Strategists weigh in on looming SpaceX IPO Tariff refunds are showing up — in a big way — on the government's bottom line Consumers should brace for the 'most volatile summer at the pump in years.' New Fed Chair Kevin Warsh suggests he may take an Alan Greenspan-style approach at the central bank SpaceX is going public with a rocket-company reputation, but its IPO filing points investors mainly to AI. Stocks and earnings surge, and an agreement with Iran may be imminent. Here's what to watch this week. The president said the agreement would set the framework for renewed peace talks and reopen the Strait of Hormuz. How soaring Treasury yields could impact your finances Job-seekers are using AI to apply for open roles. The result: 'Everybody's applications are starting to look more and more alike' A growing wave of older Americans are returning to work after stepping away from their careers, often out of financial need. Fewer sellers have had to cut prices this spring, a sign that the housing market is finding balance. Chip stocks are hitting fresh records, but Nvidia isn't driving the rally The S&P 500 notched its longest weekly win streak since 2023 as the AI trade boosted stocks Kevin Warsh said he would lead a “reform-oriented Federal Reserve."" Consumer sentiment hits record low as higher gas prices and rising costs weigh on Americans’ views of the economy. US stocks opened higher as the S&P 500 headed for its longest weekly winning streak in three years The Trump administration plans to invest $2 billion in quantum computing, expanding its broader push into strategic industries The Dow clinched a record high as stocks rebounded on optimism for a US-Iran peace deal US stocks turned higher as oil prices fell on hopes of a US-Iran peace deal Quantum stocks jump as Trump administration doles out $2 billion in exchange for equity US stocks fell as oil prices rose amid doubts about US-Iran peace talks The bond market's signal to the Fed: Interest rates should be higher SpaceX files IPO prospectus, offering a rare look at the company's finances Nvidia beats earnings estimates, gives upbeat outlook on strong chip sales The Dow, S&P 500, and Nasdaq rallied as oil fell and Nvidia earnings were on deck The above button links to Coinbase. Yahoo Finance is not a broker-dealer or investment adviser and does not offer securities or cryptocurrencies for sale or facilitate trading. Coinbase pays us for certain activity generated through this link. Prices displayed are informational. NVIDIA Corporation (NASDAQ:NVDA) is one of the 10 Best Stocks in Steve Cohen’s Portfolio. On May 20, 2026, NVIDIA Corporation (NASDAQ:NVDA) announced in the company’s financial results for the first quarter of fiscal 2027 that they have gained the board of directors’ approval for an additional $80 billion share repurchase and an increase in the quarterly cash dividend from $0.01 per share to $0.25 per share. The company’s massive 85% year-over-year increase in fiscal Q1 revenue, reaching $81.6 billion and overwhelmingly driven by the unprecedented buildout of AI infrastructure, is the primary driver strengthening NVIDIA Corporation (NASDAQ:NVDA)’s commitment to returning value to shareholders. In another development, on May 23, 2026, Jensen Huang, CEO of NVIDIA Corporation (NASDAQ:NVDA), urged Super Micro Computer to enhance trade compliance following Taiwan’s detention of three individuals over suspected fraudulent AI server documentation, according to a Bloomberg report. Super Micro is a symbiotic partner of NVIDIA Corporation (NASDAQ:NVDA) and engages in the assembly of AI chips from the company and similar manufacturers into systems that are installed in data centers. The reported detention marks Taiwan’s first crackdown on chip smuggling amidst stringent U.S. export controls. Super Micro pledged to tighten its global compliance program to stop technological diversion into restricted markets. Founded in 1993, the California-based company, NVIDIA Corporation (NASDAQ:NVDA), is a fabless semiconductor and AI computing company that designs GPUs, AI accelerators, Application Programming Interfaces (APIs), and system-on-a-chip units. While we acknowledge the potential of NVDA as an investment, we believe certain AI stocks offer greater upside potential and carry less downside risk. If you're looking for an extremely undervalued AI stock that also stands to benefit significantly from Trump-era tariffs and the onshoring trend, see our free report on the best short-term AI stock. READ NEXT: Top 10 Stocks That Will Profit from AI and  10 Best Stocks in Leopold Aschenbrenner’s Portfolio Disclosure: None. Follow Insider Monkey on Google News. Tip: Try a valid symbol or a specific company name for relevant results",https://finance.yahoo.com/markets/stocks/articles/why-nvidia-nvda-among-best-131427655.html
NVDA,"$NVIDIA (NVDA.US)$ NVIDIA cpu beats AMD and Intel. [Share Link: NVIDIA's Vera CPU With 88 Olympus ""Arm"" Cores Outperforms AMD EPYC & Intel Xeon In First Benchmarks] - Moomoo",2026-05-28 12:40:11,"To create a seamless experience and for website quality and improvement purposes, we use cookie technologies for verification and quality purposes, to personalize the content presented, and to provide advertising that may be of specific interest to you. Learn our Privacy Policy here.",https://www.moomoo.com/community/feed/nvidia-nvda-us-nvidia-cpu-beats-amd-and-intel-nvidia-116652245712901?chain_id=Name1K9-3FXPhg.1l1gbi0&global_content=%7B%22promote_id%22%3A13764%2C%22sub_promote_id%22%3A62%2C%22f%22%3A%22www.moomoo.com%2Fcommunity%2Fnnq%22%7D
NVDA,$NVIDIA (NVDA.US)$ - Moomoo,2026-05-28 11:55:10,"To create a seamless experience and for website quality and improvement purposes, we use cookie technologies for verification and quality purposes, to personalize the content presented, and to provide advertising that may be of specific interest to you. Learn our Privacy Policy here.",https://www.moomoo.com/community/feed/nvidia-nvda-us-116652068700566
NVDA,NVIDIA Corporation (NVDA) Stock Update: Truist Raises Target to $307 Following Strong Quarter - Yahoo Finance,2026-05-28 11:35:24,"Tip: Try a valid symbol or a specific company name for relevant results The JPMorgan CEO blasted Coinbase's lobbying push for a major crypto bill, going so far as to call its CEO 'full of shit' The Dow closed above 51,000 for the first time, and the S&P 500 and Nasdaq rose to fresh records as stocks capped a winning month. Markets are betting on an Iran deal. But social media posts from Trump and Iran's foreign minister point to a key sticking point. US stocks gained at the open as markets awaited an update on US-Iran talks 'This is what an AI supercycle looks like.' Dell shares are soaring after a blockbuster quarter and hefty guidance boost. Salesforce CEO Marc Benioff is hiring for just one role in the age of AI The S&P 500 and Nasdaq led another record-setting stock surge, boosted by a software rally and hopes for a US-Iran deal. Anthropic tops OpenAI's valuation in latest funding round Micron's AI boom is unprecedented for the memory trade The Dow, S&P 500, and Nasdaq moved lower following US-Iran strikes and fresh inflation data The Fed's preferred inflation gauge heated up in April, cementing that interest rates will remain steady for now. JPMorgan's Jamie Dimon sees investor exuberance in today's market, but says it gives him little comfort The Dow, S&P 500, and Nasdaq edged higher, posting record highs as oil prices dropped America's $5 gas threat is back, one analyst says — and it runs through the Strait of Hormuz. Stocks tipped higher as Wall Street looked to continue a tech-fueled rally. Oil slid amid optimism over a US-Iran deal. SpaceX is not yet public, but the race to own it is already rearranging the ETF market. Here's how. Apple stumbled on AI. That may become its strategic advantage. The S&P 500 and Nasdaq hit record highs as chip stocks rallied, sending Micron’s market cap above $1 trillion The White House says energy prices will fall once the Strait of Hormuz reopens, but analysts don't agree Micron surged, leading chipmakers and tech stocks higher, as UBS more than tripled its price target. US stocks opened higher on Iran peace prospects as oil prices remained volatile Blackrock's Mike Pyle, a former economic advisor to Obama and Biden, discusses AI’s impact on the labor market Schwab CEO explains why the investment services giant doesn't plan to integrate meme coins and gambling SpaceX and OpenAI IPOs could push the AI trade deeper into bubble territory 'There's mania': Strategists weigh in on looming SpaceX IPO Tariff refunds are showing up — in a big way — on the government's bottom line Consumers should brace for the 'most volatile summer at the pump in years.' New Fed Chair Kevin Warsh suggests he may take an Alan Greenspan-style approach at the central bank SpaceX is going public with a rocket-company reputation, but its IPO filing points investors mainly to AI. Stocks and earnings surge, and an agreement with Iran may be imminent. Here's what to watch this week. The president said the agreement would set the framework for renewed peace talks and reopen the Strait of Hormuz. How soaring Treasury yields could impact your finances Job-seekers are using AI to apply for open roles. The result: 'Everybody's applications are starting to look more and more alike' A growing wave of older Americans are returning to work after stepping away from their careers, often out of financial need. Fewer sellers have had to cut prices this spring, a sign that the housing market is finding balance. Chip stocks are hitting fresh records, but Nvidia isn't driving the rally The S&P 500 notched its longest weekly win streak since 2023 as the AI trade boosted stocks Kevin Warsh said he would lead a “reform-oriented Federal Reserve."" Consumer sentiment hits record low as higher gas prices and rising costs weigh on Americans’ views of the economy. US stocks opened higher as the S&P 500 headed for its longest weekly winning streak in three years The Trump administration plans to invest $2 billion in quantum computing, expanding its broader push into strategic industries The Dow clinched a record high as stocks rebounded on optimism for a US-Iran peace deal US stocks turned higher as oil prices fell on hopes of a US-Iran peace deal Quantum stocks jump as Trump administration doles out $2 billion in exchange for equity US stocks fell as oil prices rose amid doubts about US-Iran peace talks The bond market's signal to the Fed: Interest rates should be higher SpaceX files IPO prospectus, offering a rare look at the company's finances Nvidia beats earnings estimates, gives upbeat outlook on strong chip sales The Dow, S&P 500, and Nasdaq rallied as oil fell and Nvidia earnings were on deck The above button links to Coinbase. Yahoo Finance is not a broker-dealer or investment adviser and does not offer securities or cryptocurrencies for sale or facilitate trading. Coinbase pays us for certain activity generated through this link. Prices displayed are informational. We recently compiled a list of the 10 Most Widely Held Stocks by Individuals in 2026. NVIDIA Corporation (NASDAQ:NVDA) is one of the most widely held stocks by individuals in 2026. TheFly reported on May 21 that Truist increased its price target on NVDA to $307 from $287 while maintaining a Buy rating on the stock. The firm said the company delivered a strong quarterly performance with results exceeding expectations and an improved outlook. It noted that demand trends remain firm and growth momentum is accelerating rather than slowing. Truist also emphasized its view that artificial intelligence expansion is still in an early phase, not a speculative bubble, and highlighted expectations for substantial long-term industry growth, with AI market expansion projected to reach multi-trillion-dollar levels by 2030 under continued high growth rates. Separately, today, on May 22, it was reported that Taiwanese authorities have detained three individuals in connection with allegations of document forgery linked to the unauthorized export of NVIDIA Corporation (NASDAQ:NVDA) chips. The case involves shipments reportedly intended for destinations including China, Hong Kong, and Macau, in violation of U.S. export control regulations. Officials said the activity covered approximately 50 servers containing restricted semiconductor components. The suspects were taken into custody on Wednesday as part of an ongoing investigation led by the Taiwan Keelung District Prosecutors’ Office. The case highlights continued enforcement efforts against illegal diversion of advanced computing hardware amid heightened global scrutiny of semiconductor supply chains and trade compliance rules. NVIDIA Corporation (NASDAQ:NVDA) is a U.S. technology company known for inventing GPUs and leading the development of AI computing and accelerated computing infrastructure. While we acknowledge the potential of NVDA as an investment, we believe certain AI stocks offer greater upside potential and carry less downside risk. If you're looking for an extremely undervalued AI stock that also stands to benefit significantly from Trump-era tariffs and the onshoring trend, see our free report on the best short-term AI stock. READ NEXT: 33 Stocks That Should Double in 3 Years and 15 Stocks That Will Make You Rich in 10 Years Disclosure: None. Follow Insider Monkey on Google News. Tip: Try a valid symbol or a specific company name for relevant results",https://finance.yahoo.com/markets/stocks/articles/nvidia-corporation-nvda-stock-truist-113524004.html
NVDA,Share My Badge: Lv.45 Unlocked — Now Watching NVDA Gamma Like It Owes Me Money - Moomoo,2026-05-28 08:51:19,"To create a seamless experience and for website quality and improvement purposes, we use cookie technologies for verification and quality purposes, to personalize the content presented, and to provide advertising that may be of specific interest to you. Learn our Privacy Policy here.",https://www.moomoo.com/community/feed/share-my-badge-lv-45-unlocked-now-watching-nvda-gamma-116651345772550
NVDA,Goldman Says NVDA Will Drive a Third of S&P Earnings Growth and I Learned That From an AI Summary - Moomoo,2026-05-28 08:09:28,"To create a seamless experience and for website quality and improvement purposes, we use cookie technologies for verification and quality purposes, to personalize the content presented, and to provide advertising that may be of specific interest to you. Learn our Privacy Policy here.",https://www.moomoo.com/community/feed/goldman-says-nvda-will-drive-a-third-of-s-p-116651181212054
NVDA,$NVIDIA (NVDA.US)$ - Moomoo,2026-05-28 07:40:00,"To create a seamless experience and for website quality and improvement purposes, we use cookie technologies for verification and quality purposes, to personalize the content presented, and to provide advertising that may be of specific interest to you. Learn our Privacy Policy here.",https://www.moomoo.com/community/feed/nvidia-nvda-us-i-previously-shared-my-own-view-nvidia-116653564887045
NVDA,NVDA Dropping $150 Billion Per Year in Taiwan and Moomoo AI Told Me Why It Matters - Moomoo,2026-05-28 07:00:00,"To create a seamless experience and for website quality and improvement purposes, we use cookie technologies for verification and quality purposes, to personalize the content presented, and to provide advertising that may be of specific interest to you. Learn our Privacy Policy here.",https://www.moomoo.com/community/feed/nvda-dropping-150-billion-per-year-in-taiwan-and-moomoo-116654363639814
NVDA,Is NVDA Stock a Buy or Sell? - investingLive,2026-05-28 02:56:25,"Join investingLive News Updates Last updated: 28 May 2026Asset: NVIDIA CorporationTicker: NVDACurrent technical read: Neutral to mildly bearish until repair is provenChart basis: NinjaTrader 240-minute NVDA chartTechnical score: -2 / +10 NVDA is not a clean chase-buy here after pulling back from the recent high near $236.40. A couple of days before its last earnings, I mentioned that the investingLive.com pre earnings score for the Semiconductor Queen is more bearish than bullish with a score of -3.4 The stock is trading near a short-term decision zone around $210.50-$212.50. A stronger bullish repair signal would require NVDA to reclaim $215.50-$216.00, then $219.50-$221.60. The first more attractive buy-the-dip zone sits around $204.50-$208.00, with a specific actionable reference near $206.80. A deeper swing dip zone could develop around $193-$198 if the correction expands. NVDA stock is not a clean fresh buy at the current technical location, but it is also not an automatic sell. The 240-minute chart shows a meaningful pullback from the recent high near $236.40, with price now hovering near the $210.50-$212.50 support and value zone. For new money, NVDA needs confirmation before the long side improves. For existing holders, the chart is not broken unless price loses support and starts accepting lower. For dip buyers, the better risk/reward may come closer to $204.50-$208.00, not from blindly chasing the current bounce attempt. The current technical score is -2 / +10, which means the setup has a mild bearish/corrective bias, but not a full breakdown signal. The score uses a scale from -10 to +10, where negative values suggest bearish pressure, positive values suggest bullish pressure, and readings near zero reflect indecision or incomplete confirmation. A -2 / +10 score means NVDA is still in a correction phase after its sharp May advance. It does not imply panic selling. It simply means buyers have not yet done enough to prove a durable upside repair. The first tactical dip zone is already nearby at $210.50-$212.50, but this is not a high-conviction buy zone by itself. It is more of a decision area. A small starter long could make sense only if buyers defend the zone clearly. Confirmation would include: A brief dip below the zone followed by a quick reclaim. Single actionable starter reference: around $211.60, but only with confirmation. This is a tactical level, not the cleanest swing entry. The more attractive first buy-the-dip zone is $204.50-$208.00. This area is more interesting because it gives traders a better discount compared with the current hesitation zone. It also lines up with prior chart structure and could act as a flush zone if weak longs are forced out before stronger buyers step in. Single actionable dip-buy reference: around $206.80. This zone may offer a better risk/reward profile because the entry is far enough below current price to avoid chasing, while still sitting above the deeper correction zone. If NVDA loses the current support zone and selling pressure expands, the deeper swing dip area is around $193-$198. The chart includes visible references near $197.90, $196.64, and $193.08. This would likely be a more emotional selloff zone rather than a normal shallow pullback. For longer-term investors, this could become the more attractive “buy the fear” area, assuming the broader AI, semiconductor, and market backdrop remains supportive. Single actionable deeper dip reference: around $196.80. NVDA needs to reclaim resistance, not just stop falling. The first repair level is $215.50-$216.00. If price reclaims that area, the chart would show early evidence that buyers are defending the dip. The stronger repair area is $219.50-$221.60. A move above that zone, followed by acceptance, would shift the read from corrective to repaired. If NVDA clears and holds above $221.60, the next upside areas are: The main weakness trigger is a loss of $210.50 without a quick reclaim. If NVDA breaks below $210.50 and cannot recover that level, the stock may open the path toward $204.50-$208.00. If sellers remain in control below that zone, the deeper $193-$198 swing area becomes more relevant. The key is not only the break. It is whether price starts accepting lower. What this means: In technical analysis, “acceptance” means price spends enough time below or above a level to show that the market is treating that area as fair value, not just briefly sweeping liquidity before reversing. NVDA is not a clean buy right here unless the $210.50-$212.50 zone holds and buyers start repairing above $215.50-$216.00. For a more attractive buy-the-dip setup, the first area to watch is $204.50-$208.00, with a specific actionable reference near $206.80. If selling becomes more aggressive, the deeper swing dip zone is $193-$198, with a specific actionable reference near $196.80. The clean bullish improvement comes only if NVDA reclaims $216, then confirms strength above $219.50-$221.60. Until then, the stock remains in a corrective decision zone rather than a confirmed upside repair. One important nuance with NVDA is that the stock often attracts liquidity around major round numbers. The $200 level is not just another price. It is a psychological line where many traders may place hard stops, mental stops, or profit-taking decisions. That means even if the first buy-the-dip zone around $204.50-$208.00 works, traders should not ignore the possibility of a deeper shakeout below $200. A more patient trader might handle this in several ways: Wait for price to test the $204.50-$208.00 area, then buy only after price starts repairing higher. For example, instead of trying to catch the exact low near $204-$204.50, one could wait for a reclaim and consider a higher-confirmation entry near $206.80. This may mean paying a slightly higher entry price, but the trade may come with better evidence that buyers are actually defending the dip. Treat the first dip-buy attempt as a shorter-term swing, take partial profits if the bounce develops, and move the stop to entry after the first target. Keep additional buying power available in case NVDA flushes below $200 and moves toward the deeper $193-$198 support zone. The key point is simple: do not go all in on the first dip zone without considering the risk of a $200 stop-hunt. If NVDA trades into $204.50-$208.00 and bounces cleanly, that may be enough for a tactical swing. But if sellers push price below $200, the deeper $193-$198 area becomes more relevant as a potential second-stage dip zone. This is not a recommendation to buy or sell NVDA. It is a trade map, a risk-management framework, and an educational scenario for traders and investors to consider. Educational only, not financial advice. Trade and invest in Nvidia stock at your own risk. Dell's $9.7B Pentagon deal sparks conflict concerns after Trump's stock buy. Returns unclear. SpaceX eyes $1.8T IPO, down from $2T. Traders eye risks as valuation dips, but fear missing out. Govt eyes 15% stake in NS/UP merger. Potential valuation shifts & regulatory risks loom for rail giants. Dell's 40% surge on AI servers ignites a pivotal week for tech valuations. Traders watch closely. Micron's AI-driven memory chips now rival oil's value. Traders eye $1T valuation, expecting strong future returns. Robinhood jumps 11% on Trump Accounts launch & AI buzz. States eye similar programs. Robinhood jumps 11% on Trump Accounts app launch & AI buzz. Investors eye new revenue streams. By submitting my contact details and message above, I acknowledge and agree to the investingLive Terms of Service High risk warning:
     
      Foreign exchange trading carries a high level of risk that may not be suitable for all investors. Leverage creates additional risk and loss exposure. Before you decide to trade foreign exchange, carefully consider your investment objectives, experience level, and risk tolerance. You could lose some or all your initial investment; do not invest money that you cannot afford to lose. Educate yourself on the risks associated with foreign exchange trading and seek advice from an independent financial or tax advisor if you have any questions. Advisory warning:
     
      investingLive is not an investment advisor, investingLive provides references and links to selected news, blogs and other sources of economic and market information for informational purposes and as an educational service to its clients and prospects and does not endorse the opinions or recommendations of the blogs or other sources of information. Clients and prospects are advised to carefully consider the opinions and analysis offered in the blogs or other information sources in the context of the client or prospect's individual analysis and decision making. None of the blogs or other sources of information is to be considered as constituting a track record. Past performance is no guarantee of future results and investingLive specifically hereby acknowledges clients and prospects to carefully review all claims and representations made by advisors, bloggers, money managers and system vendors before investing any funds or opening an account with any Forex dealer. Any news, opinions, research, data, or other information contained within this website is provided on an ""as-is"" basis as a general market commentary and does not constitute investment or trading advice, and we do not purport to present the entire relevant or available public information with respect to a specific market or security. investingLive expressly disclaims any liability for any lost principal or profits which may arise directly or indirectly from the use of or reliance on such information, or with respect to any of the content presented within its website, nor its editorial choices. Disclaimer:
     
      investingLive may be compensated by the advertisers that appear on the website, based on your interaction with the advertisements or advertisers. © 2026 Finance Magnates CY Limited — Part of 
       
        Ultimate Group Read our
      Terms,
      Cookies
      and
      Privacy Notice",https://investinglive.com/stocks/is-nvda-stock-a-buy-or-sell-20260528/
NVDA,This is Why NVIDIA Corporation (NVDA) Is a Buzzing AI Semiconductor Stock to Buy - Yahoo Finance,2026-05-27 21:50:35,"Tip: Try a valid symbol or a specific company name for relevant results The JPMorgan CEO blasted Coinbase's lobbying push for a major crypto bill, going so far as to call its CEO 'full of shit' The Dow closed above 51,000 for the first time, and the S&P 500 and Nasdaq rose to fresh records as stocks capped a winning month. Markets are betting on an Iran deal. But social media posts from Trump and Iran's foreign minister point to a key sticking point. US stocks gained at the open as markets awaited an update on US-Iran talks 'This is what an AI supercycle looks like.' Dell shares are soaring after a blockbuster quarter and hefty guidance boost. Salesforce CEO Marc Benioff is hiring for just one role in the age of AI The S&P 500 and Nasdaq led another record-setting stock surge, boosted by a software rally and hopes for a US-Iran deal. Anthropic tops OpenAI's valuation in latest funding round Micron's AI boom is unprecedented for the memory trade The Dow, S&P 500, and Nasdaq moved lower following US-Iran strikes and fresh inflation data The Fed's preferred inflation gauge heated up in April, cementing that interest rates will remain steady for now. JPMorgan's Jamie Dimon sees investor exuberance in today's market, but says it gives him little comfort The Dow, S&P 500, and Nasdaq edged higher, posting record highs as oil prices dropped America's $5 gas threat is back, one analyst says — and it runs through the Strait of Hormuz. Stocks tipped higher as Wall Street looked to continue a tech-fueled rally. Oil slid amid optimism over a US-Iran deal. SpaceX is not yet public, but the race to own it is already rearranging the ETF market. Here's how. Apple stumbled on AI. That may become its strategic advantage. The S&P 500 and Nasdaq hit record highs as chip stocks rallied, sending Micron’s market cap above $1 trillion The White House says energy prices will fall once the Strait of Hormuz reopens, but analysts don't agree Micron surged, leading chipmakers and tech stocks higher, as UBS more than tripled its price target. US stocks opened higher on Iran peace prospects as oil prices remained volatile Blackrock's Mike Pyle, a former economic advisor to Obama and Biden, discusses AI’s impact on the labor market Schwab CEO explains why the investment services giant doesn't plan to integrate meme coins and gambling SpaceX and OpenAI IPOs could push the AI trade deeper into bubble territory 'There's mania': Strategists weigh in on looming SpaceX IPO Tariff refunds are showing up — in a big way — on the government's bottom line Consumers should brace for the 'most volatile summer at the pump in years.' New Fed Chair Kevin Warsh suggests he may take an Alan Greenspan-style approach at the central bank SpaceX is going public with a rocket-company reputation, but its IPO filing points investors mainly to AI. Stocks and earnings surge, and an agreement with Iran may be imminent. Here's what to watch this week. The president said the agreement would set the framework for renewed peace talks and reopen the Strait of Hormuz. How soaring Treasury yields could impact your finances Job-seekers are using AI to apply for open roles. The result: 'Everybody's applications are starting to look more and more alike' A growing wave of older Americans are returning to work after stepping away from their careers, often out of financial need. Fewer sellers have had to cut prices this spring, a sign that the housing market is finding balance. Chip stocks are hitting fresh records, but Nvidia isn't driving the rally The S&P 500 notched its longest weekly win streak since 2023 as the AI trade boosted stocks Kevin Warsh said he would lead a “reform-oriented Federal Reserve."" Consumer sentiment hits record low as higher gas prices and rising costs weigh on Americans’ views of the economy. US stocks opened higher as the S&P 500 headed for its longest weekly winning streak in three years The Trump administration plans to invest $2 billion in quantum computing, expanding its broader push into strategic industries The Dow clinched a record high as stocks rebounded on optimism for a US-Iran peace deal US stocks turned higher as oil prices fell on hopes of a US-Iran peace deal Quantum stocks jump as Trump administration doles out $2 billion in exchange for equity US stocks fell as oil prices rose amid doubts about US-Iran peace talks The bond market's signal to the Fed: Interest rates should be higher SpaceX files IPO prospectus, offering a rare look at the company's finances Nvidia beats earnings estimates, gives upbeat outlook on strong chip sales The Dow, S&P 500, and Nasdaq rallied as oil fell and Nvidia earnings were on deck The above button links to Coinbase. Yahoo Finance is not a broker-dealer or investment adviser and does not offer securities or cryptocurrencies for sale or facilitate trading. Coinbase pays us for certain activity generated through this link. Prices displayed are informational. NVIDIA Corporation (NASDAQ:NVDA) is one of the most buzzing AI semiconductor stocks to buy in 2026. On May 20, NVIDIA Corporation (NASDAQ:NVDA) CEO reiterated that NVIDIA Corp (NASDAQ: NVDA) is uniquely positioned to capitalize on the largest build-out of artificial intelligence factories. That’s in part because the company runs in every cloud, powers every frontier, and scales everywhere AI is produced. The remarks came on the heels of the company delivering record revenue in its first quarter of fiscal 2027. Revenue in the quarter was up 85% year over year to $81.6 billion. Operating income rose 147% year over year to $53.53 billion, while net income increased 211% to $58.32 billion. Diluted earnings per share improved 214% to $2.39. During the quarter, Nvidia returned $20 billion to shareholders through dividends and share buybacks. The company also increased its quarterly cash dividend from $0.01 per share to $0.25 per share. For the second quarter, the company expects revenue of $91 billion plus or minus 2%. NVIDIA Corporation (NASDAQ:NVDA) creates the foundational hardware, software, and platforms that power the artificial intelligence boom. It also provides the comprehensive infrastructure from data center systems to AI software and services that allow industries to train, refine, and deploy advanced artificial intelligence. While we acknowledge the potential of NVDA as an investment, we believe certain AI stocks offer greater upside potential and carry less downside risk. If you're looking for an extremely undervalued AI stock that also stands to benefit significantly from Trump-era tariffs and the onshoring trend, see our free report on the best short-term AI stock. READ NEXT: 7 Best Augmented Reality Penny Stocks to Buy and 10 Best Gene Therapy Stocks to Buy in 2026. Disclosure: None. Follow Insider Monkey on Google News. Tip: Try a valid symbol or a specific company name for relevant results",https://finance.yahoo.com/markets/stocks/articles/why-nvidia-corporation-nvda-buzzing-215035145.html
NVDA,Nvidia (NVDA) Valuation Check After Mixed Short Term Moves And Strong Long Term Returns - Yahoo Finance,2026-05-27 21:08:17,"Tip: Try a valid symbol or a specific company name for relevant results The JPMorgan CEO blasted Coinbase's lobbying push for a major crypto bill, going so far as to call its CEO 'full of shit' The Dow closed above 51,000 for the first time, and the S&P 500 and Nasdaq rose to fresh records as stocks capped a winning month. Markets are betting on an Iran deal. But social media posts from Trump and Iran's foreign minister point to a key sticking point. US stocks gained at the open as markets awaited an update on US-Iran talks 'This is what an AI supercycle looks like.' Dell shares are soaring after a blockbuster quarter and hefty guidance boost. Salesforce CEO Marc Benioff is hiring for just one role in the age of AI The S&P 500 and Nasdaq led another record-setting stock surge, boosted by a software rally and hopes for a US-Iran deal. Anthropic tops OpenAI's valuation in latest funding round Micron's AI boom is unprecedented for the memory trade The Dow, S&P 500, and Nasdaq moved lower following US-Iran strikes and fresh inflation data The Fed's preferred inflation gauge heated up in April, cementing that interest rates will remain steady for now. JPMorgan's Jamie Dimon sees investor exuberance in today's market, but says it gives him little comfort The Dow, S&P 500, and Nasdaq edged higher, posting record highs as oil prices dropped America's $5 gas threat is back, one analyst says — and it runs through the Strait of Hormuz. Stocks tipped higher as Wall Street looked to continue a tech-fueled rally. Oil slid amid optimism over a US-Iran deal. SpaceX is not yet public, but the race to own it is already rearranging the ETF market. Here's how. Apple stumbled on AI. That may become its strategic advantage. The S&P 500 and Nasdaq hit record highs as chip stocks rallied, sending Micron’s market cap above $1 trillion The White House says energy prices will fall once the Strait of Hormuz reopens, but analysts don't agree Micron surged, leading chipmakers and tech stocks higher, as UBS more than tripled its price target. US stocks opened higher on Iran peace prospects as oil prices remained volatile Blackrock's Mike Pyle, a former economic advisor to Obama and Biden, discusses AI’s impact on the labor market Schwab CEO explains why the investment services giant doesn't plan to integrate meme coins and gambling SpaceX and OpenAI IPOs could push the AI trade deeper into bubble territory 'There's mania': Strategists weigh in on looming SpaceX IPO Tariff refunds are showing up — in a big way — on the government's bottom line Consumers should brace for the 'most volatile summer at the pump in years.' New Fed Chair Kevin Warsh suggests he may take an Alan Greenspan-style approach at the central bank SpaceX is going public with a rocket-company reputation, but its IPO filing points investors mainly to AI. Stocks and earnings surge, and an agreement with Iran may be imminent. Here's what to watch this week. The president said the agreement would set the framework for renewed peace talks and reopen the Strait of Hormuz. How soaring Treasury yields could impact your finances Job-seekers are using AI to apply for open roles. The result: 'Everybody's applications are starting to look more and more alike' A growing wave of older Americans are returning to work after stepping away from their careers, often out of financial need. Fewer sellers have had to cut prices this spring, a sign that the housing market is finding balance. Chip stocks are hitting fresh records, but Nvidia isn't driving the rally The S&P 500 notched its longest weekly win streak since 2023 as the AI trade boosted stocks Kevin Warsh said he would lead a “reform-oriented Federal Reserve."" Consumer sentiment hits record low as higher gas prices and rising costs weigh on Americans’ views of the economy. US stocks opened higher as the S&P 500 headed for its longest weekly winning streak in three years The Trump administration plans to invest $2 billion in quantum computing, expanding its broader push into strategic industries The Dow clinched a record high as stocks rebounded on optimism for a US-Iran peace deal US stocks turned higher as oil prices fell on hopes of a US-Iran peace deal Quantum stocks jump as Trump administration doles out $2 billion in exchange for equity US stocks fell as oil prices rose amid doubts about US-Iran peace talks The bond market's signal to the Fed: Interest rates should be higher SpaceX files IPO prospectus, offering a rare look at the company's finances Nvidia beats earnings estimates, gives upbeat outlook on strong chip sales The Dow, S&P 500, and Nasdaq rallied as oil fell and Nvidia earnings were on deck The above button links to Coinbase. Yahoo Finance is not a broker-dealer or investment adviser and does not offer securities or cryptocurrencies for sale or facilitate trading. Coinbase pays us for certain activity generated through this link. Prices displayed are informational. Find winning stocks in any market cycle. Join 7 million investors using Simply Wall St's investing ideas for FREE. NVIDIA (NVDA) has seen mixed price action recently, with the stock down slightly over the past week but higher over the past month and past 3 months. That backdrop sets the stage for reviewing its current fundamentals. Despite a softer patch recently, with the share price down over the past week, NVIDIA’s 1-year total shareholder return of 58.61% and very large 5-year total shareholder return highlight how strong long-term momentum has been. If NVIDIA’s recent moves have you thinking about what else is driving AI infrastructure, this is a good moment to scan for other potential opportunities using the 47 AI infrastructure stocks With NVIDIA still showing strong recent returns and trading at a discount to the average analyst price target, the key question is simple: is this stock still undervalued, or is the market already pricing in years of future growth? At a last close of $214.86 versus a narrative fair value of $339.90, the current share price sits well below what the most followed storyline implies. Nvidia will hit $400b annual revenue in 5 years time. Approximately 90% of revenue will come from data centre customers. This equates to $90b per quarter, or the equivalent of 30,000 Blackwell racks (at about $3m per rack). Curious how that revenue leap is expected to materialise? The narrative leans on aggressive data center demand, rich margins and a premium earnings multiple. Want the full playbook behind that fair value call? Have a read of the narrative in full and understand what's behind the forecasts. However, this hinges on NVIDIA keeping its AI edge. Any sharp shift in competition or tighter regulations around data centers could quickly undercut that bullish narrative. Find out about the key risks to this NVIDIA narrative. While some commentary points to a fair value of $339.90 and describes NVIDIA as undervalued, the SWS DCF model tells a cooler story. At a share price of $214.86 versus a future cash flow value of $191.66, it points to the stock trading above its cash flow estimate. This gap between narrative and cash flows raises a simple question for you as an investor: which reference point matters more, ambitious AI growth scenarios or what the current DCF suggests about future cash generation? Look into how the SWS DCF model arrives at its fair value. Simply Wall St performs a discounted cash flow (DCF) on every stock in the world every day (check out NVIDIA for example). We show the entire calculation in full. You can track the result in your watchlist or portfolio and be alerted when this changes, or use our stock screener to discover 46 high quality undervalued stocks. If you save a screener we even alert you when new companies match - so you never miss a potential opportunity. The mix of risks and rewards in this story is clear, so this may be a good time to review the numbers yourself and decide where you stand with the 4 key rewards and 2 important warning signs If NVIDIA’s story has sharpened your thinking, do not stop here. The market is full of other stocks that could fit your goals just as well. Use the Simply Wall St Screener to quickly surface focused ideas that match the type of opportunities you want to research next. Target potential bargains by filtering for companies with strong fundamentals and attractive valuations using the 46 high quality undervalued stocks. Prioritise resilience by zeroing in on companies that pair a strong financial position with reliable performance via the solid balance sheet and fundamentals stocks screener (46 results). Hunt for underfollowed opportunities by scanning companies with robust metrics that are not yet widely discussed through the screener containing 22 high quality undiscovered gems. This article by Simply Wall St is general in nature. We provide commentary based on historical data and analyst forecasts only using an unbiased methodology and our articles are not intended to be financial advice. It does not constitute a recommendation to buy or sell any stock, and does not take account of your objectives, or your financial situation. We aim to bring you long-term focused analysis driven by fundamental data. Note that our analysis may not factor in the latest price-sensitive company announcements or qualitative material. Simply Wall St has no position in any stocks mentioned. Have feedback on this article? Concerned about the content? Get in touch with us directly. Alternatively, email editorial-team@simplywallst.com Tip: Try a valid symbol or a specific company name for relevant results",https://finance.yahoo.com/markets/stocks/articles/nvidia-nvda-valuation-check-mixed-210817215.html
NVDA,"No, Nvidia Is Not Cheap – Here’s Why (NASDAQ:NVDA) - Seeking Alpha",2026-05-27 17:42:28,"So often in financial media one hears cries of sheer bewilderment of how it could possibly be that Nvidia Corporation (NVDA) stock is supposedly so cheap. Quite honestly, these “hot takes” have become so insufferable that I thought Analyst’s Disclosure: I/we have no stock, option or similar derivative position in any of the companies mentioned, and no plans to initiate any such positions within the next 72 hours. I wrote this article myself, and it expresses my own opinions. I am not receiving compensation for it (other than from Seeking Alpha). I have no business relationship with any company whose stock is mentioned in this article. Seeking Alpha's Disclosure: Past performance is no guarantee of future results. No recommendation or advice is being given as to whether any investment is suitable for a particular investor. Any views or opinions expressed above may not reflect those of Seeking Alpha as a whole. Seeking Alpha is not a licensed securities dealer, broker or US investment adviser or investment bank. Our analysts are third party authors that include both professional investors and individual investors who may not be licensed or certified by any institute or regulatory body.",https://seekingalpha.com/article/4909301-no-nvidia-is-not-cheap-heres-why
NVDA,NVIDIA (NASDAQ:NVDA) Given New $425.00 Price Target at Tigress Financial - MarketBeat,2026-05-27 15:35:03,"NVIDIA (NASDAQ:NVDA - Get Free Report) had its price objective boosted by equities researchers at Tigress Financial  from $360.00 to $425.00 in a report issued on Wednesday,Benzinga reports. The brokerage presently has a ""strong-buy"" rating on the computer hardware maker's stock. Tigress Financial's price target would indicate a potential upside of 102.43% from the company's current price. Other equities analysts have also recently issued reports about the stock. CICC Research raised their price objective on shares of NVIDIA from $240.60 to $268.30 and gave the stock an ""outperform"" rating in a research report on Friday, May 22nd. Piper Sandler  restated an ""overweight"" rating on shares of NVIDIA in a research report on Thursday, February 26th. The Goldman Sachs Group  restated a ""buy"" rating and set a $285.00 price objective (up from $250.00) on shares of NVIDIA in a research report on Wednesday, May 20th. Zacks Research downgraded NVIDIA from a ""strong-buy"" rating to a ""hold"" rating in a research note on Thursday, May 21st. Finally, Deutsche Bank Aktiengesellschaft  reiterated a ""hold"" rating and issued a $255.00 price target (up from $220.00) on shares of NVIDIA in a research note on Thursday, May 21st. Three equities research analysts have rated the stock with a Strong Buy rating, forty-eight have issued  a Buy rating and three have issued  a Hold rating to the stock. According to data from MarketBeat, the stock currently has a consensus rating of ""Buy"" and an average target price of $305.38. NVIDIA stock traded down $4.92 during midday trading on Wednesday, reaching $209.94. The stock had a trading volume of 68,139,054 shares, compared to its average volume of 169,790,188. NVIDIA has a 1-year low of $132.92 and a 1-year high of $236.54. The firm's fifty day simple moving average is $197.43 and its 200-day simple moving average is $189.19. The stock has a market capitalization of $5.08 trillion, a P/E ratio of 32.13, a price-to-earnings-growth ratio of 0.52 and a beta of 2.25. The company has a debt-to-equity ratio of 0.04, a quick ratio of 2.85 and a current ratio of 3.44. NVIDIA (NASDAQ:NVDA - Get Free Report) last posted its quarterly earnings results on Wednesday, May 20th. The computer hardware maker reported $1.87 earnings per share for the quarter, beating analysts' consensus estimates of $1.76 by $0.11. The firm had revenue of $81.62 billion during the quarter, compared to the consensus estimate of $78.42 billion. NVIDIA had a return on equity of 96.94% and a net margin of 62.97%.The business's revenue was up 85.2% compared to the same quarter last year. During the same period last year, the company earned $0.81 earnings per share.  As a group, analysts expect that  NVIDIA will post 7.98 EPS for the current fiscal year. NVIDIA announced that its Board of Directors has initiated a share buyback program on Wednesday, May 20th that permits the company to repurchase $80.00 billion in    shares. This repurchase authorization permits the computer hardware maker to purchase up to 1.5% of its shares through open market purchases. Shares repurchase programs are often a sign that the company's board believes its stock is undervalued. In other news, Director Aarti S. Shah sold 19,000 shares of the firm's stock in a transaction on Thursday, March 19th. The stock was sold at an average price of $176.71, for a total transaction of $3,357,490.00. Following the completion of the sale, the director directly owned 36,007 shares of the company's stock, valued at $6,362,796.97. This trade represents a 34.54% decrease in their position. The sale was disclosed in a document filed with the SEC, which is available through the SEC website. Also, Director Mark A. Stevens sold 221,682 shares of the business's stock in a transaction dated Friday, March 20th. The stock was sold at an average price of $173.68, for a total transaction of $38,501,729.76. Following the completion of the transaction, the director directly owned 7,399,771 shares in the company, valued at $1,285,192,227.28. This trade represents a 2.91% decrease in their ownership of the stock. The SEC filing for this sale provides additional information. Insiders sold a total of 906,336 shares of company stock valued at $162,802,518 in the last ninety days. 3.94% of the stock is owned by corporate insiders. A number of institutional investors have recently modified their holdings of the business. Norges Bank purchased a new stake in shares of  NVIDIA in the fourth quarter worth $62,244,133,000.  J. Stern & Co. LLP lifted its stake in shares of  NVIDIA by 13,709.1% in the 4th quarter. J. Stern & Co. LLP now owns 125,760,307 shares of the computer hardware maker's stock valued at $23,454,297,000 after acquiring an additional 124,849,603 shares during the last quarter.  Cardano Risk Management B.V. boosted its stake in shares of  NVIDIA by 896.4% during the fourth quarter. Cardano Risk Management B.V. now owns 78,123,960 shares of the computer hardware maker's stock valued at $14,570,119,000 after purchasing an additional 70,283,539 shares during the period.  Capital Research Global Investors boosted its position in  NVIDIA by 16.1% during the 3rd quarter. Capital Research Global Investors now owns 165,377,852 shares of the computer hardware maker's stock valued at $30,855,564,000 after buying an additional 22,896,705 shares during the period.  Finally, Laurel Wealth Advisors LLC grew its stake in shares of  NVIDIA by 15,496.1% in the second quarter. Laurel Wealth Advisors LLC now owns 21,865,525 shares of the computer hardware maker's stock worth $3,454,534,000 after purchasing an additional 21,725,326 shares during the last quarter. 65.27% of the stock is currently owned by hedge funds and other institutional investors. Here are the key news stories impacting NVIDIA this week: NVIDIA Corporation, founded in 1993 and headquartered in Santa Clara, California, is a global technology company that designs and develops graphics processing units (GPUs) and system-on-chip (SoC) technologies. Co-founded by Jensen Huang, who serves as president and chief executive officer, along with Chris Malachowsky and Curtis Priem, NVIDIA has grown from a graphics-focused chipmaker into a broad provider of accelerated computing hardware and software for multiple industries. The company's product portfolio spans discrete GPUs for gaming and professional visualization (marketed under the GeForce and NVIDIA RTX lines), high-performance data center accelerators used for AI training and inference (including widely adopted platforms such as the A100 and H100 series), and Tegra SoCs for automotive and edge applications. This instant news alert was generated by narrative science technology and financial data from MarketBeat in order to provide readers with the fastest reporting and unbiased coverage. Please send any questions or comments about this story to contact@marketbeat.com. Before you consider NVIDIA, you'll want to hear this. MarketBeat keeps track of Wall Street's top-rated and best performing research analysts and the stocks they recommend to their clients on a daily basis. MarketBeat has identified the five stocks that top analysts are quietly whispering to their clients to buy now before the broader market catches on... and NVIDIA wasn't on the list. While NVIDIA currently has a Buy rating among analysts, top-rated analysts believe these five stocks are better buys. Enter your email address and we’ll send you MarketBeat’s list of ten stocks set to soar in Summer 2026, despite the threat of tariffs and what's happening in Iran. These ten stocks are incredibly resilient and are likely to thrive in any economic environment. Sign up for MarketBeat All Access to gain access to MarketBeat's full suite of research tools. 345 N Reid Place, Suite 620, Sioux Falls, SD 57103
                                        
                                        contact@marketbeat.com
                                        
                                        (844) 978-6257 © MarketBeat Media, LLC 2010-2026. All rights reserved. © 2026   Fair market value prices are updated every minute and are provided by Massive. Other market data provided is at least 10-minutes delayed and hosted by Barchart Solutions.  Information is provided 'as-is' and solely for informational purposes, not for trading purposes or advice, and is delayed. To see all exchange delays and terms of use please see Barchart's disclaimer.",https://www.marketbeat.com/instant-alerts/nvidia-nasdaqnvda-given-new-42500-price-target-at-tigress-financial-2026-05-27/
NVDA,Price Prediction: Nvidia Stock Will Hit $300 On This Date - 24/7 Wall St.,2026-05-27 12:29:30,"Nvidia (NVDA) reported revenue of $81.6B, up 85% year-over-year, with data center revenue of $75.2B and networking revenue tripling to $14.8B, yet shares trade at $215.33 with forward P/E of 27x, the cheapest valuation relative to growth in years. Reaching Nvidia’s $300 price target requires 39.3% upside and a forward P/E of 38x, achievable if Blackwell 300 ramps successfully, Q2 revenue exceeds the $91B guidance, and rate-hike anxiety dissipates, though a hyperscaler capex pause on $119B in supply commitments poses the primary risk. The analyst who called NVIDIA in 2010 just named his top 10 AI stocks. Get them here FREE. NVIDIA (NASDAQ:NVDA | NVDA Price Prediction | NVDA Price Prediction) just reported one of the most remarkable quarters in corporate history. Revenue of $81.6 billion, up 85.23% year over year. Data Center revenue of $75.2 billion, with networking alone tripling to $14.8 billion. Yet shares trade at $215.33, up just 15.46% year to date. Can Nvidia hit $300 per share, and what has to happen? Shares are down 4.43% over the past week even after the blowout report, though up 6.34% over the past month. Investors wrestle with three pressures: rate-hike anxiety pressuring growth multiples, the fact that no H20 compute revenue from China is in the outlook, and $119 billion in supply-related commitments creating execution risk if hyperscaler capex blinks. With a beta of 2.244, this stock moves hard in both directions. Right now it sits between bulls celebrating 210.63% net income growth and bears worried about multiple compression. The Street is loud here. 10 strong buys, 48 buys, just 2 holds and 1 sell, with a consensus target of $295.34. Our model lands on a base case of $262.43 with 21.87% upside, an optimistic case of $305.09, and a bear case of $219.58, all carrying a 90% confidence rating. The consensus is closer to right. With 95% of analysts bullish and earnings growth contributing meaningfully, the Street leans into the obvious: this is the only company that monetizes AI capex directly at every layer. Reaching $300 from today’s price of $215.33 requires a gain of 39.3%. With forward EPS of $8, a price of $300 implies a forward P/E of 38x. Our base case of $262.43 already implies 37x means the bold target requires only 0.6x of additional multiple expansion, well within reach if FY27 EPS surprises to the upside. The analyst who called NVIDIA in 2010 just named his top 10 stocks. Get them here FREE. The forward P/E compression story is key. Q2 FY27 revenue is guided to $91 billion, and gross margin holds at 75%. If EPS lands above $8 for the year (consensus already chases that), the forward multiple at $300 actually shrinks. Jensen Huang framed the catalyst: “The buildout of AI factories, the largest infrastructure expansion in human history, is accelerating at extraordinary speed.” He added that “Agentic AI has arrived, doing productive work, generating real value and scaling rapidly across companies and industries.” The Blackwell 300 ramp, the Vera Rubin platform, and an $80 billion buyback authorization reinforce the case. The primary risk is a hyperscaler capex pause that turns $119 billion supply commitments into a balance sheet problem. At $215.33 on forward EPS of $8, shares trade at roughly 27x forward earnings. For a company posting 63% profit margins and 85% revenue growth, that looks reasonable. Shares sit between a 52-week low of $132.89 and high of $236.54, near the upper end but well off the peak. The 10-year return of 19,240% provides long-term context. Today’s multiple is the cheapest this story has looked relative to its growth in years. $300 requires a 39.3% gain and a forward P/E of 38x. That is a stretch, but achievable. Three things need to go right: Blackwell 300 absorbs capacity, Q2 lands above the $91 billion guide, and multiple expansion sticks as rate-hike fears fade. What derails it is a hyperscaler capex pause that exposes the $119 billion supply book. We’ve outlined the blueprint for how NVIDIA could reach $300 in 2027. Vandita Jadeja is a financial copywriter who loves to read and write about stocks. She believes in buying and holding for long term gains. Her knowledge of words and numbers helps her write clear stock analysis. She has contributed to several publications, including the Joy Wallet, Benzinga, The Motley Fool and InvestorPlace. Our top personal finance-related articles today. Your wallet will thank you later. NVIDIA (NASDAQ:NVDA | NVDA Price Prediction) is the operating system of the AI economy. It just closed fiscal 2026 with… NVIDIA (NASDAQ:NVDA | NVDA Price Prediction) just delivered one of the most consequential quarters in semiconductor history, and the stock… NVIDIA (NASDAQ:NVDA | NVDA Price Prediction) just posted the largest quarter in semiconductor history. Q1 FY27 revenue came in at… NVIDIA (NASDAQ:NVDA | NVDA Price Prediction) at $225.83 is a Buy, with shares pressing against a 52-week high of $227.84… NVIDIA (NASDAQ:NVDA | NVDA Price Prediction) at $196.50 sits at an interesting level. The “sell in May and go away”… Let’s get straight to the call. Our 24/7 Wall St. price target for NVIDIA (NASDAQ:NVDA | NVDA Price Prediction) is… At $134, Palantir (NASDAQ:PLTR | PLTR Price Prediction) screens as fully valued, while at $220, NVIDIA (NASDAQ:NVDA) screens more attractively… Our NVIDIA (NASDAQ:NVDA | NVDA Price Prediction) call comes at a moment when the AI infrastructure trade is reaccelerating after… NVIDIA (NASDAQ:NVDA | NVDA Price Prediction) presents a compelling bull case at $199. The AI infrastructure buildout driving its business shows…",https://247wallst.com/investing/2026/05/27/price-prediction-nvidia-stock-will-hit-300-on-this-date/
NVDA,Prediction: This Will Be Nvidia's Stock Price at the End of 2026 - The Motley Fool,2026-05-27 07:35:00,"Nvidia could have a major run-up through the end of 2026. Another quarter, another set of blowout Nvidia (NVDA 1.00%) earnings. However, the market seemed to shrug off the results of the world's largest company. This is incredible because there has never been a multi-trillion-dollar company growing as large as Nvidia is, and there seems to be some hesitation to give Nvidia the premium valuation it deserves, even if all signs point to a strong future. The reality is, Nvidia's stock is pretty cheap right now, and as the year progresses, I think the market will warm up to Nvidia's stock and send it much higher. If that occurs, then now is the perfect time to buy the stock, and investors may be surprised at where the stock price could be by the end of 2026. Nvidia's GPU business success is almost out of its hands. Nvidia has consistently brought the best technology to market, and it's up to the artificial intelligence (AI) hyperscalers to decide how much money they are willing to spend next year on data center construction. This will drive Nvidia's success. While it may be frustrating for a company's own success to be largely out of its hands, the reality is that the AI hyperscalers are spending more than Nvidia's managers could ever have dreamed. Alphabet has already told investors that it expects a ""substantial increase"" in data center spending during 2027. Nvidia expanded that to all AI hyperscalers by informing investors that it expects data center spending to top $1 trillion in 2027. That's a major milestone, but Nvidia expects that spending to rise to $3 trillion to $4 trillion by 2030. With Nvidia's core market opportunity potentially rising 5 times from 2026 to 2030, there's huge room for growth with the stock. Nvidia backed up its big talk with 85% growth in Q1 -- easily outperforming prior guidance. But where will that send Nvidia's stock by the end of 2026? Historically, Nvidia's stock has reached 40 times forward earnings by the end of the year each of the last two years. That may seem like an expensive valuation, but it makes sense once the calendar flips and new growth targets are revealed. If Nvidia can reach 40 times forward earnings by the end of 2026, that would allow it to rise 66% from today's levels. At Nvidia's recent $215 per share price, that would imply a stock price of $357 by the end of 2026. If that happens, Nvidia is a no-brainer buy right now. I think that's exactly the case, and investors should load up on Nvidia stock before the market realizes that 2027 will be another strong year, thus warranting a higher earnings multiple. Keithen Drury has positions in Alphabet and Nvidia. The Motley Fool has positions in and recommends Alphabet and Nvidia. The Motley Fool has a disclosure policy. *Average returns of all recommendations since inception. Cost basis and return based on previous market day close. Invest better with The Motley Fool. Get stock recommendations, portfolio guidance, and more from The Motley Fool's premium services. © 1995 - 2026 The Motley Fool. All rights reserved.",https://www.fool.com/investing/2026/05/27/prediction-this-will-be-nvidias-stock-price-at-the/
NVDA,I've Been Watching NVDA for Years but moomoo's GEX Feature Just Changed How I Look at It Completely - Moomoo,2026-05-27 03:12:00,"To create a seamless experience and for website quality and improvement purposes, we use cookie technologies for verification and quality purposes, to personalize the content presented, and to provide advertising that may be of specific interest to you. Learn our Privacy Policy here.",https://www.moomoo.com/community/feed/i-ve-been-watching-nvda-for-years-but-moomoo-s-116644349214726
