ticker,title,date,content,url
TSM,Taiwan Semiconductor Manufacturing (NYSE:TSM) Shares Down 3.1% - Time to Sell? - MarketBeat,2026-05-15 21:38:03,"Taiwan Semiconductor Manufacturing Company Ltd. (NYSE:TSM - Get Free Report) traded down 3.1% on Friday . The company traded as low as $398.83 and last traded at $404.9470. 11,740,988 shares traded hands during mid-day trading, a decline of 17% from the average session volume of 14,087,590 shares. The stock had previously closed at $417.72. Here are the key news stories impacting Taiwan Semiconductor Manufacturing this week: A number of analysts recently weighed in on the company. Freedom Capital upgraded Taiwan Semiconductor Manufacturing to a ""strong-buy"" rating in a report on Thursday, January 15th. TD Cowen increased their price objective on Taiwan Semiconductor Manufacturing from $325.00 to $370.00 and gave the company a ""hold"" rating in a report on Friday, January 16th. Wedbush  reiterated an ""outperform"" rating on shares of Taiwan Semiconductor Manufacturing in a report on Wednesday, February 11th. Barclays increased their price target on Taiwan Semiconductor Manufacturing from $450.00 to $470.00 and gave the stock an ""overweight"" rating in a report on Wednesday, April 22nd. Finally, Weiss Ratings upgraded Taiwan Semiconductor Manufacturing from a ""hold (c+)"" rating to a ""buy (b-)"" rating in a report on Friday, March 20th. Two equities research analysts have rated the stock with a Strong Buy rating, eleven have assigned  a Buy rating and two have assigned  a Hold rating to the company's stock. Based on data from MarketBeat, the company presently has a consensus rating of ""Buy"" and a consensus target price of $404.29. Read Our Latest Analysis on Taiwan Semiconductor Manufacturing The company has a debt-to-equity ratio of 0.17, a quick ratio of 2.32 and a current ratio of 2.51. The stock has a fifty day simple moving average of $364.44 and a two-hundred day simple moving average of $334.32. The stock has a market capitalization of $2.10 trillion, a price-to-earnings ratio of 33.69, a P/E/G ratio of 1.17 and a beta of 1.39. Taiwan Semiconductor Manufacturing (NYSE:TSM - Get Free Report) last issued its quarterly earnings results on Tuesday, February 10th. The semiconductor company reported $3.11 earnings per share for the quarter. Taiwan Semiconductor Manufacturing had a return on equity of 38.17% and a net margin of 46.97%.The firm had revenue of $30.65 billion during the quarter.  Analysts forecast that  Taiwan Semiconductor Manufacturing Company Ltd. will post 15.25 earnings per share for the current fiscal year. The business also recently disclosed a quarterly dividend, which will be paid on Thursday, October 8th. Stockholders of record on Wednesday, September 16th will be given a dividend of $1.1136 per share. This is a boost from Taiwan Semiconductor Manufacturing's previous quarterly dividend of $0.95. The ex-dividend date of this dividend is Wednesday, September 16th. This represents a $4.45 dividend on an annualized basis and a dividend yield of 1.1%. Taiwan Semiconductor Manufacturing's payout ratio is currently 24.71%. In related news, VP Bor-Zen Tien acquired 1,000 shares of the business's stock in a transaction dated Sunday, March 22nd. The shares were bought at an average price of $55.93 per share, with a total value of $55,930.00. Following the transaction, the vice president directly owned 9,051 shares of the company's stock, valued at $506,222.43. This trade represents a 12.42% increase in their ownership of the stock. The transaction was disclosed in a document filed with the SEC, which can be accessed through the SEC website. Over the last quarter, insiders have bought 1,346 shares of company stock worth $78,185. 1.11% of the stock is owned by corporate insiders. Several large investors have recently added to or reduced their stakes in TSM. Quattro Advisors LLC bought a new position in  Taiwan Semiconductor Manufacturing in the 4th quarter valued at about $25,000.  Hilton Head Capital Partners LLC bought a new position in shares of  Taiwan Semiconductor Manufacturing during the 4th quarter worth approximately $27,000.  Stephens Consulting LLC lifted its position in shares of  Taiwan Semiconductor Manufacturing by 82.0% during the 4th quarter. Stephens Consulting LLC now owns 91 shares of the semiconductor company's stock worth $28,000 after buying an additional 41 shares in the last quarter.  Strategic Advocates LLC lifted its position in shares of  Taiwan Semiconductor Manufacturing by 62.1% during the 4th quarter. Strategic Advocates LLC now owns 94 shares of the semiconductor company's stock worth $28,000 after buying an additional 36 shares in the last quarter.  Finally, Ares Financial Consulting LLC bought a new position in shares of  Taiwan Semiconductor Manufacturing during the 4th quarter worth approximately $29,000. Institutional investors own  16.51% of the company's stock. Taiwan Semiconductor Manufacturing Company (TSMC) is a leading pure-play semiconductor foundry that provides wafer fabrication and related services to the global semiconductor industry. Founded in 1987 by Morris Chang and headquartered in Hsinchu, Taiwan, TSMC manufactures integrated circuits on behalf of fabless and integrated device manufacturers, offering contract chip production across a broad set of technologies and products. TSMC's service offering covers logic and mixed-signal process technologies, specialty processes for radio-frequency, power management and embedded memory, and advanced nodes used in mobile, high-performance computing and AI applications. This instant news alert was generated by narrative science technology and financial data from MarketBeat in order to provide readers with the fastest reporting and unbiased coverage. Please send any questions or comments about this story to contact@marketbeat.com. Before you consider Taiwan Semiconductor Manufacturing, you'll want to hear this. MarketBeat keeps track of Wall Street's top-rated and best performing research analysts and the stocks they recommend to their clients on a daily basis. MarketBeat has identified the five stocks that top analysts are quietly whispering to their clients to buy now before the broader market catches on... and Taiwan Semiconductor Manufacturing wasn't on the list. While Taiwan Semiconductor Manufacturing currently has a Buy rating among analysts, top-rated analysts believe these five stocks are better buys. With the proliferation of data centers and electric vehicles, the electric grid will only get more strained. Download this report to learn how energy stocks can play a role in your portfolio as the global demand for energy continues to grow. Sign up for MarketBeat All Access to gain access to MarketBeat's full suite of research tools. 345 N Reid Place, Suite 620, Sioux Falls, SD 57103
                                        
                                        contact@marketbeat.com
                                        
                                        (844) 978-6257 © MarketBeat Media, LLC 2010-2026. All rights reserved. © 2026   Fair market value prices are updated every minute and are provided by Massive. Other market data provided is at least 10-minutes delayed and hosted by Barchart Solutions.  Information is provided 'as-is' and solely for informational purposes, not for trading purposes or advice, and is delayed. To see all exchange delays and terms of use please see Barchart's disclaimer.",https://www.marketbeat.com/instant-alerts/taiwan-semiconductor-manufacturing-nysetsm-shares-down-31-time-to-sell-2026-05-15/
TSM,Taiwan Semiconductor Manufacturing Co Ltd (TSM) Shares Fall 3.2% -- What GF Score of 97 Tells Investors - GuruFocus,2026-05-15 21:33:27,"This website is using a security service to protect itself from online attacks. The action you just performed triggered the security solution. There are several actions that could trigger this block including submitting a certain word or phrase, a SQL command or malformed data. You can email the site owner to let them know you were blocked. Please include what you were doing when this page came up and the Cloudflare Ray ID found at the bottom of this page. Cloudflare Ray ID: 9fc6c34f6fc581f1
•

        Your IP:
        Click to reveal
20.57.77.197
•

Performance & security by Cloudflare",https://www.gurufocus.com/news/8863713/taiwan-semiconductor-manufacturing-co-ltd-tsm-shares-fall-32-what-gf-score-of-97-tells-investors
TSM,Here's How Taiwan Semiconductor Is Capitalizing on AI Boom - The Globe and Mail,2026-05-15 19:55:15,"Taiwan Semiconductor Manufacturing CompanyTSM, popularly known as TSMC, expects its biggest growth driver in 2026 to be explosive demand for AI and high-performance computing (HPC) chips. Reflecting this trend, HPC accounts for 61% of first-quarter revenues. TSMC also raised its full-year 2026 revenue growth outlook to above 30% in U.S. dollar terms and increased its capital expenditure guidance toward the higher end of the $52-$56 billion range to support surging AI demand. According to a news covered by Reuters, TSMC projects the global semiconductor market to surpass $1.5 trillion by 2030, compared with its earlier estimate of $1 trillion. AI and high-performance computing (HPC) are expected to account for 55% of the market, while smartphones and automotive applications are expected to contribute 20% and 10%, respectively. To meet rising demand, TSMC is accelerating capacity expansion across 2025 and 2026, with plans to add nine new phases of wafer fabs and advanced packaging facilities in 2026 alone. The company expects capacity for its advanced 2nm and next-generation A16 chips to witness a CAGR of 70% between 2026 and 2028. In advanced packaging, TSMC expects capacity for its Chip on Wafer on Substrate (“CoWoS”) technology — extensively used in AI chips developed by NVIDIA — to witness a CAGR of more than 80% between 2022 and 2027. The company also projects that demand for AI accelerator wafers will rise elevenfold from 2022 to 2026, underscoring the potential of the AI-driven semiconductor expansion. Micron TechnologyMU is capitalizing on the AI boom with its HBM solutions, which are increasingly being adopted by major hyperscalers and enterprise customers. On the second-quarter fiscal 2026 earnings call, the company highlighted strong customer interest in its HBM portfolio, which is expected to drive substantial revenue growth in the quarters ahead. Micron’s HBM portfolio is generating multi-billion-dollar quarterly revenues. Micron is poised to be the key beneficiary of surging AI-related infrastructure spending, as companies continue to build out GPU clusters and AI data centers that require advanced memory solutions. GlobalFoundriesGFS is benefiting from rising AI infrastructure demand through its silicon photonics and high-performance SiGe solutions used in AI data center networking and optical interconnects. Strong adoption has caused its Vermont SiGe facility to become oversubscribed through 2027. The company is also partnering with major AI and cloud players to advance the Optical Compute Interconnect (OCI) standard for AI scale-up networks and co-packaged optics. GLOBALFOUNDRIES launched its SCALE platform, a next-generation optical networking solution designed to support future AI networking requirements across multiple generations of technology. Shares of TSMC have gained 115.1% over the past year compared with the industry’s growth of 105.9%. The S&P 500 composite has grown 30.8% in the same period. From a valuation standpoint, TSM trades at a forward 12-month price-to-sales ratio (P/S) of 12.19X, above the industry median of 10.56X. The Zacks Consensus Estimate for TSM’s 2026 earnings has moved north 4.8% over the past 30 days. TSM stock currently has a Zacks Rank #3 (Hold). You can see the complete list of today’s Zacks #1 Rank (Strong Buy) stocks here. The AI revolution has already minted millionaires. But the stocks everyone knows about aren't likely to keep delivering the biggest profits. AI’s second wave is moving from infrastructure to implementation and these companies are at the forefront of this transition, positioned to become what Amazon and Google were to the internet era. This article originally published on Zacks Investment Research (zacks.com). All market data (will open in new tab) is provided by Barchart Solutions. Copyright © 2026. Information is provided 'as is' and solely for informational purposes, not for trading purposes or advice. For exchange delays and terms of use, please read disclaimer (will open in new tab).",https://www.theglobeandmail.com/investing/markets/stocks/TSM/pressreleases/1964264/heres-how-taiwan-semiconductor-is-capitalizing-on-ai-boom/
TSM,TSMC Targets US$1.5t Chip Market As AI Capacity Ramp Raises Stakes - simplywall.st,2026-05-15 18:09:45,"For investors tracking NYSE:TSM, this new forecast comes alongside a share price of $417.72 and multi year performance that includes a gain of 117.1% over the past year and 293.4% over the past five years. Those returns reflect how central TSMC has become to global chip supply, especially in advanced process nodes used in AI and high performance computing. TSMC’s updated market view and global expansion plan indicate that management is positioning the company for a potentially larger role for AI focused chips in the overall industry mix by 2030. For investors, key points to monitor include execution on expansion plans, capital spending decisions, and geopolitical developments, and how these factors affect the company’s ability to navigate this broader market environment over time. Stay updated on the most important news stories for Taiwan Semiconductor Manufacturing by adding it to your watchlist or portfolio. Alternatively, explore our Community to discover new perspectives on Taiwan Semiconductor Manufacturing. 4 things going right for Taiwan Semiconductor Manufacturing that this headline doesn't cover. TSMC’s upgraded view of a more than US$1.5t semiconductor market by 2030 and its rapid build out across Taiwan, the US, Japan, and Germany underline how central AI and high performance computing have become to its business model. For you as an investor, the key takeaway is that TSMC is aligning capacity with workloads that management expects to represent more than half of the industry by 2030. That potentially tightens its links to large customers in data centers, cloud, and advanced packaging, while increasing exposure to capital intensive projects and execution risk overseas. Competitors such as Samsung Electronics, Intel, and GlobalFoundries are also investing heavily. As a result, TSMC’s timing on new nodes and advanced packaging, its cost structure in locations like Arizona and Dresden, and the reliability of hyperscaler orders will be important signposts. This forecast upgrade also raises the bar for future results, because investors now have a larger industry number in mind when judging whether current capacity, capital spending, and margins line up with that long term view. From here, keep an eye on how quickly new fabs in Arizona, Japan, and Germany move from construction to meaningful output, and whether advanced packaging capacity stays tight or starts to loosen. Watch updates on AI and high performance computing orders from large cloud and data center customers, especially if any shift more work to foundry competitors like Intel or Samsung. It is also worth tracking any commentary on margins as 2 nm and other advanced nodes scale, because those can show whether higher costs in overseas fabs are being offset by pricing and utilization. Finally, monitor management’s capital spending guidance alongside free cash flow, so you can see whether this bigger 2030 market view is translating into a sustainable financial profile. To ensure you're always in the loop on how the latest news impacts the investment narrative for Taiwan Semiconductor Manufacturing, head to the
 community page for Taiwan Semiconductor Manufacturing to never miss an update on the top community narratives. This article by Simply Wall St is general in nature. We provide commentary based on historical data
        and analyst forecasts only using an unbiased methodology and our articles are not intended to be financial advice. It does not constitute a recommendation to buy or sell any stock, and does not take account of your objectives, or your
        financial situation. We aim to bring you long-term focused analysis driven by fundamental data.
        Note that our analysis may not factor in the latest price-sensitive company announcements or qualitative material.
        Simply Wall St has no position in any stocks mentioned. Discover if Taiwan Semiconductor Manufacturing might be undervalued or overvalued with our detailed analysis, featuring fair value estimates, potential risks, dividends, insider trades, and its financial condition. Have feedback on this article? Concerned about the content? Get in touch with us directly. Alternatively, email editorial-team@simplywallst.com Manufactures, packages, tests, and sells integrated circuits and other semiconductor devices in Taiwan, China, Europe, the Middle East, Africa, Japan, the United States, and internationally. Financial Data provided by S&P Global Market Intelligence LLC, analysis provided by Simply Wall Street Pty Ltd. Copyright © 2026, S&P Global Market Intelligence LLC. All rights reserved. Simply Wall Street Pty Ltd (ACN 600 056 611), is a Corporate Authorised Representative (Authorised Representative Number: 467183) of Sanlam Private Wealth Pty Ltd (AFSL No. 337927). Any advice contained in this website is general advice only and has been prepared without considering your objectives, financial situation or needs. You should not rely on any advice and/or information contained in this website and before making any investment decision we recommend that you consider whether it is appropriate for your situation and seek appropriate financial, taxation and legal advice. Please read our Financial Services Guide before deciding whether to obtain financial services from us. © 2026 Simply Wall Street Pty Ltd, US Design Patent #29/544/281, Community and European Design Registration #2845206",https://simplywall.st/stocks/us/semiconductors/nyse-tsm/taiwan-semiconductor-manufacturing/news/tsmc-targets-us15t-chip-market-as-ai-capacity-ramp-raises-st/amp
TSM,TSM: TSMC Predicts $1.5 Trillion Chip Market by 2030 Driven by A - GuruFocus,2026-05-15 18:00:00,"This website is using a security service to protect itself from online attacks. The action you just performed triggered the security solution. There are several actions that could trigger this block including submitting a certain word or phrase, a SQL command or malformed data. You can email the site owner to let them know you were blocked. Please include what you were doing when this page came up and the Cloudflare Ray ID found at the bottom of this page. Cloudflare Ray ID: 9fc6c42fda6d81f1
•

        Your IP:
        Click to reveal
20.57.77.197
•

Performance & security by Cloudflare",https://www.gurufocus.com/news/8863084/tsm-tsmc-predicts-15-trillion-chip-market-by-2030-driven-by-ai?mobile=true
TSM,TSMC Shares Plunge After Surprise Stake Sale Plan Revealed - TradingView,2026-05-15 17:04:43,"Taiwan Semiconductor Manufacturing Co. TSM fell about 3% on Friday after TSMC said it plans to sell roughly 152 million shares of Vanguard International Semiconductor, or about 8.1% of the company, in a block sale to large investors. The move would trim TSMC's stake in Vanguard to 19% from 27.1%, according to a Friday filing. TSMC said it does not expect to sell more Vanguard shares in the near term. The company said the plan is part of a broader effort to keep its attention on core operations. TSMC also said the change should not alter its long-running relationship with Vanguard. That includes outsourced production work and agreements tied to gallium nitride, or GaN, technology. TSMC said it stopped having board representation at Vanguard in June 2024, a sign the two companies had already been operating more independently. Even with Friday's decline, TSMC has remained one of the stronger chip stocks, with shares up 33% year to date and 115% in 2025. Select market data provided by ICE Data Services. Select reference data provided by FactSet. Copyright © 2026 FactSet Research Systems Inc.Copyright © 2026, American Bankers Association. CUSIP Database provided by FactSet Research Systems Inc. All rights reserved. SEC fillings and other documents provided by Quartr.© 2026 TradingView, Inc.",https://www.tradingview.com/news/gurufocus:de6a49040094b:0-tsmc-shares-plunge-after-surprise-stake-sale-plan-revealed/
TSM,Eminence Capital Takes New Position in Taiwan Semiconductor (TSM) - GuruFocus,2026-05-15 16:52:30,"This website is using a security service to protect itself from online attacks. The action you just performed triggered the security solution. There are several actions that could trigger this block including submitting a certain word or phrase, a SQL command or malformed data. You can email the site owner to let them know you were blocked. Please include what you were doing when this page came up and the Cloudflare Ray ID found at the bottom of this page. Cloudflare Ray ID: 9fc6c401e9ee81f1
•

        Your IP:
        Click to reveal
20.57.77.197
•

Performance & security by Cloudflare",https://www.gurufocus.com/news/8863228/eminence-capital-takes-new-position-in-taiwan-semiconductor-tsm
TSM,"Unusual Options Activity: DHI, TSM and Others Attract Market Bets, DHI V/OI Ratio Reaches 102.7 - 富途牛牛",2026-05-15 15:30:01,"EST May 15th Morning Delivery - In the last two hours of trading, 10 options with a high V/OI ratio were detected. With the market volatile, it's crucial to stay informed on the latest options trends. Of the 10 options trades detected with a high V/OI ratio, a trade on $D.R. Horton (DHI.US)$ put contracts stood out with a volume of 1,130, far exceeding its open interest of 11 with a V/OI ratio of 102.73. The premium, or cost, of the trade was $466.69K. The strike price of this contract is $135.000 and the expiration date is May 29th, 2026, 14 days later. Another option trade worth noting is a trade on $Taiwan Semiconductor (TSM.US)$ put contracts with a volume of 6,000, far exceeding its open interest of 64 with a V/OI ratio of 93.75. The premium, or cost, of the trade was $12.36 million. The strike price of this contract is $400.000 and the expiration date is June 26th, 2026, 42 days later. There is also a notable transaction on $Carvana (CVNA.US)$ call contracts with a volume of 7,000, far exceeding its open interest of 81 with a V/OI ratio of 86.42. The premium, or cost, of the trade was $1.12 million. The strike price of this contract is $69.000 and the expiration date is May 22nd, 2026, 7 days later. Unusual options activity identifies a single option trade with a volume-to-open-interest ratio (V/OI) equal to or above 10, which means the volume of the trade is much higher than the existing positions. High V/OI often implies that a trader is opening a new position with an unusual amount. Options activities are filtered based on the following criteria: Options trade with V/OI≥10, while OI of the contract must be ≥10. The underlying asset of selected options must be individual stock with a market cap≥$5 billion. If there are at least 3 or more trades that meet all the criteria in the corresponding time period, an article will be generated at 11:30, 13:30, and 16:30 ET each trading day. Options trading entails significant risk and is not appropriate for all customers. It is important that investors read Characteristics and Risks of Standardized Options before engaging in any options trading strategies. Options transactions are often complex and may involve the potential of losing the entire investment in a relatively short period of time. Certain complex options strategies carry additional risk, including the potential for losses that may exceed the original investment amount. Supporting documentation for any claims, if applicable, will be furnished upon request. The past performance of a security or financial product does not guarantee future results or returns. Customers should consider their investment objectives and risks carefully before investing in options. Because of the importance of tax considerations to all options transactions, the customer considering options should consult their tax advisor as to how taxes affect the outcome of each options strategy. The translation is provided by third-party software. Use the share button in your browser  to share the page with your friends",https://news.futunn.com/en/post/73192417/unusual-options-activity-dhi-tsm-and-others-attract-market-bets?level=1&data_ticket=1778896658680299
TSM,Taiwan Semiconductor Manufacturing Co Ltd Stock (TSM) Moved Down by 3.69% on May 15: A Full Analysis - TradingKey,2026-05-15 14:15:25,"Taiwan Semiconductor Manufacturing Co Ltd (TSM) moved down by 3.69%. The Technology Equipment sector is down by 3.34%. The company underperformed the industry. Top 3 stocks by turnover in the sector: NVIDIA Corp (NVDA) down 4.31%; Micron Technology Inc (MU) down 6.22%; SanDisk Corporation (SNDK) down 1.69%. Taiwan Semiconductor Manufacturing Company (TSM) experienced a downward movement with significant intraday volatility, primarily influenced by a confluence of industry-wide concerns and company-specific announcements. This follows a period of strong upward momentum for the stock, which reached new highs as recently as yesterday. A notable factor contributing to the decline appears to be broader semiconductor sector weakness. The industry is facing a potential setback with an impending strike at Samsung Electronics, scheduled to begin on May 21, which has raised concerns about disruptions in the global semiconductor supply chain, particularly for high-bandwidth memory. This development is already impacting other major players in the sector and could be dragging down investor sentiment for TSM, despite its strong positioning. Additionally, TSM announced its intention to sell a significant stake, up to 152 million common shares, in Vanguard International Semiconductor Corporation (VIS) through a block trade to institutional investors. While the company stated this move is aimed at sharpening its focus on core business activities and will not affect strategic relations with VIS, a large divestment can sometimes lead to short-term selling pressure or be viewed with caution by some market participants. Furthermore, underlying concerns about valuation persist, with some analyses indicating that TSM may be trading above its intrinsic value after its recent rally. There are also ongoing discussions around potential gross margin dilution stemming from the ramp-up of new 2-nanometer process technology and increased expenses associated with overseas fab expansions, which are long-term considerations that can contribute to volatility during periods of market uncertainty. While geopolitical risks in the Taiwan Strait remain a continuous backdrop, their immediate impact on today's specific movement appears less pronounced than the more immediate industry and company news. Despite these headwinds, TSM continues to demonstrate robust financial performance, having reported strong first-quarter 2026 results that exceeded revenue and gross margin expectations. The company also recently raised its full-year 2026 revenue growth outlook, citing strong demand for artificial intelligence-related applications, and analysts largely maintain a positive ""Buy"" consensus rating on the stock. The intraday volatility likely reflects a tug-of-war between these strong fundamentals and the newer, more immediate concerns. Technically, Taiwan Semiconductor Manufacturing Co Ltd (TSM) shows a MACD (12,26,9) value of [12.56], indicating a neutral signal. The RSI at 63.66 suggests neutral condition and the Williams %R at -11.40 suggests oversold condition. Please monitor closely. Taiwan Semiconductor Manufacturing Co Ltd (TSM) is in the Technology Equipment industry. Its latest annual revenue is $122.22B, ranking 2 in the industry. The net profit is $55.12B, ranking 2 in the industry. Company Profile Over the past month, multiple analysts have rated the company as Buy, with an average price target of $446.18, a high of $600.00, and a low of $205.00. Click the $ button, enter the symbol, and select to link a stock, ETF, or other ticker.",https://www.tradingkey.com/news/market-movers/261900514-market-movers-tsm-20260515
TSM,TSMC Thinks The Chip Boom Is Just Getting Started - TradingView,2026-05-15 12:33:54,"Taiwan Semiconductor Manufacturing TSM believes the global chip industry is heading toward a staggering $1.5 trillion market by 2030, underscoring just how massive the AI driven semiconductor boom could become over the rest of the decade. The forecast, which TSMC reiterated this week after previously discussing it during a U.S. technology symposium, reflects the company's growing confidence that artificial intelligence and high performance computing will dominate the next era of semiconductor demand. According to TSMC, AI and HPC alone are expected to make up roughly 55% of the projected $1.5 trillion market by 2030, far ahead of smartphones at 20% and automotive chips at 10%. The company is already racing to keep up with that demand. TSMC said it plans to accelerate capacity expansion through 2025 and 2026, including nine additional phases of wafer fabs and advanced packaging facilities next year. Demand for its most advanced technologies, including 2 nanometer and A16 chips, is expected to grow at a 70% annualized pace between 2026 and 2028. One of the biggest bottlenecks remains advanced packaging, especially CoWoS technology used to connect Nvidia's (NVDA) AI accelerators with high bandwidth memory systems. TSMC said CoWoS capacity is expected to grow at more than an 80% compound annual rate between 2022 and 2027, while AI accelerator wafer demand itself is projected to jump 11 fold from 2022 through 2026. The expansion is happening globally. TSMC continues rapidly building out operations in Arizona, Japan and Germany as countries and companies push to secure semiconductor supply chains closer to home. In Arizona alone, the company expects output to increase 1.8 times year over year by 2026, with yields comparable to Taiwan. Select market data provided by ICE Data Services. Select reference data provided by FactSet. Copyright © 2026 FactSet Research Systems Inc.Copyright © 2026, American Bankers Association. CUSIP Database provided by FactSet Research Systems Inc. All rights reserved. SEC fillings and other documents provided by Quartr.© 2026 TradingView, Inc.",https://www.tradingview.com/news/gurufocus:75ec7c8bf094b:0-tsmc-thinks-the-chip-boom-is-just-getting-started/
TSM,TSM: Apple Expands Intel Partnership for Processor Supply - GuruFocus,2026-05-15 12:00:00,"This website is using a security service to protect itself from online attacks. The action you just performed triggered the security solution. There are several actions that could trigger this block including submitting a certain word or phrase, a SQL command or malformed data. You can email the site owner to let them know you were blocked. Please include what you were doing when this page came up and the Cloudflare Ray ID found at the bottom of this page. Cloudflare Ray ID: 9fc6c480db1d81f1
•

        Your IP:
        Click to reveal
20.57.77.197
•

Performance & security by Cloudflare",https://www.gurufocus.com/news/8862676/tsm-apple-expands-intel-partnership-for-processor-supply?mobile=true
TSM,"Taiwan Semiconductor (TSM.US) plans to sell up to 152 million shares of Vanguard International Semiconductor Corporation, reducing its stake to 19%. - Moomoo",2026-05-15 11:37:17,"To create a seamless experience and for website quality and improvement purposes, we use cookie technologies for verification and quality purposes, to personalize the content presented, and to provide advertising that may be of specific interest to you. Learn our Privacy Policy here. 全球最大的芯片代工制造商 $台积电 (TSM.US)$ 周五宣布，计划通过大宗交易向金融机构投资者出售至多1.52亿股先锋国际半导体(简称 ‌VIS‌ 或 ‌世界先进‌)股份。在股权充分稀释的前提下，此次出售将使台积电在先锋国际半导体的持股比例从约27.1%降至约19%。台积电表示，在可预见的未来，暂无进一步减持先锋国际半导体股权的计划。 台积电表示，此次减持不会影响其与先锋国际半导体的战略合作关系，包括硅中介层代工生产以及向对方授权氮化镓(GaN)工艺技术等合作均维持不变。 台积电还补充道，此次减持是其将资源聚焦自身核心业务所做的规划。自2024年6月起，台积电不再在先锋国际半导体董事会中占有席位。 值得注意的是，台积电本身现金储备充裕、实力雄厚，在业界看来完全无需通过售股变现。有观点认为，台积电巧妙将持股比例降至19%，背后有着明确的财务考量。其首要目的在于，将持股比例控制在20%以下，从而免除将先锋国际半导体认定为关系企业的法定义务——这意味着，今后先锋国际半导体的盈亏无需纳入台积电合并财务报表，双方之间的所有相关交易，也无需依法披露彼此的关联关系及重大交易信息。 The world's largest contract chip manufacturer $Taiwan Semiconductor (TSM.US)$ announced on Friday plans to sell up to 152 million shares of Vanguard International Semiconductor (referred to as VIS or Vanguard Advanced) to institutional investors through a block trade. On a fully diluted basis, this sale will reduce Taiwan Semiconductor’s stake in Vanguard International Semiconductor from approximately 27.1% to about 19%. Taiwan Semiconductor stated that it has no plans to further reduce its stake in Vanguard International Semiconductor in the foreseeable future. Based on current share prices, the 152 million Vanguard shares are valued at approximately NT$26.8 billion (equivalent to USD 850 million). Taiwan Semiconductor stated that this divestment will not affect its strategic partnership with Vanguard International Semiconductor, including cooperation on silicon interposer manufacturing and the licensing of gallium nitride (GaN) process technology, all of which will remain unchanged. Taiwan Semiconductor also added that this divestment is part of its strategic realignment to focus resources on its core business. As of June 2024, Taiwan Semiconductor will no longer hold a seat on Vanguard’s board of directors. Notably, Taiwan Semiconductor maintains ample cash reserves and strong financial strength, and industry observers believe it has no need to raise capital through equity sales. Some analysts suggest that Taiwan Semiconductor has deliberately reduced its stake to 19% for clear financial and regulatory considerations. The primary objective is to keep its ownership below the 20% threshold, thereby avoiding the legal obligation to classify Vanguard as an affiliate. This means Vanguard’s profits and losses will no longer be consolidated into Taiwan Semiconductor’s financial statements, and all related-party transactions between the two companies will no longer require mandatory disclosure of their affiliated relationship or material transaction details under applicable regulations. Use the share button in your browser  to share the page with your friends Investment products and services are offered through Moomoo Financial Inc., Member SIPC./FINRA. For further information about Moomoo Financial Inc., please visit Financial Industry Regulatory Authority (FINRA)’s BrokerCheck. Options trading entails significant risk and is not appropriate for all customers. It is important that investors read Characteristics and Risks of Standardized Options before engaging in any options trading strategies. Options transactions are often complex and may involve the potential of losing the entire investment in a relatively short period of time. Certain complex options strategies carry additional risk, including the potential for losses that may exceed the original investment amount. Supporting documentation for any claims, if applicable, will be furnished upon request. $0 commission trading is available only to U.S. residents trading in the U.S. markets through Moomoo Financial Inc. Other fees may apply. For more info, visit moomoo.com/us/pricing Investing involves risk and the potential to lose principal. Electronic trading also involves risks. The responsiveness of the trading system may vary due to market conditions, system performance, and other factors. Account access and trade execution may be affected by factors such as market volatility. Investment products are not insured by the FDIC, not a deposit, and may decline in value. The services and products offered on the website are subject to applicable laws and regulations, as well as relevant service terms and policies. The services and products are not available to all customers or in all geographic areas or in any jurisdiction where it is unlawful for us to offer such services and products. Company Address：Moomoo Financial Inc. and Moomoo Technologies Inc, 185 Hudson St Ste. 2600, Jersey City, NJ 07302 Copyright © 2026 Moomoo Technologies Inc. All Rights Reserved.",https://www.moomoo.com/news/post/70093076/taiwan-semiconductor-plans-to-sell-up-to-152-million-shares?level=1&data_ticket=1778896172571152
TSM,Taiwan Semiconductor (TSM) Plans to Sell 8.1% Stake in Vanguard International Semiconductor - GuruFocus,2026-05-15 11:26:15,"This website is using a security service to protect itself from online attacks. The action you just performed triggered the security solution. There are several actions that could trigger this block including submitting a certain word or phrase, a SQL command or malformed data. You can email the site owner to let them know you were blocked. Please include what you were doing when this page came up and the Cloudflare Ray ID found at the bottom of this page. Cloudflare Ray ID: 9fc6c47bfb1081f1
•

        Your IP:
        Click to reveal
20.57.77.197
•

Performance & security by Cloudflare",https://www.gurufocus.com/news/8862631/taiwan-semiconductor-tsm-plans-to-sell-81-stake-in-vanguard-international-semiconductor?mobile=true
TSM,Taiwan Semi Accelerates 2nm And AI Packaging Push - Benzinga,2026-05-15 11:18:21,"Oops! Something went wrong. Please try again soon or contact support@benzinga.com. A newsletter built for market enthusiasts by market enthusiasts. Top stories, top movers, and trade ideas delivered to your inbox every weekday before and after the market closes.",https://www.benzinga.com/markets/tech/26/05/52592039/taiwan-semi-accelerates-2nm-and-ai-packaging-push
TSM,Thrivent Financial for Lutherans Has $368.96 Million Stock Holdings in Taiwan Semiconductor Manufacturing Company Ltd. $TSM - MarketBeat,2026-05-15 10:57:29,"Thrivent Financial for Lutherans raised its stake in  Taiwan Semiconductor Manufacturing Company Ltd. (NYSE:TSM - Free Report) by 1.8% during the 4th quarter, according to the company in its most recent 13F filing with the SEC. The firm owned 1,214,419 shares of the semiconductor company's stock after buying an additional 21,492 shares during the quarter. Taiwan Semiconductor Manufacturing accounts for about  0.7% of Thrivent Financial for Lutherans' holdings, making the stock its 16th biggest position. Thrivent Financial for Lutherans' holdings in Taiwan Semiconductor Manufacturing were worth $368,957,000 as of its most recent filing with the SEC. Other large investors have also recently added to or reduced their stakes in the company. Brighton Jones LLC increased its stake in shares of  Taiwan Semiconductor Manufacturing by 20.9% during the 4th quarter. Brighton Jones LLC now owns 10,930 shares of the semiconductor company's stock worth $2,159,000 after purchasing an additional 1,892 shares during the last quarter.  Gamco Investors INC. ET AL acquired a new position in shares of  Taiwan Semiconductor Manufacturing during the 2nd quarter worth $701,000.  Bank of Nova Scotia increased its stake in shares of  Taiwan Semiconductor Manufacturing by 12.8% during the 2nd quarter. Bank of Nova Scotia now owns 15,697 shares of the semiconductor company's stock worth $3,556,000 after purchasing an additional 1,784 shares during the last quarter.  FWL Investment Management LLC increased its stake in shares of  Taiwan Semiconductor Manufacturing by 26.5% during the 2nd quarter. FWL Investment Management LLC now owns 253 shares of the semiconductor company's stock worth $57,000 after purchasing an additional 53 shares during the last quarter.  Finally, Main Street Financial Solutions LLC acquired a new position in shares of  Taiwan Semiconductor Manufacturing during the 2nd quarter worth $270,000. Institutional investors and hedge funds own  16.51% of the company's stock. NYSE TSM opened at $417.77 on Friday. The company has a current ratio of 2.51, a quick ratio of 2.32 and a debt-to-equity ratio of 0.17. The company has a fifty day simple moving average of $364.44 and a 200 day simple moving average of $334.32. The company has a market cap of $2.16 trillion, a P/E ratio of 34.76, a P/E/G ratio of 1.17 and a beta of 1.39. Taiwan Semiconductor Manufacturing Company Ltd. has a 1 year low of $188.81 and a 1 year high of $421.97. Taiwan Semiconductor Manufacturing (NYSE:TSM - Get Free Report) last posted its quarterly earnings data on Tuesday, February 10th. The semiconductor company reported $3.11 earnings per share (EPS) for the quarter. Taiwan Semiconductor Manufacturing had a net margin of 46.97% and a return on equity of 38.17%. The business had revenue of $30.65 billion during the quarter.  On average, sell-side analysts predict that  Taiwan Semiconductor Manufacturing Company Ltd. will post 15.25 EPS for the current year. The business also recently declared a quarterly dividend, which will be paid on Thursday, October 8th. Shareholders of record on Wednesday, September 16th will be issued a $1.1136 dividend. This is a boost from Taiwan Semiconductor Manufacturing's previous quarterly dividend of $0.95. The ex-dividend date of this dividend is Wednesday, September 16th. This represents a $4.45 dividend on an annualized basis and a yield of 1.1%. Taiwan Semiconductor Manufacturing's payout ratio is currently 24.71%. In related news, VP Bor-Zen Tien purchased 1,000 shares of Taiwan Semiconductor Manufacturing stock in a transaction on Sunday, March 22nd. The stock was purchased at an average cost of $55.93 per share, with a total value of $55,930.00. Following the acquisition, the vice president directly owned 9,051 shares in the company, valued at approximately $506,222.43. This trade represents a 12.42% increase in their ownership of the stock. The acquisition was disclosed in a filing with the SEC, which is accessible through this link. Over the last ninety days, insiders have acquired 1,346 shares of company stock valued at $78,185. 1.11% of the stock is owned by corporate insiders. Here are the key news stories impacting Taiwan Semiconductor Manufacturing this week: Several research analysts have recently commented on the stock. Wedbush  restated an ""outperform"" rating on shares of Taiwan Semiconductor Manufacturing in a research note on Wednesday, February 11th. Weiss Ratings upgraded shares of Taiwan Semiconductor Manufacturing from a ""hold (c+)"" rating to a ""buy (b-)"" rating in a research note on Friday, March 20th. Wall Street Zen upgraded shares of Taiwan Semiconductor Manufacturing from a ""hold"" rating to a ""buy"" rating in a research note on Sunday, March 22nd. Zacks Research lowered shares of Taiwan Semiconductor Manufacturing from a ""strong-buy"" rating to a ""hold"" rating in a research note on Monday, March 16th. Finally, Barclays increased their price target on shares of Taiwan Semiconductor Manufacturing from $450.00 to $470.00 and gave the stock an ""overweight"" rating in a research note on Wednesday, April 22nd. Two research analysts have rated the stock with a Strong Buy rating, eleven have issued  a Buy rating and two have assigned  a Hold rating to the company's stock. According to data from MarketBeat.com, the company  has an average rating of ""Buy"" and a consensus price target of $404.29. Taiwan Semiconductor Manufacturing Company (TSMC) is a leading pure-play semiconductor foundry that provides wafer fabrication and related services to the global semiconductor industry. Founded in 1987 by Morris Chang and headquartered in Hsinchu, Taiwan, TSMC manufactures integrated circuits on behalf of fabless and integrated device manufacturers, offering contract chip production across a broad set of technologies and products. TSMC's service offering covers logic and mixed-signal process technologies, specialty processes for radio-frequency, power management and embedded memory, and advanced nodes used in mobile, high-performance computing and AI applications. Want to see what other hedge funds are holding TSM? Visit HoldingsChannel.com to get the latest 13F filings and insider trades for Taiwan Semiconductor Manufacturing Company Ltd. (NYSE:TSM - Free Report). This instant news alert was generated by narrative science technology and financial data from MarketBeat in order to provide readers with the fastest reporting and unbiased coverage. Please send any questions or comments about this story to contact@marketbeat.com. Before you consider Taiwan Semiconductor Manufacturing, you'll want to hear this. MarketBeat keeps track of Wall Street's top-rated and best performing research analysts and the stocks they recommend to their clients on a daily basis. MarketBeat has identified the five stocks that top analysts are quietly whispering to their clients to buy now before the broader market catches on... and Taiwan Semiconductor Manufacturing wasn't on the list. While Taiwan Semiconductor Manufacturing currently has a Buy rating among analysts, top-rated analysts believe these five stocks are better buys. With the proliferation of data centers and electric vehicles, the electric grid will only get more strained. Download this report to learn how energy stocks can play a role in your portfolio as the global demand for energy continues to grow. Sign up for MarketBeat All Access to gain access to MarketBeat's full suite of research tools. 345 N Reid Place, Suite 620, Sioux Falls, SD 57103
                                        
                                        contact@marketbeat.com
                                        
                                        (844) 978-6257 © MarketBeat Media, LLC 2010-2026. All rights reserved. © 2026   Fair market value prices are updated every minute and are provided by Massive. Other market data provided is at least 10-minutes delayed and hosted by Barchart Solutions.  Information is provided 'as-is' and solely for informational purposes, not for trading purposes or advice, and is delayed. To see all exchange delays and terms of use please see Barchart's disclaimer.",https://www.marketbeat.com/instant-alerts/filing-thrivent-financial-for-lutherans-has-36896-million-stock-holdings-in-taiwan-semiconductor-manufacturing-company-ltd-tsm-2026-05-15/
TSM,Phoenix Financial Ltd. Has $130 Million Position in Taiwan Semiconductor Manufacturing Company Ltd. $TSM - MarketBeat,2026-05-15 10:51:39,"Phoenix Financial Ltd. lessened its position in  Taiwan Semiconductor Manufacturing Company Ltd. (NYSE:TSM - Free Report) by 1.9% during the fourth quarter, according to the company in its most recent 13F filing with the SEC. The fund owned 442,898 shares of the semiconductor company's stock after selling 8,534 shares during the quarter. Taiwan Semiconductor Manufacturing makes up  about  1.4% of Phoenix Financial Ltd.'s portfolio, making the stock its 21st biggest position. Phoenix Financial Ltd.'s holdings in Taiwan Semiconductor Manufacturing were worth $129,999,000 at the end of the most recent reporting period. Other institutional investors have also recently bought and sold shares of the company. Stephens Consulting LLC grew its stake in shares of  Taiwan Semiconductor Manufacturing by 82.0% during the 4th quarter. Stephens Consulting LLC now owns 91 shares of the semiconductor company's stock worth $28,000 after acquiring an additional 41 shares in the last quarter.  Ares Financial Consulting LLC bought a new stake in shares of  Taiwan Semiconductor Manufacturing in the fourth quarter worth $29,000.  Resources Management Corp CT ADV acquired a new position in  Taiwan Semiconductor Manufacturing during the second quarter worth $32,000.  Maseco LLP acquired a new position in  Taiwan Semiconductor Manufacturing during the fourth quarter worth $35,000.  Finally, Cedar Wealth Management LLC grew its position in  Taiwan Semiconductor Manufacturing by 91.4% in the third quarter. Cedar Wealth Management LLC now owns 134 shares of the semiconductor company's stock valued at $37,000 after purchasing an additional 64 shares in the last quarter. Institutional investors own  16.51% of the company's stock. Shares of TSM stock opened at $417.77 on Friday. Taiwan Semiconductor Manufacturing Company Ltd. has a 52 week low of $188.81 and a 52 week high of $421.97. The company has a market capitalization of $2.16 trillion, a price-to-earnings ratio of 34.76, a PEG ratio of 1.17 and a beta of 1.39. The company has a 50-day simple moving average of $364.44 and a 200 day simple moving average of $334.32. The company has a debt-to-equity ratio of 0.17, a quick ratio of 2.32 and a current ratio of 2.51. Taiwan Semiconductor Manufacturing (NYSE:TSM - Get Free Report) last announced its earnings results on Tuesday, February 10th. The semiconductor company reported $3.11 earnings per share for the quarter. The company had revenue of $30.65 billion for the quarter. Taiwan Semiconductor Manufacturing had a return on equity of 38.17% and a net margin of 46.97%. On average, sell-side analysts predict that  Taiwan Semiconductor Manufacturing Company Ltd. will post 15.25 earnings per share for the current year. The company also recently disclosed a quarterly dividend, which will be paid on Thursday, October 8th. Shareholders of record on Wednesday, September 16th will be given a dividend of $1.1136 per share. This represents a $4.45 annualized dividend and a yield of 1.1%. The ex-dividend date is Wednesday, September 16th. This is a positive change from Taiwan Semiconductor Manufacturing's previous quarterly dividend of $0.95. Taiwan Semiconductor Manufacturing's dividend payout ratio (DPR) is 24.71%. TSM has been the subject of a number of recent research reports. Argus upgraded shares of Taiwan Semiconductor Manufacturing to a ""strong-buy"" rating in a research note on Thursday, January 15th. Freedom Capital upgraded Taiwan Semiconductor Manufacturing to a ""strong-buy"" rating in a report on Thursday, January 15th. Wedbush  reissued an ""outperform"" rating on shares of Taiwan Semiconductor Manufacturing in a research report on Wednesday, February 11th. Weiss Ratings raised Taiwan Semiconductor Manufacturing from a ""hold (c+)"" rating to a ""buy (b-)"" rating in a research report on Friday, March 20th. Finally, Dbs Bank upgraded Taiwan Semiconductor Manufacturing to a ""moderate buy"" rating in a research note on Friday, January 23rd. Two research analysts have rated the stock with a Strong Buy rating, eleven have issued  a Buy rating and two have issued  a Hold rating to the stock. According to MarketBeat, Taiwan Semiconductor Manufacturing presently has a consensus rating of ""Buy"" and an average price target of $404.29. Here are the key news stories impacting Taiwan Semiconductor Manufacturing this week: In other Taiwan Semiconductor Manufacturing news, VP Bor-Zen Tien purchased 1,000 shares of the firm's stock in a transaction that occurred on Sunday, March 22nd. The shares were acquired at an average cost of $55.93 per share, for a total transaction of $55,930.00. Following the completion of the purchase, the vice president owned 9,051 shares of the company's stock, valued at approximately $506,222.43. The trade was a 12.42% increase in their position. The purchase was disclosed in a filing with the Securities & Exchange Commission, which is accessible through the SEC website. Insiders acquired a total of 1,346 shares of company stock worth $78,185 over the last three months. 1.11% of the stock is currently owned by company insiders. Taiwan Semiconductor Manufacturing Company (TSMC) is a leading pure-play semiconductor foundry that provides wafer fabrication and related services to the global semiconductor industry. Founded in 1987 by Morris Chang and headquartered in Hsinchu, Taiwan, TSMC manufactures integrated circuits on behalf of fabless and integrated device manufacturers, offering contract chip production across a broad set of technologies and products. TSMC's service offering covers logic and mixed-signal process technologies, specialty processes for radio-frequency, power management and embedded memory, and advanced nodes used in mobile, high-performance computing and AI applications. Want to see what other hedge funds are holding TSM? Visit HoldingsChannel.com to get the latest 13F filings and insider trades for Taiwan Semiconductor Manufacturing Company Ltd. (NYSE:TSM - Free Report). This instant news alert was generated by narrative science technology and financial data from MarketBeat in order to provide readers with the fastest reporting and unbiased coverage. Please send any questions or comments about this story to contact@marketbeat.com. Before you consider Taiwan Semiconductor Manufacturing, you'll want to hear this. MarketBeat keeps track of Wall Street's top-rated and best performing research analysts and the stocks they recommend to their clients on a daily basis. MarketBeat has identified the five stocks that top analysts are quietly whispering to their clients to buy now before the broader market catches on... and Taiwan Semiconductor Manufacturing wasn't on the list. While Taiwan Semiconductor Manufacturing currently has a Buy rating among analysts, top-rated analysts believe these five stocks are better buys. Unlock the timeless value of gold with our exclusive 2026 Gold Forecasting Report. Explore why gold remains the ultimate investment for safeguarding wealth against inflation, economic shifts, and global uncertainties. Whether you're planning for future generations or seeking a reliable asset in turbulent times, this report is your essential guide to making informed decisions. Sign up for MarketBeat All Access to gain access to MarketBeat's full suite of research tools. 345 N Reid Place, Suite 620, Sioux Falls, SD 57103
                                        
                                        contact@marketbeat.com
                                        
                                        (844) 978-6257 © MarketBeat Media, LLC 2010-2026. All rights reserved. © 2026   Fair market value prices are updated every minute and are provided by Massive. Other market data provided is at least 10-minutes delayed and hosted by Barchart Solutions.  Information is provided 'as-is' and solely for informational purposes, not for trading purposes or advice, and is delayed. To see all exchange delays and terms of use please see Barchart's disclaimer.",https://www.marketbeat.com/instant-alerts/filing-phoenix-financial-ltd-has-130-million-position-in-taiwan-semiconductor-manufacturing-company-ltd-tsm-2026-05-15/
TSM,Taiwan Semiconductor (TSM) to Reduce Stake in World Advanced by Selling 152 Million Shares - GuruFocus,2026-05-15 10:30:00,"This website is using a security service to protect itself from online attacks. The action you just performed triggered the security solution. There are several actions that could trigger this block including submitting a certain word or phrase, a SQL command or malformed data. You can email the site owner to let them know you were blocked. Please include what you were doing when this page came up and the Cloudflare Ray ID found at the bottom of this page. Cloudflare Ray ID: 9fc6c4771afb81f1
•

        Your IP:
        Click to reveal
20.57.77.197
•

Performance & security by Cloudflare",https://www.gurufocus.com/news/8862605/taiwan-semiconductor-tsm-to-reduce-stake-in-world-advanced-by-selling-152-million-shares?mobile=true
TSM,"Mesirow Financial Investment Management Inc. Sells 11,722 Shares of Taiwan Semiconductor Manufacturing Company Ltd. $TSM - MarketBeat",2026-05-15 10:15:17,"Mesirow Financial Investment Management Inc. reduced its holdings in  Taiwan Semiconductor Manufacturing Company Ltd. (NYSE:TSM - Free Report) by 63.2% in the fourth quarter, according to its most recent filing with the Securities & Exchange Commission. The institutional investor  owned 6,811 shares of the semiconductor company's stock after selling 11,722 shares during the period. Mesirow Financial Investment Management Inc.'s holdings in Taiwan Semiconductor Manufacturing were worth $2,071,000 as of its most recent filing with the Securities & Exchange Commission. A number of other large investors have also recently made changes to their positions in TSM. Brighton Jones LLC boosted its holdings in  Taiwan Semiconductor Manufacturing by 20.9% during the 4th quarter. Brighton Jones LLC now owns 10,930 shares of the semiconductor company's stock valued at $2,159,000 after acquiring an additional 1,892 shares during the period.  Gamco Investors INC. ET AL purchased a new stake in  Taiwan Semiconductor Manufacturing in the second quarter worth $701,000.  Bank of Nova Scotia increased its stake in  Taiwan Semiconductor Manufacturing by 12.8% in the second quarter. Bank of Nova Scotia now owns 15,697 shares of the semiconductor company's stock worth $3,556,000 after purchasing an additional 1,784 shares during the period.  FWL Investment Management LLC lifted its position in shares of  Taiwan Semiconductor Manufacturing by 26.5% during the second quarter. FWL Investment Management LLC now owns 253 shares of the semiconductor company's stock worth $57,000 after purchasing an additional 53 shares during the last quarter.  Finally, Main Street Financial Solutions LLC bought a new stake in shares of  Taiwan Semiconductor Manufacturing during the second quarter worth $270,000. 16.51% of the stock is currently owned by institutional investors. Several equities research analysts have issued reports on the stock. DA Davidson  reissued a ""buy"" rating and issued a $450.00 price objective on shares of Taiwan Semiconductor Manufacturing in a research report on Friday, April 17th. TD Cowen lifted their price target on shares of Taiwan Semiconductor Manufacturing from $325.00 to $370.00 and gave the company a ""hold"" rating in a research note on Friday, January 16th. Weiss Ratings upgraded Taiwan Semiconductor Manufacturing from a ""hold (c+)"" rating to a ""buy (b-)"" rating in a report on Friday, March 20th. Dbs Bank raised Taiwan Semiconductor Manufacturing to a ""moderate buy"" rating in a research note on Friday, January 23rd. Finally, Barclays lifted their target price on Taiwan Semiconductor Manufacturing from $450.00 to $470.00 and gave the company an ""overweight"" rating in a research report on Wednesday, April 22nd. Two research analysts have rated the stock with a Strong Buy rating, eleven have issued  a Buy rating and two have given a Hold rating to the company's stock. According to data from MarketBeat, the company  has a consensus rating of ""Buy"" and a consensus price target of $404.29. Get Our Latest Stock Report on Taiwan Semiconductor Manufacturing NYSE TSM opened at $417.77 on Friday. Taiwan Semiconductor Manufacturing Company Ltd. has a one year low of $188.81 and a one year high of $421.97. The company has a debt-to-equity ratio of 0.17, a quick ratio of 2.32 and a current ratio of 2.51. The company has a market capitalization of $2.16 trillion, a price-to-earnings ratio of 34.76, a price-to-earnings-growth ratio of 1.17 and a beta of 1.39. The company's 50-day simple moving average is $364.44 and its two-hundred day simple moving average is $334.32. Taiwan Semiconductor Manufacturing (NYSE:TSM - Get Free Report) last announced its quarterly earnings results on Tuesday, February 10th. The semiconductor company reported $3.11 earnings per share for the quarter. The firm had revenue of $30.65 billion during the quarter. Taiwan Semiconductor Manufacturing had a net margin of 46.97% and a return on equity of 38.17%.  Equities analysts forecast that  Taiwan Semiconductor Manufacturing Company Ltd. will post 15.25 EPS for the current fiscal year. The business also recently declared a quarterly dividend, which will be paid on Thursday, October 8th. Stockholders of record on Wednesday, September 16th will be issued a $1.1136 dividend. The ex-dividend date is Wednesday, September 16th. This represents a $4.45 dividend on an annualized basis and a dividend yield of 1.1%. This is a boost from Taiwan Semiconductor Manufacturing's previous quarterly dividend of $0.95. Taiwan Semiconductor Manufacturing's dividend payout ratio (DPR) is 24.71%. Here are the key news stories impacting Taiwan Semiconductor Manufacturing this week: In related news, VP Bor-Zen Tien purchased 1,000 shares of Taiwan Semiconductor Manufacturing stock in a transaction dated Sunday, March 22nd. The stock was purchased at an average cost of $55.93 per share, with a total value of $55,930.00. Following the transaction, the vice president owned 9,051 shares in the company, valued at approximately $506,222.43. The trade was a 12.42% increase in their position. The purchase was disclosed in a document filed with the Securities & Exchange Commission, which can be accessed through this hyperlink. In the last quarter, insiders acquired 1,346 shares of company stock valued at $78,185. Company insiders own  1.11% of the company's stock. Taiwan Semiconductor Manufacturing Company (TSMC) is a leading pure-play semiconductor foundry that provides wafer fabrication and related services to the global semiconductor industry. Founded in 1987 by Morris Chang and headquartered in Hsinchu, Taiwan, TSMC manufactures integrated circuits on behalf of fabless and integrated device manufacturers, offering contract chip production across a broad set of technologies and products. TSMC's service offering covers logic and mixed-signal process technologies, specialty processes for radio-frequency, power management and embedded memory, and advanced nodes used in mobile, high-performance computing and AI applications. Want to see what other hedge funds are holding TSM? Visit HoldingsChannel.com to get the latest 13F filings and insider trades for Taiwan Semiconductor Manufacturing Company Ltd. (NYSE:TSM - Free Report). This instant news alert was generated by narrative science technology and financial data from MarketBeat in order to provide readers with the fastest reporting and unbiased coverage. Please send any questions or comments about this story to contact@marketbeat.com. Before you consider Taiwan Semiconductor Manufacturing, you'll want to hear this. MarketBeat keeps track of Wall Street's top-rated and best performing research analysts and the stocks they recommend to their clients on a daily basis. MarketBeat has identified the five stocks that top analysts are quietly whispering to their clients to buy now before the broader market catches on... and Taiwan Semiconductor Manufacturing wasn't on the list. While Taiwan Semiconductor Manufacturing currently has a Buy rating among analysts, top-rated analysts believe these five stocks are better buys. Wondering what the next stocks will be that hit it big, with solid fundamentals? Click the link to see which stocks MarketBeat analysts could become the next blockbuster growth stocks. Sign up for MarketBeat All Access to gain access to MarketBeat's full suite of research tools. 345 N Reid Place, Suite 620, Sioux Falls, SD 57103
                                        
                                        contact@marketbeat.com
                                        
                                        (844) 978-6257 © MarketBeat Media, LLC 2010-2026. All rights reserved. © 2026   Fair market value prices are updated every minute and are provided by Massive. Other market data provided is at least 10-minutes delayed and hosted by Barchart Solutions.  Information is provided 'as-is' and solely for informational purposes, not for trading purposes or advice, and is delayed. To see all exchange delays and terms of use please see Barchart's disclaimer.",https://www.marketbeat.com/instant-alerts/filing-mesirow-financial-investment-management-inc-sells-11722-shares-of-taiwan-semiconductor-manufacturing-company-ltd-tsm-2026-05-15/
TSM,"ARK Invest Offloads TSMC (TSM) at Peak, Snaps Up Cerebras After Stellar Market Debut - Blockonomi",2026-05-15 09:46:06,"Cathie Wood’s ARK Invest delivered a decisive message through its semiconductor portfolio adjustments on Thursday, May 14, 2026. The investment house divested positions in three veteran chip manufacturers while simultaneously entering one of the year’s most anticipated public offerings. The most substantial divestment involved 41,540 Taiwan Semiconductor shares, generating approximately $16.6 million in proceeds. This transaction occurred as the semiconductor giant surged 4.4% to establish a fresh all-time high of $421.97. ARK has been systematically reducing its Taiwan Semiconductor stake across multiple trading sessions. Taiwan Semiconductor Manufacturing Company Limited, TSM ARK additionally offloaded 11,510 Advanced Micro Devices shares worth approximately $5.1 million. This move extends a consistent pattern of diminishing AMD holdings that has unfolded throughout the previous week across ARK’s portfolio of funds. Teradyne represented another semiconductor-connected holding ARK retreated from. The firm liquidated 22,576 shares with a market value near $8.2 million. This follows previous Teradyne disposals, indicating a calculated withdrawal from the position. Beyond semiconductors, ARK divested stakes in three additional companies. These transactions encompassed 11,602 Twist Bioscience shares for $631,032, 35,073 Adaptive Biotechnologies shares for $460,508, and 13,525 CareDx shares for $278,750. Regarding acquisitions, ARK’s activity concentrated exclusively on Cerebras Systems. The firm secured 105,616 shares distributed between two exchange-traded funds — the ARK Innovation ETF and the ARK Next Generation Internet ETF — representing a total investment of $4.85 million. Cerebras operates as an artificial intelligence semiconductor company recognized for manufacturing wafer-scale processors engineered specifically for AI inference operations. The organization established its IPO pricing at $185 per share on May 13. Market demand reportedly exceeded available shares by more than twenty-fold. When Cerebras stock commenced public trading on May 14 under ticker symbol CBRS, shares launched at $350. The equity concluded its inaugural trading session at $311, maintaining substantial premium over the offering price. This opening-day performance propelled Cerebras to an estimated valuation approaching $49 billion. The enterprise has captured investor interest through its collaboration with OpenAI and strategic alliance with Amazon Web Services. The theme underlying Thursday’s transactions is transparent. ARK liquidated holdings in enterprises experiencing robust recent valuation expansion, including Taiwan Semiconductor at its historical peak, while channeling new capital toward an emerging, accelerated-growth opportunity. This methodology aligns with ARK’s established history of transitioning away from appreciated securities and into early-phase companies operating within rapidly-evolving technology sectors. Cerebras matches this investment thesis. The AI chip space has captured substantial capital deployment as requirements for data center infrastructure expand. Cerebras occupies a strategic position within this movement, having established genuine commercial partnerships. These transactions were revealed through ARK’s daily portfolio transparency reports, which the organization releases following each market close. As of May 14’s conclusion, Cerebras registered among the most successful IPO launches within the AI hardware sector in recent history. Discover top-performing stocks in AI, Crypto, and Technology with expert analysis. 📈 Futures & Crypto Trader 🔍 Sharing charts, strategies, & mindset tips to help you level up 🚨 Not Financial Advice Follow on X @Pro_Trader_Edge Type above and press Enter to search. Press Esc to cancel. ZunaBet New Crypto Casino: 250% Bonus & 75 Free Casino Spins, Claim!",https://blockonomi.com/ark-invest-offloads-tsmc-tsm-at-peak-snaps-up-cerebras-after-stellar-market-debut/
TSM,Taiwan Semi to sell 8.1% of Vanguard International's stock - Seeking Alpha,2026-05-15 09:22:59,Taiwan Semiconductor Manufacturing (TSM) said it plans to sell about 8.1% of Vanguard International Semiconductor's stock through a block trade to financial institutional investors. TSM expects to sell up to 152M common shares of Taiwan-based Vanguard. TSM currently holds about 27.1% of,https://seekingalpha.com/news/4593579-taiwan-semi-to-sell-81-of-vanguard-internationals-stock
TSM,Fulcrum Asset Management LLP Invests $2.64 Million in Taiwan Semiconductor Manufacturing Company Ltd. $TSM - MarketBeat,2026-05-15 09:00:17,"Fulcrum Asset Management LLP acquired a new position in shares of  Taiwan Semiconductor Manufacturing Company Ltd. (NYSE:TSM - Free Report) during the 4th quarter, according to its most recent 13F filing with the Securities and Exchange Commission. The fund acquired 8,673 shares of the semiconductor company's stock, valued at approximately $2,636,000. Several other institutional investors also recently modified their holdings of TSM. SurgoCap Partners LP acquired a new position in shares of  Taiwan Semiconductor Manufacturing during the 3rd quarter worth about $360,443,000.  Thrivent Financial for Lutherans increased its stake in shares of  Taiwan Semiconductor Manufacturing by 3,164.9% during the 3rd quarter. Thrivent Financial for Lutherans now owns 1,192,927 shares of the semiconductor company's stock worth $333,172,000 after purchasing an additional 1,156,389 shares during the last quarter.  Danica Pension Livsforsikringsaktieselskab acquired a new position in shares of  Taiwan Semiconductor Manufacturing during the 3rd quarter worth about $232,924,000.  Man Group plc grew its stake in  Taiwan Semiconductor Manufacturing by 337.1% in the 2nd quarter. Man Group plc now owns 1,053,421 shares of the semiconductor company's stock valued at $238,589,000 after buying an additional 812,404 shares during the last quarter.  Finally, Jennison Associates LLC raised its holdings in  Taiwan Semiconductor Manufacturing by 6.4% in the 4th quarter. Jennison Associates LLC now owns 13,394,299 shares of the semiconductor company's stock valued at $4,070,393,000 after acquiring an additional 802,757 shares during the period. 16.51% of the stock is currently owned by institutional investors and hedge funds. Shares of NYSE:TSM opened at $417.77 on Friday. The company's 50 day moving average price is $364.44 and its two-hundred day moving average price is $334.32. Taiwan Semiconductor Manufacturing Company Ltd. has a 12-month low of $188.81 and a 12-month high of $421.97. The firm has a market cap of $2.16 trillion, a PE ratio of 34.76, a PEG ratio of 1.17 and a beta of 1.39. The company has a quick ratio of 2.32, a current ratio of 2.51 and a debt-to-equity ratio of 0.17. Taiwan Semiconductor Manufacturing (NYSE:TSM - Get Free Report) last announced its earnings results on Tuesday, February 10th. The semiconductor company reported $3.11 earnings per share (EPS) for the quarter. Taiwan Semiconductor Manufacturing had a net margin of 46.97% and a return on equity of 38.17%. The firm had revenue of $30.65 billion for the quarter.  Equities research analysts predict that  Taiwan Semiconductor Manufacturing Company Ltd. will post 15.25 earnings per share for the current year. The firm also recently announced a quarterly dividend, which will be paid on Thursday, October 8th. Shareholders of record on Wednesday, September 16th will be given a dividend of $1.1136 per share. This represents a $4.45 dividend on an annualized basis and a dividend yield of 1.1%. The ex-dividend date is Wednesday, September 16th. This is a boost from Taiwan Semiconductor Manufacturing's previous quarterly dividend of $0.95. Taiwan Semiconductor Manufacturing's dividend payout ratio (DPR) is currently 24.71%. Several research analysts have weighed in on the stock. Weiss Ratings raised shares of Taiwan Semiconductor Manufacturing from a ""hold (c+)"" rating to a ""buy (b-)"" rating in a report on Friday, March 20th. Needham & Company LLC increased their price target on shares of Taiwan Semiconductor Manufacturing from $410.00 to $480.00 and gave the company a ""buy"" rating in a report on Thursday, April 16th. Freedom Capital raised shares of Taiwan Semiconductor Manufacturing to a ""strong-buy"" rating in a report on Thursday, January 15th. Zacks Research cut shares of Taiwan Semiconductor Manufacturing from a ""strong-buy"" rating to a ""hold"" rating in a report on Monday, March 16th. Finally, Wedbush  restated an ""outperform"" rating on shares of Taiwan Semiconductor Manufacturing in a research note on Wednesday, February 11th. Two investment analysts have rated the stock with a Strong Buy rating, eleven have assigned  a Buy rating and two have assigned  a Hold rating to the stock. According to data from MarketBeat.com, Taiwan Semiconductor Manufacturing currently has a consensus rating of ""Buy"" and an average target price of $404.29. Here are the key news stories impacting Taiwan Semiconductor Manufacturing this week: In other Taiwan Semiconductor Manufacturing news, VP Bor-Zen Tien bought 1,000 shares of the firm's stock in a transaction on Sunday, March 22nd. The shares were purchased at an average price of $55.93 per share, for a total transaction of $55,930.00. Following the transaction, the vice president directly owned 9,051 shares in the company, valued at approximately $506,222.43. This trade represents a 12.42% increase in their position. The transaction was disclosed in a document filed with the Securities & Exchange Commission, which is accessible through this link. In the last quarter, insiders have purchased 1,346 shares of company stock worth $78,185. Corporate insiders own  1.11% of the company's stock. Taiwan Semiconductor Manufacturing Company (TSMC) is a leading pure-play semiconductor foundry that provides wafer fabrication and related services to the global semiconductor industry. Founded in 1987 by Morris Chang and headquartered in Hsinchu, Taiwan, TSMC manufactures integrated circuits on behalf of fabless and integrated device manufacturers, offering contract chip production across a broad set of technologies and products. TSMC's service offering covers logic and mixed-signal process technologies, specialty processes for radio-frequency, power management and embedded memory, and advanced nodes used in mobile, high-performance computing and AI applications. This instant news alert was generated by narrative science technology and financial data from MarketBeat in order to provide readers with the fastest reporting and unbiased coverage. Please send any questions or comments about this story to contact@marketbeat.com. Before you consider Taiwan Semiconductor Manufacturing, you'll want to hear this. MarketBeat keeps track of Wall Street's top-rated and best performing research analysts and the stocks they recommend to their clients on a daily basis. MarketBeat has identified the five stocks that top analysts are quietly whispering to their clients to buy now before the broader market catches on... and Taiwan Semiconductor Manufacturing wasn't on the list. While Taiwan Semiconductor Manufacturing currently has a Buy rating among analysts, top-rated analysts believe these five stocks are better buys. With the proliferation of data centers and electric vehicles, the electric grid will only get more strained. Download this report to learn how energy stocks can play a role in your portfolio as the global demand for energy continues to grow. Sign up for MarketBeat All Access to gain access to MarketBeat's full suite of research tools. 345 N Reid Place, Suite 620, Sioux Falls, SD 57103
                                        
                                        contact@marketbeat.com
                                        
                                        (844) 978-6257 © MarketBeat Media, LLC 2010-2026. All rights reserved. © 2026   Fair market value prices are updated every minute and are provided by Massive. Other market data provided is at least 10-minutes delayed and hosted by Barchart Solutions.  Information is provided 'as-is' and solely for informational purposes, not for trading purposes or advice, and is delayed. To see all exchange delays and terms of use please see Barchart's disclaimer.",https://www.marketbeat.com/instant-alerts/filing-fulcrum-asset-management-llp-invests-264-million-in-taiwan-semiconductor-manufacturing-company-ltd-tsm-2026-05-15/
TSM,"Bessemer Group Inc. Purchases 666,984 Shares of Taiwan Semiconductor Manufacturing Company Ltd. $TSM - MarketBeat",2026-05-15 08:51:31,"Bessemer Group Inc. lifted its stake in  Taiwan Semiconductor Manufacturing Company Ltd. (NYSE:TSM - Free Report) by 67.8% in the 4th quarter, according to the company in its most recent filing with the Securities and Exchange Commission. The institutional investor  owned 1,651,162 shares of the semiconductor company's stock after acquiring an additional 666,984 shares during the period. Taiwan Semiconductor Manufacturing accounts for  0.8% of Bessemer Group Inc.'s portfolio, making the stock its 17th largest position. Bessemer Group Inc.'s holdings in Taiwan Semiconductor Manufacturing were worth $501,771,000 as of its most recent filing with the Securities and Exchange Commission. Other large investors have also recently made changes to their positions in the company. Stephens Consulting LLC raised its position in shares of  Taiwan Semiconductor Manufacturing by 82.0% in the 4th quarter. Stephens Consulting LLC now owns 91 shares of the semiconductor company's stock worth $28,000 after acquiring an additional 41 shares in the last quarter.  Ares Financial Consulting LLC bought a new position in shares of  Taiwan Semiconductor Manufacturing in the 4th quarter worth $29,000.  Maseco LLP bought a new position in shares of  Taiwan Semiconductor Manufacturing in the 4th quarter worth $35,000.  Westend Capital Management LLC raised its position in shares of  Taiwan Semiconductor Manufacturing by 476.2% in the 4th quarter. Westend Capital Management LLC now owns 121 shares of the semiconductor company's stock worth $37,000 after acquiring an additional 100 shares in the last quarter.  Finally, Navalign LLC bought a new position in shares of  Taiwan Semiconductor Manufacturing in the 4th quarter worth $39,000. 16.51% of the stock is owned by institutional investors. Shares of NYSE:TSM opened at $417.77 on Friday. The business's 50-day moving average is $364.44 and its 200 day moving average is $334.32. Taiwan Semiconductor Manufacturing Company Ltd. has a 1 year low of $188.81 and a 1 year high of $421.97. The firm has a market capitalization of $2.16 trillion, a P/E ratio of 34.76, a P/E/G ratio of 1.17 and a beta of 1.39. The company has a debt-to-equity ratio of 0.17, a current ratio of 2.51 and a quick ratio of 2.32. Taiwan Semiconductor Manufacturing (NYSE:TSM - Get Free Report) last announced its earnings results on Tuesday, February 10th. The semiconductor company reported $3.11 earnings per share (EPS) for the quarter. Taiwan Semiconductor Manufacturing had a return on equity of 38.17% and a net margin of 46.97%.The company had revenue of $30.65 billion for the quarter.  On average, research analysts predict that  Taiwan Semiconductor Manufacturing Company Ltd. will post 15.25 earnings per share for the current fiscal year. The firm also recently announced a quarterly dividend, which will be paid on Thursday, October 8th. Investors of record on Wednesday, September 16th will be given a dividend of $1.1136 per share. The ex-dividend date of this dividend is Wednesday, September 16th. This represents a $4.45 annualized dividend and a yield of 1.1%. This is an increase from Taiwan Semiconductor Manufacturing's previous quarterly dividend of $0.95. Taiwan Semiconductor Manufacturing's dividend payout ratio  is currently 24.71%. Here are the key news stories impacting Taiwan Semiconductor Manufacturing this week: Several research firms have recently commented on TSM. DA Davidson  reissued a ""buy"" rating and issued a $450.00 price target on shares of Taiwan Semiconductor Manufacturing in a research report on Friday, April 17th. TD Cowen boosted their price target on Taiwan Semiconductor Manufacturing from $325.00 to $370.00 and gave the stock a ""hold"" rating in a research report on Friday, January 16th. Barclays boosted their price target on Taiwan Semiconductor Manufacturing from $450.00 to $470.00 and gave the stock an ""overweight"" rating in a research report on Wednesday, April 22nd. Dbs Bank raised Taiwan Semiconductor Manufacturing to a ""moderate buy"" rating in a research report on Friday, January 23rd. Finally, Needham & Company LLC upped their target price on Taiwan Semiconductor Manufacturing from $410.00 to $480.00 and gave the company a ""buy"" rating in a research report on Thursday, April 16th. Two equities research analysts have rated the stock with a Strong Buy rating, eleven have given a Buy rating and two have assigned  a Hold rating to the company. Based on data from MarketBeat.com, the stock presently has an average rating of ""Buy"" and an average target price of $404.29. Get Our Latest Stock Analysis on Taiwan Semiconductor Manufacturing In other Taiwan Semiconductor Manufacturing news, VP Bor-Zen Tien bought 1,000 shares of Taiwan Semiconductor Manufacturing stock in a transaction that occurred on Sunday, March 22nd. The shares were bought at an average cost of $55.93 per share, with a total value of $55,930.00. Following the transaction, the vice president directly owned 9,051 shares of the company's stock, valued at approximately $506,222.43. This represents a 12.42% increase in their position. The transaction was disclosed in a document filed with the Securities & Exchange Commission, which can be accessed through this link. Over the last quarter, insiders bought 1,346 shares of company stock worth $78,185. Corporate insiders own  1.11% of the company's stock. Taiwan Semiconductor Manufacturing Company (TSMC) is a leading pure-play semiconductor foundry that provides wafer fabrication and related services to the global semiconductor industry. Founded in 1987 by Morris Chang and headquartered in Hsinchu, Taiwan, TSMC manufactures integrated circuits on behalf of fabless and integrated device manufacturers, offering contract chip production across a broad set of technologies and products. TSMC's service offering covers logic and mixed-signal process technologies, specialty processes for radio-frequency, power management and embedded memory, and advanced nodes used in mobile, high-performance computing and AI applications. This instant news alert was generated by narrative science technology and financial data from MarketBeat in order to provide readers with the fastest reporting and unbiased coverage. Please send any questions or comments about this story to contact@marketbeat.com. Before you consider Taiwan Semiconductor Manufacturing, you'll want to hear this. MarketBeat keeps track of Wall Street's top-rated and best performing research analysts and the stocks they recommend to their clients on a daily basis. MarketBeat has identified the five stocks that top analysts are quietly whispering to their clients to buy now before the broader market catches on... and Taiwan Semiconductor Manufacturing wasn't on the list. While Taiwan Semiconductor Manufacturing currently has a Buy rating among analysts, top-rated analysts believe these five stocks are better buys. Looking to profit from the electric vehicle mega-trend? Click the link to see our list of which EV stocks show the most long-term potential. Sign up for MarketBeat All Access to gain access to MarketBeat's full suite of research tools. 345 N Reid Place, Suite 620, Sioux Falls, SD 57103
                                        
                                        contact@marketbeat.com
                                        
                                        (844) 978-6257 © MarketBeat Media, LLC 2010-2026. All rights reserved. © 2026   Fair market value prices are updated every minute and are provided by Massive. Other market data provided is at least 10-minutes delayed and hosted by Barchart Solutions.  Information is provided 'as-is' and solely for informational purposes, not for trading purposes or advice, and is delayed. To see all exchange delays and terms of use please see Barchart's disclaimer.",https://www.marketbeat.com/instant-alerts/filing-bessemer-group-inc-purchases-666984-shares-of-taiwan-semiconductor-manufacturing-company-ltd-tsm-2026-05-15/
TSM,TSMC (TSM) Stock Trims Stake in Vanguard International Semiconductor - CoinCentral,2026-05-15 08:49:30,"TSMC (TSM) has announced plans to sell up to 152 million Vanguard International Semiconductor (VIS) shares through a block trade to financial institutional investors. Taiwan Semiconductor Manufacturing Company Limited, TSM The sale is worth roughly 26.8 billion Taiwan dollars, or about $850 million at current prices. The transaction will reduce TSMC’s stake in VIS from around 27.1% to approximately 19% on a fully diluted basis. TSMC was up around 4.48% on the day the news broke, while VIS rose around 0.86%. The company was clear this is not the start of a full exit. TSMC said it has no plans to sell additional VIS shares in the foreseeable future. Instead, the chipmaker framed this as a targeted portfolio adjustment — a way to free up resources and sharpen its focus on its core contract manufacturing business. Despite the reduced ownership, TSMC stressed that its operational relationship with VIS will not change. That includes outsourcing interposer production to VIS and continuing to license gallium nitride (GaN) technology to the company. These are niche but important parts of the supply chain. So while the financial stake shrinks, the two companies remain closely linked in practical terms. It’s worth noting that TSMC already stepped back from VIS governance. In June 2024, TSMC ceased to have representation on VIS’s board of directors. This share sale looks like a natural continuation of that gradual separation — financial ties loosening while technical collaboration holds. The sale will be conducted as a block trade, a method commonly used for large equity transactions. It’s designed to move a big chunk of stock to institutional buyers without rattling the open market. By targeting institutional investors directly, TSMC avoids the kind of price pressure that a public sell-down on the open market could cause. This approach signals careful execution on TSMC’s part — not a rushed or reactive move. VIS, known as Vanguard International Semiconductor, is a Taiwan-listed chipmaker focused on specialty technologies. It’s not TSMC’s core rival — it operates in a different part of the market. TSMC remains the world’s largest contract chipmaker, and its capital allocation decisions attract close attention across the semiconductor sector. The block trade to institutional investors is expected to proceed following the announcement. TSMC said the share sale forms part of its broader plan to concentrate resources on its primary manufacturing activities. A new month means new opportunities. Our analysts have just released their top stock picks for May, highlighting companies with strong momentum that rank highly on our KO Score algorithm. We’re also now sharing trade ideas for both long-term and short-term investors, giving you more ways to spot potential opportunities in the market. Sign up to Knockout Stocks today and get 50% off to unlock the full list and see which stocks made the cut. Use coupon code Special50 for your exclusive discount! Discover top-performing stocks in AI, Crypto, and Technology with expert analysis. Futures & Crypto Trader 
 Sharing charts, strategies, & mindset tips to help you level up
 Not Financial Advice
Follow on X @Pro_Trader_Edge The signal the crypto market has been waiting for just dropped. The US Senate Banking… Never Miss Another Opportunity. Get hand selected news & info from our Crypto Experts so you can make educated, informed decisions that directly affect your crypto profits! Type above and press Enter to search. Press Esc to cancel. ZunaBet New Crypto Casino: 250% Bonus & 75 Free Casino Spins, Claim!",https://coincentral.com/tsmc-tsm-stock-trims-stake-in-vanguard-international-semiconductor/
TSM,"AustralianSuper Pty Ltd Sells 46,297 Shares of Taiwan Semiconductor Manufacturing Company Ltd. $TSM - MarketBeat",2026-05-15 07:56:08,"AustralianSuper Pty Ltd trimmed its position in shares of  Taiwan Semiconductor Manufacturing Company Ltd. (NYSE:TSM - Free Report) by 7.3% during the 4th quarter, according to the company in its most recent 13F filing with the SEC. The institutional investor  owned 586,468 shares of the semiconductor company's stock after selling 46,297 shares during the quarter. Taiwan Semiconductor Manufacturing makes up  approximately  0.8% of AustralianSuper Pty Ltd's holdings, making the stock its 27th largest position. AustralianSuper Pty Ltd's holdings in Taiwan Semiconductor Manufacturing were worth $178,222,000 at the end of the most recent reporting period. Several other institutional investors have also recently made changes to their positions in the company. Oak Harvest Investment Services boosted its position in shares of  Taiwan Semiconductor Manufacturing by 2.9% during the fourth quarter. Oak Harvest Investment Services now owns 1,106 shares of the semiconductor company's stock valued at $336,000 after purchasing an additional 31 shares in the last quarter.  Falcon Wealth Planning raised its holdings in  Taiwan Semiconductor Manufacturing by 4.4% in the fourth quarter. Falcon Wealth Planning now owns 780 shares of the semiconductor company's stock worth $237,000 after purchasing an additional 33 shares in the last quarter.  Drive Wealth Management LLC raised its holdings in  Taiwan Semiconductor Manufacturing by 0.7% in the fourth quarter. Drive Wealth Management LLC now owns 4,997 shares of the semiconductor company's stock worth $1,522,000 after purchasing an additional 33 shares in the last quarter.  Westfuller Advisors LLC lifted its position in  Taiwan Semiconductor Manufacturing by 2.2% during the third quarter. Westfuller Advisors LLC now owns 1,551 shares of the semiconductor company's stock valued at $434,000 after buying an additional 34 shares during the period.  Finally, Sovereign Financial Group Inc. lifted its position in  Taiwan Semiconductor Manufacturing by 4.5% during the fourth quarter. Sovereign Financial Group Inc. now owns 793 shares of the semiconductor company's stock valued at $241,000 after buying an additional 34 shares during the period. Institutional investors own  16.51% of the company's stock. TSM has been the topic of a number of recent research reports. Dbs Bank raised shares of Taiwan Semiconductor Manufacturing to a ""moderate buy"" rating in a research report on Friday, January 23rd. Argus raised shares of Taiwan Semiconductor Manufacturing to a ""strong-buy"" rating in a research note on Thursday, January 15th. Barclays upped their price objective on shares of Taiwan Semiconductor Manufacturing from $450.00 to $470.00 and gave the stock an ""overweight"" rating in a report on Wednesday, April 22nd. Wall Street Zen upgraded shares of Taiwan Semiconductor Manufacturing from a ""hold"" rating to a ""buy"" rating in a report on Sunday, March 22nd. Finally, Wedbush  restated an ""outperform"" rating on shares of Taiwan Semiconductor Manufacturing in a research note on Wednesday, February 11th. Two equities research analysts have rated the stock with a Strong Buy rating, eleven have given a Buy rating and two have issued  a Hold rating to the company's stock. According to data from MarketBeat.com, Taiwan Semiconductor Manufacturing presently has an average rating of ""Buy"" and an average target price of $404.29. NYSE:TSM opened at $417.77 on Friday. The stock has a market cap of $2.16 trillion, a price-to-earnings ratio of 34.76, a PEG ratio of 1.17 and a beta of 1.39. The company has a quick ratio of 2.32, a current ratio of 2.51 and a debt-to-equity ratio of 0.17. The company's 50 day moving average price is $364.44 and its 200-day moving average price is $334.32. Taiwan Semiconductor Manufacturing Company Ltd. has a 52 week low of $188.81 and a 52 week high of $421.97. Taiwan Semiconductor Manufacturing (NYSE:TSM - Get Free Report) last released its quarterly earnings data on Tuesday, February 10th. The semiconductor company reported $3.11 EPS for the quarter. Taiwan Semiconductor Manufacturing had a return on equity of 38.17% and a net margin of 46.97%.The company had revenue of $30.65 billion during the quarter.  On average, equities research analysts forecast that  Taiwan Semiconductor Manufacturing Company Ltd. will post 15.25 earnings per share for the current fiscal year. The company also recently declared a quarterly dividend, which will be paid on Thursday, October 8th. Stockholders of record on Wednesday, September 16th will be issued a dividend of $1.1136 per share. This represents a $4.45 annualized dividend and a dividend yield of 1.1%. The ex-dividend date of this dividend is Wednesday, September 16th. This is a positive change from Taiwan Semiconductor Manufacturing's previous quarterly dividend of $0.95. Taiwan Semiconductor Manufacturing's payout ratio is currently 24.71%. Here are the key news stories impacting Taiwan Semiconductor Manufacturing this week: In other news, VP Bor-Zen Tien purchased 1,000 shares of the company's stock in a transaction dated Sunday, March 22nd. The shares were purchased at an average cost of $55.93 per share, for a total transaction of $55,930.00. Following the purchase, the vice president directly owned 9,051 shares in the company, valued at approximately $506,222.43. This represents a 12.42% increase in their position. The transaction was disclosed in a legal filing with the SEC, which is accessible through the SEC website. Over the last quarter, insiders acquired 1,346 shares of company stock worth $78,185. 1.11% of the stock is owned by corporate insiders. Taiwan Semiconductor Manufacturing Company (TSMC) is a leading pure-play semiconductor foundry that provides wafer fabrication and related services to the global semiconductor industry. Founded in 1987 by Morris Chang and headquartered in Hsinchu, Taiwan, TSMC manufactures integrated circuits on behalf of fabless and integrated device manufacturers, offering contract chip production across a broad set of technologies and products. TSMC's service offering covers logic and mixed-signal process technologies, specialty processes for radio-frequency, power management and embedded memory, and advanced nodes used in mobile, high-performance computing and AI applications. Want to see what other hedge funds are holding TSM? Visit HoldingsChannel.com to get the latest 13F filings and insider trades for Taiwan Semiconductor Manufacturing Company Ltd. (NYSE:TSM - Free Report). This instant news alert was generated by narrative science technology and financial data from MarketBeat in order to provide readers with the fastest reporting and unbiased coverage. Please send any questions or comments about this story to contact@marketbeat.com. Before you consider Taiwan Semiconductor Manufacturing, you'll want to hear this. MarketBeat keeps track of Wall Street's top-rated and best performing research analysts and the stocks they recommend to their clients on a daily basis. MarketBeat has identified the five stocks that top analysts are quietly whispering to their clients to buy now before the broader market catches on... and Taiwan Semiconductor Manufacturing wasn't on the list. While Taiwan Semiconductor Manufacturing currently has a Buy rating among analysts, top-rated analysts believe these five stocks are better buys. Enter your email address and we’ll send you MarketBeat’s list of ten stocks set to soar in Spring 2026, despite the threat of tariffs and what's happening in Iran. These ten stocks are incredibly resilient and are likely to thrive in any economic environment. Sign up for MarketBeat All Access to gain access to MarketBeat's full suite of research tools. 345 N Reid Place, Suite 620, Sioux Falls, SD 57103
                                        
                                        contact@marketbeat.com
                                        
                                        (844) 978-6257 © MarketBeat Media, LLC 2010-2026. All rights reserved. © 2026   Fair market value prices are updated every minute and are provided by Massive. Other market data provided is at least 10-minutes delayed and hosted by Barchart Solutions.  Information is provided 'as-is' and solely for informational purposes, not for trading purposes or advice, and is delayed. To see all exchange delays and terms of use please see Barchart's disclaimer. Enter your email address below to receive a concise daily summary of dividend news for Taiwan Semiconductor Manufacturing, new dividend declarations and stocks going ex-dividend with DividendStocks.com’s free newsletter.",https://www.marketbeat.com/instant-alerts/filing-australiansuper-pty-ltd-sells-46297-shares-of-taiwan-semiconductor-manufacturing-company-ltd-tsm-2026-05-15/
TSM,"Allworth Financial LP Buys 2,117 Shares of Taiwan Semiconductor Manufacturing Company Ltd. $TSM - MarketBeat",2026-05-15 07:17:25,"Allworth Financial LP increased its stake in shares of  Taiwan Semiconductor Manufacturing Company Ltd. (NYSE:TSM - Free Report) by 5.9% during the 4th quarter, according to its most recent Form 13F filing with the Securities and Exchange Commission (SEC). The fund owned 38,181 shares of the semiconductor company's stock after purchasing an additional 2,117 shares during the quarter. Allworth Financial LP's holdings in Taiwan Semiconductor Manufacturing were worth $11,603,000 at the end of the most recent quarter. Several other hedge funds have also modified their holdings of TSM. SFE Investment Counsel boosted its stake in  Taiwan Semiconductor Manufacturing by 11.7% in the fourth quarter. SFE Investment Counsel now owns 1,193 shares of the semiconductor company's stock valued at $363,000 after acquiring an additional 125 shares during the last quarter.  Atria Investments Inc boosted its stake in  Taiwan Semiconductor Manufacturing by 0.8% in the fourth quarter. Atria Investments Inc now owns 139,312 shares of the semiconductor company's stock valued at $42,335,000 after acquiring an additional 1,160 shares during the last quarter.  Navalign LLC bought a new position in  Taiwan Semiconductor Manufacturing in the fourth quarter valued at approximately $39,000.  GR Financial Group LLC boosted its stake in  Taiwan Semiconductor Manufacturing by 5.9% in the fourth quarter. GR Financial Group LLC now owns 894 shares of the semiconductor company's stock valued at $272,000 after acquiring an additional 50 shares during the last quarter.  Finally, Knuff & Co LLC boosted its stake in  Taiwan Semiconductor Manufacturing by 5.3% in the fourth quarter. Knuff & Co LLC now owns 27,728 shares of the semiconductor company's stock valued at $8,426,000 after acquiring an additional 1,401 shares during the last quarter. 16.51% of the stock is owned by institutional investors. In related news, VP Bor-Zen Tien acquired 1,000 shares of the company's stock in a transaction that occurred on Sunday, March 22nd. The shares were acquired at an average cost of $55.93 per share, for a total transaction of $55,930.00. Following the completion of the acquisition, the vice president directly owned 9,051 shares in the company, valued at approximately $506,222.43. The trade was a 12.42% increase in their position. The purchase was disclosed in a legal filing with the SEC, which can be accessed through this hyperlink. Insiders have acquired 1,346 shares of company stock worth $78,185 in the last quarter. Company insiders own  1.11% of the company's stock. TSM opened at $417.77 on Friday. The firm's fifty day moving average is $364.44 and its two-hundred day moving average is $334.32. The company has a debt-to-equity ratio of 0.17, a quick ratio of 2.32 and a current ratio of 2.51. The firm has a market cap of $2.16 trillion, a PE ratio of 34.76, a price-to-earnings-growth ratio of 1.17 and a beta of 1.39. Taiwan Semiconductor Manufacturing Company Ltd. has a twelve month low of $188.81 and a twelve month high of $421.97. Taiwan Semiconductor Manufacturing (NYSE:TSM - Get Free Report) last posted its earnings results on Tuesday, February 10th. The semiconductor company reported $3.11 earnings per share for the quarter. The company had revenue of $30.65 billion for the quarter. Taiwan Semiconductor Manufacturing had a net margin of 46.97% and a return on equity of 38.17%.  Equities research analysts anticipate that  Taiwan Semiconductor Manufacturing Company Ltd. will post 15.25 EPS for the current year. The business also recently disclosed a quarterly dividend, which will be paid on Thursday, October 8th. Investors of record on Wednesday, September 16th will be issued a dividend of $1.1136 per share. The ex-dividend date is Wednesday, September 16th. This is a positive change from Taiwan Semiconductor Manufacturing's previous quarterly dividend of $0.95. This represents a $4.45 dividend on an annualized basis and a dividend yield of 1.1%. Taiwan Semiconductor Manufacturing's dividend payout ratio (DPR) is 24.71%. Here are the key news stories impacting Taiwan Semiconductor Manufacturing this week: A number of brokerages have issued reports on TSM. Argus raised shares of Taiwan Semiconductor Manufacturing to a ""strong-buy"" rating in a research note on Thursday, January 15th. Wall Street Zen raised shares of Taiwan Semiconductor Manufacturing from a ""hold"" rating to a ""buy"" rating in a research note on Sunday, March 22nd. Wedbush  reaffirmed an ""outperform"" rating on shares of Taiwan Semiconductor Manufacturing in a research note on Wednesday, February 11th. TD Cowen raised their price objective on shares of Taiwan Semiconductor Manufacturing from $325.00 to $370.00 and gave the company a ""hold"" rating in a research note on Friday, January 16th. Finally, Barclays raised their price objective on shares of Taiwan Semiconductor Manufacturing from $450.00 to $470.00 and gave the company an ""overweight"" rating in a research note on Wednesday, April 22nd. Two research analysts have rated the stock with a Strong Buy rating, eleven have issued  a Buy rating and two have assigned  a Hold rating to the stock. According to MarketBeat, Taiwan Semiconductor Manufacturing currently has a consensus rating of ""Buy"" and a consensus price target of $404.29. View Our Latest Stock Analysis on Taiwan Semiconductor Manufacturing Taiwan Semiconductor Manufacturing Company (TSMC) is a leading pure-play semiconductor foundry that provides wafer fabrication and related services to the global semiconductor industry. Founded in 1987 by Morris Chang and headquartered in Hsinchu, Taiwan, TSMC manufactures integrated circuits on behalf of fabless and integrated device manufacturers, offering contract chip production across a broad set of technologies and products. TSMC's service offering covers logic and mixed-signal process technologies, specialty processes for radio-frequency, power management and embedded memory, and advanced nodes used in mobile, high-performance computing and AI applications. This instant news alert was generated by narrative science technology and financial data from MarketBeat in order to provide readers with the fastest reporting and unbiased coverage. Please send any questions or comments about this story to contact@marketbeat.com. Before you consider Taiwan Semiconductor Manufacturing, you'll want to hear this. MarketBeat keeps track of Wall Street's top-rated and best performing research analysts and the stocks they recommend to their clients on a daily basis. MarketBeat has identified the five stocks that top analysts are quietly whispering to their clients to buy now before the broader market catches on... and Taiwan Semiconductor Manufacturing wasn't on the list. While Taiwan Semiconductor Manufacturing currently has a Buy rating among analysts, top-rated analysts believe these five stocks are better buys. With the proliferation of data centers and electric vehicles, the electric grid will only get more strained. Download this report to learn how energy stocks can play a role in your portfolio as the global demand for energy continues to grow. Sign up for MarketBeat All Access to gain access to MarketBeat's full suite of research tools. 345 N Reid Place, Suite 620, Sioux Falls, SD 57103
                                        
                                        contact@marketbeat.com
                                        
                                        (844) 978-6257 © MarketBeat Media, LLC 2010-2026. All rights reserved. © 2026   Fair market value prices are updated every minute and are provided by Massive. Other market data provided is at least 10-minutes delayed and hosted by Barchart Solutions.  Information is provided 'as-is' and solely for informational purposes, not for trading purposes or advice, and is delayed. To see all exchange delays and terms of use please see Barchart's disclaimer.",https://www.marketbeat.com/instant-alerts/filing-allworth-financial-lp-buys-2117-shares-of-taiwan-semiconductor-manufacturing-company-ltd-tsm-2026-05-15/
TSM,TSM Stock Jumps: Why Taiwan Semiconductor Shares Rose Today as AI Demand Resets the Chip Trade - TechStock²,2026-05-14 23:32:49,"Shares of Taiwan Semiconductor Manufacturing Co. jumped Thursday, with the U.S.-listed stock closing up 4.5% at $417.72 after touching $421.97 earlier. The world’s top contract chipmaker lifted its long-term outlook for the semiconductor market—another boost for investors riding the artificial-intelligence wave. This shift is significant: TSMC holds a pivotal spot in AI-related outlays. Chipmakers like Nvidia and Apple count on foundries to manufacture their designs, and at the cutting edge, TSMC remains the industry’s heavyweight. TSMC lifted its outlook for the global semiconductor market, now projecting it will surpass $1.5 trillion by 2030—well above the company’s previous $1 trillion call, per presentation materials shared ahead of a technology symposium. AI and high-performance computing together are set to represent 55% of the market, TSMC said, with smartphones making up 20%. That set things off. To investors, it looked like more proof that appetite for AI accelerators, data-center chips, and the necessary packaging capacity is still running high. “Over the past decade, smartphones were the key growth driver for semiconductors. In the future, that growth momentum will come from AI,” TSMC Deputy Co-COO Kevin Zhang told the company’s Taiwan Technology Symposium, according to Focus Taiwan. Zhang described Taiwan as “the world’s strongest AI supply chain.” Focus Taiwan – CNA English News TSMC offered a closer look at its expansion plans, telling investors at the same event it’s set to roll out five new fabs in 2026. The goal: keeping pace with surging demand for both AI hardware and next-generation 2-nanometer chips. Executives are projecting a steep ramp, pegging 2nm capacity to rise at a 70% compound annual rate between 2026 and 2028. In simple terms, 2nm marks a leap to a more advanced chip process, promising gains in performance and efficiency. The move comes after a solid monthly showing. TSMC reported April revenue of NT$410.73 billion, up 17.5% year-on-year. For the first four months, revenue totaled NT$1.54 trillion, a jump of 29.9%. The AI demand narrative holds, despite a 1.1% dip from March in April sales. Breadth worked in the market’s favor. U.S. stocks finished Thursday higher, with both the S&P 500 and Nasdaq notching fresh record closes. Nvidia advanced after the U.S. approved sales of its H200 chips to Chinese companies. According to Reuters, Nvidia’s strength buoyed the semiconductor sector, but Intel, Micron, and several other AI-related stocks slipped. Competitors got a boost as well. Applied Materials projected quarterly revenue and adjusted profit ahead of Wall Street’s expectations after the bell, pointing to robust data center and AI infrastructure demand. Morningstar’s William Kerwin called it a “strengthening of the ongoing AI upcycle” in wafer-fab equipment spending. Reuters Asia’s memory-chip heavyweight SK Hynix is closing in on a $1 trillion market cap, riding the same momentum. TSMC, for its part, still tops the region with a valuation north of $1.83 trillion, according to Reuters. These numbers highlight a shift: Investors now see chip supply chains, not only software or cloud, as central plays in the AI trade. There’s not much room left for error in the stock at this point. Should AI chip orders lose momentum, or customers push out their capacity commitments, or if TSMC’s global buildouts hit margins harder than expected, that rosy forecast backing the rally could easily turn into a tougher hurdle. Rates remain a sticking point. As Reuters noted, investors expected U.S. Treasury yields to remain elevated with inflation still running hot. That’s a headache for high-valuation growth and tech stocks, since pricier yields discount future profits more steeply. Taiwan risk hasn’t gone away. Over at prediction market Polymarket, traders see a 7% probability that China invades Taiwan before the end of 2026, and are pricing in 11% odds for a China-Taiwan military conflict by 2027. Not an equity call, but it’s a window into why TSM can react sharply to geopolitical headlines, often more than other chip names. Investors are chasing growth for the moment. TSM shares moved higher as bets on a bigger AI chip market piled up, with new advanced production capacity and evidence that demand is rippling through the whole semiconductor chain. If any of those pillars waver, the stock drops. CEO of TS2 Space and founder of TS2.tech. Expert in satellites, telecommunications, and emerging technologies, covering trends in space, AI, and connectivity.",https://ts2.tech/en/tsm-stock-jumps-why-taiwan-semiconductor-shares-rose-today-as-ai-demand-resets-the-chip-trade/
TSM,Assessing Taiwan Semiconductor Manufacturing (NYSE:TSM) Valuation After Strong Recent Share Price Momentum - Yahoo Finance,2026-05-14 23:21:20,"Tip: Try a valid symbol or a specific company name for relevant results Trump’s 'insane amount of trades' astonish Wall Street insiders (Bloomberg) SpaceX accelerates IPO timeline, targets market debut as early as June 12 (Reuters) The Dow, S&P 500, and Nasdaq sank as US bond yields jumped to end a volatile week on a downbeat note The 30-year Treasury yield just broke to its highest level in almost 20 years Nasdaq leads dive in US stocks, with yields jumping amid inflation jitters Cerebras soared on its market debut. Here's how the company plans to take on Nvidia with a new approach to chip technology. Stocks gained, with the Dow closing above 50,000 and the S&P 500 and Nasdaq notching fresh records Cerebras stock surged 100% within minutes of trading in what is expected to be 2026's biggest IPO The Dow retook 50,000 and the S&P 500 topped 7,500 as the AI trade lifted stocks US stocks rise as Nvidia jumps, Trump-Xi summit kicks off Xi Jinping tells US CEOs that 'China's door will only open wider' Micron wiped out roughly $100 billion in market value at Tuesday’s low — and chip bulls still bought the dip Tech stocks led the S&P 500 and Nasdaq to record highs, while the Dow slipped The US Senate confirmed Kevin Warsh as the new chairman of the Federal Reserve with a final vote of 54-45 The 10-year Treasury yield hovered just below 4.5% after hot inflation data, raising concerns stocks could come under pressure US producer prices for April were striking: +6% YoY (4.8% est.) and +5.2% YoY excluding food and energy (4.3% est.). Dow, S&P 500, Nasdaq open mixed as PPI inflation data comes in hot Today's rising prices are 'every retiree's worst nightmare,' but Social Security COLA is projected to jump next year Sam Altman testifies he was 'extremely uncomfortable' with the idea of Elon Musk being named CEO The S&P 500 and Nasdaq retreated after a hot inflation print and sell-off in chip stocks weighed on sentiment The tech-heavy Nasdaq sank to a session low as chip stocks sold off Inflation's old ceiling is starting to look like a floor — why that's a problem for paychecks US stocks fall as Wall Street weighs CPI inflation print Consumer prices rose 3.8% in April from a year ago, driven by energy costs Elon Musk and Tim Cook are among the top executives the White House invited to join Trump for his summit with Xi this week Microsoft CEO Satya Nadella testified he never got 'clarity' on why OpenAI fired Sam Altman in 2023 The S&P 500 and Nasdaq eked out record highs as chip stocks extended gains and the Dow edged higher Goldman Sachs provides three reasons why the war in Iran hasn't derailed the global economy President Trump travels to China this week with several topics in focus: Tariffs, AI, and China’s role in the war in Iran. S&P 500, Nasdaq, Dow muted as Trump rejects Iran's response to peace plan The $1 trillion club's new members are powering the AI boom It may be too early to determine if AI-related job cuts stem from genuine productivity gains or the need to cut costs Crypto-backed mortgages are hitting the mainstream. Here's how they work. Here's how each airline is responding to rising jet fuel costs The Nasdaq's top winners are now running hotter than in 2000 A come-from-behind boom in old-school storage is leaving Nvidia and Micron in the dust Everything you need to know from the first 2 weeks of the Musk v. OpenAI trial The White House is touting an AI-fueled factory boom, but the latest jobs report tells a more complicated story This new AI trade is leaving the chip giant in the dust The S&P 500 and Nasdaq posted their sixth weekly wins as chip stocks rallied and jobs data boosted sentiment The Nasdaq gained 1.5% as chip stocks rallied, boosting the AI trade Consumer sentiment dropped to the lowest level on record as Americans struggle with rising gas prices Coinbase CEO Brian Armstrong compares AI agents to self-driving cars US stocks rose following a better-than-expected jobs report as investors eyed US-Iran tensions Nonfarm payrolls rise 115,000, blowing past expectations. Unemployment rate steady at 4.3. The AI arms race is eating into Big Tech's cash flow The above button links to Coinbase. Yahoo Finance is not a broker-dealer or investment adviser and does not offer securities or cryptocurrencies for sale or facilitate trading. Coinbase pays us for certain activity generated through this link. Prices displayed are informational. Find your next quality investment with Simply Wall St's easy and powerful screener, trusted by over 7 million individual investors worldwide. Taiwan Semiconductor Manufacturing (TSM) has drawn fresh attention after a strong year to date, with the stock up 30.70% and a 117.15% total return over the past year. Those figures stand alongside reported annual revenue of US$4.10b and net income of US$1.91b. This context allows investors to assess how current pricing lines up with the company’s recent financial profile. See our latest analysis for Taiwan Semiconductor Manufacturing. The recent 1-day share price return of 4.48% and 30-day share price return of 9.96% point to building momentum on top of a 3-year total shareholder return of about 3.7x, suggesting investors are recalibrating expectations around growth prospects and risk. If Taiwan Semiconductor Manufacturing has you thinking about where else long term themes like chips and computing could lead, this is a good moment to scan 39 AI infrastructure stocks With Taiwan Semiconductor Manufacturing reporting annual revenue of US$4.10b and net income of US$1.91b, plus strong recent returns, the key question now is whether the current price offers a genuine opportunity or already reflects years of future growth. According to the most followed narrative, Taiwan Semiconductor Manufacturing’s fair value sits at $400, slightly below the recent share price of $417.72. This frames the current debate around how much growth is already in the price. TSMC is the central pillar of the global semiconductor ecosystem, powering the AI revolution with unmatched scale, cutting-edge process technology, and disciplined execution. With record profits, dominant client base, and massive expansion underway, both in Taiwan and abroad, it stands as a low-risk way to own the AI infrastructure wave. Although geopolitical and trade risks loom, its moat, margins, and market position offer a rare combination of growth, profitability, and stability. Curious what earnings power and capital investment profile sit behind that fair value call? The narrative leans on robust margins, a heavy build out of capacity, and expectations for continued demand from high performance computing and AI customers, while not showing all its working in the headline summary. Have a read of the narrative in full and understand what's behind the forecasts. However, this hinges on sensitive fault lines, including U.S.-China trade tensions around tariffs and TSMC’s heavy reliance on a concentrated group of large customers. Find out about the key risks to this Taiwan Semiconductor Manufacturing narrative. The user narrative tags Taiwan Semiconductor Manufacturing as about 4.4% overvalued at $417.72 compared with a fair value of $400. Yet the P/E ratio of 30.8x sits well below the estimated fair ratio of 48.1x and far under the US Semiconductor average of 63.4x and peer average of 79x, which points to a very different story about how much optimism is already in the price. So which signpost do you treat as more important when you weigh risk versus potential reward? See what the numbers say about this price — find out in our valuation breakdown. With sentiment clearly split between opportunity and caution, this is a good time to look through the numbers yourself and decide what stands out most. To weigh both the concerns and the bright spots before you make a move, start with the 4 key rewards and 1 important warning sign If Taiwan Semiconductor Manufacturing has sharpened your focus, do not stop here. Use this momentum to scan other potential opportunities that might fit your portfolio. Target potential mispricings by checking out 46 high quality undervalued stocks, built around companies with solid fundamentals that may not yet be fully appreciated. Strengthen your income stream by reviewing 14 dividend fortresses, focused on stocks offering higher yields with an emphasis on consistency. Prioritise resilience by scanning 67 resilient stocks with low risk scores, highlighting companies with characteristics that may help reduce the overall risk of your holdings. This article by Simply Wall St is general in nature. We provide commentary based on historical data and analyst forecasts only using an unbiased methodology and our articles are not intended to be financial advice. It does not constitute a recommendation to buy or sell any stock, and does not take account of your objectives, or your financial situation. We aim to bring you long-term focused analysis driven by fundamental data. Note that our analysis may not factor in the latest price-sensitive company announcements or qualitative material. Simply Wall St has no position in any stocks mentioned. Have feedback on this article? Concerned about the content? Get in touch with us directly. Alternatively, email editorial-team@simplywallst.com Tip: Try a valid symbol or a specific company name for relevant results",https://finance.yahoo.com/markets/stocks/articles/assessing-taiwan-semiconductor-manufacturing-nyse-232120290.html
TSM,Taiwan Semiconductor Manufacturing (NYSE:TSM) Shares Up 4.5% - Should You Buy? - MarketBeat,2026-05-14 22:00:28,"Shares of Taiwan Semiconductor Manufacturing Company Ltd. (NYSE:TSM - Get Free Report) shot up 4.5% during trading on Thursday . The stock traded as high as $421.97 and last traded at $417.7710. 18,492,628 shares changed hands during trading, an increase of 31% from the average session volume of 14,112,202 shares. The stock had previously closed at $399.80. Here are the key news stories impacting Taiwan Semiconductor Manufacturing this week: Several brokerages have recently commented on TSM. Needham & Company LLC raised their price objective on shares of Taiwan Semiconductor Manufacturing from $410.00 to $480.00 and gave the stock a ""buy"" rating in a research report on Thursday, April 16th. DA Davidson  reaffirmed a ""buy"" rating and set a $450.00 price objective on shares of Taiwan Semiconductor Manufacturing in a research report on Friday, April 17th. TD Cowen raised their price objective on shares of Taiwan Semiconductor Manufacturing from $325.00 to $370.00 and gave the stock a ""hold"" rating in a research report on Friday, January 16th. Wall Street Zen raised shares of Taiwan Semiconductor Manufacturing from a ""hold"" rating to a ""buy"" rating in a research report on Sunday, March 22nd. Finally, Weiss Ratings raised shares of Taiwan Semiconductor Manufacturing from a ""hold (c+)"" rating to a ""buy (b-)"" rating in a research report on Friday, March 20th. Two equities research analysts have rated the stock with a Strong Buy rating, eleven have given a Buy rating and two have assigned  a Hold rating to the stock. According to MarketBeat.com, the company  has a consensus rating of ""Buy"" and an average target price of $404.29. Read Our Latest Stock Analysis on Taiwan Semiconductor Manufacturing The firm's 50-day moving average is $363.15 and its 200-day moving average is $333.46. The company has a current ratio of 2.51, a quick ratio of 2.32 and a debt-to-equity ratio of 0.17. The firm has a market cap of $2.16 trillion, a price-to-earnings ratio of 34.76, a P/E/G ratio of 1.16 and a beta of 1.39. Taiwan Semiconductor Manufacturing (NYSE:TSM - Get Free Report) last posted its quarterly earnings results on Tuesday, February 10th. The semiconductor company reported $3.11 earnings per share (EPS) for the quarter. Taiwan Semiconductor Manufacturing had a net margin of 46.97% and a return on equity of 38.17%. The business had revenue of $30.65 billion during the quarter.  As a group, sell-side analysts anticipate that  Taiwan Semiconductor Manufacturing Company Ltd. will post 15.25 EPS for the current fiscal year. The firm also recently declared a quarterly dividend, which will be paid on Thursday, October 8th. Investors of record on Wednesday, September 16th will be given a $1.1136 dividend. This represents a $4.45 annualized dividend and a yield of 1.1%. The ex-dividend date of this dividend is Wednesday, September 16th. This is an increase from Taiwan Semiconductor Manufacturing's previous quarterly dividend of $0.95. Taiwan Semiconductor Manufacturing's payout ratio is 24.96%. In other Taiwan Semiconductor Manufacturing news, VP Bor-Zen Tien purchased 1,000 shares of Taiwan Semiconductor Manufacturing stock in a transaction that occurred on Sunday, March 22nd. The stock was acquired at an average price of $55.93 per share, with a total value of $55,930.00. Following the transaction, the vice president owned 9,051 shares in the company, valued at $506,222.43. This trade represents a 12.42% increase in their position. The transaction was disclosed in a filing with the Securities & Exchange Commission, which can be accessed through the SEC website. Over the last three months, insiders have acquired 1,346 shares of company stock valued at $78,185. Company insiders own  1.11% of the company's stock. Several hedge funds have recently bought and sold shares of the business. Quattro Advisors LLC purchased a new position in  Taiwan Semiconductor Manufacturing during the 4th quarter worth $25,000.  Hilton Head Capital Partners LLC purchased a new position in  Taiwan Semiconductor Manufacturing during the 4th quarter worth $27,000.  Stephens Consulting LLC boosted its holdings in  Taiwan Semiconductor Manufacturing by 82.0% during the 4th quarter. Stephens Consulting LLC now owns 91 shares of the semiconductor company's stock worth $28,000 after acquiring an additional 41 shares during the last quarter.  Evolution Wealth Management Inc. boosted its holdings in  Taiwan Semiconductor Manufacturing by 257.7% during the 1st quarter. Evolution Wealth Management Inc. now owns 93 shares of the semiconductor company's stock worth $31,000 after acquiring an additional 67 shares during the last quarter.  Finally, Strategic Advocates LLC boosted its holdings in  Taiwan Semiconductor Manufacturing by 62.1% during the 4th quarter. Strategic Advocates LLC now owns 94 shares of the semiconductor company's stock worth $28,000 after acquiring an additional 36 shares during the last quarter. Institutional investors and hedge funds own  16.51% of the company's stock. Taiwan Semiconductor Manufacturing Company (TSMC) is a leading pure-play semiconductor foundry that provides wafer fabrication and related services to the global semiconductor industry. Founded in 1987 by Morris Chang and headquartered in Hsinchu, Taiwan, TSMC manufactures integrated circuits on behalf of fabless and integrated device manufacturers, offering contract chip production across a broad set of technologies and products. TSMC's service offering covers logic and mixed-signal process technologies, specialty processes for radio-frequency, power management and embedded memory, and advanced nodes used in mobile, high-performance computing and AI applications. This instant news alert was generated by narrative science technology and financial data from MarketBeat in order to provide readers with the fastest reporting and unbiased coverage. Please send any questions or comments about this story to contact@marketbeat.com. Before you consider Taiwan Semiconductor Manufacturing, you'll want to hear this. MarketBeat keeps track of Wall Street's top-rated and best performing research analysts and the stocks they recommend to their clients on a daily basis. MarketBeat has identified the five stocks that top analysts are quietly whispering to their clients to buy now before the broader market catches on... and Taiwan Semiconductor Manufacturing wasn't on the list. While Taiwan Semiconductor Manufacturing currently has a Buy rating among analysts, top-rated analysts believe these five stocks are better buys. Click the link to see MarketBeat's list of seven best retirement stocks and why they should be in your portfolio. Sign up for MarketBeat All Access to gain access to MarketBeat's full suite of research tools. 345 N Reid Place, Suite 620, Sioux Falls, SD 57103
                                        
                                        contact@marketbeat.com
                                        
                                        (844) 978-6257 © MarketBeat Media, LLC 2010-2026. All rights reserved. © 2026   Fair market value prices are updated every minute and are provided by Massive. Other market data provided is at least 10-minutes delayed and hosted by Barchart Solutions.  Information is provided 'as-is' and solely for informational purposes, not for trading purposes or advice, and is delayed. To see all exchange delays and terms of use please see Barchart's disclaimer.",https://www.marketbeat.com/instant-alerts/taiwan-semiconductor-manufacturing-nysetsm-shares-up-45-should-you-buy-2026-05-14/
TSM,Taiwan Semiconductor (TSM) Hits New High with Market Valuation N - GuruFocus,2026-05-14 21:11:15,"This website is using a security service to protect itself from online attacks. The action you just performed triggered the security solution. There are several actions that could trigger this block including submitting a certain word or phrase, a SQL command or malformed data. You can email the site owner to let them know you were blocked. Please include what you were doing when this page came up and the Cloudflare Ray ID found at the bottom of this page. Cloudflare Ray ID: 9fc6c64ffd35c56e
•

        Your IP:
        Click to reveal
20.57.77.197
•

Performance & security by Cloudflare",https://www.gurufocus.com/news/8859405/taiwan-semiconductor-tsm-hits-new-high-with-market-valuation-near-22-trillion?mobile=true
TSM,"Nasdaq, S&P 500 Futures Rise As Tech Rally Rolls On: Why NVDA, BABA, CSCO, TSM, KLAR, CRCL Are In Focus - Stocktwits",2026-05-14 20:58:23,"U.S. stock futures were trending higher early Thursday, driven by a powerful tech rally the previous session that lifted both the S&P 500 and the Nasdaq Composite to fresh record highs. Investors are digesting reports of a potential thaw in U.S.-China tech restrictions and a new era at the Federal Reserve. On Wednesday, the Senate confirmed Kevin Warsh as the new Federal Reserve Chairman in a narrow 54-45 vote. Meanwhile, President Trump and a delegation of tech titans (including Jensen Huang, Elon Musk, and Tim Cook) are meeting President Xi Jinping in Beijing. While the reported H200 chip clearance is a major win for Nvidia, tensions remain high over rare-earth metal supplies and Taiwan. As of 4:00 a.m. ET on Thursday: S&P 500 futures gained 0.2%, Dow futures rose 0.3%, and Nasdaq futures took the lead, rising 0.5%, while Russell 2000 futures were flat. Retail sentiment toward the SPDR S&P 500 ETF (SPY), an exchange-traded fund that tracks the S&P 500 Index, has risen to ‘extremely bullish’ from ‘bullish’ territory earlier in the week, while the Invesco QQQ Trust (QQQ) ETF, which tracks the Nasdaq-100 Index, has moved back into ‘bullish’ from ‘neutral’. China chip breakthrough: The U.S. has reportedly cleared roughly 10 Chinese firms, including Alibaba and Tencent, to purchase Nvidia’s H200 chips, potentially unlocking $20 billion in revenue. Keep an eye out for NVDA and BABA stocks in trade today. Nvidia stock was up 2% in early premarket trade, shrugging off a short-seller report from Culper Research alleging hidden China exposure. Tesla (TSLA) and Micron (MU): Tesla's CEO, Elon Musk, and Micron's CEO, Sanjay Mehrotra, traveled with President Trump’s delegation to Beijing to meet with President Xi Jinping. Investors continued watching for any signs of easing U.S.-China tensions and its impact on trade and operations. Taiwan Semiconductor Manufacturing (TSM) shares rose 2% in early premarket trade after the company has raised its 2030 global market forecast to $1.5 trillion, citing an 11-fold projected increase in AI accelerator demand. Cisco Systems Inc (CSCO): Surged rose 20% in early premarket trade following a Q3 beat and a major restructuring plan to cut 4,000 jobs to pivot toward AI infrastructure. Klarna Group Plc (KLAR): Inching higher in pre-market trade ahead of its earnings report today. According to SEC filings from Wednesday, BlackRock has disclosed a massive increase in its positions in IREN, AST SpaceMobile Inc. (ASTS) and Opendoor (OPEN). Investors will also be tracking the Senate Banking Committee, which is reviewing the Clarity Act, which could allow crypto firms to pay interest on stablecoins. Watch out for CRCL, COIN in trade today. Chipmaker Cerebras is also set to begin trading on the Nasdaq today. Other tickers trending on Stocktwits at the time of writing included EOS Energy (EOSE), Figma (FIG), Ondas Inc (ONDS), and Ford Motor Co (F). On the economic front, investors will be tracking the release of April retail sales and initial jobless claims data at 8:30 am ET today. On earnings radar, watch out for quarterly reports from Yeti (YETI), Viking Holdings (VIK), among others, before the bell. And from the others, all eyes will be on Applied Materials (AMAT) that reports earnings after market close today. For updates and corrections, email newsroom[at]stocktwits[dot]com U.S.-listed shares of Nio, Inc. (NIO) are headed towards their best week in over a month as investors cheered BlackRock’s massive stake increase and the ES8’s continued dominance in China’s premium electric SUV market. Nio’s U.S.-listed stock jumped 8% on Wednesday, with shares on track to record their best week in over a month. Fresh filings on Wednesday showed that BlackRock increased its Nio stake by 92% as of March 31, adding 5.14 million shares to lift its total holdings to 10.72 million shares valued at $64.69 million. The filings also showed aggressive accumulation from several smaller firms. Group One Trading boosted its stake by more than 152%, while Mariner increased its holdings by over 13%. New positions were also disclosed by firms, including SEI Investments and Headlands Technologies. Headlands Technologies also disclosed new positions, adding 375,169 shares valued at $2.26 million, alongside fresh stakes from SEI Investments and Focus Partners Advisor Solutions. Some firms, however, trimmed exposure. Lido Advisors reduced its holdings by 5%, while Cetera Investment Advisers cut its stake by 8%. Signature Equity Partners also lowered its position by 23%. The institutional buying comes as Nio’s third-generation ES8 continued cementing its position in China’s premium electric SUV market. The flagship three-row electric SUV recorded retail sales of 13,020 units in April, extending its streak as China’s best-selling large SUV for a fifth consecutive month, CnEVPost reported. Nio also said the ES8 ranked first across all powertrain categories in China’s large SUV segment priced above 400,000 yuan, putting it ahead of both electric and gasoline-powered rivals in the premium category. The model has rapidly become one of Nio’s most important vehicles since its launch at Nio Day 2025. Deliveries began in late September and the SUV crossed the 100,000-unit delivery milestone in just 215 days. The ES8 accounted for more than 44% of Nio’s total April deliveries and represented over 54% of first-quarter deliveries, underscoring the EV maker’s heavy dependence on the high-margin flagship SUV. The strong ES8 performance has become important for Nio as competition intensifies across China’s EV market and pricing pressure remains elevated among domestic automakers. To sustain demand, Nio recently extended limited-time purchase incentives for the ES8 through May. Customers can currently access five-year zero-down-payment, interest-free financing plans, while buyers locking orders before month-end can also receive a 10,000-yuan purchase-tax subsidy. Nio also plans to officially launch its flagship ES9 SUV on May 27 after beginning pre-sales last month with a starting price of 528,000 yuan. Its Onvo sub-brand is also set to launch the L80 five-seat electric SUV on May 15. The company previously said deliveries that are expected to rebound steadily through May and June as the new product rollout accelerates. On Stocktwits, retail sentiment for Nio was ‘neutral’ amid ‘normal’ message volume. One user advised traders to “just put your money in the stock and forget for 12-24 months. Your future you will thank you” Another user said, “There’s no way the best EVs in the world aren’t headed to America. US car buyers will be blown away by the NIO ES8 ES9” U.S.-listed shares of Nio have jumped 59% over the past year. For updates and corrections, email newsroom[at]stocktwits[dot]com. Read Next: TSLA Stock Rides SpaceX IPO High — Elon Musk Says SpaceX ‘Deliberately’ Took Lower Airline Deals Shares of Tesla, Inc. (TSLA) climbed 1% in premarket trading on Thursday as CEO Elon Musk defended Starlink’s airline strategy, while growing excitement around a potential SpaceX IPO continued spilling into the EV maker’s sentiment. TSLA stock jumped 3% on Wednesday and is headed for its third straight weekly gain, rising about 4% so far this week. Musk said on X that SpaceX “deliberately” accepted lower airline revenue in exchange for making Starlink internet connectivity simpler and more accessible for passengers. The comments came after Tesla influencer Sawyer Merritt, citing Baron Capital portfolio manager Ron Baron, said that Delta Air Lines rejected adopting Starlink across its fleet because the airline wanted passengers routed through its Delta Sync portal instead of a Starlink-branded system. Delta later partnered with Amazon’s low-Earth-orbit satellite initiative in March, despite Amazon having only around 300 satellites in orbit compared with Starlink’s over 10,000 satellites currently deployed. In a separate post on X, Musk criticized Delta’s approach to onboard internet connectivity: “SpaceX requires that there be no annoying ‘portal’ to use Starlink,” Musk wrote. “Starlink WiFi must just work effortlessly every time, as though you were at home.” “Delta wanted to make it painful, difficult and expensive for their customers. Hard to see how that is a winning strategy,” he added. The comments renewed investor focus on Starlink’s rapid expansion in the airline WiFi market, where several carriers have already begun deploying the satellite internet service to offer free high-speed connectivity onboard flights. The Starlink talks also come amid intensifying investor excitement around SpaceX’s expected public listing, which could value the company between $1.75 trillion and $2 trillion and potentially become one of the largest IPOs in market history. Markets have focused on SpaceX’s expansion far beyond rockets into satellite broadband, AI infrastructure, direct-to-device communications and orbital data-center ambitions. Investor enthusiasm accelerated further after reports that Google has discussed a potential launch partnership with SpaceX for orbital AI data centers under its “Project Suncatcher” initiative. SpaceX has also announced agreements involving Anthropic and filed applications seeking approval to eventually deploy up to one million satellites supporting future orbital infrastructure. Last week, Musk said that xAI would no longer operate as a separate company and would instead integrate into SpaceX under the “SpaceXAI” banner. The growing SpaceX IPO buzz has also reignited fresh merger talks with Tesla as investors view Musk’s companies as part of a broader interconnected ecosystem spanning AI, robotics, autonomous driving, satellites and AI infrastructure. Investor interest around a potential Tesla-SpaceX deal has also risen as integration across Musk’s companies accelerates. SpaceX recently merged with xAI, the AI company behind Grok, in a deal valuing SpaceX at $1 trillion and xAI at around $250 billion, creating a combined entity worth about $1.25 trillion. Tesla has converted its $2 billion investment in xAI into a stake in SpaceX after the deal. SpaceX has also reportedly explored a potential deal with Tesla, alongside alternative restructuring talks for xAI. Starlink has become SpaceX’s primary cash cow. The satellite internet business generated $11.4 billion in revenue last year, accounting for about 61% of SpaceX’s overall sales. Starlink also produced around $7.2 billion in adjusted EBITDA, translating into margins around 63%, according to The Information. SpaceX’s capex plans are also rapidly expanding. A Terafab chip complex in Texas involving Tesla and SpaceX could require at least $55 billion in investment, with some estimates climbing as high as $119 billion depending on future development phases, WSJ noted. The company is simultaneously investing heavily in launchpads, satellite manufacturing, solar-cell production and low-Earth-orbit infrastructure. On Stocktwits, retail sentiment for Tesla was ‘extremely bullish’ amid ‘high’ message volume. So far this year, TSLA stock has lagged several of its “Magnificent Seven” peers, making it the group’s third-worst performer, with a 1% decline. For updates and corrections, email newsroom[at]stocktwits[dot]com. Read Next: ASTS Stock Rises Overnight: BlackRock Stake Boost Calms Investor Fears Over Satellite Deployment Delays Nvidia shares inched over 2% higher in early premarket trading on Thursday, extending their rally, as investors tuned into news from China, where U.S. President Donald Trump and top tech executives, including the chipmaker’s CEO Jensen Huang, are holding bilateral talks with Chinese leadership. Chatter on Stocktwits indicated that retail investors see Huang’s last-minute entry as a potentially crucial catalyst for the company, particularly if it helps secure a breakthrough in the trade deadlock that has blocked Nvidia server sales to Chinese customers. With meetings underway in Beijing, Reuters reported, citing its sources, that the U.S. Commerce Department has approved the sale of Nvidia’s H200 to as many as 10 Chinese firms. The list includes Alibaba, Tencent, ByteDance, and JD.com. Alibaba’s U.S.-listed shares declined 3.4% in the premarket session, while JD’s stock fell nearly 2% A handful of distributors, including Lenovo and Foxconn, have also been approved, according to the report. Buyers can purchase either directly from Nvidia or through intermediaries, and each approved customer can purchase up to 75,000 chips under the U.S. licensing terms, according to Reuters. Meanwhile, Huang told ​state broadcaster CCTV ‌on Thursday that he hoped ​Trump and his Chinese ​counterpart Xi Jinping would ⁠build on their ​good relationship during talks ​in Beijing to improve two-way ties. On Stocktwits, the retail sentiment for NVDA held firmly in the ‘extremely bullish zone, unchanged since last week, with several traders expecting the stock to rally ahead of Nvidia’s quarterly report next week. “$NVDA going up on china speculation is crazy…this is a $250 stock minimum with no china revenue,” said a trader. Investor sentiment and gains across semiconductor stocks have surged to record highs lately. Until recently, Nvidia, the sector’s standout player, has curiously lagged behind. Among other factors, the erosion in the company’s business in China due to U.S. export restrictions has been a key overhang. Huang recently said Nvidia’s revenue from China has effectively dropped to zero, reiterating the detail from the company’s latest results. Just two years ago, Nvidia was a dominant chip supplier in the region, accounting for $25 billion in market sales, or 32% of the company’s total revenue in 2024. Nvidia shares gained 14% in April. In comparison, the iShares Semiconductor ETF (SOXX) rallied 40.4%, recording its best month on record. However, NVDA has picked up steam lately. As of Wednesday, the stock had risen for six straight sessions, for a total of 15%. For updates and corrections, email newsroom[at]stocktwits[dot]com. Shares of AST SpaceMobile Inc. (ASTS) reversed early losses to rise 1% in overnight trading heading into Thursday as investors latched onto BlackRock’s growing stake in the company, helping calm fresh fears around its increasingly scrutinized satellite deployment timeline. ASTS stock jumped nearly 3% on Wednesday, but is headed for a marginal weekly loss. Fresh filings on Wednesday showed that BlackRock increased its AST SpaceMobile position by 22% as of March 31, adding 2.57 million shares and lifting its total holdings to 14.52 million shares valued at $1.13 billion. The data also showed that Vodafone Ventures remained a major holder with 5.47 million shares valued at roughly $424.55 million. Other institutional moves were mixed. SEI Investments raised its stake by 31%, while Parkside Financial Bank increased its small holding by 145.45%. Monashee Investment Management added 45,000 shares. However, the filings also showed several investors cutting exposure. Mariner reduced its position by 66%, Group One Trading cut its stake by 96%, Lido Advisors lowered holdings by 46% and Cetera Investment Advisers trimmed its position by 2%. The developments come after AST SpaceMobile’s Q1 results raised fresh questions about whether the company can meet its aggressive satellite rollout targets. AST SpaceMobile reported a Q1 loss of $0.66 per share, wider than Wall Street expectations for a loss of $0.20 per share. Revenue came in at $14.7 million, below analyst estimates of $36.58 million. The company still maintained its full-year revenue guidance of $150 million to $200 million, compared with consensus estimates of $181.13 million. Silicon Valley-based satellite communications consultant Tim Farrar said that the earnings call pointed to manufacturing and launch execution risks. He argued that AST SpaceMobile’s assumptions do not appear to support its target of having 45 satellites in orbit by year-end. Farrar said the company would likely need multiple high-frequency launches from Blue Origin’s New Glenn rocket, along with several additional Falcon 9 missions, to come close to that goal. He also questioned the company’s use of “satellite completion” milestones rather than clearer ready-for-shipment and ready-for-launch metrics. AST SpaceMobile’s deployment timeline has already faced scrutiny after last month’s failed BlueBird-7 mission aboard Blue Origin’s New Glenn Mission-3 launch. BlueBird-7 separated from the rocket but failed to reach orbit after a second-stage anomaly. AST SpaceMobile previously said the satellite is expected to de-orbit and that insurance is expected to cover the loss. President Scott Wisniewski said on the earnings call that an upper-stage anomaly is “not uncommon early in programs” and said the company remains optimistic about Blue Origin returning to the pad soon. Wisniewski also said AST SpaceMobile has enough contracted launch capacity to meet its 2026 deployment goals and expects “a handful” of launches from both Blue Origin and SpaceX, or equivalent providers. Despite the near-term concerns, AST SpaceMobile continued to point investors toward a major revenue ramp in 2027. Wisniewski said the company is making progress in building its revenue base ahead of what it sees as a large jump next year. He said AST SpaceMobile sees the 2027 revenue opportunity nearing $1 billion, driven by long-term contracted or highly recurring revenue. The company also highlighted growing government opportunities across communications and defense programs, including potential exposure to Golden Dome-related initiatives and Space Development Agency contracts. On Stocktwits, retail sentiment for ASTS was ‘bullish’ amid ‘high’ message volume. One user said, “so easy for the big boys to scare retail out of their shares while they stack them up cheap! Hope you all have been adding all you can!” Another user said, “Starting to sell some shares of other stocks to accumulate more shares. Probably the most oversold growth stock [ASTS] in the market.” For updates and corrections, email newsroom[at]stocktwits[dot]com. Read Next: SpaceX Ripple Effect? RKLB, SATS And VSAT Emerge As Top Space Stock Bets Shares of Micron Technology Inc. (MU) are up nearly 169% year-to-date, but analysts at BofA expect the stock to rally further. According to TheFly, BofA hiked its price target for Micron to $950 from $500, implying an upside potential of about 24% from the current levels. The firm maintained its ‘Buy’ rating on the stock. Micron shares were up more than 4% in Wednesday’s pre-market trade. MU was among the top trending tickers on Stocktwits at the time of writing. BofA raised its estimate for the total addressable market for AI data center systems in calendar year 2030 to roughly $1.7 trillion, up from its prior forecast of $1.4 trillion. The firm said it expects 2026 to remain a year of accelerating AI-related revenue growth and improving returns on investment, as enterprises and hyperscalers continue to ramp up infrastructure spending. BofA also noted that 2027 could mark a turning point for AI efficiency and token economics as next-generation compute and memory architectures begin scaling more broadly across the industry. Retail sentiment on Stocktwits around Micron Technology trended in the ‘extremely bullish’ territory with message volumes at ‘extremely high’ levels. One user thinks MU stock could surge to $1,500 by next week after Nvidia’s first-quarter (Q1) results, which are due on May 20, 2026. Another user thinks that if Micron secures business during the CEO’s trip to China with President Donald Trump, MU stock may soar beyond $1,000 sooner. Micron CEO Sanjay Mehrotra is among a slew of business executives invited to China, according to a post by President Trump on Truth Social. Micron announced on Tuesday that it has sampled 256GB DDR5 memory modules to key ecosystem players. The module is built using Micron’s advanced 1-gamma technology and supports speeds of up to 9,200 MT/s, making it more than 40% faster than memory modules currently in mass production. Micron said the product uses advanced 3D stacking and through-silicon via technology to improve performance, capacity, and power efficiency for AI workloads. The company added that a single 256GB module can reduce operating power consumption by more than 40% compared with using two 128GB modules, helping improve efficiency in AI data centers. “Capacity, bandwidth, and power are the defining drivers of AI efficiency. With our 256GB DDR5 RDIMM, Micron is enabling servers to deliver significantly higher performance,” said Raj Narasimhan, senior vice president and general manager of the Cloud Memory Business Unit at Micron. Industry research firm IDC recently outlined a bullish outlook for Micron and other memory-chip companies. “Hyperscalers are buying a fundamentally different, more expensive class of memory and are willing to pay a premium to secure supply,” the firm stated. IDC added that NAND Flash revenue is expected to reach $174 billion in 2026, representing nearly 139% growth from the prior year. IDC also noted that, unlike the DRAM market, NAND pricing gains are becoming more widespread. The firm said enterprise SSD prices have climbed sharply as hyperscalers lock in supply, reducing availability across consumer and OEM markets. MU stock is up 169% year-to-date and 731% over the past 12 months. The S&P 500 ETF Trust (SPY) is up 27% over the past 12 months, while the Invesco QQQ Trust (QQQ) is up 39%. The iShares Semiconductor ETF (SOXX) is up 148% during this period, while the State Street Technology Select Sector SPDR ETF (XLK) is up 54%. Also See: Nebius Reports Whopping 684% Jump In Q1 Revenue, Secures Power For New 1.2 GW Facility — CEO Touts ‘Unprecedented Demand’ For updates and corrections, email newsroom[at]stocktwits[dot]com. These cookies are necessary for the website to function and cannot be switched off in our systems. They are usually only set in response to actions made by you which amount to a request for services, such as setting your privacy preferences, logging in or filling in forms. You can set your browser to block or alert you about these cookies, but some parts of the site will not then work. These cookies do not store any personally identifiable information. As a California consumer, you have the right to opt-out from the sale or sharing of your personal information at any time across business platform, services, businesses and devices. You can opt-out of the sale and sharing of your personal information by using this toggle switch. As a Virginia, Utah, Colorado and Connecticut consumer, you have the right to opt-out from the sale of your personal data and the processing of your personal data for targeted advertising. You can opt-out of the sale of your personal data and targeted advertising by using this toggle switch. For more information on your rights as a United States consumer see our privacy notice. These cookies allow us to count visits and traffic sources so we can measure and improve the performance of our site. They help us to know which pages are the most and least popular and see how visitors move around the site. All information these cookies collect is aggregated and therefore anonymous. If you do not allow these cookies we will not know when you have visited our site, and will not be able to monitor its performance. These cookies may be set through our site by our advertising partners. They may be used by those companies to build a profile of your interests and show you relevant adverts on other sites. They do not store directly personal information, but are based on uniquely identifying your browser and internet device. If you do not allow these cookies, you will experience less targeted advertising.",https://stocktwits.com/news-articles/markets/equity/nasdaq-sp500-futures-higher-nvda-baba-csco-klar-crcl-stocks-to-watch/cZX1lBbRe17
TSM,Jim Cramer Makes Shocking Claim About Taiwan Semiconductor Manufacturing (TSM) - Yahoo Finance,2026-05-14 19:41:35,"Tip: Try a valid symbol or a specific company name for relevant results Trump’s 'insane amount of trades' astonish Wall Street insiders (Bloomberg) SpaceX accelerates IPO timeline, targets market debut as early as June 12 (Reuters) The Dow, S&P 500, and Nasdaq sank as US bond yields jumped to end a volatile week on a downbeat note The 30-year Treasury yield just broke to its highest level in almost 20 years Nasdaq leads dive in US stocks, with yields jumping amid inflation jitters Cerebras soared on its market debut. Here's how the company plans to take on Nvidia with a new approach to chip technology. Stocks gained, with the Dow closing above 50,000 and the S&P 500 and Nasdaq notching fresh records Cerebras stock surged 100% within minutes of trading in what is expected to be 2026's biggest IPO The Dow retook 50,000 and the S&P 500 topped 7,500 as the AI trade lifted stocks US stocks rise as Nvidia jumps, Trump-Xi summit kicks off Xi Jinping tells US CEOs that 'China's door will only open wider' Micron wiped out roughly $100 billion in market value at Tuesday’s low — and chip bulls still bought the dip Tech stocks led the S&P 500 and Nasdaq to record highs, while the Dow slipped The US Senate confirmed Kevin Warsh as the new chairman of the Federal Reserve with a final vote of 54-45 The 10-year Treasury yield hovered just below 4.5% after hot inflation data, raising concerns stocks could come under pressure US producer prices for April were striking: +6% YoY (4.8% est.) and +5.2% YoY excluding food and energy (4.3% est.). Dow, S&P 500, Nasdaq open mixed as PPI inflation data comes in hot Today's rising prices are 'every retiree's worst nightmare,' but Social Security COLA is projected to jump next year Sam Altman testifies he was 'extremely uncomfortable' with the idea of Elon Musk being named CEO The S&P 500 and Nasdaq retreated after a hot inflation print and sell-off in chip stocks weighed on sentiment The tech-heavy Nasdaq sank to a session low as chip stocks sold off Inflation's old ceiling is starting to look like a floor — why that's a problem for paychecks US stocks fall as Wall Street weighs CPI inflation print Consumer prices rose 3.8% in April from a year ago, driven by energy costs Elon Musk and Tim Cook are among the top executives the White House invited to join Trump for his summit with Xi this week Microsoft CEO Satya Nadella testified he never got 'clarity' on why OpenAI fired Sam Altman in 2023 The S&P 500 and Nasdaq eked out record highs as chip stocks extended gains and the Dow edged higher Goldman Sachs provides three reasons why the war in Iran hasn't derailed the global economy President Trump travels to China this week with several topics in focus: Tariffs, AI, and China’s role in the war in Iran. S&P 500, Nasdaq, Dow muted as Trump rejects Iran's response to peace plan The $1 trillion club's new members are powering the AI boom It may be too early to determine if AI-related job cuts stem from genuine productivity gains or the need to cut costs Crypto-backed mortgages are hitting the mainstream. Here's how they work. Here's how each airline is responding to rising jet fuel costs The Nasdaq's top winners are now running hotter than in 2000 A come-from-behind boom in old-school storage is leaving Nvidia and Micron in the dust Everything you need to know from the first 2 weeks of the Musk v. OpenAI trial The White House is touting an AI-fueled factory boom, but the latest jobs report tells a more complicated story This new AI trade is leaving the chip giant in the dust The S&P 500 and Nasdaq posted their sixth weekly wins as chip stocks rallied and jobs data boosted sentiment The Nasdaq gained 1.5% as chip stocks rallied, boosting the AI trade Consumer sentiment dropped to the lowest level on record as Americans struggle with rising gas prices Coinbase CEO Brian Armstrong compares AI agents to self-driving cars US stocks rose following a better-than-expected jobs report as investors eyed US-Iran tensions Nonfarm payrolls rise 115,000, blowing past expectations. Unemployment rate steady at 4.3. The AI arms race is eating into Big Tech's cash flow The above button links to Coinbase. Yahoo Finance is not a broker-dealer or investment adviser and does not offer securities or cryptocurrencies for sale or facilitate trading. Coinbase pays us for certain activity generated through this link. Prices displayed are informational. Jim Cramer Revealed His Big AI Investing Fear & Discussed These 20 Stocks. Taiwan Semiconductor Manufacturing Co. Ltd. (NYSE:TSM) is one of the stocks discussed by Jim Cramer. Contract chip manufacturing giant Taiwan Semiconductor Manufacturing Co. Ltd. (NYSE:TSM)’s shares are up by 110% over the past year and by 23% year-to-date. Despite the fact that the firm is one of the most important companies in the artificial intelligence ecosystem, Cramer doesn’t discuss the stock as often as he discusses other firms. Taiwan Semiconductor Manufacturing Co. Ltd. (NYSE:TSM)’s importance in the AI industry is through its leading-edge chip manufacturing processes, which allow it to make chips for AI giant NVIDIA and other firms. The CNBC TV host previously discussed Taiwan Semiconductor Manufacturing Co. Ltd. (NYSE:TSM) in late April when he didn’t hold back with his praise. Calling the firm “terrific,” Cramer added that the company was in a “good situation.” Since his remarks, Taiwan Semiconductor Manufacturing Co. Ltd. (NYSE:TSM)’s shares are down by 2.7%. In this appearance, he discussed the firm’s April sales, which grew at 17.5% – a rate which was the slowest in six months: “. . .Taiwan Semi, it looks like they don’t even a bottleneck. They did not have a great month, slow.” Wedgewood Partners discussed Taiwan Semiconductor Manufacturing Company Limited (NYSE:TSM) in its Q1 2026 investor letter: “Taiwan Semiconductor Manufacturing Company Limited (NYSE:TSM) was a top contributor to portfolio performance in the first quarter. Revenues grew +25%, and the Company guided to accelerating revenue growth to +30% in 2026 as demand for compute accelerators for AI applications continues to ramp unabated. In addition, the Company recently reported that March revenue was up +45% year over year, +31% month over month, and +35% year to date. The semiconductor customer base has evolved to the point that the Company increasingly works directly with non-traditional end customers, particularly cloud service providers, to develop custom silicon. This helps the Company better match supply with demand, so despite strong revenue growth, the Company has kept capital expenditures relatively in line with revenue growth. In addition, the Company is raising prices as utilization rates at leading-edge nodes continue to climb. We trimmed positions because our holdings exceeded 10% of portfolios. Taiwan Semiconductor Manufacturing Company remains a top holding.” While we acknowledge the potential of TSM as an investment, we believe certain AI stocks offer greater upside potential and carry less downside risk. If you're looking for an extremely undervalued AI stock that also stands to benefit significantly from Trump-era tariffs and the onshoring trend, see our free report on the best short-term AI stock. READ NEXT: 33 Stocks That Should Double in 3 Years and Cathie Wood 2026 Portfolio: 10 Best Stocks to Buy. Disclosure: None. Follow Insider Monkey on Google News. Tip: Try a valid symbol or a specific company name for relevant results",https://finance.yahoo.com/markets/stocks/articles/jim-cramer-makes-shocking-claim-194135142.html
TSM,Taiwan Semiconductor Manufacturing (NYSE:TSM) Reaches New 1-Year High - Still a Buy? - MarketBeat,2026-05-14 18:51:23,"Taiwan Semiconductor Manufacturing Company Ltd. (NYSE:TSM - Get Free Report) shares reached a new 52-week high during mid-day trading on Thursday . The stock traded as high as $421.97 and last traded at $417.9380, with a volume of 6911764 shares trading hands. The stock had previously closed at $399.80. Here are the key news stories impacting Taiwan Semiconductor Manufacturing this week: A number of analysts have weighed in on TSM shares. Wall Street Zen raised shares of Taiwan Semiconductor Manufacturing from a ""hold"" rating to a ""buy"" rating in a report on Sunday, March 22nd. DA Davidson  reissued a ""buy"" rating and set a $450.00 target price on shares of Taiwan Semiconductor Manufacturing in a report on Friday, April 17th. Dbs Bank raised shares of Taiwan Semiconductor Manufacturing to a ""moderate buy"" rating in a report on Friday, January 23rd. Argus raised shares of Taiwan Semiconductor Manufacturing to a ""strong-buy"" rating in a report on Thursday, January 15th. Finally, Freedom Capital raised shares of Taiwan Semiconductor Manufacturing to a ""strong-buy"" rating in a report on Thursday, January 15th. Two analysts have rated the stock with a Strong Buy rating, eleven have issued  a Buy rating and two have given a Hold rating to the company. Based on data from MarketBeat.com, the stock  has a consensus rating of ""Buy"" and a consensus price target of $404.29. Check Out Our Latest Report on Taiwan Semiconductor Manufacturing The stock's 50-day moving average is $363.15 and its 200-day moving average is $333.46. The stock has a market cap of $2.16 trillion, a P/E ratio of 34.72, a price-to-earnings-growth ratio of 1.16 and a beta of 1.39. The company has a current ratio of 2.51, a quick ratio of 2.32 and a debt-to-equity ratio of 0.17. Taiwan Semiconductor Manufacturing (NYSE:TSM - Get Free Report) last posted its quarterly earnings data on Tuesday, February 10th. The semiconductor company reported $3.11 earnings per share for the quarter. Taiwan Semiconductor Manufacturing had a net margin of 46.97% and a return on equity of 38.17%. The company had revenue of $30.65 billion during the quarter.  As a group, research analysts anticipate that  Taiwan Semiconductor Manufacturing Company Ltd. will post 15.25 earnings per share for the current fiscal year. The firm also recently disclosed a quarterly dividend, which will be paid on Thursday, October 8th. Stockholders of record on Wednesday, September 16th will be given a dividend of $1.1136 per share. This is a positive change from Taiwan Semiconductor Manufacturing's previous quarterly dividend of $0.95. The ex-dividend date is Wednesday, September 16th. This represents a $4.45 annualized dividend and a dividend yield of 1.1%. Taiwan Semiconductor Manufacturing's payout ratio is 24.96%. In other Taiwan Semiconductor Manufacturing news, VP Bor-Zen Tien acquired 1,000 shares of Taiwan Semiconductor Manufacturing stock in a transaction dated Sunday, March 22nd. The stock was bought at an average price of $55.93 per share, for a total transaction of $55,930.00. Following the transaction, the vice president owned 9,051 shares in the company, valued at approximately $506,222.43. This trade represents a 12.42% increase in their position. The acquisition was disclosed in a document filed with the SEC, which is available through this hyperlink. In the last three months, insiders have bought 1,346 shares of company stock worth $78,185. Company insiders own  1.11% of the company's stock. Hedge funds have recently bought and sold shares of the company. Quattro Advisors LLC acquired a new position in  Taiwan Semiconductor Manufacturing during the fourth quarter valued at $25,000.  Hilton Head Capital Partners LLC purchased a new position in  Taiwan Semiconductor Manufacturing during the 4th quarter valued at about $27,000.  Stephens Consulting LLC grew its stake in  Taiwan Semiconductor Manufacturing by 82.0% during the 4th quarter. Stephens Consulting LLC now owns 91 shares of the semiconductor company's stock valued at $28,000 after acquiring an additional 41 shares in the last quarter.  Strategic Advocates LLC increased its holdings in shares of  Taiwan Semiconductor Manufacturing by 62.1% in the 4th quarter. Strategic Advocates LLC now owns 94 shares of the semiconductor company's stock valued at $28,000 after purchasing an additional 36 shares during the period.  Finally, Ares Financial Consulting LLC purchased a new stake in shares of  Taiwan Semiconductor Manufacturing in the fourth quarter worth approximately $29,000. 16.51% of the stock is owned by hedge funds and other institutional investors. Taiwan Semiconductor Manufacturing Company (TSMC) is a leading pure-play semiconductor foundry that provides wafer fabrication and related services to the global semiconductor industry. Founded in 1987 by Morris Chang and headquartered in Hsinchu, Taiwan, TSMC manufactures integrated circuits on behalf of fabless and integrated device manufacturers, offering contract chip production across a broad set of technologies and products. TSMC's service offering covers logic and mixed-signal process technologies, specialty processes for radio-frequency, power management and embedded memory, and advanced nodes used in mobile, high-performance computing and AI applications. This instant news alert was generated by narrative science technology and financial data from MarketBeat in order to provide readers with the fastest reporting and unbiased coverage. Please send any questions or comments about this story to contact@marketbeat.com. Before you consider Taiwan Semiconductor Manufacturing, you'll want to hear this. MarketBeat keeps track of Wall Street's top-rated and best performing research analysts and the stocks they recommend to their clients on a daily basis. MarketBeat has identified the five stocks that top analysts are quietly whispering to their clients to buy now before the broader market catches on... and Taiwan Semiconductor Manufacturing wasn't on the list. While Taiwan Semiconductor Manufacturing currently has a Buy rating among analysts, top-rated analysts believe these five stocks are better buys. MarketBeat's analysts have just released their top five short plays for May 2026. Learn which stocks have the most short interest and how to trade them. Click the link to see which companies made the list. Sign up for MarketBeat All Access to gain access to MarketBeat's full suite of research tools. 345 N Reid Place, Suite 620, Sioux Falls, SD 57103
                                        
                                        contact@marketbeat.com
                                        
                                        (844) 978-6257 © MarketBeat Media, LLC 2010-2026. All rights reserved. © 2026   Fair market value prices are updated every minute and are provided by Massive. Other market data provided is at least 10-minutes delayed and hosted by Barchart Solutions.  Information is provided 'as-is' and solely for informational purposes, not for trading purposes or advice, and is delayed. To see all exchange delays and terms of use please see Barchart's disclaimer. Enter your email below to receive daily updates and analyst ratings for Taiwan Semiconductor Manufacturing and related companies from Earnings360.com.",https://www.marketbeat.com/instant-alerts/taiwan-semiconductor-manufacturing-nysetsm-reaches-new-1-year-high-still-a-buy-2026-05-14/
TSM,$TSM stock is up 4% today. Here's what we see in our data. - Quiver Quantitative,2026-05-14 14:55:00,"Enter your email to receive free breaking news alerts and insights related to TSM. Backtested trading strategies built on Quiver's datasets Be the first to see our newest insights and key updates across all datasets Track the top-performing stock portfolios held by U.S. politicians in Congress Find stocks with ease across diverse datasets and filters Build and test your own strategies, using Quiver's Congressional trading datasets Build and test your own strategies, using Quiver's Institutional holdings datasets Our video reports and analysis, with early access to exclusive, subscriber-only videos By: Quiver PriceTracker $TSM stock has now risen 4% today, according to our price data from Polygon. There has been approximately $2,573,677,141 of trading volume. It has been the 86th most-searched ticker on Quiver Quantitative over the last day, out of 13,195 total tickers searched. Here is what we see in our data on $TSM (you can track the company live on Quiver's $TSM stock page): $TSM insiders have traded $TSM stock on the open market 37 times in the past 6 months. Of those trades, 37 have been purchases and 0 have been sales. Here’s a breakdown of recent trading of $TSM stock by insiders over the last 6 months: To track insider transactions, check out Quiver Quantitative's insider trading dashboard. You can access data on insider stock transactions through the Quiver Quantitative API insider transaction endpoint. We have seen 1,571 institutional investors add shares of $TSM stock to their portfolio, and 1,314 decrease their positions in their most recent quarter. To track hedge funds' stock portfolios, check out Quiver Quantitative's institutional holdings dashboard. You can access data on hedge funds moves and 13F filings through the Quiver Quantitative API 13F endpoint. Members of Congress have traded $TSM stock 9 times in the past 6 months. Of those trades, 8 have been purchases and 1 have been sales. Here’s a breakdown of recent trading of $TSM stock by members of Congress over the last 6 months: To track congressional stock trading, check out Quiver Quantitative's congressional trading dashboard. You can access data on congressional stock trades through the Quiver Quantitative API Congress trades endpoint. Wall Street analysts have issued reports on $TSM in the last several months. We have seen 1 firms issue buy ratings on the stock, and 0 firms issue sell ratings. To track analyst ratings and price targets for $TSM, check out Quiver Quantitative's $TSM forecast page. Multiple analysts have issued price targets for $TSM recently. We have seen 5 analysts offer price targets for $TSM in the last 6 months, with a median target of $450.0. This article is not financial advice. See Quiver Quantitative's disclaimers for more information. Note that there may be inaccuracies due to mistakes in ticker-mapping, and other anomalies. Add Quiver Quantitative to your preferred sources on Google",https://www.quiverquant.com/news/%24TSM+stock+is+up+4%25+today.+Here%27s+what+we+see+in+our+data
TSM,TSMC jumps 4.4% as AI-chip demand narrative and a broader semiconductor rally lift the group - Quiver Quantitative,2026-05-14 14:52:00,"Enter your email to receive free breaking news alerts and insights related to TSM. Backtested trading strategies built on Quiver's datasets Be the first to see our newest insights and key updates across all datasets Track the top-performing stock portfolios held by U.S. politicians in Congress Find stocks with ease across diverse datasets and filters Build and test your own strategies, using Quiver's Congressional trading datasets Build and test your own strategies, using Quiver's Institutional holdings datasets Our video reports and analysis, with early access to exclusive, subscriber-only videos By: Quiver PriceTracker Taiwan Semiconductor Manufacturing Co. (TSM) is up 4.4% today. Here is some analysis on what might have caused this price movement. Analysis: The move looks primarily driven by a broad risk-on rally in large-cap semiconductor and AI infrastructure names, with TSMC benefiting as a key foundry supplier to that ecosystem. Recent company updates have also reinforced expectations for strong 2026 growth, which can amplify upside on strong sector days. U.S. SEC, TSMC Investor Relations, Business Standard Disclaimer: This price movement analysis was generated with the help of AI. Please double-check the information provided for mistakes. $TSM insiders have traded $TSM stock on the open market 37 times in the past 6 months. Of those trades, 37 have been purchases and 0 have been sales. Here’s a breakdown of recent trading of $TSM stock by insiders over the last 6 months: To track insider transactions, check out Quiver Quantitative's insider trading dashboard. You can access data on insider stock transactions through the Quiver Quantitative API insider transaction endpoint. We have seen 1,565 institutional investors add shares of $TSM stock to their portfolio, and 1,316 decrease their positions in their most recent quarter. To track hedge funds' stock portfolios, check out Quiver Quantitative's institutional holdings dashboard. You can access data on hedge funds moves and 13F filings through the Quiver Quantitative API 13F endpoint. Members of Congress have traded $TSM stock 9 times in the past 6 months. Of those trades, 8 have been purchases and 1 have been sales. Here’s a breakdown of recent trading of $TSM stock by members of Congress over the last 6 months: To track congressional stock trading, check out Quiver Quantitative's congressional trading dashboard. You can access data on congressional stock trades through the Quiver Quantitative API Congress trades endpoint. Wall Street analysts have issued reports on $TSM in the last several months. We have seen 1 firms issue buy ratings on the stock, and 0 firms issue sell ratings. To track analyst ratings and price targets for $TSM, check out Quiver Quantitative's $TSM forecast page. Multiple analysts have issued price targets for $TSM recently. We have seen 5 analysts offer price targets for $TSM in the last 6 months, with a median target of $450.0. This article is not financial advice. See Quiver Quantitative's disclaimers for more information. Note that there may be inaccuracies due to mistakes in ticker-mapping, and other anomalies. Add Quiver Quantitative to your preferred sources on Google",https://www.quiverquant.com/news/TSMC+jumps+4.4%25+as+AI-chip+demand+narrative+and+a+broader+semiconductor+rally+lift+the+group
TSM,$Taiwan Semiconductor (TSM.US)$ Sell some for breakfast.... - Moomoo,2026-05-14 14:02:50,"To create a seamless experience and for website quality and improvement purposes, we use cookie technologies for verification and quality purposes, to personalize the content presented, and to provide advertising that may be of specific interest to you. Learn our Privacy Policy here.",https://www.moomoo.com/community/feed/taiwan-semiconductor-tsm-us-sell-some-for-breakfast-116573298361526
TSM,$Taiwan Semiconductor (TSM.US)$ - Moomoo,2026-05-14 13:52:09,"To create a seamless experience and for website quality and improvement purposes, we use cookie technologies for verification and quality purposes, to personalize the content presented, and to provide advertising that may be of specific interest to you. Learn our Privacy Policy here.",https://www.moomoo.com/community/feed/taiwan-semiconductor-tsm-us-116573256351750
TSM,Taiwan Semiconductor Manufacturing (TSM) Projects $1.5T Semicond - GuruFocus,2026-05-14 13:30:00,"This website is using a security service to protect itself from online attacks. The action you just performed triggered the security solution. There are several actions that could trigger this block including submitting a certain word or phrase, a SQL command or malformed data. You can email the site owner to let them know you were blocked. Please include what you were doing when this page came up and the Cloudflare Ray ID found at the bottom of this page. Cloudflare Ray ID: 9fc6c691cdf8c56e
•

        Your IP:
        Click to reveal
20.57.77.197
•

Performance & security by Cloudflare",https://www.gurufocus.com/news/8858685/taiwan-semiconductor-manufacturing-tsm-projects-15t-semiconductor-market-by-2030?mobile=true
TSM,TSMC’s US$1.5t Chip Outlook Reshapes AI Supply Chain Risks And Rewards - Yahoo Finance,2026-05-14 13:17:40,"Tip: Try a valid symbol or a specific company name for relevant results Trump’s 'insane amount of trades' astonish Wall Street insiders (Bloomberg) SpaceX accelerates IPO timeline, targets market debut as early as June 12 (Reuters) The Dow, S&P 500, and Nasdaq sank as US bond yields jumped to end a volatile week on a downbeat note The 30-year Treasury yield just broke to its highest level in almost 20 years Nasdaq leads dive in US stocks, with yields jumping amid inflation jitters Cerebras soared on its market debut. Here's how the company plans to take on Nvidia with a new approach to chip technology. Stocks gained, with the Dow closing above 50,000 and the S&P 500 and Nasdaq notching fresh records Cerebras stock surged 100% within minutes of trading in what is expected to be 2026's biggest IPO The Dow retook 50,000 and the S&P 500 topped 7,500 as the AI trade lifted stocks US stocks rise as Nvidia jumps, Trump-Xi summit kicks off Xi Jinping tells US CEOs that 'China's door will only open wider' Micron wiped out roughly $100 billion in market value at Tuesday’s low — and chip bulls still bought the dip Tech stocks led the S&P 500 and Nasdaq to record highs, while the Dow slipped The US Senate confirmed Kevin Warsh as the new chairman of the Federal Reserve with a final vote of 54-45 The 10-year Treasury yield hovered just below 4.5% after hot inflation data, raising concerns stocks could come under pressure US producer prices for April were striking: +6% YoY (4.8% est.) and +5.2% YoY excluding food and energy (4.3% est.). Dow, S&P 500, Nasdaq open mixed as PPI inflation data comes in hot Today's rising prices are 'every retiree's worst nightmare,' but Social Security COLA is projected to jump next year Sam Altman testifies he was 'extremely uncomfortable' with the idea of Elon Musk being named CEO The S&P 500 and Nasdaq retreated after a hot inflation print and sell-off in chip stocks weighed on sentiment The tech-heavy Nasdaq sank to a session low as chip stocks sold off Inflation's old ceiling is starting to look like a floor — why that's a problem for paychecks US stocks fall as Wall Street weighs CPI inflation print Consumer prices rose 3.8% in April from a year ago, driven by energy costs Elon Musk and Tim Cook are among the top executives the White House invited to join Trump for his summit with Xi this week Microsoft CEO Satya Nadella testified he never got 'clarity' on why OpenAI fired Sam Altman in 2023 The S&P 500 and Nasdaq eked out record highs as chip stocks extended gains and the Dow edged higher Goldman Sachs provides three reasons why the war in Iran hasn't derailed the global economy President Trump travels to China this week with several topics in focus: Tariffs, AI, and China’s role in the war in Iran. S&P 500, Nasdaq, Dow muted as Trump rejects Iran's response to peace plan The $1 trillion club's new members are powering the AI boom It may be too early to determine if AI-related job cuts stem from genuine productivity gains or the need to cut costs Crypto-backed mortgages are hitting the mainstream. Here's how they work. Here's how each airline is responding to rising jet fuel costs The Nasdaq's top winners are now running hotter than in 2000 A come-from-behind boom in old-school storage is leaving Nvidia and Micron in the dust Everything you need to know from the first 2 weeks of the Musk v. OpenAI trial The White House is touting an AI-fueled factory boom, but the latest jobs report tells a more complicated story This new AI trade is leaving the chip giant in the dust The S&P 500 and Nasdaq posted their sixth weekly wins as chip stocks rallied and jobs data boosted sentiment The Nasdaq gained 1.5% as chip stocks rallied, boosting the AI trade Consumer sentiment dropped to the lowest level on record as Americans struggle with rising gas prices Coinbase CEO Brian Armstrong compares AI agents to self-driving cars US stocks rose following a better-than-expected jobs report as investors eyed US-Iran tensions Nonfarm payrolls rise 115,000, blowing past expectations. Unemployment rate steady at 4.3. The AI arms race is eating into Big Tech's cash flow The above button links to Coinbase. Yahoo Finance is not a broker-dealer or investment adviser and does not offer securities or cryptocurrencies for sale or facilitate trading. Coinbase pays us for certain activity generated through this link. Prices displayed are informational. Track your investments for FREE with Simply Wall St, the portfolio command center trusted by over 7 million individual investors worldwide. TSMC raised its global semiconductor market forecast to exceed US$1.5b by 2030, citing stronger demand linked to AI and high performance computing. The company outlined rapid capacity expansion, including nine new wafer fab and packaging phases across multiple countries. TSMC is increasing its overseas production footprint in the U.S., Japan, and Germany, signaling a broader shift in the semiconductor supply chain. Taiwan Semiconductor Manufacturing (NYSE:TSM) is updating its long term view of the industry at a time when its own share price sits around US$399.8. The stock has gained 25.1% year to date and 107.3% over the past year, with a very large 3 year return and a strong 5 year return, which indicates how closely investors are watching AI related chip demand. In this context, the company’s latest capacity and geographic expansion plans are an important data point for anyone tracking the sector’s global build out. For investors, the increased market forecast and overseas capacity plans highlight how central NYSE:TSM is to AI and high performance computing supply chains. The coming phases of wafer fab and packaging build outs, especially outside Taiwan, could influence everything from industry pricing power to how concentrated or diversified chip production is over time. Stay updated on the most important news stories for Taiwan Semiconductor Manufacturing by adding it to your watchlist or portfolio. Alternatively, explore our Community to discover new perspectives on Taiwan Semiconductor Manufacturing. We've flagged 1 risk for Taiwan Semiconductor Manufacturing. See which could impact your investment. TSMC’s higher US$1.5t market forecast and plan for nine new fabs and packaging phases underline how tightly its business model is tied to AI and high performance computing demand. By scaling advanced manufacturing and packaging, the company is positioning itself as a key supplier for complex AI accelerators used by hyperscalers and large cloud customers. The build out in the U.S., Japan, and Germany also responds directly to customer and government calls for geographically diversified supply. This could matter for long-term contracts linked to national security and industrial policy. At the same time, this is a capital intensive path that requires consistent execution at new sites while managing costs, especially as peers such as Samsung Electronics and Intel are also expanding foundry capacity and courting similar customers. ⚠️ Large multi year capital expenditure and nine new production phases increase execution risk, particularly as overseas fabs typically carry higher costs and can weigh on profitability if utilization falls short of expectations. ⚠️ A heavier focus on AI and high performance computing chips concentrates TSMC on a cycle that is closely linked to spending decisions by a relatively small group of cloud and data center customers, so any slowdown in their budgets could have a meaningful impact. 🎁 Scaling advanced-node fabs and packaging capacity across several regions can strengthen relationships with major customers who want secure, diversified supply of AI focused chips. 🎁 The upgraded semiconductor market forecast, together with TSMC’s established leadership compared with foundry competitors like Samsung Electronics and Intel, reinforces its role at the center of AI infrastructure build outs. From here, focus on how quickly TSMC ramps new capacity in Arizona, Japan, and Germany, and whether those fabs reach high utilization without eroding margins. Also watch customer mix and comments from large AI chip buyers on their long term demand plans, along with any signs that competitors are winning meaningful share in advanced process or packaging. Finally, monitor how TSMC balances capital spending with shareholder returns as it funds this expansion across multiple regions. To ensure you're always in the loop on how the latest news impacts the investment narrative for Taiwan Semiconductor Manufacturing, head to the  community page for Taiwan Semiconductor Manufacturing to never miss an update on the top community narratives. This article by Simply Wall St is general in nature. We provide commentary based on historical data and analyst forecasts only using an unbiased methodology and our articles are not intended to be financial advice. It does not constitute a recommendation to buy or sell any stock, and does not take account of your objectives, or your financial situation. We aim to bring you long-term focused analysis driven by fundamental data. Note that our analysis may not factor in the latest price-sensitive company announcements or qualitative material. Simply Wall St has no position in any stocks mentioned. Have feedback on this article? Concerned about the content? Get in touch with us directly. Alternatively, email editorial-team@simplywallst.com Tip: Try a valid symbol or a specific company name for relevant results",https://finance.yahoo.com/markets/stocks/articles/tsmc-us-1-5t-chip-131740499.html
TSM,"Taiwan Semiconductor Pumps Billions Into Next-Gen Chips, Arizona Growth And Bigger Payouts - Sahm",2026-05-14 10:53:48,"Taiwan Semiconductor Pumps Billions Into Next-Gen Chips, Arizona Growth And Bigger Payouts Taiwan Semiconductor Manufacturing Co., Ltd. Sponsored ADR Taiwan Semiconductor Manufacturing Co. Ltd. (NYSE:TSM) is accelerating its AI-driven expansion as surging demand for advanced semiconductors pushes the company to ramp up production capacity worldwide. Taiwan Semiconductor's board approved about $31.28 billion in capital spending to expand advanced chip manufacturing capacity, construct new fabs and install facility systems to support rising demand for AI, 5G and high-performance computing chips. The company also approved up to $20 billion in additional investment for its wholly owned Arizona subsidiary, deepening its long-term U.S. expansion strategy. Taiwan Semiconductor previously said it expects 2026 capital spending to land near the high end of its projected $52 billion to $56 billion range, driven by robust customer demand for AI infrastructure and advanced-node chips. Taiwan Semiconductor also approved its first-quarter 2026 financial results. The company reported consolidated revenue of 1.13 trillion New Taiwan dollars and net income of 572.48 billion New Taiwan dollars. Diluted earnings per share came in at 22.08 New Taiwan dollars. The results underscore continued strength in demand for advanced semiconductors used in artificial intelligence, 5G infrastructure and high-performance computing applications. The company also increased its quarterly cash dividend to 7 New Taiwan dollars per share, up from 6 New Taiwan dollars previously. Taiwan Semiconductor shares have gained 31% year to date and surged 104% over the past 12 months as investors continue betting on the global AI buildout. From a trend perspective, TSM is still in a clean bullish structure: the stock is trading 2.2% above its 20-day SMA ($392.19) and 28.8% above its 200-day SMA ($311.26), which keeps the longer-term bias pointed higher. The 20-day SMA remains above the 50-day SMA, and the golden cross that formed in June 2025 (50-day moving above the 200-day) continues to act as a longer-term tailwind. Momentum looks more ""reset than stretched"" right now, with RSI at 54.83—neutral and consistent with consolidation rather than a runaway move. RSI is a quick way to gauge whether buying or selling pressure is getting overextended; in this case, it suggests TSM has room to move without immediately flashing an overbought warning like it did when RSI pushed above 70 in February. The nearby levels are straightforward: bulls generally want to see price hold above the mid-$300s area to keep the uptrend intact, while the next upside test sits near the prior peak zone. May remains an important reference point on the chart, with a recent swing high and the 52-week high both set in May, while the most recent swing low formed in March. The stock carries a Buy rating with an average price forecast of $420.00. Recent analyst moves include: TSM Stock Price Activity: Taiwan Semiconductor shares were up 0.94% at $401.00 during premarket trading on Wednesday, according to Benzinga Pro data. Copyright ©2026 Sahm Capital Financial Company All Rights Reserved Licensed Entity
          Sahm Capital Financial Company",https://www.sahmcapital.com/news/content/taiwan-semiconductor-pumps-billions-into-next-gen-chips-arizona-growth-and-bigger-payouts-2026-05-13
TSM,What's Going On With Taiwan Semiconductor Stock Thursday? - Taiwan Semiconductor (NYSE:TSM) - Benzinga,2026-05-14 09:53:52,"The owner of this website (www.benzinga.com) has banned you temporarily from accessing this website. Please see
                            https://developers.cloudflare.com/support/troubleshooting/http-status-codes/cloudflare-1xxx-errors/error-1015/
                            for more details. Cloudflare Ray ID: 9fc6c6e99f2e80b3
•

        Your IP:
        Click to reveal
20.57.77.197
•

Performance & security by Cloudflare",https://www.benzinga.com/markets/tech/26/05/52552328/ai-replaces-smartphones-as-chip-industrys-biggest-growth-machine-taiwan-semiconductor
TSM,Knuff & Co LLC Raises Stake in Taiwan Semiconductor Manufacturing Company Ltd. $TSM - MarketBeat,2026-05-14 09:53:26,"Knuff & Co LLC boosted its position in  Taiwan Semiconductor Manufacturing Company Ltd. (NYSE:TSM - Free Report) by 5.3% during the fourth quarter, according to the company in its most recent disclosure with the Securities & Exchange Commission. The fund owned 27,728 shares of the semiconductor company's stock after buying an additional 1,401 shares during the period. Taiwan Semiconductor Manufacturing makes up  approximately  2.5% of Knuff & Co LLC's investment portfolio, making the stock its 13th largest holding. Knuff & Co LLC's holdings in Taiwan Semiconductor Manufacturing were worth $8,426,000 at the end of the most recent quarter. Other large investors have also recently bought and sold shares of the company. Stephens Consulting LLC boosted its position in  Taiwan Semiconductor Manufacturing by 82.0% in the fourth quarter. Stephens Consulting LLC now owns 91 shares of the semiconductor company's stock valued at $28,000 after buying an additional 41 shares during the last quarter.  Ares Financial Consulting LLC purchased a new stake in  Taiwan Semiconductor Manufacturing in the fourth quarter valued at approximately $29,000.  Resources Management Corp CT ADV purchased a new stake in  Taiwan Semiconductor Manufacturing in the second quarter valued at approximately $32,000.  Maseco LLP purchased a new stake in  Taiwan Semiconductor Manufacturing in the fourth quarter valued at approximately $35,000.  Finally, Cedar Wealth Management LLC boosted its position in  Taiwan Semiconductor Manufacturing by 91.4% in the third quarter. Cedar Wealth Management LLC now owns 134 shares of the semiconductor company's stock valued at $37,000 after buying an additional 64 shares during the last quarter. Hedge funds and other institutional investors own  16.51% of the company's stock. In other Taiwan Semiconductor Manufacturing news, VP Bor-Zen Tien bought 1,000 shares of the firm's stock in a transaction dated Sunday, March 22nd. The shares were purchased at an average price of $55.93 per share, for a total transaction of $55,930.00. Following the transaction, the vice president directly owned 9,051 shares of the company's stock, valued at approximately $506,222.43. This represents a 12.42% increase in their position. The transaction was disclosed in a filing with the SEC, which is available through the SEC website. In the last 90 days, insiders purchased 1,346 shares of company stock worth $78,185. Company insiders own  1.11% of the company's stock. A number of equities research analysts recently commented on TSM shares. Freedom Capital upgraded Taiwan Semiconductor Manufacturing to a ""strong-buy"" rating in a research report on Thursday, January 15th. Wall Street Zen upgraded Taiwan Semiconductor Manufacturing from a ""hold"" rating to a ""buy"" rating in a research report on Sunday, March 22nd. Zacks Research lowered Taiwan Semiconductor Manufacturing from a ""strong-buy"" rating to a ""hold"" rating in a research report on Monday, March 16th. Needham & Company LLC upped their price objective on Taiwan Semiconductor Manufacturing from $410.00 to $480.00 and gave the stock a ""buy"" rating in a research report on Thursday, April 16th. Finally, Argus upgraded Taiwan Semiconductor Manufacturing to a ""strong-buy"" rating in a research report on Thursday, January 15th. Two investment analysts have rated the stock with a Strong Buy rating, eleven have assigned  a Buy rating and two have issued  a Hold rating to the company's stock. According to data from MarketBeat, the stock presently has an average rating of ""Buy"" and a consensus target price of $404.29. View Our Latest Stock Analysis on Taiwan Semiconductor Manufacturing Taiwan Semiconductor Manufacturing stock opened at $399.97 on Thursday. The company has a current ratio of 2.51, a quick ratio of 2.32 and a debt-to-equity ratio of 0.17. Taiwan Semiconductor Manufacturing Company Ltd. has a 12 month low of $188.81 and a 12 month high of $420.00. The stock's 50 day simple moving average is $363.15 and its two-hundred day simple moving average is $333.46. The firm has a market cap of $2.07 trillion, a PE ratio of 33.28, a P/E/G ratio of 1.16 and a beta of 1.39. Taiwan Semiconductor Manufacturing (NYSE:TSM - Get Free Report) last released its quarterly earnings data on Tuesday, February 10th. The semiconductor company reported $3.11 EPS for the quarter. Taiwan Semiconductor Manufacturing had a return on equity of 38.17% and a net margin of 46.97%.The business had revenue of $30.65 billion for the quarter.  Analysts anticipate that  Taiwan Semiconductor Manufacturing Company Ltd. will post 15.25 earnings per share for the current year. The business also recently disclosed a quarterly dividend, which will be paid on Thursday, October 8th. Shareholders of record on Wednesday, September 16th will be given a $1.1136 dividend. The ex-dividend date is Wednesday, September 16th. This represents a $4.45 annualized dividend and a yield of 1.1%. This is a boost from Taiwan Semiconductor Manufacturing's previous quarterly dividend of $0.95. Taiwan Semiconductor Manufacturing's payout ratio is currently 24.71%. Here are the key news stories impacting Taiwan Semiconductor Manufacturing this week: Taiwan Semiconductor Manufacturing Company (TSMC) is a leading pure-play semiconductor foundry that provides wafer fabrication and related services to the global semiconductor industry. Founded in 1987 by Morris Chang and headquartered in Hsinchu, Taiwan, TSMC manufactures integrated circuits on behalf of fabless and integrated device manufacturers, offering contract chip production across a broad set of technologies and products. TSMC's service offering covers logic and mixed-signal process technologies, specialty processes for radio-frequency, power management and embedded memory, and advanced nodes used in mobile, high-performance computing and AI applications. This instant news alert was generated by narrative science technology and financial data from MarketBeat in order to provide readers with the fastest reporting and unbiased coverage. Please send any questions or comments about this story to contact@marketbeat.com. Before you consider Taiwan Semiconductor Manufacturing, you'll want to hear this. MarketBeat keeps track of Wall Street's top-rated and best performing research analysts and the stocks they recommend to their clients on a daily basis. MarketBeat has identified the five stocks that top analysts are quietly whispering to their clients to buy now before the broader market catches on... and Taiwan Semiconductor Manufacturing wasn't on the list. While Taiwan Semiconductor Manufacturing currently has a Buy rating among analysts, top-rated analysts believe these five stocks are better buys. Thinking about investing in Meta, Roblox, or Unity? Click the link to learn what streetwise investors need to know about the metaverse and public markets before making an investment. Sign up for MarketBeat All Access to gain access to MarketBeat's full suite of research tools. 345 N Reid Place, Suite 620, Sioux Falls, SD 57103
                                        
                                        contact@marketbeat.com
                                        
                                        (844) 978-6257 © MarketBeat Media, LLC 2010-2026. All rights reserved. © 2026   Fair market value prices are updated every minute and are provided by Massive. Other market data provided is at least 10-minutes delayed and hosted by Barchart Solutions.  Information is provided 'as-is' and solely for informational purposes, not for trading purposes or advice, and is delayed. To see all exchange delays and terms of use please see Barchart's disclaimer. Enter your email below to receive daily updates and analyst ratings for Taiwan Semiconductor Manufacturing and related companies from The Early Bird.",https://www.marketbeat.com/instant-alerts/filing-knuff-co-llc-raises-stake-in-taiwan-semiconductor-manufacturing-company-ltd-tsm-2026-05-14/
TSM,"Summit Wealth Group LLC Co. Acquires Shares of 2,075 Taiwan Semiconductor Manufacturing Company Ltd. $TSM - MarketBeat",2026-05-14 09:47:26,"Summit Wealth Group LLC Co. acquired a new stake in  Taiwan Semiconductor Manufacturing Company Ltd. (NYSE:TSM - Free Report) during the fourth quarter, according to its most recent Form 13F filing with the SEC. The institutional investor  acquired 2,075 shares of the semiconductor company's stock, valued at approximately $631,000. A number of other large investors also recently modified their holdings of the company. World Investment Advisors increased its position in shares of  Taiwan Semiconductor Manufacturing by 20.9% in the 4th quarter. World Investment Advisors now owns 66,510 shares of the semiconductor company's stock valued at $20,212,000 after purchasing an additional 11,479 shares during the last quarter.  Cascades Capital Asset Management LLC increased its position in shares of  Taiwan Semiconductor Manufacturing by 55.8% in the 4th quarter. Cascades Capital Asset Management LLC now owns 2,797 shares of the semiconductor company's stock valued at $850,000 after purchasing an additional 1,002 shares during the last quarter.  Northeast Investment Management increased its position in shares of  Taiwan Semiconductor Manufacturing by 1.4% in the 4th quarter. Northeast Investment Management now owns 7,204 shares of the semiconductor company's stock valued at $2,189,000 after purchasing an additional 99 shares during the last quarter.  Argos Wealth Advisors LLC purchased a new stake in shares of  Taiwan Semiconductor Manufacturing in the 4th quarter valued at approximately $3,643,000.  Finally, Purkiss Capital Advisors LLC increased its position in shares of  Taiwan Semiconductor Manufacturing by 2.0% in the 4th quarter. Purkiss Capital Advisors LLC now owns 3,943 shares of the semiconductor company's stock valued at $1,198,000 after purchasing an additional 79 shares during the last quarter. 16.51% of the stock is owned by hedge funds and other institutional investors. In other Taiwan Semiconductor Manufacturing news, VP Bor-Zen Tien acquired 1,000 shares of the stock in a transaction on Sunday, March 22nd. The shares were bought at an average cost of $55.93 per share, with a total value of $55,930.00. Following the transaction, the vice president owned 9,051 shares of the company's stock, valued at approximately $506,222.43. This trade represents a 12.42% increase in their position. The transaction was disclosed in a document filed with the SEC, which is accessible through the SEC website. Over the last quarter, insiders have acquired 1,346 shares of company stock worth $78,185. Company insiders own  1.11% of the company's stock. NYSE TSM opened at $399.97 on Thursday. The company has a debt-to-equity ratio of 0.17, a current ratio of 2.51 and a quick ratio of 2.32. The firm's fifty day moving average price is $363.15 and its 200 day moving average price is $333.46. The company has a market capitalization of $2.07 trillion, a price-to-earnings ratio of 33.28, a price-to-earnings-growth ratio of 1.16 and a beta of 1.39. Taiwan Semiconductor Manufacturing Company Ltd. has a 12 month low of $188.81 and a 12 month high of $420.00. Taiwan Semiconductor Manufacturing (NYSE:TSM - Get Free Report) last posted its earnings results on Tuesday, February 10th. The semiconductor company reported $3.11 EPS for the quarter. The firm had revenue of $30.65 billion for the quarter. Taiwan Semiconductor Manufacturing had a net margin of 46.97% and a return on equity of 38.17%.  On average, sell-side analysts expect that  Taiwan Semiconductor Manufacturing Company Ltd. will post 15.25 earnings per share for the current fiscal year. The firm also recently disclosed a quarterly dividend, which will be paid on Thursday, October 8th. Shareholders of record on Wednesday, September 16th will be given a dividend of $1.1136 per share. This represents a $4.45 annualized dividend and a yield of 1.1%. The ex-dividend date of this dividend is Wednesday, September 16th. This is an increase from Taiwan Semiconductor Manufacturing's previous quarterly dividend of $0.95. Taiwan Semiconductor Manufacturing's payout ratio is 24.71%. A number of equities research analysts have commented on the stock. Weiss Ratings raised shares of Taiwan Semiconductor Manufacturing from a ""hold (c+)"" rating to a ""buy (b-)"" rating in a research report on Friday, March 20th. Argus raised shares of Taiwan Semiconductor Manufacturing to a ""strong-buy"" rating in a research report on Thursday, January 15th. Wedbush  reissued an ""outperform"" rating on shares of Taiwan Semiconductor Manufacturing in a research report on Wednesday, February 11th. Needham & Company LLC increased their price objective on shares of Taiwan Semiconductor Manufacturing from $410.00 to $480.00 and gave the company a ""buy"" rating in a research report on Thursday, April 16th. Finally, Wall Street Zen raised shares of Taiwan Semiconductor Manufacturing from a ""hold"" rating to a ""buy"" rating in a research report on Sunday, March 22nd. Two equities research analysts have rated the stock with a Strong Buy rating, eleven have given a Buy rating and two have assigned  a Hold rating to the company's stock. According to data from MarketBeat.com, the company  has a consensus rating of ""Buy"" and an average price target of $404.29. Here are the key news stories impacting Taiwan Semiconductor Manufacturing this week: Taiwan Semiconductor Manufacturing Company (TSMC) is a leading pure-play semiconductor foundry that provides wafer fabrication and related services to the global semiconductor industry. Founded in 1987 by Morris Chang and headquartered in Hsinchu, Taiwan, TSMC manufactures integrated circuits on behalf of fabless and integrated device manufacturers, offering contract chip production across a broad set of technologies and products. TSMC's service offering covers logic and mixed-signal process technologies, specialty processes for radio-frequency, power management and embedded memory, and advanced nodes used in mobile, high-performance computing and AI applications. Want to see what other hedge funds are holding TSM? Visit HoldingsChannel.com to get the latest 13F filings and insider trades for Taiwan Semiconductor Manufacturing Company Ltd. (NYSE:TSM - Free Report). This instant news alert was generated by narrative science technology and financial data from MarketBeat in order to provide readers with the fastest reporting and unbiased coverage. Please send any questions or comments about this story to contact@marketbeat.com. Before you consider Taiwan Semiconductor Manufacturing, you'll want to hear this. MarketBeat keeps track of Wall Street's top-rated and best performing research analysts and the stocks they recommend to their clients on a daily basis. MarketBeat has identified the five stocks that top analysts are quietly whispering to their clients to buy now before the broader market catches on... and Taiwan Semiconductor Manufacturing wasn't on the list. While Taiwan Semiconductor Manufacturing currently has a Buy rating among analysts, top-rated analysts believe these five stocks are better buys. Looking to profit from the electric vehicle mega-trend? Click the link to see our list of which EV stocks show the most long-term potential. Sign up for MarketBeat All Access to gain access to MarketBeat's full suite of research tools. 345 N Reid Place, Suite 620, Sioux Falls, SD 57103
                                        
                                        contact@marketbeat.com
                                        
                                        (844) 978-6257 © MarketBeat Media, LLC 2010-2026. All rights reserved. © 2026   Fair market value prices are updated every minute and are provided by Massive. Other market data provided is at least 10-minutes delayed and hosted by Barchart Solutions.  Information is provided 'as-is' and solely for informational purposes, not for trading purposes or advice, and is delayed. To see all exchange delays and terms of use please see Barchart's disclaimer.",https://www.marketbeat.com/instant-alerts/filing-summit-wealth-group-llc-co-acquires-shares-of-2075-taiwan-semiconductor-manufacturing-company-ltd-tsm-2026-05-14/
TSM,Taiwan Semiconductor Manufacturing Company Ltd. $TSM Shares Sold by Madison Asset Management LLC - MarketBeat,2026-05-14 09:37:16,"Madison Asset Management LLC trimmed its position in  Taiwan Semiconductor Manufacturing Company Ltd. (NYSE:TSM - Free Report) by 14.1% in the fourth quarter, according to its most recent disclosure with the Securities and Exchange Commission (SEC). The firm owned 15,293 shares of the semiconductor company's stock after selling 2,501 shares during the period. Madison Asset Management LLC's holdings in Taiwan Semiconductor Manufacturing were worth $4,647,000 as of its most recent SEC filing. A number of other institutional investors and hedge funds also recently modified their holdings of the stock. Fisher Asset Management LLC lifted its position in shares of  Taiwan Semiconductor Manufacturing by 1.0% during the 3rd quarter. Fisher Asset Management LLC now owns 17,833,127 shares of the semiconductor company's stock valued at $4,980,614,000 after acquiring an additional 168,171 shares during the last quarter.  Massachusetts Financial Services Co. MA lifted its position in shares of  Taiwan Semiconductor Manufacturing by 3.6% during the 3rd quarter. Massachusetts Financial Services Co. MA now owns 15,759,419 shares of the semiconductor company's stock valued at $4,401,448,000 after acquiring an additional 541,047 shares during the last quarter.  Bank of America Corp DE lifted its position in shares of  Taiwan Semiconductor Manufacturing by 0.9% during the 3rd quarter. Bank of America Corp DE now owns 14,935,893 shares of the semiconductor company's stock valued at $4,171,445,000 after acquiring an additional 130,173 shares during the last quarter.  Jennison Associates LLC lifted its position in shares of  Taiwan Semiconductor Manufacturing by 6.4% during the 4th quarter. Jennison Associates LLC now owns 13,394,299 shares of the semiconductor company's stock valued at $4,070,393,000 after acquiring an additional 802,757 shares during the last quarter.  Finally, Alliancebernstein L.P. lifted its position in shares of  Taiwan Semiconductor Manufacturing by 2.2% during the 3rd quarter. Alliancebernstein L.P. now owns 10,687,037 shares of the semiconductor company's stock valued at $2,984,783,000 after acquiring an additional 229,237 shares during the last quarter. Institutional investors and hedge funds own  16.51% of the company's stock. In related news, VP Bor-Zen Tien purchased 1,000 shares of the company's stock in a transaction dated Sunday, March 22nd. The shares were acquired at an average cost of $55.93 per share, with a total value of $55,930.00. Following the completion of the purchase, the vice president owned 9,051 shares of the company's stock, valued at $506,222.43. The trade was a 12.42% increase in their position. The acquisition was disclosed in a document filed with the Securities & Exchange Commission, which can be accessed through this hyperlink. Over the last 90 days, insiders have acquired 1,346 shares of company stock worth $78,185. 1.11% of the stock is owned by insiders. Shares of NYSE:TSM opened at $399.97 on Thursday. The company's fifty day moving average is $363.15 and its two-hundred day moving average is $333.46. The company has a quick ratio of 2.32, a current ratio of 2.51 and a debt-to-equity ratio of 0.17. Taiwan Semiconductor Manufacturing Company Ltd. has a 12-month low of $188.81 and a 12-month high of $420.00. The company has a market cap of $2.07 trillion, a P/E ratio of 33.28, a price-to-earnings-growth ratio of 1.16 and a beta of 1.39. Taiwan Semiconductor Manufacturing (NYSE:TSM - Get Free Report) last announced its earnings results on Tuesday, February 10th. The semiconductor company reported $3.11 earnings per share (EPS) for the quarter. Taiwan Semiconductor Manufacturing had a net margin of 46.97% and a return on equity of 38.17%. The company had revenue of $30.65 billion for the quarter.  Equities analysts expect that  Taiwan Semiconductor Manufacturing Company Ltd. will post 15.25 earnings per share for the current fiscal year. The company also recently announced a quarterly dividend, which will be paid on Thursday, October 8th. Shareholders of record on Wednesday, September 16th will be paid a dividend of $1.1136 per share. This is an increase from Taiwan Semiconductor Manufacturing's previous quarterly dividend of $0.95. The ex-dividend date of this dividend is Wednesday, September 16th. This represents a $4.45 annualized dividend and a yield of 1.1%. Taiwan Semiconductor Manufacturing's dividend payout ratio (DPR) is presently 24.71%. A number of brokerages have recently commented on TSM. Argus upgraded Taiwan Semiconductor Manufacturing to a ""strong-buy"" rating in a research report on Thursday, January 15th. Dbs Bank upgraded Taiwan Semiconductor Manufacturing to a ""moderate buy"" rating in a research report on Friday, January 23rd. Wedbush  reiterated an ""outperform"" rating on shares of Taiwan Semiconductor Manufacturing in a research report on Wednesday, February 11th. Needham & Company LLC boosted their target price on shares of Taiwan Semiconductor Manufacturing from $410.00 to $480.00 and gave the company a ""buy"" rating in a research note on Thursday, April 16th. Finally, TD Cowen boosted their target price on shares of Taiwan Semiconductor Manufacturing from $325.00 to $370.00 and gave the company a ""hold"" rating in a research note on Friday, January 16th. Two equities research analysts have rated the stock with a Strong Buy rating, eleven have issued  a Buy rating and two have issued  a Hold rating to the company. According to MarketBeat, Taiwan Semiconductor Manufacturing currently has a consensus rating of ""Buy"" and a consensus target price of $404.29. Read Our Latest Analysis on Taiwan Semiconductor Manufacturing Here are the key news stories impacting Taiwan Semiconductor Manufacturing this week: Taiwan Semiconductor Manufacturing Company (TSMC) is a leading pure-play semiconductor foundry that provides wafer fabrication and related services to the global semiconductor industry. Founded in 1987 by Morris Chang and headquartered in Hsinchu, Taiwan, TSMC manufactures integrated circuits on behalf of fabless and integrated device manufacturers, offering contract chip production across a broad set of technologies and products. TSMC's service offering covers logic and mixed-signal process technologies, specialty processes for radio-frequency, power management and embedded memory, and advanced nodes used in mobile, high-performance computing and AI applications. This instant news alert was generated by narrative science technology and financial data from MarketBeat in order to provide readers with the fastest reporting and unbiased coverage. Please send any questions or comments about this story to contact@marketbeat.com. Before you consider Taiwan Semiconductor Manufacturing, you'll want to hear this. MarketBeat keeps track of Wall Street's top-rated and best performing research analysts and the stocks they recommend to their clients on a daily basis. MarketBeat has identified the five stocks that top analysts are quietly whispering to their clients to buy now before the broader market catches on... and Taiwan Semiconductor Manufacturing wasn't on the list. While Taiwan Semiconductor Manufacturing currently has a Buy rating among analysts, top-rated analysts believe these five stocks are better buys. Market downturns give many investors pause, and for good reason. Wondering how to offset this risk? Click the link to learn more about using beta to protect your portfolio. Sign up for MarketBeat All Access to gain access to MarketBeat's full suite of research tools. 345 N Reid Place, Suite 620, Sioux Falls, SD 57103
                                        
                                        contact@marketbeat.com
                                        
                                        (844) 978-6257 © MarketBeat Media, LLC 2010-2026. All rights reserved. © 2026   Fair market value prices are updated every minute and are provided by Massive. Other market data provided is at least 10-minutes delayed and hosted by Barchart Solutions.  Information is provided 'as-is' and solely for informational purposes, not for trading purposes or advice, and is delayed. To see all exchange delays and terms of use please see Barchart's disclaimer.",https://www.marketbeat.com/instant-alerts/filing-taiwan-semiconductor-manufacturing-company-ltd-tsm-shares-sold-by-madison-asset-management-llc-2026-05-14/
TSM,Taiwan Semiconductor Manufacturing Company Ltd. $TSM Shares Sold by Central Asset Investments & Management Holdings HK Ltd - MarketBeat,2026-05-14 08:30:10,"Central Asset Investments & Management Holdings HK Ltd decreased its position in shares of  Taiwan Semiconductor Manufacturing Company Ltd. (NYSE:TSM - Free Report) by 16.6% in the fourth quarter, according to the company in its most recent 13F filing with the Securities and Exchange Commission (SEC). The fund owned 43,801 shares of the semiconductor company's stock after selling 8,726 shares during the period. Taiwan Semiconductor Manufacturing accounts for  8.7% of Central Asset Investments & Management Holdings HK Ltd's investment portfolio, making the stock its 4th biggest holding. Central Asset Investments & Management Holdings HK Ltd's holdings in Taiwan Semiconductor Manufacturing were worth $13,311,000 at the end of the most recent reporting period. Other institutional investors and hedge funds have also recently bought and sold shares of the company. Brighton Jones LLC raised its position in shares of  Taiwan Semiconductor Manufacturing by 20.9% during the fourth quarter. Brighton Jones LLC now owns 10,930 shares of the semiconductor company's stock valued at $2,159,000 after buying an additional 1,892 shares during the last quarter.  Gamco Investors INC. ET AL acquired a new position in shares of  Taiwan Semiconductor Manufacturing during the second quarter valued at about $701,000.  Bank of Nova Scotia raised its position in shares of  Taiwan Semiconductor Manufacturing by 12.8% during the second quarter. Bank of Nova Scotia now owns 15,697 shares of the semiconductor company's stock valued at $3,556,000 after buying an additional 1,784 shares during the last quarter.  FWL Investment Management LLC raised its position in shares of  Taiwan Semiconductor Manufacturing by 26.5% during the second quarter. FWL Investment Management LLC now owns 253 shares of the semiconductor company's stock valued at $57,000 after buying an additional 53 shares during the last quarter.  Finally, Main Street Financial Solutions LLC acquired a new position in shares of  Taiwan Semiconductor Manufacturing during the second quarter valued at about $270,000. Institutional investors and hedge funds own  16.51% of the company's stock. NYSE TSM opened at $399.97 on Thursday. The stock has a market cap of $2.07 trillion, a P/E ratio of 33.28, a PEG ratio of 1.16 and a beta of 1.39. The company's 50-day simple moving average is $363.15 and its 200 day simple moving average is $333.46. Taiwan Semiconductor Manufacturing Company Ltd. has a twelve month low of $188.81 and a twelve month high of $420.00. The company has a quick ratio of 2.32, a current ratio of 2.51 and a debt-to-equity ratio of 0.17. Taiwan Semiconductor Manufacturing (NYSE:TSM - Get Free Report) last posted its earnings results on Tuesday, February 10th. The semiconductor company reported $3.11 earnings per share for the quarter. The business had revenue of $30.65 billion for the quarter. Taiwan Semiconductor Manufacturing had a net margin of 46.97% and a return on equity of 38.17%.  As a group, research analysts forecast that  Taiwan Semiconductor Manufacturing Company Ltd. will post 15.25 earnings per share for the current fiscal year. The company also recently disclosed a quarterly dividend, which will be paid on Thursday, October 8th. Shareholders of record on Wednesday, September 16th will be paid a dividend of $1.1136 per share. This is a positive change from Taiwan Semiconductor Manufacturing's previous quarterly dividend of $0.95. This represents a $4.45 annualized dividend and a yield of 1.1%. The ex-dividend date of this dividend is Wednesday, September 16th. Taiwan Semiconductor Manufacturing's payout ratio is currently 24.71%. A number of brokerages have recently commented on TSM. Needham & Company LLC upped their price objective on shares of Taiwan Semiconductor Manufacturing from $410.00 to $480.00 and gave the company a ""buy"" rating in a research report on Thursday, April 16th. Freedom Capital raised shares of Taiwan Semiconductor Manufacturing to a ""strong-buy"" rating in a research report on Thursday, January 15th. Argus raised shares of Taiwan Semiconductor Manufacturing to a ""strong-buy"" rating in a research note on Thursday, January 15th. TD Cowen upped their target price on shares of Taiwan Semiconductor Manufacturing from $325.00 to $370.00 and gave the company a ""hold"" rating in a research note on Friday, January 16th. Finally, Weiss Ratings raised shares of Taiwan Semiconductor Manufacturing from a ""hold (c+)"" rating to a ""buy (b-)"" rating in a research note on Friday, March 20th. Two investment analysts have rated the stock with a Strong Buy rating, eleven have given a Buy rating and two have issued  a Hold rating to the company. Based on data from MarketBeat.com, Taiwan Semiconductor Manufacturing currently has a consensus rating of ""Buy"" and a consensus target price of $404.29. Read Our Latest Report on Taiwan Semiconductor Manufacturing In other news, VP Bor-Zen Tien acquired 1,000 shares of the firm's stock in a transaction on Sunday, March 22nd. The shares were purchased at an average cost of $55.93 per share, with a total value of $55,930.00. Following the completion of the purchase, the vice president owned 9,051 shares of the company's stock, valued at $506,222.43. This represents a 12.42% increase in their ownership of the stock. The acquisition was disclosed in a legal filing with the Securities & Exchange Commission, which is available through the SEC website. Insiders have bought 1,346 shares of company stock worth $78,185 over the last quarter. 1.11% of the stock is currently owned by corporate insiders. Here are the key news stories impacting Taiwan Semiconductor Manufacturing this week: Taiwan Semiconductor Manufacturing Company (TSMC) is a leading pure-play semiconductor foundry that provides wafer fabrication and related services to the global semiconductor industry. Founded in 1987 by Morris Chang and headquartered in Hsinchu, Taiwan, TSMC manufactures integrated circuits on behalf of fabless and integrated device manufacturers, offering contract chip production across a broad set of technologies and products. TSMC's service offering covers logic and mixed-signal process technologies, specialty processes for radio-frequency, power management and embedded memory, and advanced nodes used in mobile, high-performance computing and AI applications. This instant news alert was generated by narrative science technology and financial data from MarketBeat in order to provide readers with the fastest reporting and unbiased coverage. Please send any questions or comments about this story to contact@marketbeat.com. Before you consider Taiwan Semiconductor Manufacturing, you'll want to hear this. MarketBeat keeps track of Wall Street's top-rated and best performing research analysts and the stocks they recommend to their clients on a daily basis. MarketBeat has identified the five stocks that top analysts are quietly whispering to their clients to buy now before the broader market catches on... and Taiwan Semiconductor Manufacturing wasn't on the list. While Taiwan Semiconductor Manufacturing currently has a Buy rating among analysts, top-rated analysts believe these five stocks are better buys. Click the link to see MarketBeat's list of seven stocks and why their long-term outlooks are very promising. Sign up for MarketBeat All Access to gain access to MarketBeat's full suite of research tools. 345 N Reid Place, Suite 620, Sioux Falls, SD 57103
                                        
                                        contact@marketbeat.com
                                        
                                        (844) 978-6257 © MarketBeat Media, LLC 2010-2026. All rights reserved. © 2026   Fair market value prices are updated every minute and are provided by Massive. Other market data provided is at least 10-minutes delayed and hosted by Barchart Solutions.  Information is provided 'as-is' and solely for informational purposes, not for trading purposes or advice, and is delayed. To see all exchange delays and terms of use please see Barchart's disclaimer.",https://www.marketbeat.com/instant-alerts/filing-taiwan-semiconductor-manufacturing-company-ltd-tsm-shares-sold-by-central-asset-investments-management-holdings-hk-ltd-2026-05-14/
TSM,TSMC (TSM) Stock Jumps as Chipmaker Sees $1.5 Trillion Market by 2030 - CoinCentral,2026-05-14 07:54:18,"TSM closed at $399.80 on May 13, up 0.63% on the day, with after-hours trading pushing the stock to $406.00, a further gain of 1.55%. Taiwan Semiconductor Manufacturing Company Limited, TSM TSMC now sees the global chip market topping $1.5 trillion by 2030. That’s up 50% from its previous forecast of $1 trillion, and the company shared the updated outlook ahead of its annual technology symposium in Taiwan on Thursday. The revision is being driven almost entirely by AI demand. TSMC expects AI and high-performance computing to account for 55% of that $1.5 trillion market — roughly $825 billion. Smartphones come in second at 20%, with automotive applications at 10%. One number stands out above the rest: AI accelerator wafer demand is projected to grow 11-fold between 2022 and 2026. That kind of growth rarely shows up in forecasts, and it helps explain why TSMC is building at a pace that would have seemed aggressive just a few years ago. To meet that demand, TSMC says it has been stepping up capacity faster in 2025 and 2026. The company plans to build nine phases of wafer fabs and advanced packaging facilities this year alone. Its most advanced chips — the 2-nanometer node and the next-generation A16 — are on track to grow capacity at a compound annual rate of 70% from 2026 to 2028. That’s not a typo. TSMC’s CoWoS packaging technology, widely used in Nvidia’s AI chips, is forecast to grow at more than 80% CAGR from 2022 to 2027. CoWoS has become a key bottleneck in AI chip production, and TSMC is clearly putting resources behind it. In Arizona, the first fab is already producing chips. The second fab is set to receive equipment in the second half of 2026, with a third under construction. TSMC also just completed the purchase of a second large parcel of land in the state for future use, and work on a fourth fab is expected to begin this year. Output from the Arizona campus is expected to nearly double year-over-year in 2026, with yields that TSMC says will match those in Taiwan. In Japan, the first fab is in volume production. Plans for the second have been upgraded to 3-nanometer chips from a less advanced node, responding to stronger-than-expected demand. In Germany, TSMC’s fab is under construction and on schedule. It will start with 28nm and 22nm chips before moving to more advanced 16nm and 12nm processes. TSMC’s previous $1 trillion forecast, now bumped to $1.5 trillion, reflects how quickly the AI buildout has changed the math for the entire semiconductor industry. A new month means new opportunities. Our analysts have just released their top stock picks for May, highlighting companies with strong momentum that rank highly on our KO Score algorithm. We’re also now sharing trade ideas for both long-term and short-term investors, giving you more ways to spot potential opportunities in the market. Sign up to Knockout Stocks today and get 50% off to unlock the full list and see which stocks made the cut. Use coupon code Special50 for your exclusive discount! Discover top-performing stocks in AI, Crypto, and Technology with expert analysis. Futures & Crypto Trader 
 Sharing charts, strategies, & mindset tips to help you level up
 Not Financial Advice
Follow on X @Pro_Trader_Edge The signal the crypto market has been waiting for just dropped. The US Senate Banking… Never Miss Another Opportunity. Get hand selected news & info from our Crypto Experts so you can make educated, informed decisions that directly affect your crypto profits! Type above and press Enter to search. Press Esc to cancel. ZunaBet New Crypto Casino: 250% Bonus & 75 Free Casino Spins, Claim!",https://coincentral.com/tsmc-tsm-stock-jumps-as-chipmaker-sees-1-5-trillion-market-by-2030/
TSM,NYSE Composite: TSMC (NYSE:TSM) Shares Rally on AI Chip Boom? - Kalkine Media,2026-05-14 07:54:00,"Hey ! We have sent you a verification e-mail. Please follow the instructions on the e-mail to complete your registration. If you can't find it,
                    Please check your spam folder Make Kalkine Media

                                       My Trusted Source NYSE Composite features Taiwan Semiconductor Manufacturing Company as semiconductor sector activity expands through artificial intelligence demand, advanced chip manufacturing, and global fabrication growth initiatives. NYSE Composite reflected heightened attention toward semiconductor manufacturing companies as artificial intelligence and high-performance computing activity expanded across global technology markets. Taiwan Semiconductor Manufacturing Co (ADR) remained central to sector discussion following updated semiconductor market projections tied to advanced computing demand and fabrication expansion. The semiconductor sector continued evolving through increased demand for advanced processors, data center infrastructure, and artificial intelligence systems. Foundry companies across the industry expanded fabrication capacity while accelerating development of advanced chip packaging and manufacturing technologies. Taiwan Semiconductor Manufacturing Company operates as a contract chip manufacturer serving technology companies involved in computing, graphics processing, automotive systems, mobile devices, and artificial intelligence infrastructure. Production activity across the sector remained closely connected to demand for advanced processing capability and high-performance computing systems. Artificial intelligence continued influencing semiconductor manufacturing activity across global markets. Technology companies increasingly required advanced processors capable of handling machine learning workloads, cloud computing functions, and large-scale data processing. Within this environment, Taiwan Semiconductor Manufacturing Company expanded projections surrounding semiconductor sector growth through the end of the decade. Sector discussion frequently centered on how artificial intelligence accelerated demand for wafers, packaging technologies, and advanced fabrication processes. High-performance computing systems also remained a major driver of manufacturing expansion. Semiconductor foundries increased attention toward advanced process nodes capable of supporting faster processing speeds and greater computational efficiency. Demand surrounding accelerator wafers became especially significant within the semiconductor industry as artificial intelligence processors required increasingly advanced manufacturing techniques. Chip packaging technologies likewise became more important because artificial intelligence systems rely heavily on processing integration and thermal management. Operational updates surrounding Taiwan Semiconductor Manufacturing Co (ADR) (NYSE:TSM) emphasized ongoing expansion across fabrication and packaging facilities in multiple regions. Semiconductor manufacturing companies throughout the sector continued increasing capacity to address rising demand tied to computing infrastructure. Advanced fabrication facilities remained under development across the United States, Japan, and Europe. Arizona operations became a major focal point as additional fabrication plants and packaging facilities advanced through construction and installation stages. Semiconductor manufacturing expansion within Arizona reflected broader efforts across the industry to diversify geographic production capacity. Technology supply chains increasingly emphasized regional manufacturing capability and operational resilience. At the same time, Japanese semiconductor operations continued advancing through additional fabrication planning connected to advanced processing technologies. European semiconductor infrastructure also remained active through construction activity associated with manufacturing expansion in Germany. NYSE Composite additionally reflected broader market attention toward semiconductor companies expanding production capacity while supporting artificial intelligence infrastructure development across multiple regions. Semiconductor packaging technologies became increasingly important as artificial intelligence processors required greater integration efficiency and thermal coordination. Packaging methods connecting chips to substrates and wafers therefore remained central to sector activity. Taiwan Semiconductor Manufacturing Company continued expanding capacity tied to advanced packaging systems commonly used in artificial intelligence processors. Packaging technologies supporting graphics processing units and accelerator systems became a major focus throughout the semiconductor industry. Advanced process nodes also remained central to manufacturing discussion as foundries developed smaller and more powerful chip architectures. Semiconductor companies across the sector directed attention toward fabrication efficiency, power management, and processing performance. Artificial intelligence systems frequently require advanced semiconductor designs capable of handling large computational workloads. As a result, chip manufacturers expanded both fabrication and packaging operations to support increasing demand from cloud computing providers and technology firms. Semiconductor production additionally remained connected to broader technology categories including smartphones, automotive systems, industrial computing, and communication infrastructure. Artificial intelligence nevertheless emerged as the dominant factor shaping manufacturing expansion across the sector. The semiconductor sector continued experiencing rapid expansion driven by computing demand, cloud infrastructure growth, and artificial intelligence deployment. Foundry companies maintained a central role within this environment by producing chips for technology developers worldwide. Taiwan Semiconductor Manufacturing Co (ADR) (NYSE:TSM) remained one of the most closely watched semiconductor manufacturers due to its extensive fabrication network and advanced process capabilities. Sector attention frequently focused on manufacturing scale, packaging development, and production efficiency across global operations. Technology markets also continued monitoring semiconductor supply chain expansion as governments and corporations increased attention toward regional chip production capabilities. Fabrication facilities across Asia, North America, and Europe therefore remained central to broader technology sector activity. As artificial intelligence systems advanced across industries, semiconductor manufacturing companies continued scaling infrastructure tied to wafer production, advanced packaging, and high-performance computing technologies. The content, including but not limited to any articles, news, quotes, information, data, text, reports, ratings, opinions, images, photos, graphics, graphs, charts, animations and video (Content) is a service of Kalkine Media LLC (Kalkine Media, we or us) and is available for personal and non-commercial use only. The principal purpose of the Content is to educate and inform.  The Content does not contain or imply any recommendation or opinion intended to influence your financial decisions and must not be relied upon by you as such. Some of the Content on this website may be sponsored/non-sponsored, as applicable, but is NOT a solicitation or recommendation to buy, sell or hold the stocks of the company(s) or engage in any investment activity under discussion. Kalkine Media is neither licensed nor qualified to provide investment advice through this platform. Users should make their own enquiries about any investments and Kalkine Media strongly suggests the users to seek advice from a financial adviser, stockbroker or other professional (including taxation and legal advice), as necessary. Kalkine Media hereby disclaims any and all the liabilities to any user for any direct, indirect, implied, punitive, special, incidental or other consequential damages arising from any use of the Content on this website, which is provided without warranties.
The views expressed in the Content by the guests, if any, are their own and do not necessarily represent the views or opinions of Kalkine Media. Some of the images/music that may be used on this website are copyright to their respective owner(s). Kalkine Media does not claim ownership of any of the pictures/music displayed/used on this website unless stated otherwise. The images/music that may be used on this website are taken from various sources on the internet, including paid subscriptions or are believed to be in public domain. We have used reasonable efforts to accredit the source (public domain/CC0 status) to where it was found and indicated it, as necessary. Welcome to Kalkine Media Pty Ltd. website. Your website access and usage is governed by the
                    applicable  Terms of Use
                    & Privacy Policy. Welcome to Kalkine Media LLC website. Your website access and usage is governed by the applicable Terms and Conditions &
                    Privacy Policy. Welcome to Kalkine Media New Zealand Limited website. Your website access and usage is governed by
                    the applicable Terms and
                        Conditions & Privacy
                        Policy. Welcome to Kalkine Media Incorporated website. Your website access and usage is governed by the
                    applicable Terms and
                        Conditions & Privacy
                        Policy. Welcome to Kalkine Media Limited website. Your website access and usage is governed by the
                    applicable Terms of Use &
                    Privacy Policy. Welcome to Kalkine Media Limited website. Your website access and usage is governed by the
                    applicable Terms of Use &
                    Privacy Policy. Welcome to Kalkine Media Limited website. Your website access and usage is governed by the
                    applicable Terms of Use &
                    Privacy Policy. Welcome to Kalkine Media Limited website. Your website access and usage is governed by the
                    applicable Terms of Use &
                    Privacy Policy. Welcome to Kalkine Media Limited website. Your website access and usage is governed by the
                    applicable Terms of Use &
                    Privacy Policy. Welcome to Kalkine Media Limited website. Your website access and usage is governed by the
                    applicable Terms of Use &
                    Privacy Policy. Welcome to Kalkine Media Limited website. Your website access and usage is governed by the
                    applicable Terms of Use &
                    Privacy Policy. Welcome to Kalkine Media Limited website. Your website access and usage is governed by the
                    applicable Terms of Use &
                    Privacy Policy. Welcome to Kalkine Media Limited website. Your website access and usage is governed by the
                    applicable Terms of Use &
                    Privacy Policy. Welcome to Kalkine Media Limited website. Your website access and usage is governed by the
                    applicable Terms of Use &
                    Privacy Policy. Welcome to Kalkine Media Limited website. Your website access and usage is governed by the
                    applicable Terms of Use
                    & Privacy Policy. Welcome to Kalkine Media Limited website. Your website access and usage is governed by the
                    applicable Terms of Use &
                    Privacy Policy. Welcome to Kalkine Media Limited website. Your website access and usage is governed by the
                    applicable Terms of Use &
                    Privacy Policy. Welcome to Kalkine Media Limited website. Your website access and usage is governed by the
                    applicable Terms of Use &
                    Privacy Policy. Welcome to Kalkine Media Limited website. Your website access and usage is governed by the
                    applicable Terms of Use &
                    Privacy Policy. Welcome to Kalkine Media Limited website. Your website access and usage is governed by the
                    applicable Terms of Use &
                    Privacy Policy. مرحبًا بكم في موقع Kalkine Media Limited. يخضع الوصول إلى موقع الويب الخاص بك واستخدامه لما هو معمول
                    بهشروط الاستخدام & سياسة الخصوصية. Bienvenue sur le site Web de Kalkine Media Limited. L'accès et l'utilisation de votre site Web sont
                    régis par les Conditions
                        d'utilisation & Politique
                        de confidentialité. Bienvenido al sitio web de Kalkine Media Limited. El acceso y el uso de su sitio web se rigen por
                    los Términos de uso y Política de privacidad. Willkommen auf der Website von Kalkine Media Limited. Der Zugriff und die Nutzung Ihrer Website
                    unterliegen den geltenden Nutzungsbedingungen & Datenschutzerklärung. Willkommen auf der Website von Kalkine Media Limited. Der Zugriff und die Nutzung Ihrer Website
                    unterliegen den geltenden Nutzungsbedingungen & Datenschutzerklärung.",https://kalkinemedia.com/us/stocks/technology/nyse-composite-tsmc-nysetsm-shares-rally-on-ai-chip-boom
TSM,TSM: TSMC's Q2 Revenue Forecast Boosted by Strong Demand - GuruFocus,2026-05-14 07:45:17,"This website is using a security service to protect itself from online attacks. The action you just performed triggered the security solution. There are several actions that could trigger this block including submitting a certain word or phrase, a SQL command or malformed data. You can email the site owner to let them know you were blocked. Please include what you were doing when this page came up and the Cloudflare Ray ID found at the bottom of this page. Cloudflare Ray ID: 9fc6c6548d4cc56e
•

        Your IP:
        Click to reveal
20.57.77.197
•

Performance & security by Cloudflare",https://www.gurufocus.com/news/8858530/tsm-tsmcs-q2-revenue-forecast-boosted-by-strong-demand
TSM,"Baader Bank Aktiengesellschaft Purchases 5,517 Shares of Taiwan Semiconductor Manufacturing Company Ltd. $TSM - MarketBeat",2026-05-14 07:32:00,"Baader Bank Aktiengesellschaft boosted its position in  Taiwan Semiconductor Manufacturing Company Ltd. (NYSE:TSM - Free Report) by 62.8% during the fourth quarter, according to its most recent 13F filing with the SEC. The firm owned 14,309 shares of the semiconductor company's stock after acquiring an additional 5,517 shares during the period. Baader Bank Aktiengesellschaft's holdings in Taiwan Semiconductor Manufacturing were worth $4,333,000 as of its most recent SEC filing. A number of other institutional investors and hedge funds have also recently modified their holdings of the company. Western Wealth Management LLC lifted its holdings in shares of  Taiwan Semiconductor Manufacturing by 2.4% in the fourth quarter. Western Wealth Management LLC now owns 21,941 shares of the semiconductor company's stock worth $6,668,000 after buying an additional 524 shares in the last quarter.  Allworth Financial LP boosted its stake in  Taiwan Semiconductor Manufacturing by 5.9% in the fourth quarter. Allworth Financial LP now owns 38,181 shares of the semiconductor company's stock worth $11,603,000 after buying an additional 2,117 shares in the last quarter.  SFE Investment Counsel boosted its stake in  Taiwan Semiconductor Manufacturing by 11.7% in the fourth quarter. SFE Investment Counsel now owns 1,193 shares of the semiconductor company's stock worth $363,000 after buying an additional 125 shares in the last quarter.  Atria Investments Inc boosted its stake in  Taiwan Semiconductor Manufacturing by 0.8% in the fourth quarter. Atria Investments Inc now owns 139,312 shares of the semiconductor company's stock worth $42,335,000 after buying an additional 1,160 shares in the last quarter.  Finally, Navalign LLC purchased a new stake in shares of  Taiwan Semiconductor Manufacturing during the fourth quarter valued at approximately $39,000. 16.51% of the stock is owned by hedge funds and other institutional investors. A number of analysts have recently weighed in on the company. DA Davidson  reissued a ""buy"" rating and set a $450.00 price objective on shares of Taiwan Semiconductor Manufacturing in a research note on Friday, April 17th. Wall Street Zen upgraded Taiwan Semiconductor Manufacturing from a ""hold"" rating to a ""buy"" rating in a report on Sunday, March 22nd. Wedbush  restated an ""outperform"" rating on shares of Taiwan Semiconductor Manufacturing in a report on Wednesday, February 11th. Weiss Ratings upgraded Taiwan Semiconductor Manufacturing from a ""hold (c+)"" rating to a ""buy (b-)"" rating in a report on Friday, March 20th. Finally, TD Cowen lifted their price objective on Taiwan Semiconductor Manufacturing from $325.00 to $370.00 and gave the stock a ""hold"" rating in a report on Friday, January 16th. Two equities research analysts have rated the stock with a Strong Buy rating, eleven have issued  a Buy rating and two have assigned  a Hold rating to the company. Based on data from MarketBeat.com, the company presently has an average rating of ""Buy"" and an average target price of $404.29. View Our Latest Report on Taiwan Semiconductor Manufacturing In other news, VP Bor-Zen Tien acquired 1,000 shares of the firm's stock in a transaction dated Sunday, March 22nd. The shares were acquired at an average cost of $55.93 per share, with a total value of $55,930.00. Following the acquisition, the vice president directly owned 9,051 shares of the company's stock, valued at approximately $506,222.43. The trade was a 12.42% increase in their ownership of the stock. The transaction was disclosed in a filing with the SEC, which is available through this link. Over the last 90 days, insiders purchased 1,346 shares of company stock worth $78,185. 1.11% of the stock is owned by corporate insiders. Here are the key news stories impacting Taiwan Semiconductor Manufacturing this week: NYSE TSM opened at $399.97 on Thursday. Taiwan Semiconductor Manufacturing Company Ltd. has a 12 month low of $188.81 and a 12 month high of $420.00. The stock has a market cap of $2.07 trillion, a price-to-earnings ratio of 33.28, a PEG ratio of 1.16 and a beta of 1.39. The company's 50 day moving average is $363.15 and its two-hundred day moving average is $333.46. The company has a current ratio of 2.51, a quick ratio of 2.32 and a debt-to-equity ratio of 0.17. Taiwan Semiconductor Manufacturing (NYSE:TSM - Get Free Report) last released its earnings results on Tuesday, February 10th. The semiconductor company reported $3.11 EPS for the quarter. Taiwan Semiconductor Manufacturing had a net margin of 46.97% and a return on equity of 38.17%. The company had revenue of $30.65 billion for the quarter.  As a group, research analysts anticipate that  Taiwan Semiconductor Manufacturing Company Ltd. will post 15.25 earnings per share for the current year. The firm also recently declared a quarterly dividend, which will be paid on Thursday, October 8th. Shareholders of record on Wednesday, September 16th will be paid a $1.1136 dividend. This represents a $4.45 annualized dividend and a yield of 1.1%. The ex-dividend date is Wednesday, September 16th. This is a positive change from Taiwan Semiconductor Manufacturing's previous quarterly dividend of $0.95. Taiwan Semiconductor Manufacturing's dividend payout ratio  is currently 24.71%. Taiwan Semiconductor Manufacturing Company (TSMC) is a leading pure-play semiconductor foundry that provides wafer fabrication and related services to the global semiconductor industry. Founded in 1987 by Morris Chang and headquartered in Hsinchu, Taiwan, TSMC manufactures integrated circuits on behalf of fabless and integrated device manufacturers, offering contract chip production across a broad set of technologies and products. TSMC's service offering covers logic and mixed-signal process technologies, specialty processes for radio-frequency, power management and embedded memory, and advanced nodes used in mobile, high-performance computing and AI applications. Want to see what other hedge funds are holding TSM? Visit HoldingsChannel.com to get the latest 13F filings and insider trades for Taiwan Semiconductor Manufacturing Company Ltd. (NYSE:TSM - Free Report). This instant news alert was generated by narrative science technology and financial data from MarketBeat in order to provide readers with the fastest reporting and unbiased coverage. Please send any questions or comments about this story to contact@marketbeat.com. Before you consider Taiwan Semiconductor Manufacturing, you'll want to hear this. MarketBeat keeps track of Wall Street's top-rated and best performing research analysts and the stocks they recommend to their clients on a daily basis. MarketBeat has identified the five stocks that top analysts are quietly whispering to their clients to buy now before the broader market catches on... and Taiwan Semiconductor Manufacturing wasn't on the list. While Taiwan Semiconductor Manufacturing currently has a Buy rating among analysts, top-rated analysts believe these five stocks are better buys. Wondering where to start (or end) with AI stocks? These 10 simple stocks can help investors build long-term wealth as artificial intelligence continues to grow into the future. Sign up for MarketBeat All Access to gain access to MarketBeat's full suite of research tools. 345 N Reid Place, Suite 620, Sioux Falls, SD 57103
                                        
                                        contact@marketbeat.com
                                        
                                        (844) 978-6257 © MarketBeat Media, LLC 2010-2026. All rights reserved. © 2026   Fair market value prices are updated every minute and are provided by Massive. Other market data provided is at least 10-minutes delayed and hosted by Barchart Solutions.  Information is provided 'as-is' and solely for informational purposes, not for trading purposes or advice, and is delayed. To see all exchange delays and terms of use please see Barchart's disclaimer.",https://www.marketbeat.com/instant-alerts/filing-baader-bank-aktiengesellschaft-purchases-5517-shares-of-taiwan-semiconductor-manufacturing-company-ltd-tsm-2026-05-14/
TSM,Ameritas Advisory Services LLC Lowers Stock Holdings in Taiwan Semiconductor Manufacturing Company Ltd. $TSM - MarketBeat,2026-05-14 07:11:54,"Ameritas Advisory Services LLC lowered its position in shares of  Taiwan Semiconductor Manufacturing Company Ltd. (NYSE:TSM - Free Report) by 10.6% in the 4th quarter, according to the company in its most recent Form 13F filing with the Securities and Exchange Commission. The institutional investor  owned 10,883 shares of the semiconductor company's stock after selling 1,287 shares during the period. Ameritas Advisory Services LLC's holdings in Taiwan Semiconductor Manufacturing were worth $3,307,000 as of its most recent SEC filing. A number of other hedge funds and other institutional investors have also bought and sold shares of TSM. Fisher Asset Management LLC lifted its position in  Taiwan Semiconductor Manufacturing by 1.0% during the third quarter. Fisher Asset Management LLC now owns 17,833,127 shares of the semiconductor company's stock valued at $4,980,614,000 after purchasing an additional 168,171 shares during the last quarter.  Massachusetts Financial Services Co. MA increased its holdings in shares of  Taiwan Semiconductor Manufacturing by 3.6% in the 3rd quarter. Massachusetts Financial Services Co. MA now owns 15,759,419 shares of the semiconductor company's stock worth $4,401,448,000 after buying an additional 541,047 shares during the last quarter.  Bank of America Corp DE raised its position in shares of  Taiwan Semiconductor Manufacturing by 0.9% during the 3rd quarter. Bank of America Corp DE now owns 14,935,893 shares of the semiconductor company's stock valued at $4,171,445,000 after buying an additional 130,173 shares in the last quarter.  Jennison Associates LLC lifted its holdings in shares of  Taiwan Semiconductor Manufacturing by 6.4% during the 4th quarter. Jennison Associates LLC now owns 13,394,299 shares of the semiconductor company's stock worth $4,070,393,000 after acquiring an additional 802,757 shares during the last quarter.  Finally, Alliancebernstein L.P. lifted its holdings in shares of  Taiwan Semiconductor Manufacturing by 2.2% during the 3rd quarter. Alliancebernstein L.P. now owns 10,687,037 shares of the semiconductor company's stock worth $2,984,783,000 after acquiring an additional 229,237 shares during the last quarter. Institutional investors own  16.51% of the company's stock. NYSE TSM opened at $399.97 on Thursday. Taiwan Semiconductor Manufacturing Company Ltd. has a 1-year low of $188.81 and a 1-year high of $420.00. The company has a current ratio of 2.51, a quick ratio of 2.32 and a debt-to-equity ratio of 0.17. The stock has a 50-day moving average of $363.15 and a 200-day moving average of $333.46. The firm has a market cap of $2.07 trillion, a PE ratio of 33.28, a price-to-earnings-growth ratio of 1.16 and a beta of 1.39. Taiwan Semiconductor Manufacturing (NYSE:TSM - Get Free Report) last posted its quarterly earnings results on Tuesday, February 10th. The semiconductor company reported $3.11 earnings per share (EPS) for the quarter. Taiwan Semiconductor Manufacturing had a return on equity of 38.17% and a net margin of 46.97%.The business had revenue of $30.65 billion for the quarter.  As a group, sell-side analysts forecast that  Taiwan Semiconductor Manufacturing Company Ltd. will post 15.25 EPS for the current year. The company also recently announced a quarterly dividend, which will be paid on Thursday, October 8th. Investors of record on Wednesday, September 16th will be paid a $1.1136 dividend. The ex-dividend date of this dividend is Wednesday, September 16th. This is a positive change from Taiwan Semiconductor Manufacturing's previous quarterly dividend of $0.95. This represents a $4.45 annualized dividend and a dividend yield of 1.1%. Taiwan Semiconductor Manufacturing's payout ratio is presently 24.71%. In other news, VP Bor-Zen Tien acquired 1,000 shares of the stock in a transaction dated Sunday, March 22nd. The stock was purchased at an average cost of $55.93 per share, with a total value of $55,930.00. Following the completion of the purchase, the vice president owned 9,051 shares in the company, valued at approximately $506,222.43. The trade was a 12.42% increase in their position. The purchase was disclosed in a document filed with the Securities & Exchange Commission, which is available at this hyperlink. In the last three months, insiders have acquired 1,346 shares of company stock worth $78,185. Corporate insiders own  1.11% of the company's stock. Here are the key news stories impacting Taiwan Semiconductor Manufacturing this week: A number of research analysts recently commented on the company. Wedbush  reissued an ""outperform"" rating on shares of Taiwan Semiconductor Manufacturing in a research note on Wednesday, February 11th. Wall Street Zen raised Taiwan Semiconductor Manufacturing from a ""hold"" rating to a ""buy"" rating in a research note on Sunday, March 22nd. Barclays upped their price objective on Taiwan Semiconductor Manufacturing from $450.00 to $470.00 and gave the stock an ""overweight"" rating in a report on Wednesday, April 22nd. DA Davidson  reiterated a ""buy"" rating and set a $450.00 price objective on shares of Taiwan Semiconductor Manufacturing in a research report on Friday, April 17th. Finally, Freedom Capital raised Taiwan Semiconductor Manufacturing to a ""strong-buy"" rating in a report on Thursday, January 15th. Two research analysts have rated the stock with a Strong Buy rating, eleven have given a Buy rating and two have assigned  a Hold rating to the company. According to data from MarketBeat.com, Taiwan Semiconductor Manufacturing  has a consensus rating of ""Buy"" and a consensus target price of $404.29. Taiwan Semiconductor Manufacturing Company (TSMC) is a leading pure-play semiconductor foundry that provides wafer fabrication and related services to the global semiconductor industry. Founded in 1987 by Morris Chang and headquartered in Hsinchu, Taiwan, TSMC manufactures integrated circuits on behalf of fabless and integrated device manufacturers, offering contract chip production across a broad set of technologies and products. TSMC's service offering covers logic and mixed-signal process technologies, specialty processes for radio-frequency, power management and embedded memory, and advanced nodes used in mobile, high-performance computing and AI applications. Want to see what other hedge funds are holding TSM? Visit HoldingsChannel.com to get the latest 13F filings and insider trades for Taiwan Semiconductor Manufacturing Company Ltd. (NYSE:TSM - Free Report). This instant news alert was generated by narrative science technology and financial data from MarketBeat in order to provide readers with the fastest reporting and unbiased coverage. Please send any questions or comments about this story to contact@marketbeat.com. Before you consider Taiwan Semiconductor Manufacturing, you'll want to hear this. MarketBeat keeps track of Wall Street's top-rated and best performing research analysts and the stocks they recommend to their clients on a daily basis. MarketBeat has identified the five stocks that top analysts are quietly whispering to their clients to buy now before the broader market catches on... and Taiwan Semiconductor Manufacturing wasn't on the list. While Taiwan Semiconductor Manufacturing currently has a Buy rating among analysts, top-rated analysts believe these five stocks are better buys. With the proliferation of data centers and electric vehicles, the electric grid will only get more strained. Download this report to learn how energy stocks can play a role in your portfolio as the global demand for energy continues to grow. Sign up for MarketBeat All Access to gain access to MarketBeat's full suite of research tools. 345 N Reid Place, Suite 620, Sioux Falls, SD 57103
                                        
                                        contact@marketbeat.com
                                        
                                        (844) 978-6257 © MarketBeat Media, LLC 2010-2026. All rights reserved. © 2026   Fair market value prices are updated every minute and are provided by Massive. Other market data provided is at least 10-minutes delayed and hosted by Barchart Solutions.  Information is provided 'as-is' and solely for informational purposes, not for trading purposes or advice, and is delayed. To see all exchange delays and terms of use please see Barchart's disclaimer.",https://www.marketbeat.com/instant-alerts/filing-ameritas-advisory-services-llc-lowers-stock-holdings-in-taiwan-semiconductor-manufacturing-company-ltd-tsm-2026-05-14/
TSM,Why Is Smart Money Betting on TSM Reaching $630? | Smart Money Option - Moomoo,2026-05-14 07:00:00,"To create a seamless experience and for website quality and improvement purposes, we use cookie technologies for verification and quality purposes, to personalize the content presented, and to provide advertising that may be of specific interest to you. Learn our Privacy Policy here.",https://www.moomoo.com/community/feed/why-is-smart-money-betting-on-tsm-reaching-630-smart-116574590205958
TSM,TSM Forecasts Semiconductor Market to Surpass $1.5 Trillion by 2 - GuruFocus,2026-05-14 06:46:07,"This website is using a security service to protect itself from online attacks. The action you just performed triggered the security solution. There are several actions that could trigger this block including submitting a certain word or phrase, a SQL command or malformed data. You can email the site owner to let them know you were blocked. Please include what you were doing when this page came up and the Cloudflare Ray ID found at the bottom of this page. Cloudflare Ray ID: 9fc6c6ee2fc0c56e
•

        Your IP:
        Click to reveal
20.57.77.197
•

Performance & security by Cloudflare",https://www.gurufocus.com/news/8857381/tsm-forecasts-semiconductor-market-to-surpass-15-trillion-by-2030?mobile=true
TSM,TSM: TSMC Projects $1.5 Trillion Semiconductor Market by 2030 - GuruFocus,2026-05-14 06:33:45,"This website is using a security service to protect itself from online attacks. The action you just performed triggered the security solution. There are several actions that could trigger this block including submitting a certain word or phrase, a SQL command or malformed data. You can email the site owner to let them know you were blocked. Please include what you were doing when this page came up and the Cloudflare Ray ID found at the bottom of this page. Cloudflare Ray ID: 9fc6c6c69ee3c56e
•

        Your IP:
        Click to reveal
20.57.77.197
•

Performance & security by Cloudflare",https://www.gurufocus.com/news/8857382/tsm-tsmc-projects-15-trillion-semiconductor-market-by-2030?mobile=true
TSM,TSM Forecasts Semiconductor Market Growth to $15 Trillion by 203 - GuruFocus,2026-05-14 06:33:45,"This website is using a security service to protect itself from online attacks. The action you just performed triggered the security solution. There are several actions that could trigger this block including submitting a certain word or phrase, a SQL command or malformed data. You can email the site owner to let them know you were blocked. Please include what you were doing when this page came up and the Cloudflare Ray ID found at the bottom of this page. Cloudflare Ray ID: 9fc6c69e2e38c56e
•

        Your IP:
        Click to reveal
20.57.77.197
•

Performance & security by Cloudflare",https://www.gurufocus.com/news/8857401/tsm-forecasts-semiconductor-market-growth-to-15-trillion-by-2030?mobile=true
TSM,Better Buy: Taiwan Semiconductor vs. Micron Stock - The Motley Fool,2026-05-13 21:23:00,"These two chipmakers have two different investment profiles. In the chip manufacturing world, there are two primary types of chips made: memory and logic chips. Each serves a different purpose in a computer, and each is important. In the logic chip world, there is no bigger manufacturer than Taiwan Semiconductor (TSM 3.08%). In the memory world, it's a bit more spread out, and Micron (MU 6.58%) is among the largest producers. However, many investors are intrigued by the investment opportunities offered by these chipmakers. The biggest draw is that they are a somewhat neutral investment. Both companies do business with nearly every chip designer, and as long as artificial intelligence (AI) demand continues to grow, these two should thrive. But which is the better buy right now? Let's take a look. The chip industry is notoriously cyclical. There is a recurring boom-and-bust cycle that happens along a random time frame in the chip world. It's impossible to predict the start and finish of these cycles, which makes investing in them a bit difficult, but not impossible. Furthermore, the level of cyclicity each company displays varies by product. Between manufacturers, there are quite a few differences in logic chips. This variety makes them a bit less susceptible to market cycles because it differentiates one product from another. In the memory chip space, there is hardly anything to separate one provider from another, so chip prices are more commodity-like and heavily affected by supply-and-demand economics. Currently, demand for memory chips is at an all-time high, while supply is lagging. During Micron's last quarterly conference call, management noted that they would only be able to meet half to two-thirds of medium-term demand. That sentiment is echoed across the memory chip industry, where supply hasn't kept pace with demand. Furthermore, the market for memory chips is expanding each year, so demand isn't slowing down, either. This boom creates a huge tailwind for Micron, which is boosting its revenue. However, once capacity has been built out, memory prices may return to normal levels, making a company like Taiwan Semiconductor a far more stable investment. Most investors (including myself) prefer stability, so I'm giving this category win to Taiwan Semiconductor. Micron's latest quarterly results have been jaw-dropping, thanks to booming memory chip prices. In Q2 of fiscal year (FY) 2026 (ending Feb. 26), its revenue totaled $23.9 billion. For comparison, it was a mere $8.05 billion last year. Next quarter, it expects $33.5 billion in revenue. Don't be surprised to see the growth rate stay sustained for a long time frame, as the memory shortage is real and could persist for several years. At a 40% revenue growth rate, Taiwan Semiconductor is posting excellent results. However, it's tough to compete with a company whose product is seeing insatiable demand with soaring prices. Because Micron is a more cyclical business, it normally trades at a pretty hefty discount. This discount springs from its unpredictability, and most investors don't want to invest in cyclical businesses. As a result, Micron looks dirt cheap at 14 times forward earnings, while Taiwan Semiconductor is pretty expensive at 26 times forward earnings. The question is, is Micron's price worth it versus Taiwan Semiconductor's premium? I think that is a question each investor must decide for themselves. If you want a set-it-and-forget-it stock, Taiwan Semiconductor is a better bet. If you want a stock that can deliver maximum upside, but you must watch industry trends to see if chip demand is falling, then Micron is a better pick. Although these two both make chips, they are vastly different investments. One isn't categorically better than the other. Investors must choose which one is right for them, or they can invest in both. Keithen Drury has positions in Taiwan Semiconductor Manufacturing. The Motley Fool has positions in and recommends Micron Technology and Taiwan Semiconductor Manufacturing. The Motley Fool has a disclosure policy. *Average returns of all recommendations since inception. Cost basis and return based on previous market day close. Invest better with The Motley Fool. Get stock recommendations, portfolio guidance, and more from The Motley Fool's premium services. © 1995 - 2026 The Motley Fool. All rights reserved.",https://www.fool.com/investing/2026/05/13/better-buy-taiwan-semiconductor-vs-micron-stock/
TSM,A Look At Taiwan Semiconductor Manufacturing’s Valuation After Strong Multi Year Shareholder Returns - simplywall.st,2026-05-13 21:14:59,"Taiwan Semiconductor Manufacturing (TSM) has drawn fresh attention after recent share price moves, with the stock down 1.8% over the past day but up around 7.2% over the past month. See our latest analysis for Taiwan Semiconductor Manufacturing. While the share price slipped 1.8% over the past day, the stock has a 24.3% year to date share price return and a very large 3 year total shareholder return. Long term holders may weigh that momentum against any shift in risk perception around the current US$397.28 level. If you are looking beyond Taiwan Semiconductor Manufacturing for other opportunities tied to chip demand and infrastructure, this is a good moment to scan 39 AI infrastructure stocks With strong recent returns and solid reported revenue and net income, plus a value score of 3, the key question is whether Taiwan Semiconductor Manufacturing is still undervalued or if the market is already pricing in future growth. Against the last close at $397.28, the most followed narrative puts Taiwan Semiconductor Manufacturing's fair value at $400, suggesting only a small valuation gap on that basis. TSMC is the central pillar of the global semiconductor ecosystem, powering the AI revolution with unmatched scale, cutting-edge process technology, and disciplined execution. With record profits, dominant client base, and massive expansion underway, both in Taiwan and abroad, it stands as a low-risk way to own the AI infrastructure wave. Although geopolitical and trade risks loom, its moat, margins, and market position offer a rare combination of growth, profitability, and stability. Curious what kind of AI driven revenue mix, profitability profile, and future earnings multiple sit behind that fair value number? The full narrative breaks down the growth assumptions, margin structure, and cash generation expectations that underpin this $400 estimate. Have a read of the narrative in full and understand what's behind the forecasts. However, this AI heavy narrative still hinges on geopolitical tension around Taiwan and the risk that very large capex plans run ahead of actual chip demand. Find out about the key risks to this Taiwan Semiconductor Manufacturing narrative. The narrative fair value of $400 suggests Taiwan Semiconductor Manufacturing is undervalued, but the Simply Wall St DCF model points the other way, with an estimate of $215.69. In practical terms, that highlights the risk that expectations in the story may be running ahead of cash flow reality. Look into how the SWS DCF model arrives at its fair value. Simply Wall St performs a discounted cash flow (DCF) on every stock in the world every day (check out Taiwan Semiconductor Manufacturing for example). We show the entire calculation in full. You can track the result in your watchlist or portfolio and be alerted when this changes, or use our stock screener to discover 44 high quality undervalued stocks. If you save a screener we even alert you when new companies match - so you never miss a potential opportunity. With mixed signals around valuation and sentiment, it makes sense to review the numbers and context yourself before reacting. To consider both the potential upside and the concerns, take a look at the 4 key rewards and 1 important warning sign If you stop with just one stock, you risk missing other opportunities that could fit your goals even better, so keep your watchlist working hard for you. This article by Simply Wall St is general in nature. We provide commentary based on historical data
        and analyst forecasts only using an unbiased methodology and our articles are not intended to be financial advice. It does not constitute a recommendation to buy or sell any stock, and does not take account of your objectives, or your
        financial situation. We aim to bring you long-term focused analysis driven by fundamental data.
        Note that our analysis may not factor in the latest price-sensitive company announcements or qualitative material.
        Simply Wall St has no position in any stocks mentioned. Discover if Taiwan Semiconductor Manufacturing might be undervalued or overvalued with our detailed analysis, featuring fair value estimates, potential risks, dividends, insider trades, and its financial condition. Have feedback on this article? Concerned about the content? Get in touch with us directly. Alternatively, email editorial-team@simplywallst.com Manufactures, packages, tests, and sells integrated circuits and other semiconductor devices in Taiwan, China, Europe, the Middle East, Africa, Japan, the United States, and internationally. Financial Data provided by S&P Global Market Intelligence LLC, analysis provided by Simply Wall Street Pty Ltd. Copyright © 2026, S&P Global Market Intelligence LLC. All rights reserved. Simply Wall Street Pty Ltd (ACN 600 056 611), is a Corporate Authorised Representative (Authorised Representative Number: 467183) of Sanlam Private Wealth Pty Ltd (AFSL No. 337927). Any advice contained in this website is general advice only and has been prepared without considering your objectives, financial situation or needs. You should not rely on any advice and/or information contained in this website and before making any investment decision we recommend that you consider whether it is appropriate for your situation and seek appropriate financial, taxation and legal advice. Please read our Financial Services Guide before deciding whether to obtain financial services from us. © 2026 Simply Wall Street Pty Ltd, US Design Patent #29/544/281, Community and European Design Registration #2845206",https://simplywall.st/stocks/us/semiconductors/nyse-tsm/taiwan-semiconductor-manufacturing/news/a-look-at-taiwan-semiconductor-manufacturings-valuation-afte
TSM,Taiwan Semiconductor Manufacturing Company Limited (TSM): Top AI Stock to Buy According to Billionaire David Tepper on Robust Revenue Growth - Insider Monkey,2026-05-13 17:09:47,"Taiwan Semiconductor Manufacturing Company Limited (NYSE:TSM) is one of the best AI stocks to buy for 2026, according to billionaire David Tepper. On May 8, Taiwan Semiconductor Manufacturing Company Limited (NYSE:TSM) delivered April revenue figures that affirmed strong demand for artificial intelligence chips. The company’s April revenue was up 17.5% year over year to $13.08 billion. Revenue for the first four months of the year was up by 29.9%. The robust revenue growth underscores the company’s increasingly prominent role in the global semiconductor supply chain as demand for AI infrastructure and advanced AI chips grows. On the other hand, Taiwan Semiconductor Manufacturing has entered into a strategic collaboration with Sony Semiconductor Solutions Corporation. The companies are joining forces to enhance the development and manufacturing of next-generation image sensors. The companies are to establish a joint venture with Sony as the majority and controlling shareholder. The joint venture is to leverage Sony’s expertise in sensor design alongside TSMC’s strengths in process technology and manufacturing to enhance image sensor performance. Taiwan Semiconductor Manufacturing Company Limited (NYSE:TSM) dominates advanced AI chip manufacturing for clients such as Nvidia, AMD, and Apple, leveraging AI to optimize production. It controls over 90% of high-end chip production and supports scalable AI hardware with advanced packaging. While we acknowledge the risk and potential of TSM as an investment, our conviction lies in the belief that some AI stocks hold greater promise for delivering higher returns and doing so within a shorter time frame. If you are looking for an AI stock that is more promising than TSM and that has 10,000% upside potential, check out our report about this cheapest AI stock. READ NEXT: 9 Best Green Energy Penny Stocks to Invest In and Top 10 Tech Stocks in Louis Navellier’s Portfolio. Disclosure: None. Follow Insider Monkey on Google News. My name is Inan Dogan. I’m the co-founder and Research Director of Insider Monkey. I have an important message for you today. Since March 2017, my stock picks have returned 16.5% annually. Today, I’ve found an opportunity even bigger than my British American Tobacco call. Two years ago, Wall Street wrote off British American Tobacco (BTI) as a “melting ice cube.” The stock had crashed 40% from its peak, and consensus said the business was dying. We looked under the cover and realized they were wrong. We alerted our subscribers, and BTI returned 90% in just 16 months. Now if you had invested just $10,000 in BTI in June 2024, you’d be sitting on $19,000 in October 2025. Today, we have identified a nearly identical pattern in a digital-first giant trading at $3. While the market panics over a surface-level revenue decline, our PhD-led research shows management has actually surgically cut $100 million in waste to focus on high-margin growth. This pattern is a hallmark of our 16.5% annual return track record. The current opportunity offers a 400% upside potential—dwarfing even our 90% BTI return. Get the ticker for our new “Underdog” pick and the full BTI case study for just 99 cents. This exclusive offer is for NEW newsletter subscribers ONLY! Join our Premium Readership Newsletter for only $0.99 and become part of a savvy investor community.! This offer vanishes in 7 days, so don’t miss your chance to lock in market beating returns! Sign up NOW! The monthly newsletter comes with a 30-day, no-risk money-back guarantee. This offer is available to the first 1000 new investors who respond. Space is Limited! Only 1000 spots are available for this exclusive offer. Don’t let this chance slip away – subscribe to our Premium Readership Newsletter today and unlock the potential for a life-changing investment. 1. Head over to our website and subscribe to our Premium Readership Newsletter for just $0.99. 2. Enjoy a month of ad-free browsing, exclusive access to our in-depth report on the Trump tariff and nuclear energy company as well as the revolutionary AI-robotics company, and the upcoming issues of our Premium Readership Newsletter. 3. Sit back, relax, and know that you’re backed by our ironclad 30-day money-back guarantee. Don’t miss out on this incredible opportunity! Subscribe now and take control of your AI investment future! When Jeff Bezos said that one breakthrough technology would shape Amazon’s destiny, even Wall Street’s biggest analysts were caught off guard. Fast forward a year and Amazon’s new CEO Andy Jassy described generative AI as a “once-in-a-lifetime” technology that is already being used across Amazon to reinvent customer experiences. At the 8th Future Investment Initiative conference, Elon Musk predicted that by 2040 there would be at least 10 billion humanoid robots, with each priced between $20,000 and $25,000. Do the math. According to Musk, this technology could be worth $250 trillion by 2040. And here’s the wild part — this $250 trillion wave isn’t tied to one company, but to an entire ecosystem of AI innovators set to reshape the global economy. It’s a leap so massive, it could reshape how businesses, governments, and consumers operate worldwide. Even if that $250 trillion figure sounds ambitious, major firms like PwC and McKinsey still see AI unlocking multi-trillion-dollar potential. The answer lies in a breakthrough so powerful it’s redefining how humanity works, learns, and creates. And this breakthrough has already set off a frenzy among hedge funds and Wall Street’s top investors. What most investors don’t realize is that one under-owned company holds the key to this $250 trillion revolution. In fact, Verge argues this company’s supercheap AI technology should concern rivals. Before I reveal the details, let’s talk about how some of the richest people on the planet are positioning themselves. When billionaires from Silicon Valley to Wall Street line up behind the same idea — you know it’s worth paying attention to. Even as we admire what Tesla, Nvidia, Alphabet, and Microsoft have built, we believe an even greater opportunity lies elsewhere… But the real story isn’t Nvidia — it’s a much smaller company quietly improving the critical technology that makes this entire revolution possible. And judging by what I’m hearing from both Silicon Valley insiders and Wall Street veterans… A few years from now, you’ll wish you’d owned this stock. The best part? You can discover everything about this company and its groundbreaking technology right now. I’ve compiled everything you need to know about this groundbreaking company in a detailed, members-only report. Trust me — you’ll want to read this report before putting another dollar into any tech stock. For a ridiculously low price of just $9.99 a month, you can unlock a year’s worth of in-depth investment research and exclusive insights – that’s less than a single fast food meal! Here’s why this is a deal you can’t afford to pass up: • Access to our Detailed Report on this Game-Changing AI Stock: Our in-depth report dives deep into our #1 AI stock’s groundbreaking technology and massive growth potential. • 11 New Issues of Our Premium Readership Newsletter: You will also receive 11 new issues and at least one new stock pick per month from our monthly newsletter’s portfolio over the next 12 months. These stocks are handpicked by our research director, Dr. Inan Dogan. • One free upcoming issue of our 70+ page Quarterly Newsletter: A value of $149 • Bonus Reports: Premium access to members-only fund manager video interviews • Ad-Free Browsing: Enjoy a year of investment research free from distracting banner and pop-up ads, allowing you to focus on uncovering the next big opportunity. • 30-Day Money-Back Guarantee:  If you’re not absolutely satisfied with our service, we’ll provide a full refund within 30 days, no questions asked. If you’re thinking about getting in, don’t wait – because once Wall Street catches wind of this story, the easy money will be gone. Space is Limited! Only 1000 spots are available for this exclusive offer. Don’t let this chance slip away – subscribe to our Premium Readership Newsletter today and unlock the potential for a life-changing investment. 1. Head over to our website and subscribe to our Premium Readership Newsletter for just $9.99 a month. 2. Enjoy a year of ad-free browsing, exclusive access to our in-depth report on the revolutionary AI company, and the upcoming issues of our Premium Readership Newsletter over the next 12 months. 3. Sit back, relax, and know that you’re backed by our ironclad 30-day money-back guarantee. Don’t miss out on this incredible opportunity! Subscribe now and take control of your AI investment future! No worries about auto-renewals! Our 30-Day Money-Back Guarantee applies whether you’re joining us for the first time or renewing your subscription a month later! Returns since its inception in May 2014 (through February 18th, 2026)",https://www.insidermonkey.com/blog/taiwan-semiconductor-manufacturing-company-limited-tsm-top-ai-stock-to-buy-according-to-billionaire-david-tepper-on-robust-revenue-growth-1760707/?amp=1
TSM,Taiwan Semiconductor Manufacturing Company Limited (TSM): Top AI Stock to Buy According to Billionaire David Tepper on Robust Revenue Growth - Yahoo Finance,2026-05-13 17:02:42,"Tip: Try a valid symbol or a specific company name for relevant results Trump’s 'insane amount of trades' astonish Wall Street insiders (Bloomberg) SpaceX accelerates IPO timeline, targets market debut as early as June 12 (Reuters) The Dow, S&P 500, and Nasdaq sank as US bond yields jumped to end a volatile week on a downbeat note The 30-year Treasury yield just broke to its highest level in almost 20 years Nasdaq leads dive in US stocks, with yields jumping amid inflation jitters Cerebras soared on its market debut. Here's how the company plans to take on Nvidia with a new approach to chip technology. Stocks gained, with the Dow closing above 50,000 and the S&P 500 and Nasdaq notching fresh records Cerebras stock surged 100% within minutes of trading in what is expected to be 2026's biggest IPO The Dow retook 50,000 and the S&P 500 topped 7,500 as the AI trade lifted stocks US stocks rise as Nvidia jumps, Trump-Xi summit kicks off Xi Jinping tells US CEOs that 'China's door will only open wider' Micron wiped out roughly $100 billion in market value at Tuesday’s low — and chip bulls still bought the dip Tech stocks led the S&P 500 and Nasdaq to record highs, while the Dow slipped The US Senate confirmed Kevin Warsh as the new chairman of the Federal Reserve with a final vote of 54-45 The 10-year Treasury yield hovered just below 4.5% after hot inflation data, raising concerns stocks could come under pressure US producer prices for April were striking: +6% YoY (4.8% est.) and +5.2% YoY excluding food and energy (4.3% est.). Dow, S&P 500, Nasdaq open mixed as PPI inflation data comes in hot Today's rising prices are 'every retiree's worst nightmare,' but Social Security COLA is projected to jump next year Sam Altman testifies he was 'extremely uncomfortable' with the idea of Elon Musk being named CEO The S&P 500 and Nasdaq retreated after a hot inflation print and sell-off in chip stocks weighed on sentiment The tech-heavy Nasdaq sank to a session low as chip stocks sold off Inflation's old ceiling is starting to look like a floor — why that's a problem for paychecks US stocks fall as Wall Street weighs CPI inflation print Consumer prices rose 3.8% in April from a year ago, driven by energy costs Elon Musk and Tim Cook are among the top executives the White House invited to join Trump for his summit with Xi this week Microsoft CEO Satya Nadella testified he never got 'clarity' on why OpenAI fired Sam Altman in 2023 The S&P 500 and Nasdaq eked out record highs as chip stocks extended gains and the Dow edged higher Goldman Sachs provides three reasons why the war in Iran hasn't derailed the global economy President Trump travels to China this week with several topics in focus: Tariffs, AI, and China’s role in the war in Iran. S&P 500, Nasdaq, Dow muted as Trump rejects Iran's response to peace plan The $1 trillion club's new members are powering the AI boom It may be too early to determine if AI-related job cuts stem from genuine productivity gains or the need to cut costs Crypto-backed mortgages are hitting the mainstream. Here's how they work. Here's how each airline is responding to rising jet fuel costs The Nasdaq's top winners are now running hotter than in 2000 A come-from-behind boom in old-school storage is leaving Nvidia and Micron in the dust Everything you need to know from the first 2 weeks of the Musk v. OpenAI trial The White House is touting an AI-fueled factory boom, but the latest jobs report tells a more complicated story This new AI trade is leaving the chip giant in the dust The S&P 500 and Nasdaq posted their sixth weekly wins as chip stocks rallied and jobs data boosted sentiment The Nasdaq gained 1.5% as chip stocks rallied, boosting the AI trade Consumer sentiment dropped to the lowest level on record as Americans struggle with rising gas prices Coinbase CEO Brian Armstrong compares AI agents to self-driving cars US stocks rose following a better-than-expected jobs report as investors eyed US-Iran tensions Nonfarm payrolls rise 115,000, blowing past expectations. Unemployment rate steady at 4.3. The AI arms race is eating into Big Tech's cash flow The above button links to Coinbase. Yahoo Finance is not a broker-dealer or investment adviser and does not offer securities or cryptocurrencies for sale or facilitate trading. Coinbase pays us for certain activity generated through this link. Prices displayed are informational. Taiwan Semiconductor Manufacturing Company Limited (NYSE:TSM) is one of the best AI stocks to buy for 2026, according to billionaire David Tepper. On May 8, Taiwan Semiconductor Manufacturing Company Limited (NYSE:TSM) delivered April revenue figures that affirmed strong demand for artificial intelligence chips. The company’s April revenue was up 17.5% year over year to $13.08 billion. Revenue for the first four months of the year was up by 29.9%. The robust revenue growth underscores the company’s increasingly prominent role in the global semiconductor supply chain as demand for AI infrastructure and advanced AI chips grows. On the other hand, Taiwan Semiconductor Manufacturing has entered into a strategic collaboration with Sony Semiconductor Solutions Corporation. The companies are joining forces to enhance the development and manufacturing of next-generation image sensors. The companies are to establish a joint venture with Sony as the majority and controlling shareholder. The joint venture is to leverage Sony’s expertise in sensor design alongside TSMC’s strengths in process technology and manufacturing to enhance image sensor performance. Taiwan Semiconductor Manufacturing Company Limited (NYSE:TSM) dominates advanced AI chip manufacturing for clients such as Nvidia, AMD, and Apple, leveraging AI to optimize production. It controls over 90% of high-end chip production and supports scalable AI hardware with advanced packaging. While we acknowledge the potential of TSM as an investment, we believe certain AI stocks offer greater upside potential and carry less downside risk. If you're looking for an extremely undervalued AI stock that also stands to benefit significantly from Trump-era tariffs and the onshoring trend, see our free report on the best short-term AI stock. READ NEXT: 9 Best Green Energy Penny Stocks to Invest In and Top 10 Tech Stocks in Louis Navellier’s Portfolio. Disclosure: None. Follow Insider Monkey on Google News. Tip: Try a valid symbol or a specific company name for relevant results",https://finance.yahoo.com/news/taiwan-semiconductor-manufacturing-company-limited-170242427.html
TSM,TSMC [NYSE: TSM] Stock Price Surged Over 103% as AI Chip Demand Makes It the Unrivalled Foundry of the New Era - foreignpolicyjournal.com,2026-05-13 15:14:35,"By Ewan Scott | May 13, 2026 | Economy & Business, Energy, Featured, News & Analysis Taiwan Semiconductor Manufacturing Company [NYSE: TSM] has delivered a 103.98% return over the past twelve months, closing at $397.28 on May 12, with a market capitalisation of approximately $2.06 trillion, as surging demand for the advanced chips that power AI data centres has transformed the company into one of the most consequential infrastructure providers in the global technology industry. Baron Capital’s Durable Advantage Fund, which highlighted TSMC as a leading performance contributor in its first-quarter 2026 investor letter, noted that TSMC shares rose 11.5% during the first quarter alone as revenue growth of 20.5%, or 25.5% in US dollar terms, exceeded expectations due to the scale and speed of demand for AI chips. The fund described TSMC’s competitive position as rooted in a virtuous cycle, where the company’s massive scale and profitability generate the capital required to fund industry-leading research and development and capital expenditure, which in turn widens its technological moat and reinforces its pricing power over rivals who lack the manufacturing capacity to replicate its most advanced process nodes. TSMC controls over 90% of the global market for cutting-edge sub-7 nanometre chip manufacturing, the category of processes that produces the AI accelerators, flagship smartphone chips, and autonomous vehicle processors that define the current generation of semiconductor demand. The company’s dominance at the frontier of chip manufacturing insulates it from the competitive dynamics playing out among AI chip designers, because nearly all advanced AI accelerators, whether custom chips developed internally by hyperscalers or merchant GPUs from Nvidia [NASDAQ: NVDA] and AMD [NASDAQ: AMD], are manufactured exclusively at TSMC’s 3nm and 5nm process nodes. Baron Capital’s letter argued that TSMC should be understood as the ultimate picks-and-shovels provider of the AI era, a company that benefits from growth in AI deployment regardless of which specific chip architecture or model provider ultimately wins market share at the application layer. The fund projected that TSMC will deliver approximately 20% annual earnings growth over the next several years, supported by secular AI-driven demand for leading-edge manufacturing capacity, with both hyperscaler custom silicon and third-party AI chip demand continuing to saturate available production at 3nm and 5nm. TSMC ranks sixth on the Insider Monkey database of most popular stocks among hedge funds heading into 2026, with 224 hedge fund portfolios holding the stock at the end of the fourth quarter, up from 194 in the prior quarter, representing one of the most significant quarter-on-quarter increases in institutional ownership among mega-cap technology names in the period. The Baron Durable Advantage Fund itself declined 9.0% in the first quarter, versus a 4.3% decline for the S&P 500, with the fund noting that the majority of its underperformance stemmed from sector allocation decisions rather than stock selection, with TSMC itself contributing positively to performance during what was a broadly challenging start to 2026 given the market disruption triggered by rising oil prices and the escalation of geopolitical tensions in the Middle East. Ewan is a reporter at the Foreign Policy Journal, primarily covering US current affairs and news related to NYSE-listed stocks. He has over two decades of experience in journalism and digital publishing.",https://www.foreignpolicyjournal.com/2026/05/13/tsmc-nyse-tsm-stock-price-surged-over-103-as-ai-chip-demand-makes-it-the-unrivalled-foundry-of-the-new-era/
TSM,What Makes Taiwan Semiconductor Manufacturing Company Limited (TSM) One of the Best Companies? - Insider Monkey,2026-05-13 13:28:47,"Weitz Investment Management, an investment management firm, released its “Large Cap Equity Fund” first-quarter 2026 investor letter. A copy of the letter can be downloaded here. The Fund’s Institutional Class returned -12.04% in the quarter, compared to -4.22% for the Bloomberg U.S. 1000 Index. Despite recent performance challenges, the Fund maintains a positive outlook on its holding companies’ growth and business values. The firm anticipates improved returns in the future, although recent results have been frustrating. The Fund continues to focus on its best ideas and plans to actively reshape the portfolio in response to market conditions, potentially increasing cash levels more than in recent years. In addition, please check the Strategy’s top five holdings to know its best picks in 2026. In its first-quarter 2026 investor letter, Weitz Investment Large Cap Equity Fund highlighted Taiwan Semiconductor Manufacturing Company Limited (NYSE:TSM). Taiwan Semiconductor Manufacturing Company Limited (NYSE:TSM) is the world’s leading manufacturer of integrated circuits and other semiconductor devices. On May 12, 2026, Taiwan Semiconductor Manufacturing Company Limited (NYSE:TSM) closed at $397.28 per share. One-month return of Taiwan Semiconductor Manufacturing Company Limited (NYSE:TSM) was 5.91%, and its shares gained 103.98% over the past 52 weeks. Taiwan Semiconductor Manufacturing Company Limited (NYSE:TSM) has a market capitalization of $2.06 trillion. Weitz Investment Large Cap Equity Fund stated the following regarding Taiwan Semiconductor Manufacturing Company Limited (NYSE:TSM) in its Q1 2026 investor letter: “One takeaway from our ongoing portfolio analysis was that we did not have enough exposure to “what could go right?” stocks. Over the years, our team has done extensive work on companies with exceptional or plainly improving business trends. Along the way, we have tried to follow Mr. Buffett’s advice not to “pay a very high price for a cheery consensus” for their stocks. And, in many cases, we have been left in the dust. The “March Madness” market turmoil gave us a chance to own five new “on deck” companies at reasonable-to-good prices across a range of scenarios. Over time, our investment team has built a deep knowledge base within the semiconductor industry. Three of our five new portfolio additions reside in the semiconductor value chain. The AI data center infrastructure buildout has been “the” theme of the past few years, and it is no stretch to say that ASML, Taiwan Semiconductor Manufacturing Company Limited (NYSE:TSM), and NVIDIA have been three of the best companies in the world. Taiwan Semi is the foremost integrated circuit production foundry for leading edge logic chips…” (Click here to read the full text) Taiwan Semiconductor Manufacturing Company Limited (NYSE:TSM) ranks 6th on our list of 40 Most Popular Stocks Among Hedge Funds Heading Into 2026. According to our database, 224 hedge fund portfolios held Taiwan Semiconductor Manufacturing Company Limited (NYSE:TSM) at the end of the fourth quarter, up from 194 in the previous quarter. While we acknowledge the risk and potential of Taiwan Semiconductor Manufacturing Company Limited (NYSE:TSM) as an investment, our conviction lies in the belief that some AI stocks hold greater promise for delivering higher returns and doing so within a shorter time frame. If you are looking for an AI stock that is more promising than Taiwan Semiconductor Manufacturing Company Limited (NYSE:TSM) and that has 10,000% upside potential, check out our report about this cheapest AI stock. In another article, we covered Taiwan Semiconductor Manufacturing Company Limited (NYSE:TSM) and shared the list of best AI stocks to buy for 2026 according to billionaire David Tepper. In addition, please check out our hedge fund investor letters Q1 2026 page for more investor letters from hedge funds and other leading investors. READ NEXT: 33 Stocks That Should Double in 3 Years and 15 Stocks That Will Make You Rich in 10 Years. Disclosure: None. This article is originally published at Insider Monkey. Get our editor’s daily picks straight in your inbox!",https://www.insidermonkey.com/blog/what-makes-taiwan-semiconductor-manufacturing-company-limited-tsm-one-of-the-best-companies-1760889/
TSM,Taiwan Semiconductor Manufacturing Company Limited (TSM) Rallied on Increasing Demand For AI Chips - Yahoo Finance,2026-05-13 13:26:51,"Tip: Try a valid symbol or a specific company name for relevant results Trump’s 'insane amount of trades' astonish Wall Street insiders (Bloomberg) SpaceX accelerates IPO timeline, targets market debut as early as June 12 (Reuters) The Dow, S&P 500, and Nasdaq sank as US bond yields jumped to end a volatile week on a downbeat note The 30-year Treasury yield just broke to its highest level in almost 20 years Nasdaq leads dive in US stocks, with yields jumping amid inflation jitters Cerebras soared on its market debut. Here's how the company plans to take on Nvidia with a new approach to chip technology. Stocks gained, with the Dow closing above 50,000 and the S&P 500 and Nasdaq notching fresh records Cerebras stock surged 100% within minutes of trading in what is expected to be 2026's biggest IPO The Dow retook 50,000 and the S&P 500 topped 7,500 as the AI trade lifted stocks US stocks rise as Nvidia jumps, Trump-Xi summit kicks off Xi Jinping tells US CEOs that 'China's door will only open wider' Micron wiped out roughly $100 billion in market value at Tuesday’s low — and chip bulls still bought the dip Tech stocks led the S&P 500 and Nasdaq to record highs, while the Dow slipped The US Senate confirmed Kevin Warsh as the new chairman of the Federal Reserve with a final vote of 54-45 The 10-year Treasury yield hovered just below 4.5% after hot inflation data, raising concerns stocks could come under pressure US producer prices for April were striking: +6% YoY (4.8% est.) and +5.2% YoY excluding food and energy (4.3% est.). Dow, S&P 500, Nasdaq open mixed as PPI inflation data comes in hot Today's rising prices are 'every retiree's worst nightmare,' but Social Security COLA is projected to jump next year Sam Altman testifies he was 'extremely uncomfortable' with the idea of Elon Musk being named CEO The S&P 500 and Nasdaq retreated after a hot inflation print and sell-off in chip stocks weighed on sentiment The tech-heavy Nasdaq sank to a session low as chip stocks sold off Inflation's old ceiling is starting to look like a floor — why that's a problem for paychecks US stocks fall as Wall Street weighs CPI inflation print Consumer prices rose 3.8% in April from a year ago, driven by energy costs Elon Musk and Tim Cook are among the top executives the White House invited to join Trump for his summit with Xi this week Microsoft CEO Satya Nadella testified he never got 'clarity' on why OpenAI fired Sam Altman in 2023 The S&P 500 and Nasdaq eked out record highs as chip stocks extended gains and the Dow edged higher Goldman Sachs provides three reasons why the war in Iran hasn't derailed the global economy President Trump travels to China this week with several topics in focus: Tariffs, AI, and China’s role in the war in Iran. S&P 500, Nasdaq, Dow muted as Trump rejects Iran's response to peace plan The $1 trillion club's new members are powering the AI boom It may be too early to determine if AI-related job cuts stem from genuine productivity gains or the need to cut costs Crypto-backed mortgages are hitting the mainstream. Here's how they work. Here's how each airline is responding to rising jet fuel costs The Nasdaq's top winners are now running hotter than in 2000 A come-from-behind boom in old-school storage is leaving Nvidia and Micron in the dust Everything you need to know from the first 2 weeks of the Musk v. OpenAI trial The White House is touting an AI-fueled factory boom, but the latest jobs report tells a more complicated story This new AI trade is leaving the chip giant in the dust The S&P 500 and Nasdaq posted their sixth weekly wins as chip stocks rallied and jobs data boosted sentiment The Nasdaq gained 1.5% as chip stocks rallied, boosting the AI trade Consumer sentiment dropped to the lowest level on record as Americans struggle with rising gas prices Coinbase CEO Brian Armstrong compares AI agents to self-driving cars US stocks rose following a better-than-expected jobs report as investors eyed US-Iran tensions Nonfarm payrolls rise 115,000, blowing past expectations. Unemployment rate steady at 4.3. The AI arms race is eating into Big Tech's cash flow The above button links to Coinbase. Yahoo Finance is not a broker-dealer or investment adviser and does not offer securities or cryptocurrencies for sale or facilitate trading. Coinbase pays us for certain activity generated through this link. Prices displayed are informational. Baron Capital, an investment management company, released its Q1 2026 investor letter for the “Baron Durable Advantage Fund”. A copy of the letter can be downloaded here. In Q1 2026, Baron Durable Advantage Fund (the Fund) declined 9.0% (Institutional Shares) compared to the 4.3% decline for the S&P 500 Index (the Index), the Fund’s benchmark. The Fund started 2026 with optimism, having posted three consecutive years of strong market returns. However, heightened geopolitical tensions and the subsequent war with Iran drove up oil prices, adversely affecting market dynamics. Two-thirds of the Fund’s relative underperformance was due to sector allocation, with the remaining third attributable to poor stock selection. The letter highlighted durable structural competitive moats. As a long-only investor, the Fund aims to achieve an annualized alpha of 100 to 200 basis points, net of fees, while minimizing permanent capital loss. In addition, please check the Fund’s top five holdings to know its best picks in 2026. In its first-quarter 2026 investor letter, Baron Durable Advantage Fund highlighted Taiwan Semiconductor Manufacturing Company Limited (NYSE:TSM) as a leading performance contributor. Taiwan Semiconductor Manufacturing Company Limited (NYSE:TSM) is the world’s leading manufacturer of integrated circuits and other semiconductor devices. On May 12, 2026, Taiwan Semiconductor Manufacturing Company Limited (NYSE:TSM) closed at $397.28 per share. One-month return of Taiwan Semiconductor Manufacturing Company Limited (NYSE:TSM) was 5.91%, and its shares gained 103.98% over the past 52 weeks. Taiwan Semiconductor Manufacturing Company Limited (NYSE:TSM) has a market capitalization of $2.06 trillion. Baron Durable Advantage Fund stated the following regarding Taiwan Semiconductor Manufacturing Company Limited (NYSE:TSM) in its Q1 2026 investor letter: ""Semiconductor giant Taiwan Semiconductor Manufacturing Company Limited (NYSE:TSM) shares rose 11.5% during the first quarter, as revenue growth of 20.5% (25.5% in USD) exceeded expectations due to surging demand for AI chips. TSMC dominates the advanced semiconductor foundry market, controlling over 90% share of cutting-edge sub-7 nm nodes that power AI servers, flagship smartphones, and autonomous vehicles. The company benefits from a virtuous cycle in which its massive scale and profitability generate the capital necessary to fund industry leading R&D and capex, in turn widening its technological moat and reinforcing its pricing power. As the ultimate picks-and shovels provider of the AI era, TSMC remains insulated from the competitive dynamics of the AI chip design ecosystem. Whether hyperscalers develop custom accelerators or deploy merchant GPUs from companies like NVIDIA and AMD, nearly all advanced AI accelerators are manufactured exclusively at TSMC’s 3nm and 5nm nodes. We believe TSMC will deliver 20% earnings growth over the next several years, supported by secular AI-driven demand for leading-edge manufacturing capacity."" Taiwan Semiconductor Manufacturing Company Limited (NYSE:TSM) ranks 6th on our list of 40 Most Popular Stocks Among Hedge Funds Heading Into 2026. According to our database, 224 hedge fund portfolios held Taiwan Semiconductor Manufacturing Company Limited (NYSE:TSM) at the end of the fourth quarter, up from 194 in the previous quarter. While we acknowledge the potential of Taiwan Semiconductor Manufacturing Company Limited (NYSE:TSM) as an investment, we believe certain AI stocks offer greater upside potential and carry less downside risk. If you're looking for an extremely undervalued AI stock that also stands to benefit significantly from Trump-era tariffs and the onshoring trend, see our free report on the best short-term AI stock. In another article, we covered Taiwan Semiconductor Manufacturing Company Limited (NYSE:TSM) and shared the list of best AI stocks to buy for 2026 according to billionaire David Tepper. In addition, please check out our hedge fund investor letters Q1 2026 page for more investor letters from hedge funds and other leading investors. READ NEXT: 33 Stocks That Should Double in 3 Years and 15 Stocks That Will Make You Rich in 10 Years. Disclosure: None. This article is originally published at Insider Monkey. Tip: Try a valid symbol or a specific company name for relevant results",https://finance.yahoo.com/news/taiwan-semiconductor-manufacturing-company-limited-132651377.html
TSM,Why TSMC’s (TSM) Advanced Nodes Keep It Central to the AI Chip Cycle - Insider Monkey,2026-05-13 11:06:48,"Taiwan Semiconductor Manufacturing Company Limited (NYSE:TSM) is one of the best AI enabler stocks to buy now. Taiwan Semiconductor Manufacturing Company Limited (NYSE:TSM) sits close to the center of the AI supply chain because the industry’s largest chip designers still need advanced manufacturing capacity before AI demand can become shipped silicon. That showed up clearly in the company’s April 16 first-quarter report, where revenue rose 40.6% year over year in U.S. dollar terms to $35.90 billion (NT$1.13 trillion), while net income increased 58.3% to NT$572.48 billion. Gross margin reached 66.2%, showing that the current cycle is not just adding volume, but supporting strong pricing and utilization. The mix was the stronger signal. TSMC said 3nm chips accounted for 25% of wafer revenue, while 5nm and 7nm represented another 49%, bringing advanced technologies to 74% of wafer revenue. That matters for an AI-enabler list because cutting-edge AI processors depend on exactly these nodes. Reuters reported the same day that CEO C.C. Wei said AI-related demand remained “extremely robust,” while TSMC lifted its full-year revenue outlook and planned capital spending toward the high end of its $52 billion to $56 billion range. The result is a simple but powerful investment angle: AI spending may shift between chip designers, cloud platforms, and model developers, but the need for scarce leading-edge wafer capacity keeps flowing through TSMC. Taiwan Semiconductor Manufacturing Company Limited (NYSE:TSM) is a dedicated semiconductor foundry that manufactures advanced chips for customers across AI, high-performance computing, smartphones, automotive, IoT, and other end markets. While we acknowledge the risk and potential of TSM as an investment, our conviction lies in the belief that some AI stocks hold greater promise for delivering higher returns and doing so within a shorter time frame. If you are looking for an AI stock that is more promising than TSM and that has 10,000% upside potential, check out our report about this cheapest AI stock. READ NEXT: 33 Stocks That Should Double in 3 Years and Cathie Wood 2026 Portfolio: 10 Best Stocks to Buy. Disclosure: None. Follow Insider Monkey on Google News. When Jeff Bezos said that one breakthrough technology would shape Amazon’s destiny, even Wall Street’s biggest analysts were caught off guard. Fast forward a year and Amazon’s new CEO Andy Jassy described generative AI as a “once-in-a-lifetime” technology that is already being used across Amazon to reinvent customer experiences. At the 8th Future Investment Initiative conference, Elon Musk predicted that by 2040 there would be at least 10 billion humanoid robots, with each priced between $20,000 and $25,000. Do the math. According to Musk, this technology could be worth $250 trillion by 2040. And here’s the wild part — this $250 trillion wave isn’t tied to one company, but to an entire ecosystem of AI innovators set to reshape the global economy. It’s a leap so massive, it could reshape how businesses, governments, and consumers operate worldwide. Even if that $250 trillion figure sounds ambitious, major firms like PwC and McKinsey still see AI unlocking multi-trillion-dollar potential. The answer lies in a breakthrough so powerful it’s redefining how humanity works, learns, and creates. And this breakthrough has already set off a frenzy among hedge funds and Wall Street’s top investors. What most investors don’t realize is that one under-owned company holds the key to this $250 trillion revolution. In fact, Verge argues this company’s supercheap AI technology should concern rivals. Before I reveal the details, let’s talk about how some of the richest people on the planet are positioning themselves. When billionaires from Silicon Valley to Wall Street line up behind the same idea — you know it’s worth paying attention to. Even as we admire what Tesla, Nvidia, Alphabet, and Microsoft have built, we believe an even greater opportunity lies elsewhere… But the real story isn’t Nvidia — it’s a much smaller company quietly improving the critical technology that makes this entire revolution possible. And judging by what I’m hearing from both Silicon Valley insiders and Wall Street veterans… A few years from now, you’ll wish you’d owned this stock. The best part? You can discover everything about this company and its groundbreaking technology right now. I’ve compiled everything you need to know about this groundbreaking company in a detailed, members-only report. Trust me — you’ll want to read this report before putting another dollar into any tech stock. For a ridiculously low price of just $9.99 a month, you can unlock a year’s worth of in-depth investment research and exclusive insights – that’s less than a single fast food meal! Here’s why this is a deal you can’t afford to pass up: • Access to our Detailed Report on this Game-Changing AI Stock: Our in-depth report dives deep into our #1 AI stock’s groundbreaking technology and massive growth potential. • 11 New Issues of Our Premium Readership Newsletter: You will also receive 11 new issues and at least one new stock pick per month from our monthly newsletter’s portfolio over the next 12 months. These stocks are handpicked by our research director, Dr. Inan Dogan. • One free upcoming issue of our 70+ page Quarterly Newsletter: A value of $149 • Bonus Reports: Premium access to members-only fund manager video interviews • Ad-Free Browsing: Enjoy a year of investment research free from distracting banner and pop-up ads, allowing you to focus on uncovering the next big opportunity. • 30-Day Money-Back Guarantee:  If you’re not absolutely satisfied with our service, we’ll provide a full refund within 30 days, no questions asked. If you’re thinking about getting in, don’t wait – because once Wall Street catches wind of this story, the easy money will be gone. Space is Limited! Only 1000 spots are available for this exclusive offer. Don’t let this chance slip away – subscribe to our Premium Readership Newsletter today and unlock the potential for a life-changing investment. 1. Head over to our website and subscribe to our Premium Readership Newsletter for just $9.99 a month. 2. Enjoy a year of ad-free browsing, exclusive access to our in-depth report on the revolutionary AI company, and the upcoming issues of our Premium Readership Newsletter over the next 12 months. 3. Sit back, relax, and know that you’re backed by our ironclad 30-day money-back guarantee. Don’t miss out on this incredible opportunity! Subscribe now and take control of your AI investment future! No worries about auto-renewals! Our 30-Day Money-Back Guarantee applies whether you’re joining us for the first time or renewing your subscription a month later! Returns since its inception in May 2014 (through February 18th, 2026)",https://www.insidermonkey.com/blog/why-tsmcs-tsm-advanced-nodes-keep-it-central-to-the-ai-chip-cycle-1760688/?amp=1
TSM,Why TSMC’s (TSM) Advanced Nodes Keep It Central to the AI Chip Cycle - Yahoo Finance,2026-05-13 10:57:52,"Tip: Try a valid symbol or a specific company name for relevant results Trump’s 'insane amount of trades' astonish Wall Street insiders (Bloomberg) SpaceX accelerates IPO timeline, targets market debut as early as June 12 (Reuters) The Dow, S&P 500, and Nasdaq sank as US bond yields jumped to end a volatile week on a downbeat note The 30-year Treasury yield just broke to its highest level in almost 20 years Nasdaq leads dive in US stocks, with yields jumping amid inflation jitters Cerebras soared on its market debut. Here's how the company plans to take on Nvidia with a new approach to chip technology. Stocks gained, with the Dow closing above 50,000 and the S&P 500 and Nasdaq notching fresh records Cerebras stock surged 100% within minutes of trading in what is expected to be 2026's biggest IPO The Dow retook 50,000 and the S&P 500 topped 7,500 as the AI trade lifted stocks US stocks rise as Nvidia jumps, Trump-Xi summit kicks off Xi Jinping tells US CEOs that 'China's door will only open wider' Micron wiped out roughly $100 billion in market value at Tuesday’s low — and chip bulls still bought the dip Tech stocks led the S&P 500 and Nasdaq to record highs, while the Dow slipped The US Senate confirmed Kevin Warsh as the new chairman of the Federal Reserve with a final vote of 54-45 The 10-year Treasury yield hovered just below 4.5% after hot inflation data, raising concerns stocks could come under pressure US producer prices for April were striking: +6% YoY (4.8% est.) and +5.2% YoY excluding food and energy (4.3% est.). Dow, S&P 500, Nasdaq open mixed as PPI inflation data comes in hot Today's rising prices are 'every retiree's worst nightmare,' but Social Security COLA is projected to jump next year Sam Altman testifies he was 'extremely uncomfortable' with the idea of Elon Musk being named CEO The S&P 500 and Nasdaq retreated after a hot inflation print and sell-off in chip stocks weighed on sentiment The tech-heavy Nasdaq sank to a session low as chip stocks sold off Inflation's old ceiling is starting to look like a floor — why that's a problem for paychecks US stocks fall as Wall Street weighs CPI inflation print Consumer prices rose 3.8% in April from a year ago, driven by energy costs Elon Musk and Tim Cook are among the top executives the White House invited to join Trump for his summit with Xi this week Microsoft CEO Satya Nadella testified he never got 'clarity' on why OpenAI fired Sam Altman in 2023 The S&P 500 and Nasdaq eked out record highs as chip stocks extended gains and the Dow edged higher Goldman Sachs provides three reasons why the war in Iran hasn't derailed the global economy President Trump travels to China this week with several topics in focus: Tariffs, AI, and China’s role in the war in Iran. S&P 500, Nasdaq, Dow muted as Trump rejects Iran's response to peace plan The $1 trillion club's new members are powering the AI boom It may be too early to determine if AI-related job cuts stem from genuine productivity gains or the need to cut costs Crypto-backed mortgages are hitting the mainstream. Here's how they work. Here's how each airline is responding to rising jet fuel costs The Nasdaq's top winners are now running hotter than in 2000 A come-from-behind boom in old-school storage is leaving Nvidia and Micron in the dust Everything you need to know from the first 2 weeks of the Musk v. OpenAI trial The White House is touting an AI-fueled factory boom, but the latest jobs report tells a more complicated story This new AI trade is leaving the chip giant in the dust The S&P 500 and Nasdaq posted their sixth weekly wins as chip stocks rallied and jobs data boosted sentiment The Nasdaq gained 1.5% as chip stocks rallied, boosting the AI trade Consumer sentiment dropped to the lowest level on record as Americans struggle with rising gas prices Coinbase CEO Brian Armstrong compares AI agents to self-driving cars US stocks rose following a better-than-expected jobs report as investors eyed US-Iran tensions Nonfarm payrolls rise 115,000, blowing past expectations. Unemployment rate steady at 4.3. The AI arms race is eating into Big Tech's cash flow The above button links to Coinbase. Yahoo Finance is not a broker-dealer or investment adviser and does not offer securities or cryptocurrencies for sale or facilitate trading. Coinbase pays us for certain activity generated through this link. Prices displayed are informational. Taiwan Semiconductor Manufacturing Company Limited (NYSE:TSM) is one of the best AI enabler stocks to buy now. Taiwan Semiconductor Manufacturing Company Limited (NYSE:TSM) sits close to the center of the AI supply chain because the industry’s largest chip designers still need advanced manufacturing capacity before AI demand can become shipped silicon. That showed up clearly in the company’s April 16 first-quarter report, where revenue rose 40.6% year over year in U.S. dollar terms to $35.90 billion (NT$1.13 trillion), while net income increased 58.3% to NT$572.48 billion. Gross margin reached 66.2%, showing that the current cycle is not just adding volume, but supporting strong pricing and utilization. The mix was the stronger signal. TSMC said 3nm chips accounted for 25% of wafer revenue, while 5nm and 7nm represented another 49%, bringing advanced technologies to 74% of wafer revenue. That matters for an AI-enabler list because cutting-edge AI processors depend on exactly these nodes. Reuters reported the same day that CEO C.C. Wei said AI-related demand remained “extremely robust,” while TSMC lifted its full-year revenue outlook and planned capital spending toward the high end of its $52 billion to $56 billion range. The result is a simple but powerful investment angle: AI spending may shift between chip designers, cloud platforms, and model developers, but the need for scarce leading-edge wafer capacity keeps flowing through TSMC. Taiwan Semiconductor Manufacturing Company Limited (NYSE:TSM) is a dedicated semiconductor foundry that manufactures advanced chips for customers across AI, high-performance computing, smartphones, automotive, IoT, and other end markets. While we acknowledge the potential of TSM as an investment, we believe certain AI stocks offer greater upside potential and carry less downside risk. If you're looking for an extremely undervalued AI stock that also stands to benefit significantly from Trump-era tariffs and the onshoring trend, see our free report on the best short-term AI stock. READ NEXT: 33 Stocks That Should Double in 3 Years and Cathie Wood 2026 Portfolio: 10 Best Stocks to Buy. Disclosure: None. Follow Insider Monkey on Google News. Tip: Try a valid symbol or a specific company name for relevant results",https://finance.yahoo.com/news/why-tsmc-tsm-advanced-nodes-105752989.html
TSM,Taiwan Semiconductor Manufacturing Company Ltd. $TSM Shares Sold by Opinicus Capital Inc. - MarketBeat,2026-05-13 10:31:36,"Opinicus Capital Inc. reduced its stake in shares of  Taiwan Semiconductor Manufacturing Company Ltd. (NYSE:TSM - Free Report) by 9.6% in the 4th quarter, according to its most recent Form 13F filing with the Securities and Exchange Commission (SEC). The institutional investor  owned 15,259 shares of the semiconductor company's stock after selling 1,618 shares during the quarter. Taiwan Semiconductor Manufacturing accounts for  3.2% of Opinicus Capital Inc.'s portfolio, making the stock its 6th largest position. Opinicus Capital Inc.'s holdings in Taiwan Semiconductor Manufacturing were worth $4,637,000 as of its most recent filing with the Securities and Exchange Commission (SEC). Several other hedge funds have also recently bought and sold shares of the stock. Northeast Investment Management raised its stake in  Taiwan Semiconductor Manufacturing by 1.4% during the fourth quarter. Northeast Investment Management now owns 7,204 shares of the semiconductor company's stock worth $2,189,000 after acquiring an additional 99 shares in the last quarter.  Argos Wealth Advisors LLC acquired a new position in  Taiwan Semiconductor Manufacturing during the fourth quarter worth $3,643,000.  Purkiss Capital Advisors LLC raised its stake in  Taiwan Semiconductor Manufacturing by 2.0% during the fourth quarter. Purkiss Capital Advisors LLC now owns 3,943 shares of the semiconductor company's stock worth $1,198,000 after acquiring an additional 79 shares in the last quarter.  Provident Investment Management Inc. raised its stake in  Taiwan Semiconductor Manufacturing by 21.9% during the fourth quarter. Provident Investment Management Inc. now owns 149,416 shares of the semiconductor company's stock worth $45,406,000 after acquiring an additional 26,829 shares in the last quarter.  Finally, Meridian Wealth Management LLC raised its stake in  Taiwan Semiconductor Manufacturing by 27.9% during the fourth quarter. Meridian Wealth Management LLC now owns 65,974 shares of the semiconductor company's stock worth $20,049,000 after acquiring an additional 14,406 shares in the last quarter. 16.51% of the stock is currently owned by institutional investors and hedge funds. Here are the key news stories impacting Taiwan Semiconductor Manufacturing this week: TSM has been the subject of several recent analyst reports. Needham & Company LLC increased their price objective on Taiwan Semiconductor Manufacturing from $410.00 to $480.00 and gave the stock a ""buy"" rating in a research note on Thursday, April 16th. Wall Street Zen upgraded Taiwan Semiconductor Manufacturing from a ""hold"" rating to a ""buy"" rating in a research note on Sunday, March 22nd. Argus upgraded Taiwan Semiconductor Manufacturing to a ""strong-buy"" rating in a research note on Thursday, January 15th. Dbs Bank upgraded Taiwan Semiconductor Manufacturing to a ""moderate buy"" rating in a research note on Friday, January 23rd. Finally, TD Cowen raised their target price on Taiwan Semiconductor Manufacturing from $325.00 to $370.00 and gave the company a ""hold"" rating in a research note on Friday, January 16th. Two equities research analysts have rated the stock with a Strong Buy rating, eleven have given a Buy rating and two have assigned  a Hold rating to the company's stock. Based on data from MarketBeat.com, the stock  has an average rating of ""Buy"" and a consensus price target of $404.29. Check Out Our Latest Stock Analysis on Taiwan Semiconductor Manufacturing In other news, VP Bor-Zen Tien purchased 1,000 shares of the firm's stock in a transaction that occurred on Sunday, March 22nd. The shares were acquired at an average price of $55.93 per share, for a total transaction of $55,930.00. Following the completion of the acquisition, the vice president directly owned 9,051 shares in the company, valued at approximately $506,222.43. The trade was a 12.42% increase in their ownership of the stock. The transaction was disclosed in a document filed with the Securities & Exchange Commission, which is available at this hyperlink. Insiders bought a total of 1,346 shares of company stock valued at $78,185 in the last quarter. 1.11% of the stock is owned by company insiders. Taiwan Semiconductor Manufacturing stock opened at $397.16 on Wednesday. The business's 50-day simple moving average is $362.53 and its 200 day simple moving average is $332.69. The stock has a market cap of $2.06 trillion, a price-to-earnings ratio of 33.04, a P/E/G ratio of 1.18 and a beta of 1.39. Taiwan Semiconductor Manufacturing Company Ltd. has a 12-month low of $187.72 and a 12-month high of $420.00. The company has a quick ratio of 2.32, a current ratio of 2.51 and a debt-to-equity ratio of 0.17. Taiwan Semiconductor Manufacturing (NYSE:TSM - Get Free Report) last posted its quarterly earnings results on Tuesday, February 10th. The semiconductor company reported $3.11 earnings per share (EPS) for the quarter. The business had revenue of $30.65 billion for the quarter. Taiwan Semiconductor Manufacturing had a return on equity of 38.17% and a net margin of 46.97%. As a group, research analysts anticipate that  Taiwan Semiconductor Manufacturing Company Ltd. will post 15.25 earnings per share for the current year. Taiwan Semiconductor Manufacturing Company (TSMC) is a leading pure-play semiconductor foundry that provides wafer fabrication and related services to the global semiconductor industry. Founded in 1987 by Morris Chang and headquartered in Hsinchu, Taiwan, TSMC manufactures integrated circuits on behalf of fabless and integrated device manufacturers, offering contract chip production across a broad set of technologies and products. TSMC's service offering covers logic and mixed-signal process technologies, specialty processes for radio-frequency, power management and embedded memory, and advanced nodes used in mobile, high-performance computing and AI applications. Want to see what other hedge funds are holding TSM? Visit HoldingsChannel.com to get the latest 13F filings and insider trades for Taiwan Semiconductor Manufacturing Company Ltd. (NYSE:TSM - Free Report). This instant news alert was generated by narrative science technology and financial data from MarketBeat in order to provide readers with the fastest reporting and unbiased coverage. Please send any questions or comments about this story to contact@marketbeat.com. Before you consider Taiwan Semiconductor Manufacturing, you'll want to hear this. MarketBeat keeps track of Wall Street's top-rated and best performing research analysts and the stocks they recommend to their clients on a daily basis. MarketBeat has identified the five stocks that top analysts are quietly whispering to their clients to buy now before the broader market catches on... and Taiwan Semiconductor Manufacturing wasn't on the list. While Taiwan Semiconductor Manufacturing currently has a Buy rating among analysts, top-rated analysts believe these five stocks are better buys. Enter your email address and we’ll send you MarketBeat’s list of ten stocks set to soar in Spring 2026, despite the threat of tariffs and what's happening in Iran. These ten stocks are incredibly resilient and are likely to thrive in any economic environment. Sign up for MarketBeat All Access to gain access to MarketBeat's full suite of research tools. 345 N Reid Place, Suite 620, Sioux Falls, SD 57103
                                        
                                        contact@marketbeat.com
                                        
                                        (844) 978-6257 © MarketBeat Media, LLC 2010-2026. All rights reserved. © 2026   Fair market value prices are updated every minute and are provided by Massive. Other market data provided is at least 10-minutes delayed and hosted by Barchart Solutions.  Information is provided 'as-is' and solely for informational purposes, not for trading purposes or advice, and is delayed. To see all exchange delays and terms of use please see Barchart's disclaimer.",https://www.marketbeat.com/instant-alerts/filing-taiwan-semiconductor-manufacturing-company-ltd-tsm-shares-sold-by-opinicus-capital-inc-2026-05-13/
TSM,What's Going On With Taiwan Semiconductor Stock Wednesday? - Taiwan Semiconductor (NYSE:TSM) - Benzinga,2026-05-13 09:34:28,"The owner of this website (www.benzinga.com) has banned you temporarily from accessing this website. Please see
                            https://developers.cloudflare.com/support/troubleshooting/http-status-codes/cloudflare-1xxx-errors/error-1015/
                            for more details. Cloudflare Ray ID: 9fc6c755ea8780b3
•

        Your IP:
        Click to reveal
20.57.77.197
•

Performance & security by Cloudflare",https://www.benzinga.com/markets/tech/26/05/52515423/taiwan-semiconductor-pumps-billions-into-next-gen-chips-arizona-growth-and-bigger-payouts
