ticker,title,date,content,url
TSM,Taiwan Semiconductor Manufacturing Co Ltd (TSM) Stock Down 3.5% but Still Overvalued -- GF Score: 98/100 - GuruFocus,2026-09-14 21:57:06,"This website is using a security service to protect itself from online attacks. The action you just performed triggered the security solution. There are several actions that could trigger this block including submitting a certain word or phrase, a SQL command or malformed data. You can email the site owner to let them know you were blocked. Please include what you were doing when this page came up and the Cloudflare Ray ID found at the bottom of this page. Cloudflare Ray ID: a3b41c282ac23c9c
•

        Your IP:
        Click to reveal
52.242.243.193
•

Performance & security by Cloudflare",https://www.gurufocus.com/news/9080128/taiwan-semiconductor-manufacturing-co-ltd-tsm-stock-down-35-but-still-overvalued-gf-score-98100
TSM,"Jensen Huang's ‘TSMC of AI’ Sees What's Next - Taiwan Semiconductor (NYSE:TSM), NVIDIA (NASDAQ:NVDA) - Benzinga",2026-09-14 15:47:03,"This website is using a security service to protect itself from online attacks. The action you just performed triggered the security solution. There are several actions that could trigger this block including submitting a certain word or phrase, a SQL command or malformed data. You can email the site owner to let them know you were blocked. Please include what you were doing when this page came up and the Cloudflare Ray ID found at the bottom of this page. Cloudflare Ray ID: a3b41c3fff2ef60a
•

        Your IP:
        Click to reveal
52.242.243.193
•

Performance & security by Cloudflare",https://www.benzinga.com/markets/tech/26/09/61769623/fireworks-ai-tsmc-of-ai
TSM,Taiwan Semiconductor Manufacturing Co Ltd Stock (TSM) Opened Down by 3.26% on Sep 14: What Signal Does It Send? - TradingKey,2026-09-14 13:47:40,"Before proceeding to your request, you need to solve a puzzle, and the puzzle requires Google Translate to be disabled. Please disable Google Translate and retry. Complete the security check before continuing. This step verifies that you are not a bot, which helps to protect your account and prevent spam.",https://www.tradingkey.com/news/market-movers/262166474-market-movers-tsm-20260914
TSM,TSM Fairly Valued by DCF at $395 - GuruFocus,2026-09-14 13:13:55,"This website is using a security service to protect itself from online attacks. The action you just performed triggered the security solution. There are several actions that could trigger this block including submitting a certain word or phrase, a SQL command or malformed data. You can email the site owner to let them know you were blocked. Please include what you were doing when this page came up and the Cloudflare Ray ID found at the bottom of this page. Cloudflare Ray ID: a3b41c619bdbc667
•

        Your IP:
        Click to reveal
52.242.243.193
•

Performance & security by Cloudflare",https://www.gurufocus.com/news/9079054/tsm-fairly-valued-by-dcf-at-395
TSM,Listen To Full Sioux Falls Interview With Singer Jordan Davis - ESPN Sioux Falls,2026-09-14 13:12:14,"The big Sanford International at the Minnehaha Country Club in Sioux Falls turned country over the weekend. Aside from the legendary PGA TOUR Champion golfers being in town, Multi-Platinum Award-Winning Country Artist Jordan Davis headed to the course for cause. Jordan Davis was part of the EMC Greats of the Game on Saturday, September 12th along side Minnesota Vikings stars Kyle Rudolph and John Randle and two-time US Open Champion and Sanford International Ambassador Andy North. Kyle Rudolph and John Randle were paired together for the EMC Greats of the Game and Jordan with Andy North. I'd say Jordan had the perfect playing partner for the friendly tournament. This event is a ""9-hole exhibition pairing the greats of the game in a fun and competitive showdown. Shortly after the final tournament group tees off on Hole 10, this unique event is your chance to witness four icons of the entertainment world, up close and in action."" Not only was this a fun event for fans at the Sanford International, but also it was a wonderful opportunity to raise money for local charities in the Sioux Empire. Before the round, Jordan took time to speak with me about his start in country music, how his songs reflect his life, his golf game strategy, and his memories of Dolly Parton. There aren't any ""almost maybes"" when it comes to asking Jordan Davis to play golf. For the record, Team Jordan Davis and Andy North won the contest! And the winner of the  Sanford International? Iowa native Zach Johnson secured his 5th win of the PGA Tour Champions What an incredible weekend all around in Sioux Falls! Thank you to Jordan and his team for taking the time to talk with me before the round. Looking forward to your next visit to the 605! (L-R) Kelsey Asbille, Moses Brings Plenty and Sara Ann Haney-Brings Plenty attend ""Yellowstone"" premiere at Paramount Pictures on June 11, 2018 in Los Angeles, California. (Photo by Frazer Harrison/Getty Images for Paramount Network) (Photo by Jamie McCarthy/Getty Images for Blue Jacket Fashion Show) Singer Justin Bieber attends Super Bowl LVI (Photo by Kevin C. Cox/Getty Images)",https://espnsiouxfalls.com/ixp/483/p/jordan-davis-sioux-falls-country-music/
TSM,Why Is TSM (NYSE:TSM) Revenue Data Key for NYSE Tech Stocks? - kalkinemedia.com,2026-09-14 12:38:00,"Hey ! We have sent you a verification e-mail. Please follow the instructions on the e-mail to complete your registration. If you can't find it,
                    Please check your spam folder What’s Driving Chevron (NYSE:CVX) As Fuel Costs Shift? What’s Driving Exxon Mobil (NYSE:XOM) Into a New Energy Focus? What’s Behind Nvidia (NASDAQ:NVDA) Data-Center Momentum? Why Broadcom (NASDAQ:AVGO) Is Suddenly In AI Focus? Make Kalkine Media

                                       My Trusted Source Taiwan Semiconductor Manufacturing Company Limited 
(NYSE:TSM)

Technology

            Taiwan Semiconductor Manufacturing (NYSE:TSM)
        


                        418.01
                                                    USD


                        -15.230
                    

↓
                        3.515%
                    

Last Updated at: 2026-09-14T20:26:00Z


 enters Mondays market conversation after tSMC reported a fresh monthly revenue record as demand for advanced chips and artificial-intelligence infrastructure remained strong. The latest disclosure creates a timely test of enterprise technology demand and product renewal as the broader market balances inflation concern with company-level progress. Market expectations often move faster than operating evidence. Price action can therefore reflect shifting assumptions about rates, commodity costs, or sector demand before company disclosures confirm a change. That gap can produce sharp reactions around routine updates. The operating read-through centers on enterprise technology demand and product renewal, with market conditions adding pressure around cloud workloads, customer budgets, and platform relevance. Price action around the news can offer a view of expectations, though a single session rarely settles the operating debate. Volume, follow-through, and the behavior of sector peers, alongside broader gauges such as the NYSE Composite, can provide more context than the initial move alone. For Taiwan Semiconductor Manufacturing Company Limited, the immediate question is whether the stated development changes operating cadence or simply confirms work already under way. The distinction matters because durable progress normally appears through consistent delivery, clearer customer behavior, and measured use of resources rather than a single headline. The development places fresh attention on enterprise technology demand and product renewal, an area that can shape how the market reads the next phase of execution. Broader relevance comes from the companys connection to cloud workloads, customer budgets, and platform relevance. Changes in those areas can travel through suppliers, customers, and competitors. The company therefore offers a focused lens on a wider economic question rather than an isolated market story. Within technology stocks, that combination keeps attention on cloud workloads, customer budgets, and platform relevance. Energy markets also influence the story. Recent easing in crude benchmarks may relieve selected transport and materials costs, yet geopolitical uncertainty can reverse that benefit quickly. Contract terms and sourcing arrangements determine how rapidly any change reaches reported operations. Regulation can influence the pace and cost of delivery through licensing, disclosure, safety, environmental, and consumer protection requirements. A clear compliance record supports operating continuity, while changing rules can require new systems, training, and documentation. The update brings enterprise technology demand and product renewal back into view as market participants prepare for a week shaped by central bank deliberations. The market setting adds another layer. Expectations for firmer interest rates can raise the hurdle for long-duration projects, while lower energy prices may ease selected cost pressures. The effect varies by business model, contract structure, and the pace at which costs move through customer agreements. For Taiwan Semiconductor Manufacturing Company Limited, the issue connects directly with enterprise technology demand and product renewal. Demand quality is as important as demand volume. Repeat activity, contract duration, customer diversity, and payment behavior can reveal whether growth is durable. Short bursts tied to promotion or scarcity may be less informative. Attention now turns to execution details. Market participants will look for evidence that the development connects with the companys core platform, strengthens service quality, and supports a steadier operating profile. Clear disclosure can also reduce uncertainty around timing and internal priorities. The news sharpens the debate around enterprise technology demand and product renewal, especially while financing conditions and demand signals remain unsettled. Competitive strength depends on more than headline growth. Product reliability, customer service, distribution reach, switching friction, and cost control all shape the quality of expansion. The current development matters most if it reinforces several of those features at the same time. The present news therefore matters beyond a single session and reaches cloud workloads, customer budgets, and platform relevance. Execution remains the decisive bridge between strategy and reported results. Timely delivery, controlled costs, and direct accountability can turn a credible plan into visible progress. Delays or shifting definitions can weaken confidence even when the long-range logic remains intact. Technology can widen capacity, improve service consistency, and lower unit costs, but implementation quality determines the result. Systems must connect with existing workflows, protect data, and provide staff with reliable information. Weak integration can offset the appeal of new tools. Technology can widen capacity, improve service consistency, and lower unit costs, but implementation quality determines the result. Systems must connect with existing workflows, protect data, and provide staff with reliable information. Weak integration can offset the appeal of new tools. The operating read-through centers on enterprise technology demand and product renewal, with market conditions adding pressure around cloud workloads, customer budgets, and platform relevance. Communication quality will matter as the story develops. Specific milestones, consistent definitions, and a clear explanation of tradeoffs help the market distinguish completed work from aspiration. Vague language can leave room for conflicting interpretations. Expectations for firmer interest rates can raise the hurdle for long-duration projects, while lower energy prices may ease selected cost pressures. The effect varies by business model, contract structure, and the pace at which costs move through customer agreements. The next useful signals are likely to be practical: customer activity, order quality, project timing, cash use, and progress against stated operating priorities. These measures can show whether the development is becoming part of the companys normal cadence. Within technology stocks, that combination keeps attention on cloud workloads, customer budgets, and platform relevance. For the sector, the update may influence comparisons among companies with different operating models. Asset-heavy businesses respond differently from platform models, and regulated revenue behaves differently from discretionary demand. Price action can therefore reflect shifting assumptions about rates, commodity costs, or sector demand before company disclosures confirm a change. That gap can produce sharp reactions around routine updates. Attention now turns to execution details. Market participants will look for evidence that the development connects with the companys core platform, strengthens service quality, and supports a steadier operating profile. Clear disclosure can also reduce uncertainty around timing and internal priorities. For Taiwan Semiconductor Manufacturing Company Limited, the issue connects directly with enterprise technology demand and product renewal. The present backdrop is unusually sensitive to inflation and rates. The Federal Reserve meets this week after firm economic data revived concern about tighter financial conditions. That setting can change discount rates, borrowing costs, currency relationships, and the appetite for businesses that require sustained external funding. A useful reading starts with the companys operating footprint. Scale can support procurement and distribution, yet scale also requires disciplined coordination. Smaller business lines may offer faster growth, though they can carry wider swings in demand and heavier dependence on a limited group of customers. Managements task is to translate the update into repeatable operating evidence. That means aligning staffing, capacity, marketing, and service delivery with observable demand. A measured pace can protect cash resources, while an overly cautious response can leave room for competitors. The present news therefore matters beyond a single session and reaches cloud workloads, customer budgets, and platform relevance. Supply networks remain another variable. Lead times have improved in several industries, but specialized components, skilled labor, and transport routes can still constrain output. Resilient sourcing and realistic scheduling can limit disruption. Sector conditions provide a necessary comparison point. A company may execute well while its industry faces softer demand, or it may benefit from a favorable market even when internal delivery remains uneven. Separating those forces helps clarify what the update truly says about the business. Regulation can influence the pace and cost of delivery through licensing, disclosure, safety, environmental, and consumer protection requirements. A clear compliance record supports operating continuity, while changing rules can require new systems, training, and documentation. The operating read-through centers on enterprise technology demand and product renewal, with market conditions adding pressure around cloud workloads, customer budgets, and platform relevance. The companys established capabilities form the base for any response. Brand recognition, technical expertise, customer relationships, physical assets, and distribution can each provide support, but those strengths require continued maintenance. That means aligning staffing, capacity, marketing, and service delivery with observable demand. A measured pace can protect cash resources, while an overly cautious response can leave room for competitors. Sector conditions provide a necessary comparison point. A company may execute well while its industry faces softer demand, or it may benefit from a favorable market even when internal delivery remains uneven. Separating those forces helps clarify what the update truly says about the business. Within technology stocks, that combination keeps attention on cloud workloads, customer budgets, and platform relevance. Company-specific execution should remain separate from broad index movement. A strong market session can lift many securities together, while a weak session can obscure steady operational progress. The more durable evidence usually comes from customer behavior, delivery milestones, and cash discipline. These measures can show whether the development is becoming part of the companys normal cadence. Coverage across the wider Technology Stocks universe provides context for Taiwan Semiconductor Manufacturing Company Limited as sector peers respond to the same demand, financing, and operating forces. For Taiwan Semiconductor Manufacturing Company Limited, the immediate question is whether the stated development changes operating cadence or simply confirms work already under way. The distinction matters because durable progress normally appears through consistent delivery, clearer customer behavior, and measured use of resources rather than a single headline. For Taiwan Semiconductor Manufacturing Company Limited, the issue connects directly with enterprise technology demand and product renewal. Balance sheet flexibility can influence strategic freedom. Available cash, manageable obligations, and a sensible maturity schedule can support execution through a choppy market. Heavy refinancing needs can narrow choices when rates rise. Product reliability, customer service, distribution reach, switching friction, and cost control all shape the quality of expansion. The current development matters most if it reinforces several of those features at the same time. A useful reading starts with the companys operating footprint. Scale can support procurement and distribution, yet scale also requires disciplined coordination. Smaller business lines may offer faster growth, though they can carry wider swings in demand and heavier dependence on a limited group of customers. The present news therefore matters beyond a single session and reaches cloud workloads, customer budgets, and platform relevance. The update also has implications for cloud workloads, customer budgets, and platform relevance. A clear improvement could support steadier planning across the value chain, while uneven delivery could keep customers and suppliers cautious. That makes subsequent disclosures important for the wider sector narrative. Changes in those areas can travel through suppliers, customers, and competitors. The company therefore offers a focused lens on a wider economic question rather than an isolated market story. Financial discipline remains central because capital is no longer priced as gently as it was during easier monetary conditions. Projects with long payback periods face closer scrutiny, and businesses with flexible spending plans may respond more quickly when demand changes. The operating read-through centers on enterprise technology demand and product renewal, with market conditions adding pressure around cloud workloads, customer budgets, and platform relevance. The competitive response also deserves attention. Rivals may adjust pricing, capacity, promotion, or product timing when an industry signal changes. The companys ability to answer without weakening service or spending discipline can shape relative performance. Projects with long payback periods face closer scrutiny, and businesses with flexible spending plans may respond more quickly when demand changes. This material is general information only and is not financial advice. The content, including but not limited to any articles, news, quotes, information, data, text, reports, ratings, opinions, images, photos, graphics, graphs, charts, animations and video (Content) is a service of Kalkine Media LLC (Kalkine Media, we or us) and is available for personal and non-commercial use only. The principal purpose of the Content is to educate and inform.  The Content does not contain or imply any recommendation or opinion intended to influence your financial decisions and must not be relied upon by you as such. Some of the Content on this website may be sponsored/non-sponsored, as applicable, but is NOT a solicitation or recommendation to buy, sell or hold the stocks of the company(s) or engage in any investment activity under discussion. Kalkine Media is neither licensed nor qualified to provide investment advice through this platform. Users should make their own enquiries about any investments and Kalkine Media strongly suggests the users to seek advice from a financial adviser, stockbroker or other professional (including taxation and legal advice), as necessary. Kalkine Media hereby disclaims any and all the liabilities to any user for any direct, indirect, implied, punitive, special, incidental or other consequential damages arising from any use of the Content on this website, which is provided without warranties.
The views expressed in the Content by the guests, if any, are their own and do not necessarily represent the views or opinions of Kalkine Media. Some of the images/music that may be used on this website are copyright to their respective owner(s). Kalkine Media does not claim ownership of any of the pictures/music displayed/used on this website unless stated otherwise. The images/music that may be used on this website are taken from various sources on the internet, including paid subscriptions or are believed to be in public domain. We have used reasonable efforts to accredit the source (public domain/CC0 status) to where it was found and indicated it, as necessary. Welcome to Kalkine Media Pty Ltd. website. Your website access and usage is governed by the
                    applicable  Terms of Use
                    & Privacy Policy. Welcome to Kalkine Media LLC website. Your website access and usage is governed by the applicable Terms and Conditions &
                    Privacy Policy. Welcome to Kalkine Media New Zealand Limited website. Your website access and usage is governed by
                    the applicable Terms and
                        Conditions & Privacy
                        Policy. Welcome to Kalkine Media Incorporated website. Your website access and usage is governed by the
                    applicable Terms and
                        Conditions & Privacy
                        Policy. Welcome to Kalkine Media Limited website. Your website access and usage is governed by the
                    applicable Terms of Use &
                    Privacy Policy. Welcome to Kalkine Media Limited website. Your website access and usage is governed by the
                    applicable Terms of Use &
                    Privacy Policy. Welcome to Kalkine Media Limited website. Your website access and usage is governed by the
                    applicable Terms of Use &
                    Privacy Policy. Welcome to Kalkine Media Limited website. Your website access and usage is governed by the
                    applicable Terms of Use &
                    Privacy Policy. Welcome to Kalkine Media Limited website. Your website access and usage is governed by the
                    applicable Terms of Use &
                    Privacy Policy. Welcome to Kalkine Media Limited website. Your website access and usage is governed by the
                    applicable Terms of Use &
                    Privacy Policy. Welcome to Kalkine Media Limited website. Your website access and usage is governed by the
                    applicable Terms of Use &
                    Privacy Policy. Welcome to Kalkine Media Limited website. Your website access and usage is governed by the
                    applicable Terms of Use &
                    Privacy Policy. Welcome to Kalkine Media Limited website. Your website access and usage is governed by the
                    applicable Terms of Use &
                    Privacy Policy. Welcome to Kalkine Media Limited website. Your website access and usage is governed by the
                    applicable Terms of Use &
                    Privacy Policy. Welcome to Kalkine Media Limited website. Your website access and usage is governed by the
                    applicable Terms of Use
                    & Privacy Policy. Welcome to Kalkine Media Limited website. Your website access and usage is governed by the
                    applicable Terms of Use &
                    Privacy Policy. Welcome to Kalkine Media Limited website. Your website access and usage is governed by the
                    applicable Terms of Use &
                    Privacy Policy. Welcome to Kalkine Media Limited website. Your website access and usage is governed by the
                    applicable Terms of Use &
                    Privacy Policy. Welcome to Kalkine Media Limited website. Your website access and usage is governed by the
                    applicable Terms of Use &
                    Privacy Policy. Welcome to Kalkine Media Limited website. Your website access and usage is governed by the
                    applicable Terms of Use &
                    Privacy Policy. مرحبًا بكم في موقع Kalkine Media Limited. يخضع الوصول إلى موقع الويب الخاص بك واستخدامه لما هو معمول
                    بهشروط الاستخدام & سياسة الخصوصية. Bienvenue sur le site Web de Kalkine Media Limited. L'accès et l'utilisation de votre site Web sont
                    régis par les Conditions
                        d'utilisation & Politique
                        de confidentialité. Bienvenido al sitio web de Kalkine Media Limited. El acceso y el uso de su sitio web se rigen por
                    los Términos de uso y Política de privacidad. Willkommen auf der Website von Kalkine Media Limited. Der Zugriff und die Nutzung Ihrer Website
                    unterliegen den geltenden Nutzungsbedingungen & Datenschutzerklärung. Willkommen auf der Website von Kalkine Media Limited. Der Zugriff und die Nutzung Ihrer Website
                    unterliegen den geltenden Nutzungsbedingungen & Datenschutzerklärung.",https://kalkinemedia.com/us/stocks/technology/why-is-tsm-nysetsm-revenue-data-key-for-nyse-tech-stocks
TSM,Price-Driven Insight from (TSM) for Rule-Based Strategy - news.stocktradersdaily.com,2026-09-13 16:42:02,"Our AI models have generated three distinct trading strategies tailored to different risk profiles and holding periods. Each strategy incorporates sophisticated risk management parameters designed to optimize position sizing and minimize drawdown risk. Blue = Current Price
Red = Resistance
Green = Support Instant access — no password needed Get institutional-grade analysis with API integration and custom risk models. You're about to add TSM to your personalized dashboard for ongoing analysis and alerts. To access your My Stocks dashboard and receive personalized analysis, you'll need to create a free account. © 2025 Stock Traders Daily - Quantitative Research Division. All rights reserved. | 📚 Full News Archive | 🍁 Canada Edition | 🇬🇧 UK Edition | 🌐 Crypto Edition",https://news.stocktradersdaily.com/news_release/141/Price-Driven_Insight_from_TSM_for_Rule-Based_Strategy_091326044202_1789332122.html
TSM,TSM Stock Dips Premarket As 36% Q2 Sales Surge Fails To Offset Iran-Driven Market Jitters - Stocktwits,2026-09-13 02:03:40,"Taiwan Semiconductor Manufacturing Co. shares fell 0.2% in premarket trading on Monday amid a broader market sell-off linked to the fresh U.S.-Iran escalation, taking the sheen off the company’s robust June and second-quarter sales update. Revenue in the April-June period came in at NT$1.27 trillion ($39.62 billion), based on Reuters calculations, beating the LSEG/Reuters estimate of NT$1.264 trillion. June sales rose 37% to NT$401.26 billion. The company will release its full results and outlook on Thursday. TSMC makes cutting-edge semiconductors for the likes of Nvidia, Advanced Micro Devices, and components for Apple. The biggest buyers of those chips – including cloud companies Alphabet, Amazon, and Microsoft – have set aside $725 billion for AI-related investments this year. The latest performance shows steady demand for advanced chips, which power data centers and other systems that power AI applications, smartphones and automobiles. In April, the Taiwanese giant raised its full-year sales guidance and said its capital spending should trend toward the upper end of an existing forecast range of up to $56 billion in 2026. Nvidia CEO Jensen Huang announced in May that the U.S. chip designer would set up a headquarters in Taiwan and invest up to $150 billion annually in the region. Still, TSMC CEO C.C. Wei had warned in June that his company won’t be able to meet demand from American customers for years, even as more manufacturing capacity comes online in the U.S. over the next few years. TSMC stock has gained 43% year-to-date, pushing the chipmaker’s market capitalization above $2 trillion for the first time last month. On Stocktwits, retail sentiment for TSM climbed higher in the ‘extremely bullish’ zone. “$TSM shares are likely to receive upward price pressure because the reported revenue beat raises the probability that current analyst sales and earnings estimates are too low,” said a trader. Currently, 33 out of 34 analysts rate the stock ‘Buy’ or higher, and a lone analyst rates it ‘Hold,’ per Koyfin data. For updates and corrections, email newsroom[at]stocktwits[dot]com. Read Next: MSFT Stock Holds Up Amid US-Iran Geopolitical Jitters: Retail Calls It ‘Safest Earnings Play’ Comments posted here will also appear on symbol pages. Shares of Hims & Hers Health, Inc. (HIMS) are turning investor attention toward peptides after its roughest week in two months, as it launches a new consumer campaign just days before a closely watched FDA advisory meeting. HIMS stock declined 7% last week, with shares also down over 1% in overnight trading heading into Monday. Late Sunday, HIMS published an Instagram carousel explaining what peptides are, why they have attracted biohackers and how they could become part of mainstream healthcare. The campaign comes as investors search for Hims’ next major growth engine beyond compounded GLP-1 drugs, and as regulators prepare to decide whether seven popular peptides should receive a clearer pathway into the U.S. compounding market. Hims said more than 170 peptides are in active clinical development, presenting the category as established science rather than a passing wellness trend. “Peptides aren’t new—they’ve been researched for decades,” the post said. “What’s changed? Research is growing, and peptides are becoming part of mainstream health conversations.” The final slide also acknowledged one of the market’s biggest challenges: inconsistent sourcing and formulation. “Not all peptides are created equal,” Hims said. “The science is real. Quality is what makes the difference.” The campaign comes ahead of the FDA’s July 23-24 Pharmacy Compounding Advisory Committee meeting, where members will consider adding BPC-157, Emideltide, Epitalon, KPV, MOTS-c, Semax and TB-500 to the Section 503A Bulks List. FDA staff have recommended against all seven, citing limited human evidence, unclear formulations and unresolved risks including immune reactions and contamination. Former committee member Dr. Anita Gupta said earlier reviews raised “some red flags” over immunogenicity and pointed to reports of “heavy metals,” “microbial contamination” and mislabeling. The Partnership for Safe Medicines also urged rejection, saying the evidence is dominated by animal studies, laboratory research and weak overseas trials. It noted that BPC-157 has fewer than 36 human participants across three studies, KPV has no live-human trials and TB-500 has only one human tolerance study. The group also warned that compounding could falsely signal FDA approval and cited 127 peptide shipments entering U.S. ports in the first quarter, with about 39% coming from manufacturers outside FDA oversight. That stance contrasts with Health Secretary Robert F. Kennedy Jr.’s push for a looser approach. Kennedy has said peptides worked on his injuries with “really good effect,” while 12 peptides were moved into Category 1 in April, an early step toward possible pharmacy compounding. On Stocktwits, retail sentiment for HIMS slipped to ‘bearish’ from ‘neutral’ territory a month ago amid a 200% jump in 24-hour message volumes. One user said, “If the upcoming peptide meeting goes well, this portfolio is absolutely going to the moon! Rolling heavy with $HIMS at 71.95%, aggressively increased $ENHA to 11.7%, alongside $ABCL and $PRME.“ Another user expressed anticipation saying, “$HIMS peptide announcement less than 2 weeks away” For updates and corrections, email newsroom[at]stocktwits[dot]com. Read Next: ASTS Stock Slips Overnight Despite Fresh New Zealand Gateway Approval For AST SpaceMobile Comments posted here will also appear on symbol pages. Shares of Advanced Micro Devices Inc. (AMD) have gained more than 155% year-to-date, but Wall Street believes the rally still has more juice left. According to TheFly, analysts at Stifel raised their price target for AMD to $635 from $450 while maintaining a ‘Buy’ rating. The new price target for AMD implies a potential upside of about 16% from Thursday’s closing price. AMD shares are up nearly 6% this week so far, with the stock on track to snap its two-week losing streak. Stifel’s positive outlook on AMD is underpinned by continued strength in AI infrastructure spending, with the firm arguing that the industry’s biggest challenge remains supply constraints rather than a lack of customer demand. The firm noted that AI infrastructure companies continue to report robust order backlogs and long-term capacity commitments, which it believes provide visibility into future growth. While AI-related stocks have experienced bouts of volatility in recent weeks, Stifel views the pullback as a “valuation reset” rather than evidence of weakening fundamentals. Goldman Sachs echoed similar sentiments, hiking its price target for AMD to $640 from $450 while keeping a ‘Buy’ rating earlier this week. Wells Fargo analysts also expressed a bullish outlook, raising their price target to $615 from $505, with an ‘Overweight’ rating. The firm cited the strength in demand for AMD’s EPYC server Central Processing Units (CPUs) as well as pricing upside as reasons for its optimism. AMD topped $900 billion in market capitalization yet again on Thursday, before paring some of the gains. This is the third instance of AMD’s market cap crossing $900 billion in less than a month. AMD shares have also ended in the green in 17 of the 27 weeks in 2026 so far, with the longest streak a nine-week stretch of gains between March and May this year. AMD’s market cap surpassed $900 billion for the first time in June after the company began selling the Ryzen AI Halo developer platform to compete with Nvidia Corp.’s (NVDA) DGX Spark. Retail sentiment on Stocktwits around AMD trended in ‘bearish’ territory at the time of writing. AMD stock is up 155% year-to-date and 295% over the past 12 months. The S&P 500 ETF (SPY) is up 20% over the past 12 months, while the Invesco QQQ Trust ETF (QQQ) is up 30%. The iShares Core S&P 500 ETF (IVV) is up 20% during this period. Also See: Pierre Ferragu Says Tesla FSD Could Be At An 'Inflection Point,' Compares It To The iPhone Playbook — 'Give Us 2 More Quarters' For updates and corrections, email newsroom[at]stocktwits[dot]com. Comments posted here will also appear on symbol pages. Shares of Circle (CRCL) were on track to hit a monthly high on pre-market trade on Friday following a dip to an over three-month low in the previous trading session. The uptick came after the company announced it had received final approval from the U.S. Office of the Comptroller of the Currency (OCC) to establish First National Digital Currency Bank. The final approval marks the end of a process that began in December 2025, when Circle first received conditional approval alongside Ripple (XRP), BitGo, Fidelity Digital Assets, and Paxos. It will operate as Circle National Trust, a national trust bank that brings stablecoin USDC's (USDC) custody infrastructure under direct federal oversight. CRCL’s stock jumped 13% in pre-market trade, on track to hit its highest level in July and climb back above the $70-mark. It was among the top trending tickers on Stocktwits at the time of writing. The stock price had hit an over three-month low of under $62 in the previous session, after which Ark Invest’s Cathie Wood picked up 217,896 shares. Circle’s partner for the USDC stablecoin, Coinbase (COIN), also saw its shares rally. COIN’s stock rose nearly 5% in the pre-market trade, and was among the top trending tickers on Stocktwits. Coinbase received conditional approval from the OCC to establish Coinbase National Trust Company in April, earlier this year. However, while Circle saw retail sentiment pivot to ‘bullish’ from ‘bearish’ territory over the past day, sentiment around Coinbase stayed in the ‘bearish’ zone. Sentiment around USDC remained in ‘neutral’ territory. The rally in both crypto-linked stocks also came as Bitcoin (BTC) climbed back above $64,000. BTC’s price rose over 2.5% in the last 24 hours, leading to an uptick in the shares of companies like Michael Saylor-backed Strategy (MSTR) and others. Once fully operational, Circle National Trust will provide fiduciary digital asset custody services for Circle and its affiliates, with plans to eventually extend custody services to institutional customers such as banks and regulated derivatives organizations. The charter also lays the groundwork for a future capability like bringing management of the USDC Reserve under direct federal oversight. Circle's charter was one of two de novo national trust bank applications the OCC approved in this cycle, alongside Ripple National Trust Bank, while BitGo, Fidelity Digital Assets, and Paxos converted existing state trust charters into national ones. Anchorage Digital was the only crypto firm to hold this type of federal charter previously, having secured it in 2021. Industry trade groups have pushed back on the wave of approvals, with the Bank Policy Institute stating the OCC's conditions ""leave substantial unanswered questions,"" while the Independent Community Bankers of America argued the charter type was being ""stretched beyond its statutory and historical purpose."" CRCL’s stock has fallen over 20% this year, while COIN’s stock has dipped over 30%. Read also: Bitcoin Price Tops $64,000 – Analysts Eye $65K Breakout, $67K Short Squeeze For updates and corrections, email newsroom[at]stocktwits[dot]com Comments posted here will also appear on symbol pages. Shares of Microsoft (MSFT), Alphabet (GOOG, GOOGL), Amazon (AMZN) and Oracle Corp. (ORCL) were in focus on Friday after the U.K. government designated the four companies as Critical Third Parties (CTPs) to strengthen and safeguard the country’s financial systems. At the time of writing, MSFT stock was up 0.4%, ORCL shares climbed 1%, while GOOG and AMZN shares edged 0.2% lower each. The firms covered under the new framework are Microsoft Ireland Operations, Google Cloud EMEA, Amazon Web Services EMEA, and Oracle Corporation UK. Bank of England, the Prudential Regulation Authority (PRA), and the Financial Conduct Authority (FCA) will jointly oversee the critical services the four companies provide to the financial sector. The aim is to reduce the risk of widespread disruption if a major cloud provider experiences operational issues. Regulatory oversight will apply only to the financial sector, not to their broader business operations. The designated companies will be required to maintain strong systems to identify, manage, and recover from disruptions affecting services used by financial institutions. Regulators will also be allowed to gather information, assess operational resilience, and, when necessary, introduce or enforce CTP-specific rules to ensure the continuity of critical services. “These designations will help ensure the critical services financial firms rely on remain resilient, protecting consumers and businesses while supporting growth across the economy,” said Rachel Blake, Economic Secretary to the Treasury of the United Kingdom. The Critical Third Parties designation was established under the UK’s Financial Services and Markets Act 2023 to improve operational resilience after growing concerns that disruptions at major cloud providers could affect multiple financial institutions simultaneously. The framework builds on the Bank of England’s 2021 assessment that the financial sector’s increasing reliance on a small number of cloud providers warranted stronger regulatory oversight to safeguard essential financial services relied upon by millions of consumers and businesses. According to a CloudGuard Financial Services Threat Report published earlier this year, cyber risks faced by the U.K.’s financial sector have reached a record high, with the industry accounting for about 28% of all cyberattacks in the country. The report highlighted growing threats from ransomware, nation-state hackers, and AI-powered scams such as deepfakes and targeted phishing. It also warned of a sharp rise in credential theft, with billions of stolen login credentials circulating on the dark web. Also read: Nasdaq Futures Lag Amid Sell-Off In Chip Stocks — All Eyes On SK Hynix’s Debut Today For updates and corrections, email newsroom[at]stocktwits[dot]com. Comments posted here will also appear on symbol pages. Bitcoin (BTC) led the cryptocurrency market higher on Friday morning, climbing to over $64,400 from lows of under $58,000 earlier this month and marking a 10% recovery. Analysts were watching to see if the apex cryptocurrency would be able to break past $65,000 and continue its uptrend. Bitcoin’s price climbed around 2.5% in the last 24 hours, with retail sentiment around the apex cryptocurrency on Stocktwits trending in ‘bullish’ territory over the past day, accompanied by ‘normal’ levels of chatter. It was among the top trending tickers on the platform at the time of writing. Sniper Trading founder Sheldon Diedericks said momentum is starting to shift bullish on BTC, pointing to a daily trend breakout in play. ""1st step is to see a daily close above trend, 2nd is to see a new daily high above $65K. There is then a short squeeze to $67K,"" he wrote on X. Market analyst Heisenberg struck a similarly constructive tone, though stopped short of calling a bottom. ""We might have something here for a near-term trade higher. Not saying we have seen THE bottom, but in the interim, starting to look constructive,"" he said, adding that $70,000 is ""on deck"" if a key trendline breaks. Quantitative trader KillaXBT offered a more technical read, noting Bitcoin is showing a more “impulsive” structure than a corrective one, having established a higher low around $61,500. ""Based on the current PA, a break and reclaim of the 64.7K highs would likely open the door for a move into the 65.5K–66K region,"" the trader said, while flagging a seasonal warning. They noted that during past bear market years, July has often been the month Bitcoin forms a lower high. One retail trader on Stocktwits forecast that Bitcoin could cross $67,000 by the time the market opens on Friday. Another investor forecast that Bitcoin's price would rally to over $70,000 by next week. The overall cryptocurrency market gained 1.4% in the last 24 hours, climbing above a market capitalization of $2.2 trillion. Ethereum (ETH), Ripple’s native token (XRP), and meme coin Dogecoin (DOGE) recorded an uptick of around 2.1% each over the past day. Solana (SOL) gained 1.5%, while Tron (TRX) lagged the market among the top 10 cryptocurrencies by market capitalization, edging lower by 0.3%. CoinGlass data showed over $215 million leveraged bets on cryptocurrency were liquidated in the last 24 hours, with short positions accounting for around $163 million. Nearly $100 million of the bets to go underwater were on Bitcoin alone. Crypto-linked equities moved higher in pre-market trade as well, with Strategy (MSTR) and Strive Asset Management (ASST) – two of the biggest corporate Bitcoin treasuries in the US – clocked gains of around 5% each. Retail sentiment around both MSTR’s stock and ASST shares trended in ‘bullish’ territory over the past day. Ethereum treasuries Bitmine (BMNR) and Sharplink (SBET) gained over 3% each. Retail sentiment around BMNR’s stock trended in ‘bullish’ territory over the past day, while sentiment around SBET’s stock trended in ‘extremely bullish’ territory. Robinhood (HOOD) and Coinbase Global (COIN) saw a similar uptick of 3%. However, retail sentiment around HOOD’s stock only moved higher to ‘neutral’ from ‘bearish’ territory over the past day, while sentiment around COIN’s stock stayed in the ‘bearish’ zone. Read also: Oil Price Surge Tests Bitcoin’s Bottoming Process Amid Multi-Million Dollar Capital Flush For updates and corrections, email newsroom[at]stocktwits[dot]com Comments posted here will also appear on symbol pages. These cookies are necessary for the website to function and cannot be switched off in our systems. They are usually only set in response to actions made by you which amount to a request for services, such as setting your privacy preferences, logging in or filling in forms. You can set your browser to block or alert you about these cookies, but some parts of the site will not then work. These cookies do not store any personally identifiable information. As a California consumer, you have the right to opt-out from the sale or sharing of your personal information at any time across business platform, services, businesses and devices. You can opt-out of the sale and sharing of your personal information by using this toggle switch. As a Virginia, Utah, Colorado and Connecticut consumer, you have the right to opt-out from the sale of your personal data and the processing of your personal data for targeted advertising. You can opt-out of the sale of your personal data and targeted advertising by using this toggle switch. For more information on your rights as a United States consumer see our privacy notice. These cookies allow us to count visits and traffic sources so we can measure and improve the performance of our site. They help us to know which pages are the most and least popular and see how visitors move around the site. All information these cookies collect is aggregated and therefore anonymous. If you do not allow these cookies we will not know when you have visited our site, and will not be able to monitor its performance. These cookies may be set through our site by our advertising partners. They may be used by those companies to build a profile of your interests and show you relevant adverts on other sites. They do not store directly personal information, but are based on uniquely identifying your browser and internet device. If you do not allow these cookies, you will experience less targeted advertising.",https://stocktwits.com/news-articles/markets/equity/tsm-stock-dips-premarket-as-36-q2-sales-surge-fails-to-offset-iran-driven-market-jitters/cZmzjZaR7o8
TSM,"BWCP, LP's Taiwan Semiconductor Manufacturing Co Ltd(TSM) Holding History - GuruFocus",2026-09-13 01:21:39,"This website is using a security service to protect itself from online attacks. The action you just performed triggered the security solution. There are several actions that could trigger this block including submitting a certain word or phrase, a SQL command or malformed data. You can email the site owner to let them know you were blocked. Please include what you were doing when this page came up and the Cloudflare Ray ID found at the bottom of this page. Cloudflare Ray ID: a3b41c932f80c667
•

        Your IP:
        Click to reveal
52.242.243.193
•

Performance & security by Cloudflare","https://www.gurufocus.com/guru-portfolio/BWCP,%20LP/TSM"
TSM,Local summer beach habits that we must break now before beach season officially closes for good - New Jersey 101.5,2026-09-12 18:55:26,"Right after Labor Day, the vibe gets a little strange at the Shore. It's still beautiful and warm out, but suddenly things get eerily quiet the days afterward. It's almost like the wild west tumbleweeds, but at our beaches. But that strange quiet doesn't last long. Once we get to the first weekend after Labor Day, it livens back up again. Being a Jersey Shore native, I always look forward to this time of year. Sure, the crowds and visitors may be gone, but the beaches aren't dead yet. Welcome to local summer at the Jersey Shore. Instead of visitors from all different parts of the country and world, it's either visitors from different Jersey Shore towns, or it's simply your neighbors enjoying the beaches for themselves once again. Now this isn't to say Jersey Shore locals are completely guilty of this, but we're not immune from making these mistakes either. It's OK, you can admit it if you've done these before. Sometimes I think we just need to be reminded to be aware of our actions. Especially as locals at the Shore. All summer long, I've been broadcasting from our Asbury Park boardwalk studio and have been having a blast meeting and talking to you (which, by the way, we will continue to broadcast from the boardwalk every Saturday throughout local summer). And while out here, I've been asking you what your biggest beach pet peeves were. Here is what you had to say, and what we need to not do while we enjoy the beaches for ourselves once again (video below). According to you, the three biggest beach pet peeves are... All three of these were bad habits from beachgoers all summer long. Now that local summer is here, let's do our best to avoid the problems that make hanging out on our Jersey Shore beaches unpleasant. Howard Unruh, 68, sits impassively through a hearing in Camden, N.J., while seeking a transfer to the geriatric unit of Trenton Psychiatric Hospital from the hospital's intense treatment unit, July 26, 1989 (AP Photo/Pat Rogers). One of the World Trade Center's twin towers collapses after it was struck by a commerical airliner in a suspected terrorist attack September 11, 2001 in New York City. (Photo by Ezra Shaw/Getty Images) People take a look at the 206 route partially flooded as a result of the remnants of Hurricane Ida in Somerville, N.J., Thursday, Sept. 2, 2021. (AP Photo/Eduardo Munoz Alvarez) Seaside Park police block Ocean Avenue Saturday, Sept, 17, 2016  (Dianne DeOlivera) Train personel survey the NJ Transit train that crashed in to the platform at the Hoboken Terminal September 29, 2016 in Hoboken, New Jersey (Pancho Bernasconi/Getty Images) Sen. Bob Menendez (D-NJ) and his wife Nadine arrive for a court appearance at Manhattan Federal Court on September 27, 2023 in New York City (Michael M. Santiago/Getty Images) Casino Pier, Seaside Heights - Dino Flammia, Townsquare Media NJ (Canva) The above post reflects the thoughts and observations of New Jersey 101.5 weekend host & content contributor Mike Brant. Any opinions expressed are his own.",https://nj1015.com/jersey-shore-after-labor-day-habits/
TSM,TSM Stock Rises Overnight: CFO Says 'Don't Plan To Leave Food On Table' After Confirming Bumped-Up US Investment - Stocktwits,2026-09-12 17:31:05,"Taiwan Semiconductor Manufacturing Co.’s U.S.-listed stock rose 0.4% in overnight trading ahead of Monday, after a sharp slide last week despite reporting upbeat quarterly numbers. Even as its shares are pressured, the Taiwanese powerhouse is accelerating capacity expansion in the U.S. and Taiwan to meet booming demand for its chip manufacturing services. “We’re seeing this strong-structure, multi-year demand, and we do not plan to leave any food on the table for anybody else,” TSMC’s CFO Wendell Huang said in an interview with CNBC on Sunday. “As long as the megatrend is right, then we’re able to continue to deliver the profitable growth to our shareholders.” Huang’s comment came after media reports last week suggested TSMC has raised its planned U.S. investment by $100 billion to $265 billion, largely for its Arizona operations. The chipmaker said the additional spending could support four more fabs in the state, taking the total to 10. The world’s largest contract chipmaker, TSMC, is aggressively optimizing its leading-edge capacities, including a fast conversion of its 5-nanometer capacity to the advanced 3-nanometer node to support customers, Huang told the news network. The first phase of TSMC’s U.S. expansion, using the 4-nanometer technology, is already up and running, he said. “It’s going to be bigger and bigger in the next few quarters,” Huang said, framing the 2-nanometer technology as the company’s newest revenue driver heading into the third quarter. TSMC’s second-quarter revenue increased 38% to NT$1.27 trillion (about $40 billion) and profit rose a handsome 77% to NT$706.56 billion – beating analysts’ estimates on both counts. Still, shares have sold off excessively amid a broader semiconductor rout and a rotation into Big Tech and software stocks. TSM stock has declined about 18% from its peak on June 30. On Stocktwits, retail sentiment for TSM was ‘extremely bullish,’ unchanged since last Monday, with the ticker's watcher count rising 1.3% over the past week. Several users reposted the Arizona expansion news and pointed to Alphabet’s and Intel’s earnings this week as key catalysts for the AI trade. “Good news stopped being enough for AI leaders. TSM and MU had the numbers, but price is telling us that digestion through time or a correction is needed,” said a trader. TSMC makes cutting-edge semiconductors for the likes of Nvidia and Advanced Micro Devices. For updates and corrections, email newsroom[at]stocktwits[dot]com. Read Next: Korea-Focused KORU ETF Dips On KOSPI Drag: Samsung, SK Hynix Extend Selloff Into US Big Tech Earnings Week Comments posted here will also appear on symbol pages. SpaceX (SPCX) shares rose 1% overnight heading into Monday after CEO Elon Musk dismissed a report claiming that the rocket and satellite company had placed a $52 billion order with Foxconn for Nvidia-powered AI servers. SPCX stock fell 5% on Friday, extending its weekly decline to 15%. “This is fake news,” Musk said on X in response to a post summarizing the reported agreement. Taiwan’s Economic Daily said that Hon Hai Precision Industry, better known as Foxconn, had secured its first contract to manufacture AI servers for SpaceX. According to the report, SpaceX was preparing to deploy more than 13,000 server racks built around Nvidia’s GB300 platform. The estimated $52 billion value was based on an assumed cost of $4 million per rack rather than a disclosed contract price. Citrini analyst Jukan said on X that Foxconn had displaced the dominance of Dell Technologies and Super Micro Computer in supplying AI server infrastructure to SpaceX. It also claimed deliveries would begin in late 2026 and continue into the first quarter of 2027. Chairman Young Liu has previously said Foxconn expects to capture more than 40% of the global AI server market, while shipments of advanced AI racks are projected to increase through the end of the year. A separate Wall Street Journal report on Friday said that SpaceX was in discussions with the U.S. Department of Defense about supplying data-center capacity worth several billion dollars for military AI workloads. The talks were said to be ongoing and could still fail to produce an agreement. SpaceX has also explored offering computing power to outside AI customers as it seeks to compete more directly with cloud infrastructure providers such as CoreWeave. In June, SpaceX also reached computing arrangements with Google and Anthropic. The Google deal covered access to about 110,000 Nvidia chips, while Anthropic secured capacity at the company’s Colossus 1 data center in Memphis. The potential Defense Department arrangement would deepen SpaceX’s already extensive relationship with the U.S. military. The Pentagon relies on the company for rocket launches, satellite communications and missile-tracking systems. It is also seeking more computing capacity as intelligence agencies and military units increase their use of AI. SpaceX employees have reportedly discussed selling computing capacity at prices designed to compete with established cloud and specialized AI infrastructure providers. The Pentagon, meanwhile, is seeking funding for a new AI Arsenal initiative centered on access to high-end chips and computing resources. The military has also approved multiple tech companies, including SpaceX, Amazon, Google, Microsoft and Oracle, for classified AI-related work. On Stocktwits, retail sentiment for SPCX was ‘bearish’ amid a 7% rise in 24-hour message volumes. One user said, “$SPCX Shorting a Musk-led company is dangerous. Whether someone likes Elon Musk or not, his companies have a history of surprising skeptics. Good news—such as a successful Starship milestone, a major government contract, or stronger-than-expected Starlink growth—can send the stock sharply higher.” Another user noted, “$SPCX has excess compute. Colossus is under utilized. $SPCX is not filling Helios with GPUs. They have Colossus.” For updates and corrections, email newsroom[at]stocktwits[dot]com. Read Next: ATAI Stock Slips After Blockbuster Week: Cathie Wood Calls $3.8B Lilly Deal ‘Well-Deserved’ Return For Shareholders Comments posted here will also appear on symbol pages. ARK Investment Management founder-CEO Cathie Wood cheered Eli Lilly’s $3.8 billion AtaiBeckley acquisition on Sunday, calling it a “well-deserved” payoff for shareholders and a validation of Christian Angermayer’s psychedelic vision. ATAI stock rose 1% on Friday, adding 40% over the past five sessions and marking its best week in more than a year. Shares, however, were dipping more than 1% in overnight trading heading into Monday. Wood highlighted on X the biotech company’s role in bringing psychedelic medicines closer to mainstream clinical use: “Not only a well-deserved return for ATAI shareholders, this transaction validates Christian’s heartfelt mission and vision,” Wood said. She called Angermayer’s work with ATAI “one of the biggest catalysts of the psychedelic renaissance,” adding that clinical trials are increasingly validating the potential of psychedelics in treatment-resistant depression, post-traumatic stress disorder and broader mental health conditions. Wood also credited Angermayer with backing the field long before psychedelic medicine became widely accepted, fashionable, or investable. “Long before psychedelics were accepted, fashionable, or investable, Christian’s life’s mission was to reactivate them and bring back hope and health for those who had lost both,” she said. Wood’s praise came after ARK Invest reduced its ATAI stake last week. The ARK Genomic Revolution ETF (ARKG) sold 1.12 million ATAI shares worth about $6.02 million. As of Friday, however, ARKG still held 3.19 million shares valued at $22.78 million, or 1.4% of the fund. Lilly was also ARKG’s seventh-largest holding, with 61,258 shares worth $71.62 million and a 4.4% weighting. Eli Lilly said last week that it would acquire AtaiBeckley for up to $3.8 billion for the psychedelic drug developer as it builds out its neuroscience pipeline. Under the deal, shareholders would receive $6.75 in cash per ATAI share, with Lilly committing $2.8 billion at closing and an additional $1 billion for future milestones. The deal marked a 26% premium to AtaiBeckley’s shareholders. The companies are targeting completion of the acquisition in the third quarter of 2026. The centerpiece of the deal is BPL-003, an intranasal psychedelic therapy being tested in late-stage studies for treatment-resistant depression. Jefferies has projected that the drug could eventually generate $1 billion to $2 billion in sales if the program succeeds. AtaiBeckley has said the first late-stage data are expected in early 2029. Angermayer reflected on the deal over the weekend in an X post, saying ATAI’s next phase is about commercialization rather than advocacy. “Ten years ago, psychedelics needed an evangelist. Today, they need commercialization,” he said. After first exploring psychedelics in 2014, Angermayer helped launch Compass Pathways and ATAI in 2017 and invested more than $100 million of his own capital in ATAI. The two companies later raised over $1.5 billion, went public and helped build clinical credibility for psychedelic medicine. On Stocktwits, retail sentiment for ATAI was ‘extremely bullish’ amid ‘extremely high’ message volume. One user said, “$ATAI One dollar of the $2.50 CVR should be realized fairly soon. The only requirement is that VLS-01, now completing Phase 2, should begin a Phase 3 trial before the fourth anniversary of the deal. That could happen as early as next year. But the other $1.50 requires the approval and DEA rescheduling of both BPL-003 and VLS-01. That's going to take some time. They should have thrown in some milestone payments too.” Another user noted, “$ATAI People are starting to buy more $8 calls (not a ton, 610… open interest is 1,748).” ATAI stock has surged 159% over the past year, while LLY’s has risen 56% over the same period. For updates and corrections, email newsroom[at]stocktwits[dot]com. Read Next: SLS Stock Jumps Ahead Of CEO’s Fox Appearance: Retail Bets AML Readout Could Spark Big Pharma Bidding War Comments posted here will also appear on symbol pages. AtaiBeckley (ATAI), Palo Alto Networks (PANW) and Travelers Companies (TRV), all reached 52-week highs on Friday as investors moved away from vulnerable areas of the technology sector and toward companies backed by stronger fundamentals, with capital flowing into businesses with clearer growth catalysts, essential services and proven earnings power. Atai Life Sciences and Palo Alto Networks stocks ended the session 0.9% and 1% higher, while Travelers Companies stock climbed 9%. AtaiBeckley stock reached a four-year high of $7.22 on Friday, as its psychedelic medicine business gained momentum after a multibillion-dollar acquisition agreement reshaped investor expectations for the sector. The rally followed Eli Lilly and Co. (LLY )'s July 16 announcement of a deal to acquire AtaiBeckley for $6.75 per share in upfront cash, valued at up to $3.8 billion, including milestone-based payments. The transaction pushed psychedelic treatments closer to mainstream pharmaceutical acceptance as investors viewed the acquisition as a sign of confidence from a major drugmaker. The deal centers on AtaiBeckley’s experimental therapies, including BPL-003 and VLS-01. BPL-003, an intranasal formulation based on 5-MeO-DMT, is being developed for treatment-resistant depression and has received FDA Breakthrough Therapy Designation. On Stocktwits, retail sentiment around the stock remained in ‘extremely bullish’ territory. Palo Alto Networks stock touched a record high of $368.80 as investors showed confidence in its cybersecurity business. Demand increased for Palo Alto’s security platforms, including Cortex and XSIAM, as companies prioritized protecting their digital systems from growing AI threats. Capital One upgraded the stock to “Overweight” from “Equalweight” and increased its price target to $421 from $307. The firm expects the cybersecurity company to benefit from growing demand for AI infrastructure, rising cyber threats, a spike in security spending and the need to protect new AI systems. Retail sentiment around the stock remained in ‘bearish’ territory. The Travelers Companies stock also reached a record high of $370.43 after reporting stronger-than-expected fiscal second-quarter results. The insurer posted earnings of $10.04 per share, while revenue reached $12.15 billion, both exceeding the analysts’ consensus estimates of $5.39 and $10.98 billion, respectively, according to Fiscal AI data. Travelers improved its combined ratio to 83.6% from 90.3% last year, showing stronger underwriting performance. Investor sentiment toward the stock remained positive. So far this year, TRV, ATAI, and PANW stocks have gained between 26% and 94%. Also See: Why Retail Traders Couldn’t Take Their Eyes Off These Stocks Last Week: IBM, PYPL, TSM, NOK, SPCX For updates and corrections, email newsroom[at]stocktwits[dot]com. Comments posted here will also appear on symbol pages. Shares of Sellas Life Sciences (SLS) jumped 3% overnight late Monday as retail traders bet that the final acute myeloid leukemia (AML) readout could turn this week’s Fox appearance into a launchpad for Big Pharma interest. SLS stock surged 12% on Friday to close at $13.19, capping a 3% weekly gain. The speculation is related to Sellas’ Phase 3 Regal trial of galinpepimut-S (GPS) in AML. The study is nearing the 80th event required to trigger its final analysis. Retail sentiment on Stocktwits sllipped to ‘neutral’ from ‘bullish’ levels a week ago amid a 12% rise in 24-hour message volumes. However, watchers for the stock have risen nearly 5% in a month. One trader called CEO Angelos Stergiou’s media strategy a “masterclass in forcing a Big Pharma decision,” saying that the period between the 80th event and topline data could trap short sellers. “We aren't waiting for a buyout—we’re manufacturing the conditions that make a bidding war inevitable,” the user said. Another investor expects Sellas to announce the topline results around Stergiou’s Fox appearance, while projecting a surge in the stock and a bidding war.  A third user said Stergiou had spent more than five years protecting Regal and would not risk the program for “30 minutes of television fame,” adding: “The timeline is compressed because the destination is set.” Other traders predicted that Stergiou would discuss the company’s two flagship drugs and the path to topline data. Several named Johnson & Johnson, Merck, Pfizer, AbbVie, Eli Lilly, and Bristol Myers as possible bidders. “One thing is for sure, JnJ will be watching Fox News,” another user said, citing LinkedIn activity. Stergiou said on LinkedIn last week that he would return to Fox & Friends after a recent discussion with host Brian Kilmeade about the future of AI-powered cancer vaccines. He said that the segment’s date and time were still being finalized, adding that the discussion would cover Sellas’ clinical programs and efforts to advance more personalized cancer care through GPS and SLS009 (the company’s second clinical-stage drug candidate). Meanwhile, retail takeover speculation has intensified as the market value swelled from about $73 million at the start of 2024 to more than $1.5 billion by mid-2026, with Regal nearing completion. Investors have pointed to Stergiou’s previous references to “strategic partners,” changes to executive change-of-control benefits and the potential commercial value of GPS and SLS009 (the second drug). Regal is a Phase 3 study evaluating GPS in AML patients who have entered a second complete remission. The trial had reached 78 of the 80 events required to trigger its final analysis. Sellas has said that the study would be considered successful if GPS extends median overall survival to 12.6 months, compared with eight months for best available therapy. Stergiou previously said the company would announce the 80th event and then enter a formal quiet period until topline results are available. He has also pushed back against claims that the slower event rate necessarily means patients in the control arm are surviving longer. Since Sellas remains blinded, neither the company nor investors know which arm is responsible for the slower accumulation of events. The CEO has also rejected calls to stop the trial at 78 events, saying, “Events are our statistical currency,” and warning that an early halt could create regulatory concerns and timing bias. For updates and corrections, email newsroom[at]stocktwits[dot]com. Read Next: TSLA Stock Rises Overnight On Germany Ramp Ahead Of Q2: Analyst Sees 10% Delivery Jump This Year, Improving Margins Comments posted here will also appear on symbol pages. Artificial intelligence remained the driving force behind the technology sector last week as companies unveiled earnings, dealmaking, infrastructure expansions and product initiatives that underscored intensifying competition across software, chips and advanced computing. A shift in corporate technology spending defined the week's market action, with AI infrastructure emerging as the biggest beneficiary. As companies prioritized investments in semiconductors, data center equipment and computing capacity, hardware and chip suppliers outperformed while many software companies came under renewed pressure. IBM posted its worst week in history, plunging 26% after its preliminary second-quarter results came in below Wall Street expectations. The company attributed part of the slowdown to customers prioritizing investments in AI infrastructure over software-related spending. The drop raised concerns about enterprise software companies, leading investors to rethink the sector’s outlook. However, on Stocktwits, retail sentiment around IBM remained in ‘extremely bullish’ territory. PayPal Holdings (PYPL) emerged as one of the strongest performers after reports that Stripe and Advent International were pursuing an acquisition valued at more than $53 billion. The news triggered a sharp rally and fueled speculation among retail traders over whether competing bids could emerge following years of underperformance in the payments company's shares. “The Big Short” investor Michael Burry supported this theory, saying the proposed $53 billion takeover offer for PayPal is too low and added that the $60.50-per-share bid from Stripe and Advent International undervalues PayPal and is likely just the first offer, with a higher bid potentially coming later. PayPal stock gained 22% over the week with retail sentiment remaining in ‘extremely bullish’ territory. Taiwan Semiconductor Manufacturing Co.(TSM) reported robust fiscal second-quarter revenue growth and expanded its long-term U.S. manufacturing plans. During the Q2 earnings call, CFO Wendell Huang said the company is raising its 2026 capital expenditure forecast to $60 billion to $64 billion, up from a prior range of $52 billion to $56 billion. The increased spending fears sparked an 8% fall for the stock during the week, with sentiment remaining in ‘extremely bullish’ territory. ASML Holding (ASML) raised its fiscal outlook following strong demand for advanced chipmaking equipment. CEO Christophe Fouquet also said Intel (INTC) has begun commercial production using the company's newest lithography technology. Nokia Corp (NOK) clocked its worst week in over five years after concerns mounted that rising component costs tied to AI demand could pressure margins across the networking industry. However, Nokia’s hAI-RAN platform, designed to help mobile operators improve network performance using AI instead of relying only on hardware upgrades found support among retail investors. The platform combines Nokia’s AI software with Nvidia’s advanced computing technology to make wireless networks faster and more efficient. The stock declined 18% over the week. Space Exploration Technologies Corp. (SPCX) stock suffered a 14% fall last week after the 13th Starship test flight, which was planned for July 16, was called off after some engines failed to start, causing an automatic shutdown. The launch was planned from SpaceX’s Texas site, but the company canceled the mission soon after the countdown started. The test was meant to be the first flight of an upgraded Starship rocket built to support future Starlink and NASA moon missions. According to a Reuters report, SpaceX now plans to make another attempt to launch its Starship rocket on July 23. Oracle Corp (ORCL) is reportedly the leading candidate to deliver highly secure cloud services for Japan's government, while Meta Platforms (META) faces a lawsuit alleging AI-assisted layoff decisions disproportionately affected certain employees. Separately, Meta increased planned spending on its Hyperion data center project to more than $50 billion. Alphabet (GOOG, GOOGL) has delayed the launch of Gemini 3.5 Pro by several months while engineers continue refining the model. Also See: KO Stock In Focus: Coca-Cola’s Fairlife Halts US Production After Ransomware Attack For updates and corrections, email newsroom[at]stocktwits[dot]com. Comments posted here will also appear on symbol pages. These cookies are necessary for the website to function and cannot be switched off in our systems. They are usually only set in response to actions made by you which amount to a request for services, such as setting your privacy preferences, logging in or filling in forms. You can set your browser to block or alert you about these cookies, but some parts of the site will not then work. These cookies do not store any personally identifiable information. As a California consumer, you have the right to opt-out from the sale or sharing of your personal information at any time across business platform, services, businesses and devices. You can opt-out of the sale and sharing of your personal information by using this toggle switch. As a Virginia, Utah, Colorado and Connecticut consumer, you have the right to opt-out from the sale of your personal data and the processing of your personal data for targeted advertising. You can opt-out of the sale of your personal data and targeted advertising by using this toggle switch. For more information on your rights as a United States consumer see our privacy notice. These cookies allow us to count visits and traffic sources so we can measure and improve the performance of our site. They help us to know which pages are the most and least popular and see how visitors move around the site. All information these cookies collect is aggregated and therefore anonymous. If you do not allow these cookies we will not know when you have visited our site, and will not be able to monitor its performance. These cookies may be set through our site by our advertising partners. They may be used by those companies to build a profile of your interests and show you relevant adverts on other sites. They do not store directly personal information, but are based on uniquely identifying your browser and internet device. If you do not allow these cookies, you will experience less targeted advertising.",https://stocktwits.com/news-articles/markets/equity/tsm-stock-rises-overnight-cfo-says-don-t-plan-to-leave-food-on-table-after-confirming-bumped-up-us-investment/cZZLHotR7Mv
TSM,TSMC Inches Closer to $2 Trillion Market Cap As Chip Stocks Rebound: Top Executive Buys Stock - Stocktwits,2026-09-12 15:03:28,"U.S.-listed shares of Taiwan Semiconductor Manufacturing Co. rose 2% in premarket trading on Wednesday, joining a broader rebound across chip stocks and bringing the world’s largest contract chipmaker within striking distance of a $2 trillion market capitalization. Major chip stocks advanced sharply in the session, with Intel gaining 4% and the Shares Semiconductor ETF (SOXX) climbing 2.6%, extending gains fueled by optimism over a potential U.S.-Iran peace deal, despite a brief pause in momentum the previous session. TSMC makes cutting-edge semiconductors for the likes of Nvidia and Advanced Micro Devices. The biggest buyers of those chips – including cloud companies Alphabet, Amazon, and Microsoft – have set aside $725 billion for AI-related investments this year. In April, the Taiwanese giant raised its full-year sales guidance and said its capital spending should trend toward the upper end of an existing forecast range of as much as $56 billion in 2026. The TSM stock has gained 41% year to year. Based on the closing price, the company’s market cap hit a peak of $1.99 trillion on June 2, according to TradingView. New filing from the company on Tuesday showed that Vice President Lipen Yuan bought 1,000 TSMC shares for about $75,260, increasing his direct holdings to 4,000 shares. Last week, TSMC issued its monthly update. Revenue in May increased 30% to NT$416.98 billion ($13.2 billion), with combined April and May sales up around 24% from a year ago, according to Bloomberg calculations. Analysts expect sales growth of 35% in the second quarter, which ends in June, according to estimates from Koyfin. The latest performance shows steady demand for advanced chips, which power data centers and other systems that power AI applications, smartphones and automobiles. Last month, Nvidia CEO Jensen Huang announced that the U.S. chip designer would set up a headquarters in Taiwan and invest up to $150 billion annually in the region. On Stocktwits, the retail sentiment for TSMC remained ‘extremely bearish,’ unchanged from the previous day. “$TSM looking shaky despite that 30% YoY May revenue growth and raised guidance. Big money is piling into puts with over $9m in downside premium bought today… Feels like a big caution sign for anyone thinking about short-term upside plays,” a trader wrote, while some also said they were loading shares with a long term view. For updates and corrections, email newsroom[at]stocktwits[dot]com. Comments posted here will also appear on symbol pages. Tesla (TSLA) stock is back in focus after a brief social media exchange between CEO Elon Musk and Coinbase CEO Brian Armstrong reignited discussion about the long-term relationship between the EV maker and SpaceX. The conversation began when Armstrong took to the X platform and raised the possibility of building a Von Neumann probe, a theoretical spacecraft capable of reproducing itself by using materials gathered beyond Earth. Musk responded that “A legion of Optimi combined with solar panels will constitute the first Von Neumann probe.” Musk’s comments expand on previous statements in which he described Tesla’s Optimus humanoid robot as an early example of a machine that could help establish human infrastructure on other worlds. The reply also highlighted a potential role for Tesla’s Optimus humanoid robots in future space missions. Self-replicating exploration systems would require autonomous machines capable of construction, resource extraction, and manufacturing in remote environments. In that framework, Optimus could provide robotic labor while SpaceX supplies transportation through its Starship platform. Tesla stock edged 0.2% lower in Wednesday’s premarket. Musk’s remarks have triggered the SpaceX-Tesla merger debate, as his reply suggests that Tesla’s artificial intelligence and robotics efforts may eventually become essential to SpaceX’s broader ambitions. Combining advanced robotics, launch systems, and energy infrastructure under one corporate umbrella could simplify technology sharing and speed up development. Elon Musk has reportedly discussed a potential Tesla-SpaceX merger with close associates, with growing belief inside both companies that such a deal could eventually occur, though no timetable exists. Separately, early SpaceX investor Peter Diamandis told Bloomberg that a merger after SpaceX's IPO is a question of when, not if. Tesla had planned to unveil the mass-production version of Optimus, known as Gen 3, in the first quarter, but the event has not yet occurred. Elon Musk said in April that the robot is nearly ready and will likely be revealed closer to production around July or August. On Stocktwits, retail sentiment around the stock remained in ‘neutral’ territory. A user said, “$SPCX No path to profitable but Elon said $1T in revenue by 2030. That's obviously mathematically impossible. He said the same about $TSLA but It's over.” Another user said, “musk wealth over 5x'd from the already obscene levels in early November of 2021. Tesla share price currently trades at the exact same level today as in early November of 2021. Yes, 4 years, 8 and one half months ago.” Also See: GE Stock Charts Golden Cross As Strong Aviation Demand, Defense Growth Fuel Momentum For updates and corrections, email newsroom[at]stocktwits[dot]com. Comments posted here will also appear on symbol pages. Major chip stocks rallied in early premarket trading on Wednesday, extending gains fueled by optimism over a potential U.S.-Iran peace deal, despite a brief pause in momentum the previous session. Intel stock gained 5.3%, leading the gains. Advanced Micro Devices stock gained 3.8%, and Broadcom stock gained 2.3%. The iShares Semiconductor ETF (SOXX) gained 3%, while Nvidia shares rose 0.5%. Chip stocks are rebounding after sharp declines on Tuesday, a cooling-off following the early-week rally sparked by the U.S.-Iran peace deal. U.S. stocks declined as well, and were rising in Wednesday’s premarket session. The moves come even as investors turn to the Federal Reserve’s rate decision, due at 2 pm ET. Economists expect the central bank to keep the rate unchanged in the 3.50%-3.75% range, according to a Reuters poll. The rally also signals that investors remain cautiously bullish on the chips sector, even after multi-hold increases in several key stocks amid an incredible demand for semiconductors from data centers. Intel and ARM Holdings stocks have climbed over 200% this year, while AMD is up 137%. The momentum is also evident in the shares of key players in the data center industry, including networking gear and photonic component sellers. On Stocktwits, the retail sentiment remained ‘bearish’ for INTC, AMD, and AVGO, investors questioned whether the gains were sustainable. The retail sentiment for SOXX flipped to ‘bearish’ from ‘bullish.’ “$SOXX Astonishing to see how relentless the semiconductor sector is. Even a day like that. All the liquidity gets drained out of every other name to go there. It's concerning,” a trader said. Cathie Wood’s ARK Investment Management sold more shares of AMD on Tuesday, according to its disclosure. Its funds sold 23,844 AMD shares worth $13 million. ARK has sold well over $250 million in AMD shares since the start of May, with selling accelerating in June as it raised cash for a massive SpaceX position. The U.S. and Iran announced on Sunday that they had agreed to a peace deal to end the fighting in the Middle East and reopen the Strait of Hormuz, sending global markets higher the next day. A formal deal is expected to be signed on Friday. Senior U.S. officials have begun giving some details about the deal, briefing that the key sea route would reopen on Friday - the same day the deal is formally inked in Geneva. For updates and corrections, email newsroom[at]stocktwits[dot]com. Read Next: Why Is NBIS Stock Jumping Nearly 3% In Overnight Trading? Comments posted here will also appear on symbol pages. U.S. stock futures rose ahead of the Federal Reserve’s rate decision today, building on momentum from the previous session, which saw the Dow Jones Industrial Average notch its second straight all-time closing high. Investors are locked onto newly appointed Fed Chair Kevin Warsh's first policy meeting today. While rates are expected to remain unchanged, Warsh’s stance on AI as a disinflationary force and his desire to shrink the Fed’s balance sheet could spark market volatility, according to Dan Niles, founder of Niles Investment Management. As of 4:00 a.m. ET, Nasdaq futures rose 0.9%, S&P 500 and Russell 2000 futures gained 0.3%, while Dow futures were flat. However, on Stocktwits, retail sentiment for the SPDR S&P 500 ETF (SPY), an exchange-traded fund that tracks the S&P 500 Index, has flipped to ‘bullish’ from ‘bearish’ a day ago, and the Invesco QQQ Trust (QQQ) ETF, which tracks the Nasdaq-100 Index, has improved to ‘neutral’ from ‘bearish’. SpaceX (SPCX) stock surged roughly 50% from the $135 IPO price and briefly surpassed both Microsoft and Amazon in market capitalization before settling as the fifth-most valuable U.S. company on Tuesday. Rocket Lab USA (RKLB): Stock rose 2% in early premarket trade despite announcing a delay for its upcoming 90th Electron flight to complete extra pre-flight checkouts on the Synspective satellite payload. AST SpaceMobile (ASTS): Shares rose 5% in early premarket trade ahead of its high-stakes launch tonight from Cape Canaveral, aiming to deploy three massive Block 2 BlueBird satellites. SoFi Technologies (SOFI) is on the retail radar after CEO Anthony Noto disclosed an insider buy of an additional $250,000 in shares, bringing his total 2026 investments to $2.3 million. Intel Corp (INTC) stock rose 4% in early premarket after announcing production on its advanced 18A-P chip node. Microsoft (MSFT): Reports revealed Microsoft walked away from a $3 billion Oracle cloud lease over security issues. Nvidia (NVDA), AMD, Alphabet (GOOGL): Samsung is reportedly in active talks with foundries to manufacture AMD CPUs by 2028. Separately, Nvidia CEO Jensen Huang joined Coherent executives to break ground on a new U.S. laser manufacturing facility on Tuesday. Micron (MU), SanDisk (SNDK): According to reports, South Korean supplier SK Hynix is planning a $10–$14 billion U.S. ADR listing on Nasdaq as early as August. CrowdStrike (CRWD) holds its annual shareholder meeting today. Amazon (AMZN) drew attention following a Bloomberg report that the company could face billions of dollars in penalties from a potential FTC advertising-related lawsuit. Super Micro Computer (SMCI): A newly filed Schedule 13G revealed that Jane Street has taken a major stake in the company. Dell Technologies (DELL): The company declared a quarterly dividend of $0.63 per share, payable on July 31 to shareholders of record as of July 21. ImmunityBio (IBRX) is garnering retail attention ahead of the Russell index reconstitution later this month, with investors anticipating passive fund inflows as the company potentially graduates into the Russell 1000 Index. Lionsgate Studios (LION) fell 5% in early premarket trade following media reports that officially refuted earlier rumors of acquisition interest from streaming giant Netflix (NFLX). Other tickers trending on Stocktwits at the time of writing included Applied Optoelectronics (AAOI), JPMorgan Chase (JPM), Robinhood Markets (HOOD), and IonQ Inc (IONQ). On the economic front, investors are tracking the release of the retail sales at 8:30 am ET.  The Federal Open Market Committee (FOMC) policy statement will be released at 2:00 pm ET, followed by a press conference. On earnings radar, watch out for quarterly reports from CarMax Inc (KMX), Jabil Inc (JBL), Smith & Wesson Brands Inc (SWBI), Safe Bulkers Inc (SB), and Cheetah Mobile (CMCM), among others. For updates and corrections, email newsroom[at]stocktwits[dot]com Comments posted here will also appear on symbol pages. GE Aerospace (GE) stock is gaining momentum, rising for the past four straight sessions and forming a “Golden Cross” pattern after four years, as demand across commercial aviation and defense markets remains strong. GE stock has gained roughly 14% since the start of the year and reached a record high of $352.8 on Tuesday. Shares were up about 0.2% in early premarket trading on Wednesday. GE Aerospace stock has triggered a closely watched technical milestone, with its 50-day moving average climbing above its 200-day moving average in a pattern traders call a “Golden Cross.” The signal comes as the aerospace manufacturer continues to post record share prices following its transformation into a standalone, aviation-focused business after shedding other legacy operations. Investors are paying attention because the last occurrence of the same setup, in late 2022, was followed by a powerful advance in the stock over the following months. GE Aerospace reported strong first-quarter results in April, with revenue rising 25% year-on-year to $12.4 billion and orders increasing 87% to $23 billion, indicating strong demand across both its commercial aviation and defense businesses. The company continues to benefit from the expansion of military programs, supported by propulsion and avionics contracts tied to U.S. defense initiatives. At the same time, airlines worldwide are keeping aircraft in service longer due to production bottlenecks at major manufacturers, thereby creating sustained demand for engine maintenance, repairs, and replacement parts. Also, the company’s $1 billion investment program to expand manufacturing capabilities in the U.S. has bolstered confidence in long-term aerospace demand and order backlog. Last month, analysts at Jefferies maintained their ‘Buy’ rating on GE Aerospace, stating that the company leadership continues to anticipate mid-teen percentage growth in services revenue during 2026, followed by another year of double-digit expansion in 2027. Seaport Research pointed to strong revenue performance driven by delayed aircraft production schedules and airlines keeping existing fleets in service longer than originally planned. On Stocktwits, retail sentiment around the stock improved to ‘bullish’ from ‘neutral’ territory the previous day. The stock saw a 900% increase in message volume over the past month, with watchers remaining flat. A user said, “Back to all-time highs. WOW. What a dip buy this was.” GE stock has gained over 49% in the last 12 months. Also See: TGT Stock Heads For Monthly Gain: Target Taps Isaac Mizrahi For Design Overhaul, Retail Calls For A 'Breakout' For updates and corrections, email newsroom[at]stocktwits[dot]com. Comments posted here will also appear on symbol pages. SpaceX's (SPCX) blockbuster IPO is doing more than minting Elon Musk as the world's first trillionaire — it's exposing where Wall Street's biggest bearish bets are concentrated in the space sector, with AST SpaceMobile (ASTS) and Virgin Galactic (SPCE) emerging as the highest-conviction short trades. SPCX stock has jumped 50% since its $135 IPO debut, briefly overtaking Microsoft and surpassing Amazon by market cap. According to S3 Partners, SpaceX's long-awaited listing removes a key dynamic that had shaped space investing for years. ""SpaceX's record IPO removes the central constraint of the 'space trade' — for years it meant buying public proxies because the category leader wasn't listed,"" the firm said. With SPCX now publicly traded and borrowing costs estimated at just 1%-3% annually, investors no longer need to rely on smaller space stocks to gain or hedge exposure to the sector. ""Short interest sorts by business maturity, not the 'space' label,"" the firm said, noting that pre-revenue and milestone-dependent companies such as ASTS, SPCE and Intuitive Machines (LUNR) carry some of the sector's highest short-interest levels. ASTS currently has about 54 million shares sold short, up 41% year-to-date, while SPCE's short position has surged 86% to 28 million shares. Notably, S3 identified both as among the sector's clearest outright bearish trades. ""At the genuinely directional shorts — AST SpaceMobile's +41% build and Virgin Galactic's +86% — the short side outran the long,"" the report said. S3 estimates only about 22% of ASTS short interest related to convertible-bond arbitrage strategies. While Intuitive Machines (LUNR) remains heavily shorted with 35 million shares sold short, bullish investors have been buying faster than bears. Passive ownership has surged 101% year-to-date, while active and hedge fund long positions have risen 52% and 97%, respectively, outpacing the stock's 34% increase in short interest. ""Intuitive Machines is the clearest case: every long cohort grew faster than its +34% short build YTD,"" S3 said. Meanwhile, Rocket Lab (RKLB) and Viasat (VSAT) both saw shorts reduce positions over the past year as investors rewarded stronger operating fundamentals. ""Rocket Lab and Viasat, the cash-generating operators, ran the other way: shorts covered both over the past month and YTD,"" S3 said. Short interest declined 22% year-to-date in RKLB and 26% in VSAT, even as passive ownership held steady or increased. ""Shorts are building, but passive longs are buying faster — the bears keep getting absorbed,"" S3 said. That trend is especially visible in stocks such as LUNR and Planet Labs (PL), where long ownership has continued to outpace short growth. On Stocktwits, retail sentiment was 'bullish' on SPCX amid 'extremely high' message volume, while ASTS, SPCE and RKLB were 'bullish' amid 'high' message volume, VSAT and PL were 'bearish' amid 'high' message volume, and LUNR was 'neutral' amid 'high' message volume. Over the past year, PL has surged 428%, VSAT has gained 377%, RKLB is up 294%, LUNR has climbed 116%, ASTS has advanced 96%, and SPCE has risen 9%. For updates and corrections, email newsroom[at]stocktwits[dot]com. Read Next: RKLB Stock Jumps Overnight: Retail Unfazed By Launch Delay Of Rocket Lab's 90th Electron Mission Comments posted here will also appear on symbol pages. These cookies are necessary for the website to function and cannot be switched off in our systems. They are usually only set in response to actions made by you which amount to a request for services, such as setting your privacy preferences, logging in or filling in forms. You can set your browser to block or alert you about these cookies, but some parts of the site will not then work. These cookies do not store any personally identifiable information. As a California consumer, you have the right to opt-out from the sale or sharing of your personal information at any time across business platform, services, businesses and devices. You can opt-out of the sale and sharing of your personal information by using this toggle switch. As a Virginia, Utah, Colorado and Connecticut consumer, you have the right to opt-out from the sale of your personal data and the processing of your personal data for targeted advertising. You can opt-out of the sale of your personal data and targeted advertising by using this toggle switch. For more information on your rights as a United States consumer see our privacy notice. These cookies allow us to count visits and traffic sources so we can measure and improve the performance of our site. They help us to know which pages are the most and least popular and see how visitors move around the site. All information these cookies collect is aggregated and therefore anonymous. If you do not allow these cookies we will not know when you have visited our site, and will not be able to monitor its performance. These cookies may be set through our site by our advertising partners. They may be used by those companies to build a profile of your interests and show you relevant adverts on other sites. They do not store directly personal information, but are based on uniquely identifying your browser and internet device. If you do not allow these cookies, you will experience less targeted advertising.",https://stocktwits.com/news-articles/markets/equity/tsmc-inches-closer-to-2-trillion-market-cap-as-chip-stocks-rebound-top-executive-buys-stock/cZK0tdVR7Ii
TSM,"TSMC Faces Revenue 'Uncertainty' In 2028-29 As AI Investments Need To Prove Their Returns, Morningstar Analyst Says - Stocktwits",2026-09-12 12:10:48,"Taiwan Semiconductor Manufacturing Co. (TSM) could see revenue growth remain strong through 2027, but a Morningstar analyst sees greater uncertainty emerging in 2028 and 2029 as AI investments face pressure to demonstrate returns. During an interview with CNBC, Morningstar analyst Phenix Lee highlighted geopolitical concerns as another area of concern for the world’s largest contract chipmaker. “For 2027, we do expect a 30% revenue increase, mainly driven by AI and other de-bottlenecking efforts. We are assuming an increase in demand and an increase in supply that can serve the growing market. More of the uncertainty is really on the 2028 or 2029 time frame when AI investments definitely need to prove their returns,” Lee said. Taiwan Semiconductor’s American Depositary Receipts were up more than 1% in Tuesday’s pre-market trade. Lee said the semiconductor supply chain is evolving as AI demand grows, with advanced chips potentially giving way to other components as the industry's biggest constraint. “Advanced chips may not be the tightest of the tightest constraints and some other components may be in the spotlight for now,” the analyst said. That shift could partly explain why TSMC's stock has been relatively stable despite high expectations for its AI-driven growth, according to Lee. TSMC's ability to expand supply alongside demand will also be important as bottlenecks move across the broader AI infrastructure supply chain. Lee also highlighted TSMC's increasing overseas manufacturing footprint as evidence that supply-chain stability and geopolitical considerations are influencing the company's decisions. Sony Semiconductor Solutions and TSMC on Tuesday announced a definitive agreement to establish a joint venture in Kumamoto, Japan, focused on developing and manufacturing advanced image sensors for smartphones. Sony will be the controlling shareholder, with plans to contribute approximately 465 billion yen ($2.92 billion) to the venture through cash and asset transfers. TSMC will contribute about 282 billion yen ($1.77 billion) in cash, with the investments to be made in phases depending on market demand and other business conditions. Lee said Sony's majority stake was the biggest surprise from the agreement, particularly given TSMC's traditional preference for maintaining control over its manufacturing operations. “TSMC used to be a company that doesn't like joint ventures,” he said, pointing to the company's 70% stake in its German fab as another recent departure from that approach. Lee suggested that geopolitical considerations and supply-chain stability may be changing TSMC's calculus around overseas manufacturing. The world's biggest contract chipmaker on Monday reported revenue of NT$467.58 billion ($14.5 billion) in July, up 44.7% year over year. The July increase followed a strong second quarter, with revenue rising 36% year over year to NT$1.27 trillion ($40.2 billion). Net income jumped 77.4% to NT$706.56 billion, while diluted earnings per share rose 77.4% to NT$27.25. “Our business in the second quarter was supported by strong demand for our leading-edge process technologies,” TSMC Senior Vice President and Chief Financial Officer Wendell Huang said. The company expects that momentum to continue into the third quarter, particularly as its 2-nanometer technology ramps up. Retail sentiment on Stocktwits around TSMC trended in the ‘bearish’ territory at the time of writing. TSMC stock is up 40% year-to-date and 73% over the past 12 months. The iShares Semiconductor ETF (SOXX) is up 118% over the past 12 months, while the Global X Artificial Intelligence & Technology ETF (AIQ) is up 41%. The VanEck Semiconductor ETF (SMH) is up 94% during this period, while the Direxion Daily Semiconductor Bull 3X (SOXL) is up 406%. Also See: SKHY Reportedly Revives China NAND Plant After 4-Year Pause, Days After $39B Korean Fabs Investment For updates and corrections, email newsroom[at]stocktwits[dot]com. Comments posted here will also appear on symbol pages. Cathie Wood’s ARK Invest bought the dip in Nvidia (NVDA) on Monday after the shares fell 2.8% in the previous session, while also adding to several other AI and semiconductor-related positions. NVDA stock recovered as much as 1% in pre-market trade on Tuesday. Retail sentiment around the Jensen Huang-led company on Stocktwits remained in ‘bullish’ territory over the past day, while chatter increased to ‘high’ from ‘normal’ levels. ARK Invest’s ARK Innovation ETF (ARKK), ARK Autonomous Technology & Robotics ETF (ARKQ), ARK Next Generation Internet ETF (ARKW), ARK Fintech Innovation ETF (ARKF), and ARK Space Exploration & Innovation ETF (ARKX) funds all bought Nvidia shares on Monday, according to the firm’s daily trade notification. The company’s flagship fund, ARKK, traded roughly flat in pre-market trade on Tuesday. Retail sentiment around the fund on Stocktwits improved to ‘neutral’ from ‘bearish’ territory over the past day. ARK Invest also added Cloudflare (NET) across ARKK and ARKF on Monday. NET stock rose 3.4% in the previous session before edging 0.5% lower in pre-market trade on Tuesday. Retail sentiment on Stocktwits around Cloudflare remained in ‘extremely bullish’ territory, while chatter stayed at ‘extremely high’ levels. ARKK and ARKQ also bought Broadcom (AVGO), while ARKK added Teradyne (TER), a semiconductor test equipment maker. ARKG added to Intellia Therapeutics (NTLA) and Cerus Corp (CERS), which were also purchased by other ARK funds. ARK’s Nvidia purchases came on the same day the chipmaker announced partnerships with Apollo, BlackRock, Blackstone, Brookfield, Goldman Sachs, and KKR to develop financing platforms to raise more than $500 billion in third-party capital for AI infrastructure. The financing arrangements are designed to allow Nvidia customers to borrow against chip purchases rather than pay the full cost up front. The structure could help ease some of the balance-sheet pressure created by the rapid expansion of AI infrastructure. The Cloudflare purchase followed comments from Chief Technology Officer Dane Knecht, who floated a proposal for the company to help SpaceX’s (SPCX) Starlink manage bandwidth pressure from rising AI traffic. Elon Musk was reportedly reviewing the proposal. Cloudflare also recently reported second-quarter (Q2) revenue of about $696 million, up roughly 36% year over year, and raised its full-year revenue outlook to between $2.86 billion and $2.87 billion. Deere (DE) was trimmed in both ARKK and ARKQ, while Shopify (SHOP) was reduced in ARKW and ARKF. Brera Holdings (SLMT) also saw small reductions across ARKK, ARKW, and ARKF. ARKK and ARKG completely exited their respective positions in 10x Genomics (TXG). TXG stock fell as much as 2.5% in pre-market trade. However, retail sentiment on Stocktwits flipped to ‘bullish’ from ‘bearish’ over the past day, accompanied by chatter at ‘high’ levels. Other single-fund sales included Palantir (PLTR) and Elbit Systems (ESLT) in ARKQ, Snowflake (SNOW) in ARKW, Twist Bioscience (TWST) in ARKG, and Iridium Communications (IRDM) in ARKX. Cathie Wood’s sale of PLTR shares comes as Michael Burry re-entered out-of-the-money put trades on the Stock. He expects Palantir shares to trade below $1 in the long run. PLTR stock fell around 1% in pre-market trade. On Stocktwits, retail sentiment around Palantir fell to ‘bullish’ from ‘extremely bullish’ over the past day, and chatter fell to ‘high’ from ‘extremely high’ levels. - Read also: S&P 500, Nasdaq, Dow Futures Mixed As CPI Countdown Begins: Why INTC, SLS, SPCX, RKLB, ASTS, RIOT, FRMI Stocks Are In Focus For updates and corrections, email newsroom[at]stocktwits[dot]com. Comments posted here will also appear on symbol pages. SK Hynix Inc. (SKHY) is said to be ramping up its bet on the AI-driven memory boom, reportedly restarting construction at a long-delayed NAND plant in China just days after announcing a $39 billion investment in new semiconductor fabs in South Korea. According to a report by Seoul Economic Daily, Solidigm, SK hynix's NAND subsidiary, has resumed work on the second plant at its Dalian production base after construction was suspended for about four years, according to semiconductor industry sources. SK Hynix’s American Depositary Receipts (ADR) were up nearly 1% in Tuesday’s pre-market trade. Solidigm resumed investment in the second Dalian plant during the first half of 2026 and has restarted construction, according to the report. The company plans to begin installing production equipment as early as November and establish a mass-production system in the first half of 2027. The new line is expected to have a wafer input capacity of around 50,000 wafers per month. With the existing Dalian plant capable of processing roughly 100,000 wafers per month, the expansion would increase SK Hynix's NAND production capacity in the Chinese city by about 50%. Construction on the second plant began in 2022 but stalled as a downturn in the memory market reduced the need for additional capacity. U.S. restrictions on semiconductor equipment exports to China further complicated the project's progress. However, the soaring demand for memory due to AI has resulted in a shortage of the crucial component, helping push NAND prices sharply higher. SK Hynix acquired Intel's NAND business in 2021 and launched Solidigm, taking over the existing Dalian facility along with the site of the second plant. The company plans to use Dalian for more mature NAND production, while concentrating higher-stack NAND manufacturing at its South Korean facilities, including the Cheongju campus, according to the report. The Dalian expansion comes days after SK Hynix announced a combined investment of approximately 54 trillion won ($38.1 billion) to build two new fabs in South Korea. The company approved 35.2 trillion won for the Yongin Y2 fab and 19.1 trillion won for the Cheongju M17 fab as part of its broader strategy to secure production capacity for growing AI memory demand. Yongin Y2 will serve as a DRAM production base, with the first cleanroom targeted to open in June 2029. The fab will produce High-Bandwidth Memory (HBM) and other next-generation DRAM products. Construction is scheduled to begin in July 2027, while SK Hynix expects its first Yongin fab, Y1, to open its initial cleanroom in February 2027. Cheongju M17, meanwhile, will serve as a new NAND production base. Construction is scheduled to begin in February 2027, with the first cleanroom expected to open in December 2028. Retail sentiment on Stocktwits around SK Hynix trended in the ‘bearish’ territory at the time of writing. SKHY ADR is down 20% year-to-date. The Roundhill Memory ETF (DRAM) is up 84% over the past 12 months, while the iShares Semiconductor ETF (SOXX) is up 118%. Also See: NVDA Teams Up With Wall Street Giants On Massive $500B AI Infrastructure Funding Push: Report For updates and corrections, email newsroom[at]stocktwits[dot]com. Comments posted here will also appear on symbol pages. Target Corp. (TGT) stock is rising premarket Tuesday as investors weigh TD Cowen’s higher price target ahead of the retailer’s second-quarter (Q2) earnings report next week. The firm pumped up its price target to $155 from $130 while maintaining a ‘Hold’ rating, noting that shares have already gained about 50% in 2026 and expectations remain high. TD Cowen said it expects Target’s second-quarter sales to grow more than the roughly 2% Wall Street forecast, despite Target management taking a more cautious view of the quarter. The firm’s $155 price target suggests about 2% upside from the stock’s latest closing price. The analyst said investor expectations have become demanding following the stock's strong performance this year. As the market has increasingly embraced the retailer's recovery story, the current share price appears to reflect a meaningful portion of that improvement. Target is slated to report Q2 earnings on August 19, with analysts expecting $26 billion in revenue and earnings of $2.3 per share, according to Fiscal Ai data. Target stock traded over 1% higher in Tuesday’s premarket. Last week, UBS raised its price target for Target to $166 from $144 and kept a ‘Buy’ rating. The firm expects Target’s Q2 results to show that its turnaround plan is making progress, with steady improvements in the business. Evercore ISI analyst Greg Melich also raised his price target for Target to $150 from $135 while keeping an ‘In Line’ rating on the stock. Target stock’s gains have been helped by improving business performance and stronger store traffic. The company has worked through earlier problems with excess inventory and weaker profit margins. Target has improved inventory management, strengthened its online and in-store shopping experience, and expanded its higher-profit private-label products. Additionally, Target’s recovery has been supported by its reliable dividend and efforts to reduce costs. The company’s higher 2026 earnings outlook and tighter spending have helped improve profit margins, giving investors more confidence that profits can grow even if sales rise slowly. However, on Stocktwits, retail sentiment around the stock turned to ‘bearish’ from ‘neutral’ territory the previous day. TGT stock has gained 46% in the last twelve months. Also See: NVDA Teams Up With Wall Street Giants On Massive $500B AI Infrastructure Funding Push: Report For updates and corrections, email newsroom[at]stocktwits[dot]com. Comments posted here will also appear on symbol pages. U.S. stock futures were mixed early Tuesday as investors gear up for a crucial inflation reading due tomorrow and as uncertainty over the geopolitical tensions around the Strait of Hormuz continued to weigh on sentiment. As of 4:00 a.m. ET, Nasdaq and Russell 2000 futures rose 0.1%, Dow futures were down 0.1%, while S&P 500 futures were flat with a negative bias.On Stocktwits, retail sentiment for the SPDR S&P 500 ETF (SPY), an exchange-traded fund that tracks the S&P 500 Index, has declined to ‘neutral’ from ‘bullish’ a day ago, and Invesco QQQ Trust (QQQ), which tracks the Nasdaq-100 Index, has declined to ‘extremely bearish’ from ‘bearish’. Key earnings reports expected today include Super Micro Computer (SMCI), CoreWeave (CRWV), Cava Group (CAVA), Lumentum (LITE), and Sellas (SLS). July consumer price index data is due Wednesday, followed by producer price inflation on Thursday and retail sales on Friday. The CPI report is particularly important because it will be the first major inflation reading since the Federal Reserve’s latest policy decision and could reset expectations for the Fed’s next move and the timing of potential rate hikes. Cleveland Fed President Beth Hammack stated on Monday that she does not see inflation returning to the 2% target on its own, warning it could take more than one rate hike to bring it down. Uncertainty around the Strait of Hormuz is adding another layer to the inflation debate. Tehran insists shipping through the Strait of Hormuz will not normalize until U.S. sanctions and asset freezes are lifted, even as President Donald Trump hardened his stance on Iran regarding compensation in future talks. Nvidia (NVDA): CEO Jensen Huang labeled AI data centers “investable assets” after partnering with major Wall Street firms (Apollo, BlackRock, Blackstone, KKR) to mobilize over $500 billion in private capital. Intel Corp (INTC) shares rose nearly 1% in early premarket trading on reports it is upsizing its planned share sale to roughly $20B. Riot Platforms (RIOT): Stock soared 21% in early premarket trade after reports that it has secured a $9.1B deal to supply computing power to AI startup Anthropic. CoreWeave (CRWV): Ahead of its earnings report today, the cloud computing company has secured a delayed-draw term loan facility to fund HPC infrastructure tied to customer contracts. AST SpaceMobile Inc. (ASTS): Shares extended the selloff from its biggest 2-week hit after earnings, despite reaffirming its target to approach $1B in revenue in its first year of commercial service. Rocket Lab (RKLB) shares fell 9% in early premarket trading post-Q2 results despite reporting a revenue beat. The issue is a demand-supply mismatch, as management said it has a “very limited supply” of Neutron rockets coming out of the gate and needs to be selective about where it deploys them. SpaceX (SPCX): Shares were down over 1% in early premarket trade following lockup expiration pressures, though billionaire investor Ron Baron believes that SpaceX could eventually deliver a 40x upside. Sellas Life Sciences (SLS): Rebounding premarket as retail traders await its Q2 earnings and updates around its pivotal REGAL Phase 3 leukemia trial. Archer Aviation (ACHR) and Joby Aviation (JOBY) are drawing attention after Archer agreed to acquire Boeing's drone and autonomous assets, as investors compare it with Joby’s more focused commercial air-taxi strategy. Fermi LLC (FRMI): Shares surged 20% in early premarket trade after announcing its first binding customer lease at its Texas campus, with cloud provider TensorWave committing to a $6.5B lease. Meanwhile, retail traders on Stocktwits are speculating an announcement about the guarantor alongside Fermi’s Q2 results on Thursday. Hims & Hers Health (HIMS) shares tanked 7% in early premarket trading despite raising FY26 guidance and testing new peptides. While retail sentiment turned more bullish on Stocktwits, investors were focused on margin pressure and an $86 million net loss. GoPro Inc (GPRO) stock fell 4% in early premarket trade as retail focus shifts to board-authorized strategic sale discussions. The CEO signaled that the talks have entered ‘late stages.’ Nio Inc (NIO) shares slid 4% in early premarket trade after SEC filings revealed BlackRock trimmed its stake by 12% in Q2, overshadowing strong ES9 delivery numbers. Strategy (MSTR) is trending on retail radar as filings revealed $108.6M in Bitcoin sales. Other tickers trending on Stocktwits at the time of writing included Trump Media & Technology (DJT), Blackberry (BB), and Coherent Group (COHR). On the economic front, investors will be tracking the release of the existing home sales due Tuesday. On the earnings front, Sea Ltd - ADR (SE), Arbutus Biopharma Corp (ABUS), Super Micro Computer Inc (SMCI), SELLAS Life Sciences Group Inc (SLS), CoreWeave Inc. - Ordinary Shares - Class A (CRWV), and InspireMD Inc (NSPR) are among those reporting today. For updates and corrections, email newsroom[at]stocktwits[dot]com Comments posted here will also appear on symbol pages. Shares of Sellas Life Sciences (SLS) rebounded over 1% in premarket trading on Tuesday after its worst session in nearly three weeks as investors looked to an anticipated second-quarter (Q2) update for clarity on the company’s cash position and key Phase 3 Regal trial. SLS stock fell 8% on Monday to close at $11.04 before edging 0.3% higher in extended trading. On Stocktwits, retail sentiment for SLS slipped to ‘bearish’ from ‘neutral’ levels a day ago amid a 238% jump in 24-hour message volumes. One user said an all-at-once update covering those issues “could be a huge and very special day,” while another predicted that investors would receive a 10-Q this week, potentially accompanied by an 8-K or LinkedIn post from CEO Angelos Stergiou. Others questioned the company’s quiet period. “Why are they in a QP?” one trader asked, speculating that it could indicate access to data or buyout discussions. Another user noted that nearly four weeks had passed since Stergiou said Regal was “approaching [the] 80th event threshold” and suggested that final-analysis topline data could be “impending.” Still, retail expectations carry downside risk. One trader warned that releasing Q2 results without clarifying the event count “will only drive the SP down,” adding that “impatience is setting in.” Sellas is not expected to report quarterly revenue, according to Koyfin. Wall Street forecasts a GAAP loss of $0.04 per share, narrowing from $0.05 previously, and an operating loss of $9.08 million versus $9.25 million in the prior period. The two analysts covering SLS rate it a “Strong Buy,” with price targets of $25 and $30. The $27.50 average target implies about 149% upside from current levels. Regal is evaluating Sellas’ Galinpepimut-S (GPS) as maintenance therapy for acute myeloid leukemia (AML) patients who achieved complete remission following second-line treatment. The event-driven study had recorded 78 of the 80 deaths required to trigger its final analysis, leaving it two events short at the company’s last update. Stergiou called the slower-than-expected event accumulation as encouraging because the primary endpoint is overall survival. Sellas has said the trial would be considered successful if GPS delivers a median overall survival of 12.6 months, compared with eight months under standard treatment. Sellas recently estimated that it held $138.3 million in cash and cash equivalents as of June 30, up from $107.1 million at the end of the first quarter after receiving $28.7 million through warrant exercises in April and May. The stronger liquidity position followed an arbitration setback involving Chinese biotechnology company 3D Medicines. The sole arbitrator dismissed Sellas’ claims for $13 million in disputed GPS milestone payments and ordered it to contribute about $1 million toward 3D Medicines’ legal costs. The broader partnership remains intact, with 3D Medicines continuing to develop and commercialize GPS in Greater China. The agreement carries up to $191.5 million in potential future milestone payments, including the disputed $13 million. For updates and corrections, email newsroom[at]stocktwits[dot]com. Read Next: SpaceX Stock Slips Overnight After 3-Day Rally — Here's Why Ron Baron Sees 40x Upside And ‘Hundreds Of Billions’ In Gains Comments posted here will also appear on symbol pages. These cookies are necessary for the website to function and cannot be switched off in our systems. They are usually only set in response to actions made by you which amount to a request for services, such as setting your privacy preferences, logging in or filling in forms. You can set your browser to block or alert you about these cookies, but some parts of the site will not then work. These cookies do not store any personally identifiable information. As a California consumer, you have the right to opt-out from the sale or sharing of your personal information at any time across business platform, services, businesses and devices. You can opt-out of the sale and sharing of your personal information by using this toggle switch. As a Virginia, Utah, Colorado and Connecticut consumer, you have the right to opt-out from the sale of your personal data and the processing of your personal data for targeted advertising. You can opt-out of the sale of your personal data and targeted advertising by using this toggle switch. For more information on your rights as a United States consumer see our privacy notice. These cookies allow us to count visits and traffic sources so we can measure and improve the performance of our site. They help us to know which pages are the most and least popular and see how visitors move around the site. All information these cookies collect is aggregated and therefore anonymous. If you do not allow these cookies we will not know when you have visited our site, and will not be able to monitor its performance. These cookies may be set through our site by our advertising partners. They may be used by those companies to build a profile of your interests and show you relevant adverts on other sites. They do not store directly personal information, but are based on uniquely identifying your browser and internet device. If you do not allow these cookies, you will experience less targeted advertising.",https://stocktwits.com/news-articles/markets/equity/tsmc-revenue-uncertainty-2028-2029-ai-investments-prove-returns/cZoZHWrRJQO
TSM,"Taiwan Semiconductor Manufacturing (NYSE:TSM) Hits Record August Revenue, Is The AI Upside Already Priced In? - simplywall.st",2026-09-12 10:41:05,"Taiwan Semiconductor Manufacturing (TSM) just posted record August revenue of NT$514.8 billion, with sales up 53.3% year over year, after artificial intelligence chip demand pushed its foundry business to fresh highs. Recent headlines around Taiwan Semiconductor Manufacturing have been busy, from record August sales tied to AI chips to fresh ETF launches that bundle the foundry alongside peers. The share price at US$433.24 reflects that interest with a 35.55% year to date share price return and a 68.49% total shareholder return over the past year, while the multi year total shareholder return in the hundreds of percent shows how strongly the story has already been repriced as investors weigh further growth potential against higher expectations and rising capital spending risk. The AI rush has already re-rated Taiwan Semiconductor Manufacturing in a big way. The question now is simple: Is most of the payoff already priced in, or does the current valuation still leave meaningful upside on the table? On one side sits the Simply Wall St narrative fair value of $378.29 for Taiwan Semiconductor Manufacturing. On the other sits the latest close at $433.24, a clear premium that raises the bar for what needs to go right from here. The verdict on the price is unchanged: it sits above anything my appraisal can support. What follows is why a much better quarter did not produce a much bigger number. None of it is advice about what you should do with your money, it is an account of what the arithmetic says, and you are welcome to check every step. The current narrative on Taiwan Semiconductor Manufacturing leans heavily on exceptional profitability, ambitious capital spending, and a long runway of forecast revenue and earnings growth. Want the full picture of how those moving parts combine into a single fair value line, and what assumptions about future margins and growth rates have to hold for that number to stay intact? The details sit inside that narrative, not in the headline price. Have a read of the narrative in full and understand what's behind the forecasts. Still, the Taiwan Semiconductor Manufacturing story can be upset by a sharper than expected AI spending slowdown or by a geopolitical shock that hits Taiwan based operations. Find out about the key risks to this Taiwan Semiconductor Manufacturing narrative. The narrative fair value pins Taiwan Semiconductor Manufacturing at $378.29 and calls the stock overvalued at $433.24. Yet the current P/E of 28.2x is well below both the US Semiconductor industry on 47.9x and peers on 56.1x, and even below a fair ratio of 43.1x. Is the story rich while the multiple still leaves room, or is that gap simply the risk premium talking? See what the numbers say about this price — find out in our valuation breakdown. Mixed on the story so far or feeling pulled in both directions by Taiwan Semiconductor Manufacturing’s AI upside and the risks around it? Move quickly from headline impressions to your own conclusion by weighing the 4 key rewards and 1 important warning sign. If Taiwan Semiconductor Manufacturing has your attention, do not stop there. Broaden your watchlist with other focused ideas that could sharpen your next move. This article by Simply Wall St is general in nature. We provide commentary based on historical data
        and analyst forecasts only using an unbiased methodology and our articles are not intended to be financial advice. It does not constitute a recommendation to buy or sell any stock, and does not take account of your objectives, or your
        financial situation. We aim to bring you long-term focused analysis driven by fundamental data.
        Note that our analysis may not factor in the latest price-sensitive company announcements or qualitative material.
        Simply Wall St has no position in any stocks mentioned. Discover if Taiwan Semiconductor Manufacturing might be undervalued or overvalued with our detailed analysis, featuring fair value estimates, potential risks, dividends, insider trades, and its financial condition. Have feedback on this article? Concerned about the content? Get in touch with us directly. Alternatively, email editorial-team@simplywallst.com The domestic retailers competing most directly with Temu and Shein are themselves among the largest importers in the country. Zooming out and looking at the effect of these regulatory changes last year,  US manufacturing - production is at a seven year high. But employment is down. It's is interesting, Manufactures, packages, tests, and sells integrated circuits and other semiconductor devices in Taiwan, China, Europe, the Middle East, Africa, Japan, the United States, and internationally. Exceptional growth potential with flawless balance sheet. Financial Data provided by S&P Global Market Intelligence LLC, analysis provided by Simply Wall Street Pty Ltd. Copyright © 2026, S&P Global Market Intelligence LLC. All rights reserved. Simply Wall Street Pty Ltd (ACN 600 056 611), is a Corporate Authorised Representative (Authorised Representative Number: 467183) of Sanlam Private Wealth Pty Ltd (AFSL No. 337927). Any advice contained in this website is general advice only and has been prepared without considering your objectives, financial situation or needs. You should not rely on any advice and/or information contained in this website and before making any investment decision we recommend that you consider whether it is appropriate for your situation and seek appropriate financial, taxation and legal advice. Please read our Financial Services Guide before deciding whether to obtain financial services from us. © 2026 Simply Wall Street Pty Ltd, US Design Patent #29/544/281, Community and European Design Registration #2845206",https://simplywall.st/stocks/us/semiconductors/nyse-tsm/taiwan-semiconductor-manufacturing/news/taiwan-semiconductor-manufacturing-nysetsm-hits-record-augus
TSM,"TSMC Reports 30% Sales Growth In May, But Stock Remains Under Pressure Over Potential Taiwan Chip Curbs - Stocktwits",2026-09-12 03:20:09,"Taiwan Semiconductor Manufacturing Co. shares remained under pressure in overnight trading ahead of Wednesday, as upbeat monthly sales failed to lift sentiment amid concerns over potential new chip export restrictions. TSM dropped 1.3% after gaining 0.3% in the regular session on Tuesday. Earlier in the day, Bloomberg reported, citing its sources, that Taiwan is considering stricter export controls on AI chip sales to China to further align with U.S. measures. The proposed rules would strengthen authorities' ability to act against the illegal rerouting of advanced AI hardware, including Nvidia’s servers, to China, where such sales have required the U.S. government approval since 2022. Later, in the early hours of Wednesday, TSMC issued its monthly update. Revenue in May increased 30% to NT$416.98 billion ($13.2 billion), with combined April and May sales up around 24% from a year ago, according to Bloomberg calculations. Analysts expect sales growth of 35% in the second quarter, which ends in June, according to estimates from Koyfin. The latest performance shows steady demand for advanced chips, which power data centers and other systems that power AI applications, smartphones and automobiles. TSMC makes cutting-edge semiconductors for the likes of Nvidia and Advanced Micro Devices. The biggest buyers of those chips – including cloud companies Alphabet, Amazon, and Microsoft – have set aside $725 billion for AI-related investments this year. In April, the Taiwanese giant raised its full-year sales guidance and said its capital spending should trend toward the upper end of an existing forecast range of as much as $56 billion in 2026. On Stocktwits, the retail sentiment for TSM remained ‘bearish’ for a second day, with some traders arguing that the stock is expensive. TSM stock has gained 41% year-to-date and currently trades near an all-time high. Last month, Nvidia CEO Jensen Huang announced that the U.S. chip designer would set up a headquarters in Taiwan and invest up to $150 billion annually in the region. The plan is expected to bring additional capital and resources into the region, potentially boosting business for TSMC and other contract chipmakers that support the company’s AI supply chain. For updates and corrections, email newsroom[at]stocktwits[dot]com. Read Next: Why Is SMCI Stock Tumbling Over 8% In Overnight Trading? Comments posted here will also appear on symbol pages. Starbucks (SBUX) stock extended its rally overnight as the company reportedly evaluates strategic alternatives for its Japan operations, including a potential partial divestment or public listing. The update comes as the coffee giant simultaneously pursues an ambitious long-term expansion strategy across the United States and overseas markets. According to a Bloomberg report, the Seattle-based company has begun early conversations with financial advisers as it assesses the best path for its Japanese unit, one of its largest international markets. Japan is one of Starbucks' largest markets, with about 2,100 stores. Unlike many other international markets, Starbucks owns and operates most of its stores in Japan rather than licensing them to partners. The report indicated that a partial divestment could place the value of the Japanese operation between ¥400 billion and ¥500 billion, equivalent to approximately $2.5 billion to $3.1 billion. The review follows Starbucks' recent restructuring efforts in Asia. Earlier this year, the company completed the sale of a 60% interest in its China retail business to Boyu Capital, a move management described as supporting long-term, disciplined expansion. Starbucks’ stock inched 0.6% higher overnight, heading into Wednesday. Speaking at the Evercore Consumer & Retail Conference on Tuesday, CEO Brian Niccol said the company sees considerable overseas runway, with roughly 22,000 stores outside the United States. Niccol said he remains optimistic about Starbucks' future in China and believes the business can grow well beyond its current size. He added that the company's local partnerships could help speed up that expansion. HE also added that Starbucks sees capacity for at least 5,000 additional company-operated locations across the U.S., noting that many communities between Texas and the Mid-Atlantic region have fewer stores than demand may justify. On Stocktwits, retail sentiment around the stock remained in ‘neutral’ territory. The stock has garnered a 100% rise in user message volume over the past month, but watchers edged 0.1% lower. A user said, “$SBUX LOAD AND SWING THIS INTO WINTER OF 2026!!! THIS IS A NO BRAINER!!! $120 ++++ SOON!!!! “ Also See: MGNI Stock Eyes Fourth Week Of Gains: Why This Analyst Thinks Magnite Still Has 26% Upside? For updates and corrections, email newsroom[at]stocktwits[dot]com. Comments posted here will also appear on symbol pages. As Americans grapple with record levels of credit card debt, SoFi Technologies (SOFI) CEO Anthony Noto is touting personal loans as a clearer path out of debt than high-interest revolving credit cards. In a post on X, Noto said that even as credit cards keep people in debt “because the math is stacked against them,” personal loans are “a responsible alternative.” The comments come amid recent data from the Federal Reserve Bank of New York that showed total U.S. credit card balances topped $1.25 trillion in the first quarter of 2026, up from $1.18 trillion a year earlier, notching the highest first-quarter level in 15 years, and the most since the 2008 financial crisis. Meanwhile, U.S. credit card delinquencies have surged to a 15-year high, with 13.1% of credit card balances now 90 or more days overdue. Noto said that high credit card interest rates can cause repayments to balloon for years, even with almost no principal reduction. “Many borrowers pay mostly interest just to keep the line open,” he said. Data from the New York Fed shows that average interest rates have climbed up to 21%, higher from 14.6% in February 2022. Forbes Advisor’s weekly credit card rates report as of early this week pegs the current average credit card interest rate at 25.18%. Meanwhile, personal loans, with their fixed term, fully amortizing, and single-digit interest rates, help with balance reduction amid “no surprise carry cost, no open-ended timeline, no incentive for balances to linger,” Noto said. “This makes personal loans a responsible alternative because it’s an option that actually helps them move towards being debt-free,” he emphasized. In his comments on social media, Noto also highlighted how SoFi has helped its members pay down more than $40 billion in credit card debt over the past decade. “We want to give people a real exit from debt with competitive, fixed-term and clear timelines,” he said. In its first-quarter results, SoFi’s total loan originations reached a record of $12.2 billion, up nearly $1.7 billion from last quarter. Personal loan originations also topped a record $8.3 billion. In the quarter, the company also rolled out the Personal Loan Doc Coach powered by AI with the aim to streamline the loan application process. The company’s recently-launched AI-powered financial assistant, SoFi Coach, also helps users tackle debt by combining financial mathematics with behavioral psychology. Brian Walsh, head of advice and planning at the digital bank, said in an interview with Banking Dive that the assistant is trained to present guidance in ways that encourage action using tailored recommendations to help users make financial decisions, including paying down debt more effectively. In its latest quarterly results announced in late April, SoFi posted a revenue increase of 41% to a record $1.1 billion. The financial company also noted record loan originations, member growth of 35% to a record 14.7 million members, as well as product growth of 39%. Despite the strong performance, SOFI stock has declined 40% in 2026. On Stocktwits, retail sentiment around SOFI slipped from ‘neutral’ to ‘bearish’ territory over the past 24 hours. One user said, “this is just a laughingstock,  incredible how bad this has become.” However, another user said, “Wow, the Cash Coach app could be a serious game changer for Sofi! To get it all you need to do is become a Sofi Plus member. I can’t believe they have this capability. The share price doesn’t reflect this at all.” For updates and corrections, email newsroom[at]stocktwits[dot]com. Comments posted here will also appear on symbol pages. U.S.-listed shares of Nio, Inc. (NIO) slid 4% in overnight trading ahead of Wednesday as investors weighed the EV maker's overseas expansion after fresh industry data showed exports remained a tiny fraction of overall sales despite the company's ambitious overseas plans. Nio’s U.S.-listed stock fell over 3% on Tuesday to end at 5.28, its lowest level in over two weeks. Data from the China Passenger Car Association (CPCA) showed that Nio exported 88 vehicles from China in May across its three brands: Nio, Onvo, and Firefly. While that was double April's 44 units, exports represented just 0.23% of the group's 37,705 deliveries during the month. The company's global deliveries surged 62% from a year ago in May to their highest monthly level of 2026. In the first five months of 2026, Nio exported 403 vehicles, up from 315 in April and ahead of year-ago levels. However, exports account for just 0.27% of the 150,526 vehicles the company delivered globally during the same period. Earlier this year, Nio co-founder Qin Lihong said the company aims to deliver ""several thousand"" vehicles overseas in 2026 while preparing for broader international expansion over the next few years. At the current pace, annual exports would remain well below that target. CEO William Li has also said that the company plans to operate in 40 countries and regions by the end of the year, up from 20 at the end of 2025. Nio's recent export growth was driven by Firefly, the group's compact EV brand that the EV maker has positioned as its spearhead for international expansion. Firefly shipped 59 vehicles overseas in May, up from just seven in April. The brand has expanded beyond its initial launches in Norway and the Netherlands into markets including Belgium, Denmark, Austria, Portugal, Singapore and Thailand. In May, Firefly exported 189 vehicles, nearly matching Nio's 195-unit total and accounting for almost half of the group's exports this year. The export rebound comes as Firefly continues to gain traction domestically. The brand delivered 5,663 vehicles in May, up 14% from April and 54% from a year earlier. Nio also unveiled a limited-edition Firefly ""Pixel Player Special Edition"" on Wednesday, a retro gaming-themed model limited to 333 units and priced 13.4% above the standard version as the company looks to attract younger buyers, CnEVPost reported. The premium Nio brand exported 24 vehicles in May, down 27% from April. The ES6, marketed overseas as the EL6, was the brand's top-exported model, followed by the ES8 and the ET5 Touring. Exports also included a small number of ET5 sedans and ET9 flagship sedans. Notably, most shipments are heading to newer markets such as Uzbekistan, Costa Rica and Armenia rather than Nio's established European markets. The company previously said that European customers will not receive the latest model refreshes until late 2027, while it transitions the region toward a distributor-led structure to reduce costs. Meanwhile, Onvo's overseas footprint remains even smaller. The sub-brand exported just five vehicles in May, including four L60 SUVs and one L90. Through the first five months of the year, Onvo exported only 19 vehicles. The brand remains heavily focused on China, where deliveries jumped to 12,029 vehicles in May after the launches of the L80 and refreshed L90. On Stocktwits, retail sentiment for Nio was ‘bearish’ amid a 40% rise in 24-hour message volume. One user said, “$NIO buying NIO today is like buying SpaceX IPO Friday [trading debut] @ $10.0.” Another user said, “$NIO $20 Billion Revenues, $7 Billion Cash, Profitable, $12 Billion market cap. Trading 0.6x sales, 1.7x cash. There is no other EV company priced anywhere near these ridiculously low levels.” Nio’s U.S.-listed stock has jumped 47% over the past year. For updates and corrections, email newsroom[at]stocktwits[dot]com. Read Next: SpaceX IPO Sparks More ETF Frenzy: BlackRock, ProShares Join The Rush With Space-Themed, Leveraged Funds Comments posted here will also appear on symbol pages. Super Micro Computer’s $7 billion stock offering rattled investors, sending its shares down more than 8% in overnight trading on Tuesday. Retail investors, however, appeared largely unfazed, arguing that the company’s recent wave of order wins more than offsets concerns about shareholder dilution. SMCI announced that it would raise the amount by issuing equity and equity-linked instruments intended to fund a massive backlog of new orders. It will issue $1.25 billion in new shares and $3.75 billion in depositary shares, and will also sell up to $2 billion of common stock in the market starting in the third quarter of 2026. “The Company intends to use a portion of the net proceeds from the offerings, together with proceeds from the ATM (at-the-market) program, to fund the purchase of components to satisfy the approximately $39 billion of orders that the Company has received in recent weeks for its advanced AI servers, including its Data Center Building Block Solutions, from more than 20 customers, that the Company plans to fulfill in future quarters,” Super Micro said in a statement. While $39 billion in orders is a positive signal for the business, Wall Street was spooked by the plan, which will dilute existing shareholders. Last week, Alphabet announced an $80 billion equity offering, and Meta is also reportedly contemplating a similar move. Smaller AI-linked companies, such as IREN Ltd, are also taking the ATM route to expand capacity. On Stocktwits, retail sentiment for SMCI turned ‘neutral’ as of early Wednesday, from ‘bearish’ the previous day, with the ticker emerging as the top trending on the platform. Message volume increased 355% in the past day. Many argued that stock offerings often weigh on shares initially but are beneficial in the long run. “$SMCI This is a $27 Billion company; a $7 billion offering is not a big deal when they have $40 Billion in new orders, strong buy,” said a trader. Another wrote: “$SMCI didn't raise capital because of liquidity problems. They raised capital because demand is arriving faster than their balance sheet can support. Management disclosed approximately $39 billion of AI server orders received in recent weeks—an amount roughly equal to the company's current annual revenue guidance. Think about that for a moment.” “That is consistent with what competitors such as Dell and HP have been reporting: AI infrastructure demand continues to exceed available supply,” they said. Super Micro, which designs and manufactures high-performance servers, storage systems, and data center infrastructure, is seeing soaring demand. Revenue increased 123% year over year to $10.2 billion in the last quarter, after doubling in the preceding quarter. Meanwhile, SMCI stock has recovered from the sell-off following the indictment of one of its co-founders for illegally selling AI chips to Chinese customers in violation of U.S. export rules. Through the market close on Tuesday, SMCI shares are up 39% year to date. Currently, five of 18 analysts recommend ‘Buy’ or higher, 10 rate it ‘Hold,’ and three rate it ‘Sell’ or lower, according to Koyfin. Their average price target of $37.63 implies a 7% downside from the stock’s last close. For updates and corrections, email newsroom[at]stocktwits[dot]com. Read Next: Apple-Nvidia Friends Again? Nvidia Says Its Chips In Google Cloud Are Powering Apple Intelligence Comments posted here will also appear on symbol pages. Magnite Inc. (NASDAQ: MGNI) stock is headed towards a fourth straight week of gains after BTIG launched coverage of the advertising technology company with an optimistic outlook, drawing attention to Magnite’s role in the rapidly growing connected television advertising market. BTIG began coverage of Magnite with a ‘Buy’ rating and a $20 price target, implying over 26% upside to the stock’s last closing price. The firm said Magnite has emerged as a leading force in connected TV ad technology after spending several years combining and streamlining businesses acquired through multiple transactions. According to the analyst, the company is now in a stronger position to benefit from increased advertiser spending and shifting media consumption trends. Connected TV has become one of the fastest-growing areas of digital advertising as audiences continue moving away from traditional television. BTIG noted that Magnite’s scale and technology platform provide advantages that could help the company capture a larger portion of this market over time. Magnite stock edged 0.05% lower overnight, ahead of Wednesday. Magnite said in April that it has expanded its AI tools to help advertisers and media owners improve decision-making and efficiency. New features include pricing optimization, anomaly detection and demand management, while partners test AI agents to streamline ad buying and performance. This month, the company widened its partnerships with dentsu in Sweden and JioHotstar in India to boost connected TV advertising, make automated ad buying more effective, improve inventory management, and deliver better ad results on premium content. On Stocktwits, retail sentiment around the stock improved to ‘extremely bullish’ from ‘bullish’ territory the previous day with a 620% surge in message volume over the last 24 hours. A user said, “market rotation, revs from political ads, new deals (Walmart), tailwinds as a first de gree AI beneficiary all in our favor.  Judicial decision for us would be a real kick in the ass in the good way.  Hang tight, family.” Another user said, “That was a big move over $15.38 today!  I was hoping for more volume, but I like what I’m seeing and the plan is to add shares to my stockpile.  The only thing that worries me is the bloated nature of the overall market, growing economic concerns like inflation and rising interest rates, needless war, unchecked corruption, and the incompetency of the current administration.  Other than that, skies are clear for a MGNI breakout!” Also See: DKNG Stock Eyes Best Month In A Year: Retail Can't Get Enough Of Predictions Platform Momentum For updates and corrections, email newsroom[at]stocktwits[dot]com. Comments posted here will also appear on symbol pages. These cookies are necessary for the website to function and cannot be switched off in our systems. They are usually only set in response to actions made by you which amount to a request for services, such as setting your privacy preferences, logging in or filling in forms. You can set your browser to block or alert you about these cookies, but some parts of the site will not then work. These cookies do not store any personally identifiable information. As a California consumer, you have the right to opt-out from the sale or sharing of your personal information at any time across business platform, services, businesses and devices. You can opt-out of the sale and sharing of your personal information by using this toggle switch. As a Virginia, Utah, Colorado and Connecticut consumer, you have the right to opt-out from the sale of your personal data and the processing of your personal data for targeted advertising. You can opt-out of the sale of your personal data and targeted advertising by using this toggle switch. For more information on your rights as a United States consumer see our privacy notice. These cookies allow us to count visits and traffic sources so we can measure and improve the performance of our site. They help us to know which pages are the most and least popular and see how visitors move around the site. All information these cookies collect is aggregated and therefore anonymous. If you do not allow these cookies we will not know when you have visited our site, and will not be able to monitor its performance. These cookies may be set through our site by our advertising partners. They may be used by those companies to build a profile of your interests and show you relevant adverts on other sites. They do not store directly personal information, but are based on uniquely identifying your browser and internet device. If you do not allow these cookies, you will experience less targeted advertising.",https://stocktwits.com/news-articles/markets/equity/tsmc-reports-30-sales-growth-in-may-but-stock-remains-under-pressure-over-potential-taiwan-chip-curbs/cZ0694dR7TJ
