ticker,title,date,content,url
UNH,UnitedHealth Group Stock (UNH) Opinions on Q1 2026 Earnings Beat and Guidance Raise - Quiver Quantitative,2026-05-17 17:35:00,"Enter your email to receive free breaking news alerts and insights related to UNH. Backtested trading strategies built on Quiver's datasets Be the first to see our newest insights and key updates across all datasets Track the top-performing stock portfolios held by U.S. politicians in Congress Find stocks with ease across diverse datasets and filters Build and test your own strategies, using Quiver's Congressional trading datasets Build and test your own strategies, using Quiver's Institutional holdings datasets Our video reports and analysis, with early access to exclusive, subscriber-only videos By: Quiver DiscussionTracker Earnings Surprise: Social media buzz around UnitedHealth Group's recent quarterly results highlighted a significant beat on both revenue and adjusted earnings. Investors noted the improved medical benefit ratio, signaling better cost controls after periods of elevated utilization. The company also raised its full-year guidance, sparking discussions on potential stabilization in the healthcare sector. Portfolio Adjustments: Traders shared updates on rebalancing their holdings, with some reducing positions in UnitedHealth to allocate toward other opportunities while maintaining long-term confidence. Discussions emphasized the company's scale in insurance and Optum services as key strengths. Overall, participants viewed the moves as tactical rather than a shift in fundamental outlook. Future Outlook: Conversations turned to ongoing challenges like GLP-1 drug costs and regulatory pressures, yet many expressed optimism about AI-driven efficiencies aiding recovery. The stock's response to the earnings release fueled debates on whether margins can sustain improvement amid industry headwinds. Social media sentiment reflects a blend of relief and vigilance toward upcoming policy developments. Note: This discussion summary was generated from an AI condensation of post data. UnitedHealth Group had revenues of $111.7B in Q1 2026. This is an increase of 1.96% from the same period in the prior year. You can track UNH financials on Quiver Quantitative's UNH stock page. You can access data on UNH stock through the Quiver Quantitative API. Members of Congress have traded $UNH stock 11 times in the past 6 months. Of those trades, 8 have been purchases and 3 have been sales. Here’s a breakdown of recent trading of $UNH stock by members of Congress over the last 6 months: To track congressional stock trading, check out Quiver Quantitative's congressional trading dashboard. You can access data on congressional stock trades through the Quiver Quantitative API Congress trades endpoint. We have seen 1,336 institutional investors add shares of UnitedHealth Group stock to their portfolio, and 1,956 decrease their positions in their most recent quarter. To track hedge funds' stock portfolios, check out Quiver Quantitative's institutional holdings dashboard. You can access data on hedge funds moves and 13F filings through the Quiver Quantitative API 13F endpoint. We have seen $16,234,388,316 of award payments to $UNH over the last year. Here are some of the awards which we have have seen pay out the most over the last year: To track government contracts to publicy traded companies, check out Quiver Quantitative's government contracts dashboard. You can access data on government contracts through the Quiver Quantitative API government contracts endpoint. Wall Street analysts have issued reports on $UNH in the last several months. We have seen 6 firms issue buy ratings on the stock, and 0 firms issue sell ratings. To track analyst ratings and price targets for UnitedHealth Group, check out Quiver Quantitative's $UNH forecast page. Multiple analysts have issued price targets for $UNH recently. We have seen 18 analysts offer price targets for $UNH in the last 6 months, with a median target of $396.0. This article is not financial advice. See Quiver Quantitative's disclaimers for more information. Note that there may be inaccuracies due to mistakes in ticker-mapping, and other anomalies. Add Quiver Quantitative to your preferred sources on Google",https://www.quiverquant.com/news/UnitedHealth+Group+Stock+%28UNH%29+Opinions+on+Q1+2026+Earnings+Beat+and+Guidance+Raise
UNH,UnitedHealth Group stock (US91324P1021): earnings growth and regulatory risks in focus - AD HOC NEWS,2026-05-17 11:49:13,"UnitedHealth Group stock reacts to fresh quarterly figures and ongoing scrutiny of the US healthcare sector. Investors weigh solid earnings against reimbursement pressures and political debate over health costs. UnitedHealth Group reported higher revenue and earnings in its latest quarterly update, highlighting continued growth in both its insurance and health services segments, while also acknowledging rising medical costs and regulatory scrutiny in the US healthcare market, according to UnitedHealth Group newsroom as of 04/16/2026 and Reuters as of 04/16/2026. By the editorial team – specialized in equity coverage. UnitedHealth Group operates a diversified healthcare model built around two major pillars: insurance and health services. The insurance operations are mainly organized under the UnitedHealthcare brand, which offers health benefit plans to employers, individuals, and public sector programs across the United States. This includes commercial coverage, Medicare plans for seniors, and Medicaid offerings in cooperation with US states. The second pillar is Optum, which focuses on healthcare services, technology, and pharmacy benefit management. Optum serves insurers, physicians, hospitals, employers, and government agencies with data analytics, care delivery, and pharmacy solutions. By combining risk-bearing insurance activities with service and technology businesses, UnitedHealth Group aims to manage healthcare costs while improving the coordination and quality of care. The integrated setup allows UnitedHealth Group to use information from its insurance membership base to design targeted care management programs. Optum’s analytics and clinical capabilities can be applied to populations enrolled in UnitedHealthcare plans and to external clients. This positioning is intended to support long-term growth as healthcare spending in the United States continues to increase, while payers and regulators look for ways to improve outcomes and reduce waste. A major revenue driver for UnitedHealth Group is premium income from health insurance products sold under the UnitedHealthcare umbrella. These products range from employer-sponsored plans to individual coverage and government-supported plans. Medicare Advantage and Medicare Part D plans for seniors have gained importance over recent years as the US population ages and more beneficiaries opt for private managed care options. Medicaid managed care contracts also contribute to revenue where states outsource program administration. In the Optum segment, revenue is largely generated through service fees, pharmacy benefit management contracts, and revenues from care delivery sites. Optum Rx manages prescription drug benefits on behalf of health plans and employers and negotiates with drug manufacturers and pharmacies. Optum Health operates clinics, ambulatory care centers, and physician networks. Optum Insight provides technology platforms, analytics, and consulting services to hospitals and health systems. Together, these operations generate a diversified stream of income that is less directly tied to premium rates. UnitedHealth Group’s earnings are influenced by the medical care ratio, which compares claims costs to premiums earned. When medical costs rise faster than expected, margins can come under pressure. Conversely, if the company can manage utilization and negotiate favorable reimbursement terms, profitability benefits. Optum’s higher-margin service activities can help offset pressure in the insurance business. The latest quarterly results showed continued revenue growth and an increase in operating earnings across major segments, as reported by the company in April 2026, according to UnitedHealth Group newsroom as of 04/16/2026. For first-hand information on UnitedHealth Group Inc, visit the company’s official website. UnitedHealth Group is one of the largest health insurers in the United States by revenue and membership and is a key component of major US equity indices. For US investors, the company can reflect broader trends in healthcare spending, policy changes, and employment-related insurance coverage. Because many Americans receive health insurance through employers or government programs, shifts in labor markets and federal budgets can influence demand for UnitedHealth Group’s services. In recent years, US policymakers and regulators have increased their focus on healthcare affordability and transparency. Discussions around drug prices, surprise billing, and coverage requirements can all affect the company’s operating environment. UnitedHealth Group must navigate these developments while continuing to invest in technology and care delivery models aimed at reducing waste and improving outcomes. As one of the country’s largest buyers of healthcare services, its negotiating power with hospitals, physicians, and pharmaceutical companies is significant, but this scale also attracts regulatory attention, as reflected in ongoing reviews of managed care practices and pharmacy benefit management. For US-based retail investors, UnitedHealth Group’s performance can be influenced by factors such as enrollment growth in Medicare Advantage, cost trends in outpatient and inpatient care, and the company’s ability to manage high-cost treatments. Currency risk is limited as most revenue is generated in US dollars, but long-term demographic changes, including an aging population and rising chronic diseases, remain important structural drivers. Additional news and developments on the stock can be explored via the linked overview pages. UnitedHealth Group combines a large-scale health insurance platform with a broad portfolio of healthcare services and technology solutions. The latest quarterly report points to continued revenue and earnings growth while reinforcing management’s focus on cost control and innovation. At the same time, the company faces persistent scrutiny over medical costs, reimbursement practices, and the role of large intermediaries in the US healthcare system. For investors, the balance between structural growth drivers and political and regulatory risk remains central when assessing the long-term profile of the stock. Disclaimer: This article does not constitute investment advice. Stocks are volatile financial instruments. Fresh Unitedhealth information released. What's the impact for investors? Our latest independent report examines recent figures and market trends. Wir verwenden Cookies, um Inhalte und Anzeigen zu personalisieren, Funktionen für soziale Medien anbieten zu können und die Zugriffe auf unsere Website zu analysieren. Außerdem geben wir Informationen zu Ihrer Nutzung unserer Website an unsere Partner für soziale Medien, Werbung und Analysen weiter.Details   Verstanden",https://www.ad-hoc-news.de/boerse/news/ueberblick/unitedhealth-group-stock-us91324p1021-earnings-growth-and-regulatory/69355871
UNH,"28,134 Shares in UnitedHealth Group Incorporated $UNH Acquired by Leuthold Group LLC - MarketBeat",2026-05-17 10:47:15,"Leuthold Group LLC purchased a new position in shares of  UnitedHealth Group Incorporated (NYSE:UNH - Free Report) in the 4th quarter, according to the company in its most recent filing with the Securities and Exchange Commission. The fund purchased 28,134 shares of the healthcare conglomerate's stock, valued at approximately $9,287,000. UnitedHealth Group makes up   1.0% of Leuthold Group LLC's portfolio, making the stock its 27th largest position. Other institutional investors and hedge funds also recently added to or reduced their stakes in the company. Brighton Jones LLC boosted its holdings in shares of  UnitedHealth Group by 176.2% in the 4th quarter. Brighton Jones LLC now owns 44,249 shares of the healthcare conglomerate's stock valued at $22,384,000 after buying an additional 28,231 shares in the last quarter.  Revolve Wealth Partners LLC boosted its holdings in shares of  UnitedHealth Group by 137.1% in the 4th quarter. Revolve Wealth Partners LLC now owns 4,019 shares of the healthcare conglomerate's stock valued at $2,033,000 after buying an additional 2,324 shares in the last quarter.  CMT Capital Markets Trading GmbH acquired a new position in shares of  UnitedHealth Group in the 2nd quarter valued at $340,000.  Flow Traders U.S. LLC acquired a new position in shares of  UnitedHealth Group in the 2nd quarter valued at $356,000.  Finally, Jump Financial LLC acquired a new position in shares of  UnitedHealth Group in the 2nd quarter valued at $377,000. Institutional investors and hedge funds own  87.86% of the company's stock. Here are the key news stories impacting UnitedHealth Group this week: UNH stock opened at $393.65 on Friday. UnitedHealth Group Incorporated has a one year low of $234.60 and a one year high of $404.15. The stock has a market capitalization of $357.49 billion, a PE ratio of 29.73, a price-to-earnings-growth ratio of 1.70 and a beta of 0.64. The company has a debt-to-equity ratio of 0.69, a quick ratio of 0.80 and a current ratio of 0.80. The company has a fifty day moving average of $316.82 and a 200-day moving average of $318.53. UnitedHealth Group (NYSE:UNH - Get Free Report) last released its earnings results on Tuesday, April 21st. The healthcare conglomerate reported $7.23 EPS for the quarter, topping the consensus estimate of $6.76 by $0.47. UnitedHealth Group had a net margin of 2.68% and a return on equity of 14.65%. The company had revenue of $111.65 billion during the quarter, compared to analysts' expectations of $109.84 billion. During the same quarter last year, the business earned $7.20 EPS. The business's revenue was up 2.0% on a year-over-year basis. UnitedHealth Group has set its FY 2026 guidance at 18.250- EPS.  As a group, analysts expect that  UnitedHealth Group Incorporated will post 18.29 EPS for the current year. The company also recently announced a quarterly dividend, which was paid on Tuesday, March 17th. Stockholders of record on Monday, March 9th were paid a $2.21 dividend. This represents a $8.84 annualized dividend and a dividend yield of 2.2%. The ex-dividend date was Monday, March 9th. UnitedHealth Group's dividend payout ratio (DPR) is 66.77%. UNH has been the subject of a number of recent research reports. Erste Group Bank upgraded shares of UnitedHealth Group from a ""hold"" rating to a ""buy"" rating in a research note on Monday, April 27th. Piper Sandler  reiterated an ""overweight"" rating on shares of UnitedHealth Group in a research note on Tuesday, January 27th. Robert W. Baird increased their price target on shares of UnitedHealth Group from $278.00 to $287.00 and gave the stock an ""underperform"" rating in a research note on Wednesday, April 22nd. Argus upgraded shares of UnitedHealth Group from a ""hold"" rating to a ""buy"" rating and set a $400.00 price target for the company in a research note on Wednesday, April 22nd. Finally, Jefferies Financial Group increased their price target on shares of UnitedHealth Group from $340.00 to $373.00 and gave the stock a ""buy"" rating in a research note on Monday, April 20th. One equities research analyst  has rated the stock with a Strong Buy rating, twenty have given a Buy rating, seven have issued  a Hold rating and one  has issued  a Sell rating to the company. According to MarketBeat.com, UnitedHealth Group currently has an average rating of ""Moderate Buy"" and an average target price of $378.88. In other news, CEO Patrick Hugh Conway sold 800 shares of the stock in a transaction dated Thursday, April 23rd. The shares were sold at an average price of $355.00, for a total value of $284,000.00. Following the completion of the transaction, the chief executive officer owned 17,805 shares in the company, valued at $6,320,775. This trade represents a 4.30% decrease in their position. The sale was disclosed in a document filed with the SEC, which is available through this hyperlink. 0.28% of the stock is owned by corporate insiders. UnitedHealth Group Inc is a diversified health care company headquartered in Minnetonka, Minnesota, that operates two primary business platforms: UnitedHealthcare and Optum. Founded in 1977, the company provides a broad range of health benefits and health care services to individuals, employers, governmental entities and other organizations. Its operations span commercial employer-sponsored plans, individual and Medicare and Medicaid programs, and services for customers and health systems in the United States and selected international markets. UnitedHealthcare is the company's benefits business, administering health plans and networks, managing provider relationships, and offering coverage products for employers, individuals, and government-sponsored programs. Want to see what other hedge funds are holding UNH? Visit HoldingsChannel.com to get the latest 13F filings and insider trades for UnitedHealth Group Incorporated (NYSE:UNH - Free Report). This instant news alert was generated by narrative science technology and financial data from MarketBeat in order to provide readers with the fastest reporting and unbiased coverage. Please send any questions or comments about this story to contact@marketbeat.com. Before you consider UnitedHealth Group, you'll want to hear this. MarketBeat keeps track of Wall Street's top-rated and best performing research analysts and the stocks they recommend to their clients on a daily basis. MarketBeat has identified the five stocks that top analysts are quietly whispering to their clients to buy now before the broader market catches on... and UnitedHealth Group wasn't on the list. While UnitedHealth Group currently has a Moderate Buy rating among analysts, top-rated analysts believe these five stocks are better buys. Discover the next wave of investment opportunities with our report, 7 Stocks That Will Be Magnificent in 2026. Explore companies poised to replicate the growth, innovation, and value creation of the tech giants dominating today's markets. Sign up for MarketBeat All Access to gain access to MarketBeat's full suite of research tools. 345 N Reid Place, Suite 620, Sioux Falls, SD 57103
                                        
                                        contact@marketbeat.com
                                        
                                        (844) 978-6257 © MarketBeat Media, LLC 2010-2026. All rights reserved. © 2026   Fair market value prices are updated every minute and are provided by Massive. Other market data provided is at least 10-minutes delayed and hosted by Barchart Solutions.  Information is provided 'as-is' and solely for informational purposes, not for trading purposes or advice, and is delayed. To see all exchange delays and terms of use please see Barchart's disclaimer.",https://www.marketbeat.com/instant-alerts/filing-28134-shares-in-unitedhealth-group-incorporated-unh-acquired-by-leuthold-group-llc-2026-05-17/
UNH,UnitedHealth Group Incorporated $UNH Shares Sold by iA Global Asset Management Inc. - MarketBeat,2026-05-17 10:23:05,"iA Global Asset Management Inc. decreased its position in shares of  UnitedHealth Group Incorporated (NYSE:UNH - Free Report) by 29.6% during the 4th quarter, according to the company in its most recent 13F filing with the Securities and Exchange Commission. The institutional investor  owned 261,060 shares of the healthcare conglomerate's stock after selling 109,934 shares during the period. UnitedHealth Group comprises  1.1% of iA Global Asset Management Inc.'s investment portfolio, making the stock its 18th biggest position. iA Global Asset Management Inc.'s holdings in UnitedHealth Group were worth $86,179,000 at the end of the most recent quarter. Other hedge funds have also recently bought and sold shares of the company. Beacon Financial Strategies CORP acquired a new position in  UnitedHealth Group during the 4th quarter worth about $26,000.  Anfield Capital Management LLC increased its holdings in  UnitedHealth Group by 220.0% during the 4th quarter. Anfield Capital Management LLC now owns 80 shares of the healthcare conglomerate's stock worth $26,000 after purchasing an additional 55 shares during the period.  Joseph Group Capital Management purchased a new stake in  UnitedHealth Group during the 4th quarter worth about $27,000.  Foster Dykema Cabot & Partners LLC increased its holdings in  UnitedHealth Group by 69.4% during the 3rd quarter. Foster Dykema Cabot & Partners LLC now owns 83 shares of the healthcare conglomerate's stock worth $29,000 after purchasing an additional 34 shares during the period.  Finally, 1248 Management LLC purchased a new stake in  UnitedHealth Group during the 3rd quarter worth about $29,000. Institutional investors and hedge funds own  87.86% of the company's stock. In other UnitedHealth Group news, CEO Patrick Hugh Conway sold 800 shares of the stock in a transaction that occurred on Thursday, April 23rd. The stock was sold at an average price of $355.00, for a total transaction of $284,000.00. Following the completion of the sale, the chief executive officer directly owned 17,805 shares of the company's stock, valued at approximately $6,320,775. This trade represents a 4.30% decrease in their position. The transaction was disclosed in a legal filing with the Securities & Exchange Commission, which can be accessed through the SEC website. Insiders own  0.28% of the company's stock. Here are the key news stories impacting UnitedHealth Group this week: NYSE:UNH opened at $393.65 on Friday. The stock's 50 day moving average price is $316.82 and its 200 day moving average price is $318.53. The company has a market capitalization of $357.49 billion, a PE ratio of 29.73, a P/E/G ratio of 1.70 and a beta of 0.64. The company has a quick ratio of 0.80, a current ratio of 0.80 and a debt-to-equity ratio of 0.69. UnitedHealth Group Incorporated has a 52-week low of $234.60 and a 52-week high of $404.15. UnitedHealth Group (NYSE:UNH - Get Free Report) last released its quarterly earnings results on Tuesday, April 21st. The healthcare conglomerate reported $7.23 earnings per share (EPS) for the quarter, topping analysts' consensus estimates of $6.76 by $0.47. The firm had revenue of $111.65 billion for the quarter, compared to the consensus estimate of $109.84 billion. UnitedHealth Group had a return on equity of 14.65% and a net margin of 2.68%.The firm's quarterly revenue was up 2.0% compared to the same quarter last year. During the same quarter last year, the business posted $7.20 EPS. UnitedHealth Group has set its FY 2026 guidance at 18.250- EPS.  On average, research analysts anticipate that  UnitedHealth Group Incorporated will post 18.29 EPS for the current year. The company also recently declared a quarterly dividend, which was paid on Tuesday, March 17th. Investors of record on Monday, March 9th were paid a dividend of $2.21 per share. This represents a $8.84 dividend on an annualized basis and a yield of 2.2%. The ex-dividend date was Monday, March 9th. UnitedHealth Group's dividend payout ratio (DPR) is currently 66.77%. Several equities research analysts have weighed in on the company. Wells Fargo & Company upped their price target on UnitedHealth Group from $370.00 to $397.00 and gave the stock an ""overweight"" rating in a report on Wednesday, April 22nd. Erste Group Bank upgraded UnitedHealth Group from a ""hold"" rating to a ""buy"" rating in a report on Monday, April 27th. TD Cowen increased their price objective on UnitedHealth Group from $311.00 to $337.00 and gave the company a ""hold"" rating in a report on Thursday, April 23rd. Truist Financial  reissued a ""buy"" rating and set a $395.00 target price (up from $370.00) on shares of UnitedHealth Group in a research report on Wednesday, April 22nd. Finally, Robert W. Baird raised their target price on UnitedHealth Group from $278.00 to $287.00 and gave the stock an ""underperform"" rating in a research report on Wednesday, April 22nd. One equities research analyst  has rated the stock with a Strong Buy rating, twenty have assigned  a Buy rating, seven have given a Hold rating and one  has assigned  a Sell rating to the company. According to data from MarketBeat, the stock  has a consensus rating of ""Moderate Buy"" and a consensus price target of $378.88. Get Our Latest Stock Analysis on UnitedHealth Group UnitedHealth Group Inc is a diversified health care company headquartered in Minnetonka, Minnesota, that operates two primary business platforms: UnitedHealthcare and Optum. Founded in 1977, the company provides a broad range of health benefits and health care services to individuals, employers, governmental entities and other organizations. Its operations span commercial employer-sponsored plans, individual and Medicare and Medicaid programs, and services for customers and health systems in the United States and selected international markets. UnitedHealthcare is the company's benefits business, administering health plans and networks, managing provider relationships, and offering coverage products for employers, individuals, and government-sponsored programs. This instant news alert was generated by narrative science technology and financial data from MarketBeat in order to provide readers with the fastest reporting and unbiased coverage. Please send any questions or comments about this story to contact@marketbeat.com. Before you consider UnitedHealth Group, you'll want to hear this. MarketBeat keeps track of Wall Street's top-rated and best performing research analysts and the stocks they recommend to their clients on a daily basis. MarketBeat has identified the five stocks that top analysts are quietly whispering to their clients to buy now before the broader market catches on... and UnitedHealth Group wasn't on the list. While UnitedHealth Group currently has a Moderate Buy rating among analysts, top-rated analysts believe these five stocks are better buys. Unlock the timeless value of gold with our exclusive 2026 Gold Forecasting Report. Explore why gold remains the ultimate investment for safeguarding wealth against inflation, economic shifts, and global uncertainties. Whether you're planning for future generations or seeking a reliable asset in turbulent times, this report is your essential guide to making informed decisions. Sign up for MarketBeat All Access to gain access to MarketBeat's full suite of research tools. 345 N Reid Place, Suite 620, Sioux Falls, SD 57103
                                        
                                        contact@marketbeat.com
                                        
                                        (844) 978-6257 © MarketBeat Media, LLC 2010-2026. All rights reserved. © 2026   Fair market value prices are updated every minute and are provided by Massive. Other market data provided is at least 10-minutes delayed and hosted by Barchart Solutions.  Information is provided 'as-is' and solely for informational purposes, not for trading purposes or advice, and is delayed. To see all exchange delays and terms of use please see Barchart's disclaimer. Enter your email below to receive daily updates and analyst ratings for UnitedHealth Group and related companies from Earnings360.com.",https://www.marketbeat.com/instant-alerts/filing-unitedhealth-group-incorporated-unh-shares-sold-by-ia-global-asset-management-inc-2026-05-17/
UNH,Guardian Capital LLC Makes New Investment in UnitedHealth Group Incorporated $UNH - MarketBeat,2026-05-17 10:21:35,"Guardian Capital LLC purchased a new position in shares of  UnitedHealth Group Incorporated (NYSE:UNH - Free Report) in the fourth quarter, according to the company in its most recent 13F filing with the Securities and Exchange Commission (SEC). The firm purchased 3,797 shares of the healthcare conglomerate's stock, valued at approximately $1,253,000. UnitedHealth Group accounts for approximately  1.1% of Guardian Capital LLC's investment portfolio, making the stock its 27th largest holding. A number of other hedge funds and other institutional investors have also recently added to or reduced their stakes in the business. Beacon Financial Strategies CORP bought a new position in shares of  UnitedHealth Group in the fourth quarter valued at approximately $26,000.  Anfield Capital Management LLC raised its stake in shares of  UnitedHealth Group by 220.0% in the fourth quarter. Anfield Capital Management LLC now owns 80 shares of the healthcare conglomerate's stock valued at $26,000 after acquiring an additional 55 shares during the last quarter.  Joseph Group Capital Management bought a new position in shares of  UnitedHealth Group in the fourth quarter valued at approximately $27,000.  Foster Dykema Cabot & Partners LLC raised its stake in shares of  UnitedHealth Group by 69.4% in the third quarter. Foster Dykema Cabot & Partners LLC now owns 83 shares of the healthcare conglomerate's stock valued at $29,000 after acquiring an additional 34 shares during the last quarter.  Finally, 1248 Management LLC bought a new position in shares of  UnitedHealth Group in the third quarter valued at approximately $29,000. Institutional investors own  87.86% of the company's stock. A number of research firms have recently issued reports on UNH. Wells Fargo & Company lifted their target price on shares of UnitedHealth Group from $370.00 to $397.00 and gave the company an ""overweight"" rating in a research note on Wednesday, April 22nd. Oppenheimer boosted their price objective on shares of UnitedHealth Group from $385.00 to $405.00 and gave the stock an ""outperform"" rating in a research report on Wednesday, April 22nd. JPMorgan Chase & Co. boosted their price objective on shares of UnitedHealth Group from $389.00 to $420.00 and gave the stock an ""overweight"" rating in a research report on Tuesday, April 28th. Weiss Ratings upgraded shares of UnitedHealth Group from a ""sell (d+)"" rating to a ""hold (c-)"" rating in a research report on Thursday, May 7th. Finally, HSBC upgraded shares of UnitedHealth Group from a ""reduce"" rating to a ""hold"" rating and set a $300.00 price objective for the company in a research report on Tuesday, April 7th. One analyst  has rated the stock with a Strong Buy rating, twenty have assigned  a Buy rating, seven have given a Hold rating and one  has assigned  a Sell rating to the company's stock. Based on data from MarketBeat, the stock  has an average rating of ""Moderate Buy"" and a consensus target price of $378.88. In related news, CEO Patrick Hugh Conway sold 800 shares of the business's stock in a transaction on Thursday, April 23rd. The shares were sold at an average price of $355.00, for a total value of $284,000.00. Following the sale, the chief executive officer directly owned 17,805 shares of the company's stock, valued at approximately $6,320,775. The trade was a 4.30% decrease in their position. The transaction was disclosed in a legal filing with the SEC, which can be accessed through this hyperlink. Corporate insiders own  0.28% of the company's stock. Here are the key news stories impacting UnitedHealth Group this week: Shares of UNH stock opened at $393.65 on Friday. UnitedHealth Group Incorporated has a 12-month low of $234.60 and a 12-month high of $404.15. The firm has a market capitalization of $357.49 billion, a price-to-earnings ratio of 29.73, a price-to-earnings-growth ratio of 1.70 and a beta of 0.64. The company has a quick ratio of 0.80, a current ratio of 0.80 and a debt-to-equity ratio of 0.69. The firm has a fifty day moving average of $316.82 and a 200-day moving average of $318.53. UnitedHealth Group (NYSE:UNH - Get Free Report) last announced its quarterly earnings results on Tuesday, April 21st. The healthcare conglomerate reported $7.23 earnings per share (EPS) for the quarter, beating the consensus estimate of $6.76 by $0.47. The company had revenue of $111.65 billion during the quarter, compared to analyst estimates of $109.84 billion. UnitedHealth Group had a net margin of 2.68% and a return on equity of 14.65%. The firm's revenue was up 2.0% on a year-over-year basis. During the same quarter in the previous year, the business earned $7.20 EPS. UnitedHealth Group has set its FY 2026 guidance at 18.250- EPS.  On average, equities research analysts forecast that  UnitedHealth Group Incorporated will post 18.29 earnings per share for the current year. The business also recently disclosed a quarterly dividend, which was paid on Tuesday, March 17th. Investors of record on Monday, March 9th were given a $2.21 dividend. This represents a $8.84 annualized dividend and a yield of 2.2%. The ex-dividend date of this dividend was Monday, March 9th. UnitedHealth Group's payout ratio is currently 66.77%. UnitedHealth Group Inc is a diversified health care company headquartered in Minnetonka, Minnesota, that operates two primary business platforms: UnitedHealthcare and Optum. Founded in 1977, the company provides a broad range of health benefits and health care services to individuals, employers, governmental entities and other organizations. Its operations span commercial employer-sponsored plans, individual and Medicare and Medicaid programs, and services for customers and health systems in the United States and selected international markets. UnitedHealthcare is the company's benefits business, administering health plans and networks, managing provider relationships, and offering coverage products for employers, individuals, and government-sponsored programs. Want to see what other hedge funds are holding UNH? Visit HoldingsChannel.com to get the latest 13F filings and insider trades for UnitedHealth Group Incorporated (NYSE:UNH - Free Report). This instant news alert was generated by narrative science technology and financial data from MarketBeat in order to provide readers with the fastest reporting and unbiased coverage. Please send any questions or comments about this story to contact@marketbeat.com. Before you consider UnitedHealth Group, you'll want to hear this. MarketBeat keeps track of Wall Street's top-rated and best performing research analysts and the stocks they recommend to their clients on a daily basis. MarketBeat has identified the five stocks that top analysts are quietly whispering to their clients to buy now before the broader market catches on... and UnitedHealth Group wasn't on the list. While UnitedHealth Group currently has a Moderate Buy rating among analysts, top-rated analysts believe these five stocks are better buys. Learn the basics of options trading and how to use them to boost returns and manage risk with this free report from MarketBeat. Click the link below to get your free copy. Sign up for MarketBeat All Access to gain access to MarketBeat's full suite of research tools. 345 N Reid Place, Suite 620, Sioux Falls, SD 57103
                                        
                                        contact@marketbeat.com
                                        
                                        (844) 978-6257 © MarketBeat Media, LLC 2010-2026. All rights reserved. © 2026   Fair market value prices are updated every minute and are provided by Massive. Other market data provided is at least 10-minutes delayed and hosted by Barchart Solutions.  Information is provided 'as-is' and solely for informational purposes, not for trading purposes or advice, and is delayed. To see all exchange delays and terms of use please see Barchart's disclaimer.",https://www.marketbeat.com/instant-alerts/filing-guardian-capital-llc-makes-new-investment-in-unitedhealth-group-incorporated-unh-2026-05-17/
UNH,"Stephens Inc. AR Purchases 9,617 Shares of UnitedHealth Group Incorporated $UNH - MarketBeat",2026-05-17 09:46:59,"Stephens Inc. AR lifted its position in shares of  UnitedHealth Group Incorporated (NYSE:UNH - Free Report) by 30.2% in the 4th quarter, according to its most recent Form 13F filing with the Securities & Exchange Commission. The institutional investor  owned 41,418 shares of the healthcare conglomerate's stock after acquiring an additional 9,617 shares during the period. Stephens Inc. AR's holdings in UnitedHealth Group were worth $13,705,000 as of its most recent filing with the Securities & Exchange Commission. Several other institutional investors and hedge funds also recently added to or reduced their stakes in UNH. Guerra Advisors Inc bought a new stake in shares of  UnitedHealth Group in the 3rd quarter worth about $1,059,000.  Phoenix Financial Ltd. increased its holdings in shares of  UnitedHealth Group by 111.5% in the 3rd quarter. Phoenix Financial Ltd. now owns 41,986 shares of the healthcare conglomerate's stock worth $14,282,000 after buying an additional 22,137 shares during the last quarter.  Money Concepts Capital Corp boosted its stake in shares of  UnitedHealth Group by 59.1% during the 3rd quarter. Money Concepts Capital Corp now owns 12,380 shares of the healthcare conglomerate's stock worth $4,275,000 after purchasing an additional 4,600 shares during the period.  Public Sector Pension Investment Board boosted its stake in shares of  UnitedHealth Group by 43.1% during the 3rd quarter. Public Sector Pension Investment Board now owns 287,132 shares of the healthcare conglomerate's stock worth $99,147,000 after purchasing an additional 86,432 shares during the period.  Finally, Compass Wealth Management LLC purchased a new position in shares of  UnitedHealth Group during the 3rd quarter worth about $13,691,000. Hedge funds and other institutional investors own  87.86% of the company's stock. UnitedHealth Group stock opened at $393.65 on Friday. The stock has a market cap of $357.49 billion, a price-to-earnings ratio of 29.73, a price-to-earnings-growth ratio of 1.70 and a beta of 0.64. The company has a debt-to-equity ratio of 0.69, a current ratio of 0.80 and a quick ratio of 0.80. UnitedHealth Group Incorporated has a 1 year low of $234.60 and a 1 year high of $404.15. The firm has a 50-day moving average of $316.82 and a two-hundred day moving average of $318.53. UnitedHealth Group (NYSE:UNH - Get Free Report) last released its quarterly earnings data on Tuesday, April 21st. The healthcare conglomerate reported $7.23 earnings per share (EPS) for the quarter, beating the consensus estimate of $6.76 by $0.47. UnitedHealth Group had a net margin of 2.68% and a return on equity of 14.65%. The company had revenue of $111.65 billion during the quarter, compared to analysts' expectations of $109.84 billion. During the same period in the previous year, the company earned $7.20 EPS. The firm's quarterly revenue was up 2.0% on a year-over-year basis. UnitedHealth Group has set its FY 2026 guidance at 18.250- EPS.  On average, research analysts forecast that  UnitedHealth Group Incorporated will post 18.29 earnings per share for the current year. The firm also recently declared a quarterly dividend, which was paid on Tuesday, March 17th. Stockholders of record on Monday, March 9th were given a $2.21 dividend. This represents a $8.84 annualized dividend and a dividend yield of 2.2%. The ex-dividend date of this dividend was Monday, March 9th. UnitedHealth Group's dividend payout ratio  is presently 66.77%. A number of research firms recently commented on UNH. Sanford C. Bernstein lifted their price target on shares of UnitedHealth Group from $405.00 to $411.00 and gave the stock an ""outperform"" rating in a research note on Tuesday, April 7th. JPMorgan Chase & Co. lifted their price target on shares of UnitedHealth Group from $389.00 to $420.00 and gave the stock an ""overweight"" rating in a research note on Tuesday, April 28th. Wells Fargo & Company lifted their price target on shares of UnitedHealth Group from $370.00 to $397.00 and gave the stock an ""overweight"" rating in a research note on Wednesday, April 22nd. Truist Financial  reaffirmed a ""buy"" rating and set a $395.00 price target (up from $370.00) on shares of UnitedHealth Group in a research note on Wednesday, April 22nd. Finally, Raymond James Financial raised shares of UnitedHealth Group from a ""market perform"" rating to an ""outperform"" rating and set a $330.00 price objective for the company in a research report on Wednesday, April 1st. One analyst  has rated the stock with a Strong Buy rating, twenty have assigned  a Buy rating, seven have issued  a Hold rating and one  has issued  a Sell rating to the company's stock. Based on data from MarketBeat.com, the company  has a consensus rating of ""Moderate Buy"" and an average price target of $378.88. Here are the key news stories impacting UnitedHealth Group this week: In other news, CEO Patrick Hugh Conway sold 800 shares of the company's stock in a transaction that occurred on Thursday, April 23rd. The shares were sold at an average price of $355.00, for a total value of $284,000.00. Following the completion of the sale, the chief executive officer owned 17,805 shares of the company's stock, valued at approximately $6,320,775. This represents a 4.30% decrease in their position. The sale was disclosed in a document filed with the Securities & Exchange Commission, which is accessible through this link. Insiders own  0.28% of the company's stock. UnitedHealth Group Inc is a diversified health care company headquartered in Minnetonka, Minnesota, that operates two primary business platforms: UnitedHealthcare and Optum. Founded in 1977, the company provides a broad range of health benefits and health care services to individuals, employers, governmental entities and other organizations. Its operations span commercial employer-sponsored plans, individual and Medicare and Medicaid programs, and services for customers and health systems in the United States and selected international markets. UnitedHealthcare is the company's benefits business, administering health plans and networks, managing provider relationships, and offering coverage products for employers, individuals, and government-sponsored programs. This instant news alert was generated by narrative science technology and financial data from MarketBeat in order to provide readers with the fastest reporting and unbiased coverage. Please send any questions or comments about this story to contact@marketbeat.com. Before you consider UnitedHealth Group, you'll want to hear this. MarketBeat keeps track of Wall Street's top-rated and best performing research analysts and the stocks they recommend to their clients on a daily basis. MarketBeat has identified the five stocks that top analysts are quietly whispering to their clients to buy now before the broader market catches on... and UnitedHealth Group wasn't on the list. While UnitedHealth Group currently has a Moderate Buy rating among analysts, top-rated analysts believe these five stocks are better buys. Enter your email address and we’ll send you MarketBeat’s list of ten stocks set to soar in Spring 2026, despite the threat of tariffs and what's happening in Iran. These ten stocks are incredibly resilient and are likely to thrive in any economic environment. Sign up for MarketBeat All Access to gain access to MarketBeat's full suite of research tools. 345 N Reid Place, Suite 620, Sioux Falls, SD 57103
                                        
                                        contact@marketbeat.com
                                        
                                        (844) 978-6257 © MarketBeat Media, LLC 2010-2026. All rights reserved. © 2026   Fair market value prices are updated every minute and are provided by Massive. Other market data provided is at least 10-minutes delayed and hosted by Barchart Solutions.  Information is provided 'as-is' and solely for informational purposes, not for trading purposes or advice, and is delayed. To see all exchange delays and terms of use please see Barchart's disclaimer.",https://www.marketbeat.com/instant-alerts/filing-stephens-inc-ar-purchases-9617-shares-of-unitedhealth-group-incorporated-unh-2026-05-17/
UNH,How UnitedHealth's Medicare Advantage Cuts and Margin Gains May Impact UnitedHealth Group (UNH) Investors - simplywall.st,2026-05-17 04:43:26,"AI is about to change healthcare. These 32 stocks are working on everything from early diagnostics to drug discovery. The best part - they are all under $10b in market cap - there's still time to get in early. To own UnitedHealth Group today, you have to be comfortable with a business that is actively trading Medicare Advantage volume for margin quality, while still carrying meaningful regulatory and cyber-related overhangs. The key near term catalyst remains whether margin improvements stick after cutting roughly 1.3 million Medicare Advantage members; the biggest current risk is that future CMS decisions and regulatory actions further pressure that same Medicare Advantage profit pool. This week’s conference comments largely reinforced, rather than changed, that near term setup. Among recent developments, the first quarter 2026 earnings beat, with revenue of US$111,721 million and higher operating margins, is most relevant to these Medicare decisions. The improved medical care ratio, helped by exiting less profitable Medicare Advantage markets, shows how membership cuts are feeding directly into short term profitability. How durable that margin lift proves to be will matter a lot more now that investor attention is firmly on underwriting discipline and regulatory pushback. Yet, against this improving margin story, the lingering DOJ actions and cyberattack fallout could still surprise investors who are not watching closely... Read the full narrative on UnitedHealth Group (it's free!) UnitedHealth Group's narrative projects $492.0 billion revenue and $21.1 billion earnings by 2029. This requires 3.0% yearly revenue growth and a $9.1 billion earnings increase from $12.0 billion today. Uncover how UnitedHealth Group's forecasts yield a $386.08 fair value, in line with its current price. Some of the most optimistic analysts were penciling in roughly US$509,100 million of revenue and US$23,100 million of earnings by 2029, which is far more upbeat than the baseline view. When you compare that to the current focus on Medicare Advantage cuts and regulatory strain, you can see how sharply opinions differ and why both sets of assumptions may need revisiting after this latest news. Explore 74 other fair value estimates on UnitedHealth Group - why the stock might be worth over 2x more than the current price! Disagree with existing narratives? Extraordinary investment returns rarely come from following the herd, so go with your instincts. Every day counts. These free picks are already gaining attention. See them before the crowd does: This article by Simply Wall St is general in nature. We provide commentary based on historical data
    and analyst forecasts only using an unbiased methodology and our articles are not intended to be financial advice. It does not constitute a recommendation to buy or sell any stock, and does not take account of your objectives, or your
    financial situation. We aim to bring you long-term focused analysis driven by fundamental data.
    Note that our analysis may not factor in the latest price-sensitive company announcements or qualitative material.
    Simply Wall St has no position in any stocks mentioned. Our new AI Stock Screener scans the market every day to uncover opportunities. • Dividend Powerhouses (3%+ Yield)• Undervalued Small Caps with Insider Buying• High growth Tech and AI CompaniesOr build your own from over 50 metrics. Have feedback on this article? Concerned about the content? Get in touch with us directly. Alternatively, email editorial-team@simplywallst.com Operates as a health care company in the United States and internationally. Financial Data provided by S&P Global Market Intelligence LLC, analysis provided by Simply Wall Street Pty Ltd. Copyright © 2026, S&P Global Market Intelligence LLC. All rights reserved. Simply Wall Street Pty Ltd (ACN 600 056 611), is a Corporate Authorised Representative (Authorised Representative Number: 467183) of Sanlam Private Wealth Pty Ltd (AFSL No. 337927). Any advice contained in this website is general advice only and has been prepared without considering your objectives, financial situation or needs. You should not rely on any advice and/or information contained in this website and before making any investment decision we recommend that you consider whether it is appropriate for your situation and seek appropriate financial, taxation and legal advice. Please read our Financial Services Guide before deciding whether to obtain financial services from us. © 2026 Simply Wall Street Pty Ltd, US Design Patent #29/544/281, Community and European Design Registration #2845206",https://simplywall.st/stocks/us/healthcare/nyse-unh/unitedhealth-group/news/how-unitedhealths-medicare-advantage-cuts-and-margin-gains-m
UNH,"UNH 2026 graduation ceremonies honor 3,300-plus students - Seacoastonline.com",2026-05-16 16:31:00,"DURHAM — The University of New Hampshire is honoring its Class of 2026 this weekend, awarding a projected 3,389 diplomas. “We’re so very proud of our students for their hard work and determination, and for exciting careers and phases of life they are about to begin,” said UNH’s President Elizabeth Chilton in a prepared statement. “This is a very exciting time to recognize a significant milestone in their lives that represents years of dedication and growth for each one of them, as they head out to contribute to our communities.” UNH’s 2026 spring commencement ceremonies, on Friday, May 15 and Saturday, May 16, were set to celebrate 2,680 undergraduates, 456 master’s degree candidates, 74 doctoral students and 179 juris doctor recipients. Degrees were completed at the University of New Hampshire Durham, University of New Hampshire Franklin Pierce Law School, University of New Hampshire College of Professional Studies Manchester and University of New Hampshire College of Professional Studies online. Among the more than 3,300 graduates, the top undergraduate majors at UNH include: psychology, finance, nursing, marketing and communication, and strong career interests in sustainability, space, engineering, marine science and agriculture. UNH’s 2026 commencement also marks the first graduating class from UNH’s School of Nursing, with over 200 undergraduate and graduate nursing students scheduled to receive diplomas. The nursing degree recipients will be heading into the healthcare field at a critical time, especially for New Hampshire which continues to deal with a shortage of nurses and an increasing demand for highly trained healthcare professionals. According to UNH’s 2025 First Destination Survey, a significant number of UNH graduates stay in the Granite State with 60% of 2025 UNH graduates surveyed choosing to live in New Hampshire and 50% working in state. Six months after graduation, 88% reported having a job related to their major and 95% reported being successful in finding a job. Top employers noted in the survey include Fidelity, Lonza Biologics, Wentworth-Douglass Hospital, Portsmouth Regional Hospital, and the University of New Hampshire. A recent report from the Donahue Institute at the University of Massachusetts at Amherst showed that close to 40% of UNH graduates were still working in New Hampshire five years after graduation. The Class of 2026 hails from 41 states and dozens of countries.",https://www.seacoastonline.com/story/news/education/2026/05/16/unh-2026-graduation-ceremonies/90084259007/
UNH,UnitedHealth Faces Monday Trading After Berkshire Sale and Friday Dip - TechStock²,2026-05-16 13:29:16,"UnitedHealth Group Incorporated shares are set to open Monday facing pressure after Berkshire Hathaway revealed it dropped its stake in the first quarter. The news hit late Friday and pulled the stock lower after a solid week. The timing is key here. UnitedHealth was up as investors bet medical costs were easing off for major insurers. But Berkshire’s filing Friday showed a familiar seller moving back in against the trade. UnitedHealth shares settled at $393.85, falling 1.31%. The day’s range was $390.25 to $397.63. Despite the drop, the stock was up around 3.7% from last Friday’s $379.98 close. In after-hours trading, shares slipped further to $375.46, with lighter volumes after the 4 p.m. bell. Berkshire’s filing listed holdings as of March 31 and doesn’t say what the firm did after UnitedHealth’s April earnings. Reuters said the step was part of a broader Berkshire portfolio shift, with $15.94 billion in stocks bought and $24.09 billion sold in the first quarter. Bigger market moves didn’t help. The S&P 500 dropped 1.24% on Friday, with the Dow off 1.07%. Managed-care names were split—Humana up 1.25%, Elevance Health down 1.02%. Medical cost pressure is still the big concern. Investors now focus on the medical care ratio, which tracks the portion of premium revenue going to medical claims and care costs. That number grew more important as Medicare Advantage sharply boosted usage, tightening margins for insurers over the last three years. Health insurer analysts are staying cautious. Morningstar’s Julie Utterback told Reuters it’s “a little early to call a victory.” UBS’s AJ Rice said cost trends “appear to be stabilizing.” Leerink Partners’ Whit Mayo pointed to the second quarter as “the test.” UnitedHealth CFO Wayne DeVeydt said investors will want to see “how April and May evolves” as first-quarter claims come through. Reuters UnitedHealth’s April update offered a bit of support for the bulls. The company posted first-quarter revenue of $111.7 billion and adjusted earnings of $7.23 per share, and bumped its full-year 2026 adjusted earnings target above $18.25 a share. CEO Stephen Hemsley said UnitedHealth is working to “simplify and modernize health care.” UnitedHealth Group The risk is clear. If Q2 claims data reveal that lower first-quarter costs were due to light flu or weather-delayed care, shares could lose more of the recent bounce. Berkshire’s exit adds another wrinkle, though the filing only shows positions as of late March, not the latest snapshot. Monday’s price outlook stays uncertain, with a choppy path expected instead of a single direction. Holding at Friday’s regular-session low of $390.25 keeps targets at $400 and the $404.15 high from Wednesday possible. If prices fall through that floor, the $375.46 after-hours mark comes into play. The key test sits further out when investors see clearer data from April and May on medical claims. A dedicated markets reporter, she covers stocks, macroeconomics, and major business developments with a sharp eye for detail and accuracy.",https://ts2.tech/en/unitedhealth-stock-faces-a-monday-test-after-berkshire-exit-and-late-friday-slide/
UNH,"Roundhill UNH WeeklyPay ETF To Go Ex-Dividend On May 18th, 2026 With 0.36942 USD Dividend Per Share - Moomoo",2026-05-16 11:25:59,"To create a seamless experience and for website quality and improvement purposes, we use cookie technologies for verification and quality purposes, to personalize the content presented, and to provide advertising that may be of specific interest to you. Learn our Privacy Policy here. May 15th (Eastern Time) - $Roundhill UNH WeeklyPay ETF (UNHW.US)$ is trading ex-dividend on May 18th, 2026. Shareholders of record on May 18th, 2026 will receive 0.36942 USD dividend per share on May 19th, 2026. The ex-dividend date is May 18th, 2026. A cash dividend is a payment made by a company to its shareholders in the form of periodic distributions of cash. Cash dividends provide investors income, but come with tax consequences; they may also cause the company's share price to drop by the amount of the dividend paid. A stock dividend is a dividend paid to shareholders in the form of additional shares in the company. Stock dividends are not usually taxed, increase the shareholder's stake in the company and give them the choice to keep or sell the shares; they also dilute the value of existing shares. The company's actual implementation is subject to the final disclosure submitted to the exchange. The information provided herein is for reference only. Dividends are not guaranteed and are subject to change or elimination. We do not provide tax advice and any tax-related information provided is general in nature and should not be considered tax advice. Consult a tax professional regarding your specific tax situation. Use the share button in your browser  to share the page with your friends Investment products and services are offered through Moomoo Financial Inc., Member SIPC./FINRA. For further information about Moomoo Financial Inc., please visit Financial Industry Regulatory Authority (FINRA)’s BrokerCheck. Options trading entails significant risk and is not appropriate for all customers. It is important that investors read Characteristics and Risks of Standardized Options before engaging in any options trading strategies. Options transactions are often complex and may involve the potential of losing the entire investment in a relatively short period of time. Certain complex options strategies carry additional risk, including the potential for losses that may exceed the original investment amount. Supporting documentation for any claims, if applicable, will be furnished upon request. $0 commission trading is available only to U.S. residents trading in the U.S. markets through Moomoo Financial Inc. Other fees may apply. For more info, visit moomoo.com/us/pricing Investing involves risk and the potential to lose principal. Electronic trading also involves risks. The responsiveness of the trading system may vary due to market conditions, system performance, and other factors. Account access and trade execution may be affected by factors such as market volatility. Investment products are not insured by the FDIC, not a deposit, and may decline in value. The services and products offered on the website are subject to applicable laws and regulations, as well as relevant service terms and policies. The services and products are not available to all customers or in all geographic areas or in any jurisdiction where it is unlawful for us to offer such services and products. Company Address：Moomoo Financial Inc. and Moomoo Technologies Inc, 185 Hudson St Ste. 2600, Jersey City, NJ 07302 Copyright © 2026 Moomoo Technologies Inc. All Rights Reserved.",https://www.moomoo.com/news/post/70121515/roundhill-unh-weeklypay-etf-to-go-ex-dividend-on-may?level=1&data_ticket=1779069843838509
UNH,"UNH, Keene and Plymouth State tuition increase proposed - New Hampshire Public Radio",2026-05-16 09:46:00,"This story was originally produced by the Portsmouth Herald. NHPR is republishing it in partnership with the Granite State News Collaborative. Tuition bills across the University System of New Hampshire are proposed to increase for a second straight academic year following six years of frozen in-state fees. Undergraduate in-state tuition at the University of New Hampshire, the largest of the system’s public institutions, would jump to $16,304 for the 2026-2027 academic year, if the new rates are approved, an increase of about 2.5%. Out-of-state undergraduates would pay $37,996 for the year, also about a 2.5% increase. The university system’s board of trustees will finalize the 2026-2027 tuition rates in June. Granite Staters attending UNH presently pay $15,908 per year for in-state tuition, compared to $37,070 for out-of-state students. Get daily top stories from NHPR's newsroom with The Rundown. 
                        Check out all of NHPR's newsletters here. NHPR is nonprofit and independent. We rely on readers like you to support the local, national, and international coverage on this website. Your support makes this news available to everyone. Give today. A monthly donation of $5 makes a real difference.",https://www.nhpr.org/nh-news/2026-05-16/college-tuition-increase-unh-keene-plymouth-nh
UNH,"UnitedHealth Group Incorporated (NYSE:UNH) Given Average Rating of ""Moderate Buy"" by Analysts - MarketBeat",2026-05-16 07:40:29,"UnitedHealth Group Incorporated (NYSE:UNH - Get Free Report) has been assigned an average rating of ""Moderate Buy"" from the twenty-nine brokerages that are presently  covering the stock, MarketBeat.com reports. One investment analyst  has rated the stock with a sell recommendation, seven have assigned  a hold recommendation, twenty have issued  a buy recommendation and one  has given a strong buy recommendation to  the company. The average 1-year price objective among brokerages that have issued ratings on the stock in the last year is $378.88. UNH has been the subject of several analyst reports. Morgan Stanley increased their price target on shares of UnitedHealth Group from $375.00 to $395.00 and gave the company an ""overweight"" rating in a research report on Wednesday, April 22nd. Mizuho decreased their price target on shares of UnitedHealth Group from $430.00 to $350.00 and set an ""outperform"" rating for the company in a research report on Thursday, February 5th. Wells Fargo & Company increased their price objective on shares of UnitedHealth Group from $370.00 to $397.00 and gave the company an ""overweight"" rating in a research report on Wednesday, April 22nd. Piper Sandler  reaffirmed an ""overweight"" rating on shares of UnitedHealth Group in a research report on Tuesday, January 27th. Finally, JPMorgan Chase & Co. increased their price objective on shares of UnitedHealth Group from $389.00 to $420.00 and gave the company an ""overweight"" rating in a research report on Tuesday, April 28th. In related news, CEO Patrick Hugh Conway sold 800 shares of the stock in a transaction that occurred on Thursday, April 23rd. The shares were sold at an average price of $355.00, for a total value of $284,000.00. Following the transaction, the chief executive officer owned 17,805 shares in the company, valued at approximately $6,320,775. This represents a 4.30% decrease in their position. The sale was disclosed in a filing with the Securities & Exchange Commission, which can be accessed through this link. Company insiders own  0.28% of the company's stock. Hedge funds and other institutional investors have recently bought and sold shares of the business. Sarver Vrooman Wealth Advisors acquired a new stake in shares of  UnitedHealth Group during the 4th quarter worth approximately $25,000.  Beacon Financial Strategies CORP acquired a new stake in shares of  UnitedHealth Group during the 4th quarter worth approximately $26,000.  Anfield Capital Management LLC grew its stake in shares of  UnitedHealth Group by 220.0% during the 4th quarter. Anfield Capital Management LLC now owns 80 shares of the healthcare conglomerate's stock worth $26,000 after purchasing an additional 55 shares during the period.  Joseph Group Capital Management acquired a new stake in shares of  UnitedHealth Group during the 4th quarter worth approximately $27,000.  Finally, Nalls Sherbakoff Group LLC purchased a new position in shares of  UnitedHealth Group during the 4th quarter valued at approximately $27,000. Institutional investors and hedge funds own  87.86% of the company's stock. UNH stock opened at $393.65 on Friday. The firm has a market cap of $357.49 billion, a price-to-earnings ratio of 29.73, a PEG ratio of 1.72 and a beta of 0.64. The firm has a 50-day simple moving average of $316.82 and a two-hundred day simple moving average of $318.53. UnitedHealth Group has a one year low of $234.60 and a one year high of $404.15. The company has a debt-to-equity ratio of 0.69, a quick ratio of 0.80 and a current ratio of 0.80. UnitedHealth Group (NYSE:UNH - Get Free Report) last released its quarterly earnings results on Tuesday, April 21st. The healthcare conglomerate reported $7.23 EPS for the quarter, beating the consensus estimate of $6.76 by $0.47. The business had revenue of $111.65 billion during the quarter, compared to analyst estimates of $109.84 billion. UnitedHealth Group had a net margin of 2.68% and a return on equity of 14.65%. The company's quarterly revenue was up 2.0% on a year-over-year basis. During the same period in the prior year, the firm posted $7.20 earnings per share. UnitedHealth Group has set its FY 2026 guidance at 18.250- EPS.  On average, equities analysts forecast that  UnitedHealth Group will post 18.29 EPS for the current fiscal year. The business also recently disclosed a quarterly dividend, which was paid on Tuesday, March 17th. Investors of record on Monday, March 9th were given a $2.21 dividend. This represents a $8.84 annualized dividend and a dividend yield of 2.2%. The ex-dividend date of this dividend was Monday, March 9th. UnitedHealth Group's dividend payout ratio (DPR) is presently 66.77%. Here are the key news stories impacting UnitedHealth Group this week: UnitedHealth Group Inc is a diversified health care company headquartered in Minnetonka, Minnesota, that operates two primary business platforms: UnitedHealthcare and Optum. Founded in 1977, the company provides a broad range of health benefits and health care services to individuals, employers, governmental entities and other organizations. Its operations span commercial employer-sponsored plans, individual and Medicare and Medicaid programs, and services for customers and health systems in the United States and selected international markets. UnitedHealthcare is the company's benefits business, administering health plans and networks, managing provider relationships, and offering coverage products for employers, individuals, and government-sponsored programs. This instant news alert was generated by narrative science technology and financial data from MarketBeat in order to provide readers with the fastest reporting and unbiased coverage. Please send any questions or comments about this story to contact@marketbeat.com. Before you consider UnitedHealth Group, you'll want to hear this. MarketBeat keeps track of Wall Street's top-rated and best performing research analysts and the stocks they recommend to their clients on a daily basis. MarketBeat has identified the five stocks that top analysts are quietly whispering to their clients to buy now before the broader market catches on... and UnitedHealth Group wasn't on the list. While UnitedHealth Group currently has a Moderate Buy rating among analysts, top-rated analysts believe these five stocks are better buys. MarketBeat just released its list of the 7 hottest IPOs expected to hit Wall Street in 2026. See which companies are preparing to go public and why investors are watching closely. Sign up for MarketBeat All Access to gain access to MarketBeat's full suite of research tools. 345 N Reid Place, Suite 620, Sioux Falls, SD 57103
                                        
                                        contact@marketbeat.com
                                        
                                        (844) 978-6257 © MarketBeat Media, LLC 2010-2026. All rights reserved. © 2026   Fair market value prices are updated every minute and are provided by Massive. Other market data provided is at least 10-minutes delayed and hosted by Barchart Solutions.  Information is provided 'as-is' and solely for informational purposes, not for trading purposes or advice, and is delayed. To see all exchange delays and terms of use please see Barchart's disclaimer.",https://www.marketbeat.com/instant-alerts/unitedhealth-group-incorporated-nyseunh-given-average-rating-of-moderate-buy-by-analysts-2026-05-16/
UNH,ETFs Investing in UnitedHealth Group Incorporated Stocks - TradingView,2026-05-16 03:48:51,"Select market data provided by ICE Data Services. Select reference data provided by FactSet. Copyright © 2026 FactSet Research Systems Inc.Copyright © 2026, American Bankers Association. CUSIP Database provided by FactSet Research Systems Inc. All rights reserved. SEC fillings and other documents provided by Quartr.© 2026 TradingView, Inc.",https://www.tradingview.com/symbols/VIE-UNH/etfs/
UNH,Berkshire Exit Puts UnitedHealth Valuation And Medicare Reset In Focus - Yahoo Finance,2026-05-16 03:18:00,"Tip: Try a valid symbol or a specific company name for relevant results America's CEOs call out where food prices are rising The housing market is starting to look K-shaped, too Anthropic's shadow IPO market is already flashing trillion-dollar prices Investors eye Nvidia, bond yields, and the next commodity supercycle Wall Street sees bubble-like euphoria in AI-fueled semiconductor rally Should you buy Series I bonds as inflation heats up again? Travel is still on, but rising costs reshape summer vacation plans Executives are blaming layoffs on AI, but research shows AI is 'not the main driver' of US labor slowdown. Intel announces a multiyear partnership deal with McLaren's F1 racing team History's weirdest bubbles have a message for the AI trade Kevin Warsh is set to take over leading the Fed amid one of the most dynamic economic backdrops in modern history Trump’s 'insane amount of trades' astonish Wall Street insiders (Bloomberg) SpaceX accelerates IPO timeline, targets market debut as early as June 12 (Reuters) The Dow, S&P 500, and Nasdaq sank as US bond yields jumped to end a volatile week on a downbeat note The 30-year Treasury yield just broke to its highest level in almost 20 years Nasdaq leads dive in US stocks, with yields jumping amid inflation jitters Cerebras soared on its market debut. Here's how the company plans to take on Nvidia with a new approach to chip technology. Stocks gained, with the Dow closing above 50,000 and the S&P 500 and Nasdaq notching fresh records Cerebras stock surged 100% within minutes of trading in what is expected to be 2026's biggest IPO The Dow retook 50,000 and the S&P 500 topped 7,500 as the AI trade lifted stocks US stocks rise as Nvidia jumps, Trump-Xi summit kicks off Xi Jinping tells US CEOs that 'China's door will only open wider' Micron wiped out roughly $100 billion in market value at Tuesday’s low — and chip bulls still bought the dip Tech stocks led the S&P 500 and Nasdaq to record highs, while the Dow slipped The US Senate confirmed Kevin Warsh as the new chairman of the Federal Reserve with a final vote of 54-45 The 10-year Treasury yield hovered just below 4.5% after hot inflation data, raising concerns stocks could come under pressure US producer prices for April were striking: +6% YoY (4.8% est.) and +5.2% YoY excluding food and energy (4.3% est.). Dow, S&P 500, Nasdaq open mixed as PPI inflation data comes in hot Today's rising prices are 'every retiree's worst nightmare,' but Social Security COLA is projected to jump next year Sam Altman testifies he was 'extremely uncomfortable' with the idea of Elon Musk being named CEO The S&P 500 and Nasdaq retreated after a hot inflation print and sell-off in chip stocks weighed on sentiment The tech-heavy Nasdaq sank to a session low as chip stocks sold off Inflation's old ceiling is starting to look like a floor — why that's a problem for paychecks US stocks fall as Wall Street weighs CPI inflation print Consumer prices rose 3.8% in April from a year ago, driven by energy costs Elon Musk and Tim Cook are among the top executives the White House invited to join Trump for his summit with Xi this week Microsoft CEO Satya Nadella testified he never got 'clarity' on why OpenAI fired Sam Altman in 2023 The S&P 500 and Nasdaq eked out record highs as chip stocks extended gains and the Dow edged higher Goldman Sachs provides three reasons why the war in Iran hasn't derailed the global economy President Trump travels to China this week with several topics in focus: Tariffs, AI, and China’s role in the war in Iran. S&P 500, Nasdaq, Dow muted as Trump rejects Iran's response to peace plan The $1 trillion club's new members are powering the AI boom It may be too early to determine if AI-related job cuts stem from genuine productivity gains or the need to cut costs Crypto-backed mortgages are hitting the mainstream. Here's how they work. Here's how each airline is responding to rising jet fuel costs The above button links to Coinbase. Yahoo Finance is not a broker-dealer or investment adviser and does not offer securities or cryptocurrencies for sale or facilitate trading. Coinbase pays us for certain activity generated through this link. Prices displayed are informational. Find your next quality investment with Simply Wall St's easy and powerful screener, trusted by over 7 million individual investors worldwide. Berkshire Hathaway has fully exited its position in UnitedHealth Group (NYSE:UNH) under Greg Abel's leadership. The sale removes a high profile institutional investor from UnitedHealth's shareholder base. The move is separate from recent earnings, guidance, or valuation developments for UnitedHealth Group. For investors watching UnitedHealth Group at a current share price of $393.85, Berkshire Hathaway's exit comes after a period of strong recent stock performance. NYSE:UNH is up 3.7% over the past week, 25.4% over the past month, 17.1% year to date, and 38.7% over the past year, while the 3 year return shows a decline of 12.7% and the 5 year return is 4.2%. Berkshire's departure does not change these figures, but it may affect how some shareholders interpret institutional interest in the stock. This development may prompt closer consideration of what is driving each investor's own view on NYSE:UNH, beyond the presence or absence of any single large holder. As the market absorbs Berkshire's move, investor attention may focus on how UnitedHealth's fundamentals, risk profile, and current valuation at around $393.85 align with individual objectives and time horizons. Stay updated on the most important news stories for UnitedHealth Group by adding it to your watchlist or portfolio. Alternatively, explore our Community to discover new perspectives on UnitedHealth Group. See which insiders are buying and buying and selling UnitedHealth Group following this latest news. Berkshire Hathaway exiting UnitedHealth Group removes one of the highest profile long term institutional holders from the register at a time when the stock has just rebounded sharply and is trading near a 52 week high. Under Greg Abel, Berkshire has been rotating capital toward other sectors such as airlines and retail, while also reshaping its healthcare exposure. For you as a shareholder or prospective investor, the key signal here is not that a single investor is “right” or “wrong,” but that even long horizon institutions can shift allocations when risk reward trade offs change versus alternatives. The exit sits alongside a period where UnitedHealth has been tightening its Medicare Advantage book, improving margins, and investing in technology and value based care. This is consistent with the narrative of a business working through a Medicare and regulatory reset. At the same time, Berkshire’s move underlines the narrative risk that regulatory exposure and membership mix in Medicare can weigh on confidence in future earnings, even as analysts discuss a gradual reset in the underwriting cycle. The analyst narrative focuses on earnings trajectories and P/E assumptions. A complete exit by a high profile long term holder introduces an investor positioning angle that is not fully reflected in those model based scenarios. Knowing what a company is worth starts with understanding its story. Check out one of the top narratives in the Simply Wall St Community for UnitedHealth Group to help decide what it's worth to you. ⚠️ Profit margins of 2.7% are lower than the 5.4% level cited for last year, so you may want to judge whether the recent Medicare and regulatory reset is enough to rebuild profitability. ⚠️ The stock is flagged as having a high level of debt, which can matter if regulatory or earnings setbacks limit flexibility in a capital intensive, highly regulated industry that includes peers such as Elevance Health, CVS Health and Cigna Group. 🎁 The shares are assessed as trading about 55.5% below one estimate of fair value, which some investors may view as a potential valuation cushion if the turnaround in Medicare and Optum holds. 🎁 UnitedHealth pays a dividend yield of 2.24% and analysts expect earnings to grow by 15.53% per year, which may appeal to investors looking for a mix of income and growth within large cap managed care. From here, it is worth watching whether Berkshire’s departure is followed by other long term holders reducing positions or whether new institutions step in. Smead Capital Management has already done so by adding UnitedHealth shares. You may also want to track how Q2 and Q3 results line up with the upgraded 2026 guidance, particularly around Medicare Advantage membership, Optum margins, and any updates on Department of Justice actions or Centers for Medicare & Medicaid Services rate decisions. Share price moves versus the roughly US$386 analyst fair value marker provide another reference point for how the market is weighing these cross currents. To ensure you're always in the loop on how the latest news impacts the investment narrative for UnitedHealth Group, head to the community page for UnitedHealth Group to never miss an update on the top community narratives. This article by Simply Wall St is general in nature. We provide commentary based on historical data and analyst forecasts only using an unbiased methodology and our articles are not intended to be financial advice. It does not constitute a recommendation to buy or sell any stock, and does not take account of your objectives, or your financial situation. We aim to bring you long-term focused analysis driven by fundamental data. Note that our analysis may not factor in the latest price-sensitive company announcements or qualitative material. Simply Wall St has no position in any stocks mentioned. Have feedback on this article? Concerned about the content? Get in touch with us directly. Alternatively, email editorial-team@simplywallst.com Tip: Try a valid symbol or a specific company name for relevant results",https://finance.yahoo.com/markets/stocks/articles/berkshire-exit-puts-unitedhealth-valuation-031847300.html
UNH,UnitedHealth Group (UNH) Valuation Check After Strong Recent Share Price Momentum - simplywall.st,2026-05-16 02:59:31,"UnitedHealth Group (UNH) has drawn investor attention after a period of strong recent performance, with the stock up 25% over the past month, 34% over the past 3 months, and 39% over the past year. Recent trading has added to that trend, with a 25.41% 1 month share price return and 17.08% year to date, although the 3 year total shareholder return is down 12.75%, showing strong short term momentum versus a weaker longer record. If this kind of momentum has your attention, it could be a good moment to see what else is moving in healthcare and related technology through our 32 healthcare AI stocks With UnitedHealth Group trading near US$393.85 and an intrinsic value estimate showing a 55.52% discount, the key question is simple: is this a genuine value opportunity, or is the market already pricing in future growth? At a last close of $393.85 versus a narrative fair value of $486.86, UnitedHealth Group is framed as undervalued, with that gap driven by long term revenue and margin expectations embedded in the narrative. UNH’s revenue growth stems from serving more people and providing comprehensive healthcare solutions across its offerings. Double-digit growth at both Optum and UnitedHealthcare has contributed to the company’s financial success. Curious what kind of member growth, premium base expansion, and Optum profitability need to hold for that valuation to stack up? The narrative leans on steady revenue compounding, stable margins, and a richer earnings multiple than many insurers, all reflected in its cash flow view. Have a read of the narrative in full and understand what's behind the forecasts. However, this narrative can crack if regulatory changes squeeze margins, or if competition in insurance and pharmacy services pressures pricing and Optum’s profitability. Find out about the key risks to this UnitedHealth Group narrative. Given the mix of optimism around growth and concern about risks, it makes sense to review the data yourself and decide promptly where you stand based on the 3 key rewards and 2 important warning signs. If UnitedHealth Group has sharpened your focus, do not stop here. Your next smart move could be sitting in another corner of the market. This article by Simply Wall St is general in nature. We provide commentary based on historical data
        and analyst forecasts only using an unbiased methodology and our articles are not intended to be financial advice. It does not constitute a recommendation to buy or sell any stock, and does not take account of your objectives, or your
        financial situation. We aim to bring you long-term focused analysis driven by fundamental data.
        Note that our analysis may not factor in the latest price-sensitive company announcements or qualitative material.
        Simply Wall St has no position in any stocks mentioned. Our new AI Stock Screener scans the market every day to uncover opportunities. • Dividend Powerhouses (3%+ Yield)• Undervalued Small Caps with Insider Buying• High growth Tech and AI CompaniesOr build your own from over 50 metrics. Have feedback on this article? Concerned about the content? Get in touch with us directly. Alternatively, email editorial-team@simplywallst.com Operates as a health care company in the United States and internationally. Financial Data provided by S&P Global Market Intelligence LLC, analysis provided by Simply Wall Street Pty Ltd. Copyright © 2026, S&P Global Market Intelligence LLC. All rights reserved. Simply Wall Street Pty Ltd (ACN 600 056 611), is a Corporate Authorised Representative (Authorised Representative Number: 467183) of Sanlam Private Wealth Pty Ltd (AFSL No. 337927). Any advice contained in this website is general advice only and has been prepared without considering your objectives, financial situation or needs. You should not rely on any advice and/or information contained in this website and before making any investment decision we recommend that you consider whether it is appropriate for your situation and seek appropriate financial, taxation and legal advice. Please read our Financial Services Guide before deciding whether to obtain financial services from us. © 2026 Simply Wall Street Pty Ltd, US Design Patent #29/544/281, Community and European Design Registration #2845206",https://simplywall.st/stocks/us/healthcare/nyse-unh/unitedhealth-group/news/unitedhealth-group-unh-valuation-check-after-strong-recent-s
UNH,"Roundhill UNH WeeklyPay ETF To Go Ex-Dividend On May 18th, 2026 With 0.36942 USD Dividend Per Share - 富途牛牛",2026-05-16 02:24:57,"May 15th (Eastern Time) - $Roundhill UNH WeeklyPay ETF (UNHW.US)$ is trading ex-dividend on May 18th, 2026. Shareholders of record on May 18th, 2026 will receive 0.36942 USD dividend per share on May 19th, 2026. The ex-dividend date is May 18th, 2026. A cash dividend is a payment made by a company to its shareholders in the form of periodic distributions of cash. Cash dividends provide investors income, but come with tax consequences; they may also cause the company's share price to drop by the amount of the dividend paid. A stock dividend is a dividend paid to shareholders in the form of additional shares in the company. Stock dividends are not usually taxed, increase the shareholder's stake in the company and give them the choice to keep or sell the shares; they also dilute the value of existing shares. The company's actual implementation is subject to the final disclosure submitted to the exchange. The information provided herein is for reference only. Dividends are not guaranteed and are subject to change or elimination. We do not provide tax advice and any tax-related information provided is general in nature and should not be considered tax advice. Consult a tax professional regarding your specific tax situation. The translation is provided by third-party software. Use the share button in your browser  to share the page with your friends",https://news.futunn.com/en/post/73204529/roundhill-unh-weeklypay-etf-to-go-ex-dividend-on-may?level=1&data_ticket=1779072259920315
UNH,"DAL, M, AMZN, V, And UNH Stocks In Focus As Berkshire Rejigs Portfolio - Stocktwits",2026-05-15 22:34:00,"Berkshire Hathaway Inc. (BRK.A, BRK.B) executed one of its most active quarters in years during the first three months of 2026, exiting 16 equity positions entirely — including full sales of Amazon.com, Visa, Mastercard, and UnitedHealth — and trimming several core holdings, according to its first quarter (Q1) 13F filing released Friday. The firm also initiated several new stakes and significantly increased holdings in existing companies. The most prominent addition was a new $2.6 billion position in Delta Air Lines (DAL). Berkshire also established a new $1 billion stake in Alphabet Class C shares (GOOG) and tripled its Alphabet Class A shares (GOOGL) to approximately $15 billion. A smaller new position was taken in Macy’s (M) of $55 million. While shares of V, MA, and AMZN slipped marginally after hours, Macy’s shares rose 6%. DAL shares gained 3% in after-hours trading while UNH fell 3%. Berkshire Hathaway fully exited its UnitedHealth Group position in the quarter — a stake Warren Buffett had initiated less than a year earlier with roughly 5 million shares valued at about $1.6 billion. On the reduction side, Berkshire trimmed its Bank of America stake by roughly 9% and cut its Chevron position. It also exited Citigroup and several other smaller holdings. Apple remained the portfolio’s largest position at roughly 22% of the equity book, with the overall equity portfolio valued at approximately $263 billion at quarter-end. The next biggest holdings as of March 31 were American Express, Bank of America, Coca-Cola, and Chevron. The moves mark the first full-quarter 13F under new CEO Greg Abel. Warren Buffett officially stepped down as CEO of Berkshire Hathaway on January 1, 2026, ending a 60-year tenure that turned a struggling textile mill into one of the world’s largest and most respected conglomerates. The 95-year-old investor, who had signaled his retirement plans at the company’s 2025 annual meeting, handed day-to-day leadership to longtime successor Abel. On Stocktwits, retail sentiment around V, MA, and AMZN was within the ‘bearish’ territory at the time of writing,  while sentiment around Macy’s jumped to ‘extremely bullish’ levels. Meanwhile, sentiment around DAL also rose from ‘neutral’ to ‘bullish’ levels. A Stocktwits user termed Berkshire’s position in Delta as “very bullish for the airline sector.” Another user opined that it is time to go long Macy’s. DAL and M have risen 40% and 53%, respectively, over the past 12 months. Read More: Nio Stock Snaps Three-Week Losing Streak On Onvo L80 Debut Priced Below Tesla Model Y For updates and corrections, email newsroom[at]stocktwits[dot]com. Shares of Chinese EV maker Nio Inc (NIO) closed 4% higher this week, breaking a streak of three consecutive weeks in the red, as it launched its Onvo L80 vehicle on Friday. NIO subsidiary Onvo officially launched the L80, a large five-seat family SUV, earlier on Friday, coinciding with the brand’s second anniversary and International Day of Families. Deliveries are scheduled to begin on Saturday. The L80 is priced from 242,800 yuan (including the standard 85-kWh ternary lithium battery pack) for the entry-level Pro trim, with the Max+ priced at 259,800 yuan and the top Ultra+ at 279,800 yuan. Under NIO’s Battery-as-a-Service (BaaS) model, the Pro starts at just 156,800 yuan. The launch price reflects a 1.22% reduction from the earlier pre-sale figure, with NIO absorbing rising raw material costs for memory chips and metals, according to a report from CnEVPost. As per the report, Onvo L80’s key features include a 900-volt high-voltage architecture, standard air suspension, class-leading energy consumption of 14.3 kWh per 100 km, and spacious storage. The Pro offers rear-wheel drive with 0-100 km/h acceleration in 5.7 seconds, while the Ultra+ adds all-wheel drive and 4.5-second acceleration. Higher trims include LiDAR and NIO’s Shenji NX9031 chip for advanced assisted driving. “On this special day, we officially launched the ONVO L80, a true game-changer in the large 5-seater SUV segment!” NIO founder and CEO William Li wrote on X. Interestingly, the Model Y, Tesla’s mass market SUV, is priced at 263,500 yuan for the base version, representing a premium of about 9% from the Onvo L80. Nio launched Onvo as a sub-brand catering to the mass market in 2024, unlike its namesake brand, which makes luxury EVs. The company’s first vehicle was the L60, followed by the L90, which was launched in July 2025. “With an expanding product lineup and continuous product upgrades, the ONVO brand will deliver the finest mobility experiences to more family users, driving steady sales growth,” Nio CEO William Li said in March. Onvo contributed 13,339 vehicles in the first quarter of 2026, accounting for roughly 16% of NIO Inc.’s group-wide total of 83,465 deliveries for the period. On Stocktwits, retail sentiment around NIO stock stayed within the ‘neutral’ territory over the past 24 hours, while message volume remained at ‘normal’ levels. A Stocktwits user voiced optimism for a further rally next week. Read More: RIVN Stock Drops For Four Straight Weeks As R2 Deliveries Near For updates and corrections, email newsroom[at]stocktwits[dot]com. U.S. stock indices dropped on Friday as surging bond yields and higher-for-longer inflation metrics renewed rate hike fears amid persistently elevated oil prices. The S&P 500  fell 1.2%, the Nasdaq lost 1.5%, and the Dow Jones declined 1.1%. The Russell 2000, which tracks stocks with small market capitalizations, fell 2.4%, the index's worst day in 2026. Among ETFs tracking benchmark indexes, the SPDR S&P 500 ETF (SPY) fell 1.4%, and Invesco QQQ Trust (QQQ) ended Friday around 2% lower, while the SPDR Dow Jones Industrial Average ETF Trust (DIA) eased 1.2%. While SPY ended the week marginally higher, up 0.2%, QQQ and DIA ended the week down between 0.2% and 0.3%. Meanwhile, retail sentiment on Stocktwits for SPY, QQQ, and DIA was all in the ‘bullish’ territory. According to the Survey of Professional Forecasters, a group that is polled each quarter by the Federal Reserve Bank of Philadelphia, projected the U.S. CPI to hit 6% for the first quarter. In the most recent forecast three months ago, the panel projected a consumer price index gain of just 2.7%. However, that was just before the U.S. and Israel launched attacks against Iran. For the full year, the group forecast the CPI rate at 3.5% for the all-items and 2.9% for core, which excludes volatile food and energy prices. That’s up from estimates of 2.6% for both in the prior survey done three months ago. Two inflation reports earlier this week also showed rising price pressures in the retail and wholesale markets, adding to bets that the U.S. Federal Reserve’s regime-change efforts might not be all that easy. US 10-year yields topped 4.5%, and with the Iran conflict showing no signs of ending, investors are beginning to get jittery that the closure of the Strait of Hormuz will further deepen the energy disruptions. Generally, when bond yields spike, investors tend to move away from equities, especially technology shares. A rise in yields raises the cost of borrowing for corporates, diminishing the current value of future earnings in analyst models. “Risk sentiment is being dented by a global rise in bond yields, driven by a combination of inflation concerns, expectations for central-bank hikes, and worries around government debt as countries look to cushion the impact of higher energy prices,” said Angelo Kourkafas, Senior Global Strategist at Edward Jones, in an interview to Bloomberg. Tesla (TSLA): Shares of Tesla slipped 4% on Friday amid a broad selloff in tech stocks, while concerns for the EV giant’s business in China weighed further on the stock. Starbucks (SBUX): Starbucks Corp on Friday announced its third round of job cuts, affecting 300 employees in the U.S., as the company continues its strategic turnaround efforts. Poet Technologies (POET): POET Technologies shares declined after the company disclosed plans to raise capital through a securities offering and announced long-time finance chief Thomas Mika’s decision to leave the company later this year. Microsoft (MSFT): Billionaire hedge fund manager Bill Ackman on Friday revealed that Pershing Square has acquired a new stake in Microsoft, adding that the firm will disclose the position in a 13F filing. Nvidia (NVDA): U.S. President Donald Trump on Friday said that China has not yet approved purchases of Nvidia’s H200 AI chips. Crude oil prices jumped on Friday, rising past $105 per barrel after Trump told Fox News that he is losing patience with Iran. Brent crude futures for July gained more than 3% to close at $109.26 a barrel. U.S. West Texas Intermediate futures for June advanced more than 4% to settle at $105.42 per barrel, CNBC reported. Read More: This Consumer ETF Dropped 13% From Its January Highs -- A Look At How Industry Dynamics Changed Since The Iran War For updates and corrections, email newsroom[at]stocktwits[dot]com. Cisco (CSCO) share price jumped 2% on Friday and recorded its best week since 2001 as investors continued to cheer the networking hardware maker’s stellar quarterly earnings performance, which blasted past expectations. Cisco stated that its record third-quarter (Q3) performance was driven by a strong, broad-based demand for its products. CEO Chuck Robbins stated that the company’s performance during the quarter demonstrated its relevance in connecting with and securing AI technology. HSBC upgraded the software name to ‘buy’ from ‘hold’. It also hiked its price target on shares to $137 from $77, implying nearly 19% upside from Thursday’s close. “Looking ahead, the biggest growth drivers for Cisco will likely be hyperscaler AI build-outs and enterprise artificial intelligence networking upgrades, in addition to campus modernization as requirements for traffic, security, and latency increase, according to HSBC. “Despite gross margin pressure, management has credible offsets through pricing, tighter contract terms, supply chain commitments, [operational expenditure] discipline, and lower memory utilization within designs,” analyst Stephen Bersey said in a note to clients, accessed by CNBC. CSCO’s revenue increased 12% in the quarter ended April 25 to $15.8 billion from $14.15 billion a year earlier, beating expectations of $15.6 billion. Net income rose to $1.06 per share, above the $1.04 expected, according to data from Fiscal.ai. The networking hardware firm expects revenue for the quarter ending July to be $16.7 billion to $16.9 billion, above market expectations of $15.8 billion, according to Fiscal.ai. Excluding some items, earnings will be roughly $1.16 to $1.18 a share. Analysts expect a profit of $1.07 a share. “Networking is a critical enabler of, and bottleneck to, AI model performance. This leads to high spending on AI network infrastructure that supports growth for Cisco and its peers. We expect this trend to continue powerfully over the next five years,” a recent Morningstar Report said. CEO Chuck Robbins, during an interview with CNBC on Thursday, said that Cisco’s silicon strategy has allowed it to control more of its destiny and supply chain. He added that Cisco has already achieved its $5 billion hyperscaler revenue target for the year, with one more fiscal quarter still to go. The company has raised its hyperscaler revenue forecast to $9 billion, and Robbins added that it must bring in an additional $3.7 billion in revenue in the fourth quarter (Q4). “It feels like there is a bit of a networking supercycle we’re entering right now. I remember sitting in a board room… seven or eight years ago, when someone said, ‘Are we sure companies are going to continue to buy Ethernet switchboards?’ I think we’ve proven that that’s definitely the case,” Robbins said. Retail sentiment on Stocktwits was “extremely bullish” with “extremely high” message volumes. One user highlighted that investing in Cisco goes beyond the simple earnings trade. Read More: This Consumer ETF Dropped 13% From Its January Highs -- A Look At How Industry Dynamics Changed Since The Iran War For updates and corrections, email newsroom[at]stocktwits[dot]com. Shares of Rivian Automotive (RIVN) closed in the red for the fourth straight week as the company prepares to start delivering its new R2 midsize SUV. The stock closed 3% lower this week, compared to last week when it closed down 5%. On Friday, Rivian said that its official online configurator for the R2 compact electric SUV is now live, giving prospective buyers the ability to customize and “start building” their vehicles ahead of deliveries. “The R2 configurator is live. Explore paint colors, interiors, wheels and more. Head to our website and start building,” the company posted on X alongside a promotional video. The R2, priced from approximately $45,000 for the cheapest variant, is Rivian’s first mass-market model and is designed to compete directly with vehicles like the Tesla Model Y. The configurator launch marks the next step in the company’s effort to convert the more than 100,000 reservations it received shortly after the R2’s unveiling last year. R2’s online configurator now shows three variants, namely standard, premium, and performance, priced between $48,490 and $57,990. Deliveries will commence with the Performance variant in Spring this year, followed by the Premium variant slated for later this year, and the Standard variant, which is slated to be launched next year. Rivian confirmed in April that it had already started production of the R2 at its facility in Normal, Illinois. For the whole of 2026, Rivian now expects to deliver 62,000-67,000 vehicles, up from the 42,247 vehicles delivered in 2025. However, the ramp of R2 delivery will be “back-half weighted,” according to Rivian CFO Claire McDonough. On Stocktwits, the retail sentiment around RIVN stayed in ‘bullish’ territory over the past 24 hours, while message volume stayed at ‘normal’ levels. A Stocktwits user opined that 2026 will be Rivian's “banner breakout year.” Another user opined that the sales of the R2 launch model will be “as abysmal” as the company’s first vehicle, called the R1. Read More: TSLA Stock Slips As Musk’s China Visit Yields No Deals; EV Firm Dismisses Model Y Price Hike Rumors For updates and corrections, email newsroom[at]stocktwits[dot]com. The fallout from escalating energy prices has moved beyond the gas pump and into the corporate boardrooms of the nation’s largest retailers, as the latest earnings cycle reveals erosion of profit margins across the consumer discretionary sector. The Invesco S&P 500 Equal Weight Consumer Discretionary ETF (RSPD) has retreated 13% from its January highs, reflecting a sharp shift in market sentiment amid rising geopolitical tensions and energy costs, which are reshaping the retail landscape. The downturn marks a significant reversal for a sector that began the year with optimism. Since the onset of the conflict in Iran in late February, the dynamics governing consumer spending have been fundamentally altered by supply chain disruptions and a volatile energy market. Most discretionary companies are signaling concern about sales and margins. Only two discretionary companies mentioned a positive impact from higher oil on first-quarter earnings calls, while the rest mentioned negative impacts or struck a neutral tone, according to data from Trivariate Research’s Adam Parker, accessed by Barron’s. “We continue to recommend an Underweight in consumer discretionary, as we suspect [earnings] estimate achievability will be below average for the sector,” Parker wrote A primary driver of the sector's decline has been the rapid escalation of energy prices. Since the start of the Iran war, global oil benchmarks have seen substantial gains as the strategically vital Strait of Hormuz remains effectively closed to a significant portion of global trade. Brent crude futures rose to $107.06 per barrel on Friday, marking a more than 12% increase over the last month alone. In the United States, West Texas Intermediate (WTI) has surged past $102 per barrel. The rising cost of fuel has acted as a double-edged sword for discretionary firms, simultaneously increasing logistics costs and squeezing average households' disposable income. For many of the sector’s top constituents, the impact of oil has been most visible in ""last-mile"" delivery and supply chain logistics. Rising diesel and jet fuel prices have forced companies to choose between raising prices for an already inflation-weary consumer or absorbing the costs internally. Royal Caribbean expects fuel costs to be about $1.3 billion higher than its earlier full-year forecast of around $1.17 billion, based on current pump prices and after hedging, while many U.S. airline companies have raised concerns about higher jet fuel prices denting margins. Analysts at S&P Global, in a note, stated that the recent oil shock could push headline U.S. inflation toward 4%, double its 2% inflation target, but expect the disruption to be temporary. The Invesco S&P 500 Equal Weight Consumer Discretionary ETF, which provides broader exposure by weighting each of its constituents equally, has seen its top-performing holdings from the start of the year give back much of their gains. Since the war began, the performance of major constituents has been hit by a combination of high interest rates and falling consumer confidence: While Amazon’s (AMZN) AWS cloud division continued to perform well, its core retail business felt the weight of the fuel spike. ""Our guidance anticipates higher transportation costs related to fuel inflation…,"" said Brian Olsavsky, Amazon's Chief Financial Officer, during the Q1 earnings call. Higher interest rates and rising inflation have also weighed on the share prices and operating margins of other components of the ETF, like Home Depot (HD) and Carvana (CVNA). Compounding the sector's woes is a persistent inflationary environment that shows few signs of abating. According to data released Friday, a poll of top economic forecasters by the Federal Reserve Bank of Philadelphia now projects the U.S. inflation rate to hit 6% in the second quarter. The panel, in the forecast three months ago, expected the consumer price index to rise by just 2.7%. Retail sentiment on Stocktwits was “bullish” with “high” message volumes. One user highlighted that the average U.S. consumer is broke and is only buying necessities. For updates and corrections, email newsroom[at]stocktwits[dot]com. These cookies are necessary for the website to function and cannot be switched off in our systems. They are usually only set in response to actions made by you which amount to a request for services, such as setting your privacy preferences, logging in or filling in forms. You can set your browser to block or alert you about these cookies, but some parts of the site will not then work. These cookies do not store any personally identifiable information. Under the California Consumer Privacy Act, you have the right to opt-out of the sale of your personal information to third parties. These cookies collect information for analytics and to personalize your experience with targeted ads. You may exercise your right to opt out of the sale of personal information by using this toggle switch. If you opt out we will not be able to offer you personalised ads and will not hand over your personal information to any third parties. Additionally, you may contact our legal department for further clarification about your rights as a California consumer by using this Exercise My Rights link.If you have enabled privacy controls on your browser (such as a plugin), we have to take that as a valid request to opt-out. Therefore we would not be able to track your activity through the web. This may affect our ability to personalize ads according to your preferences. These cookies allow us to count visits and traffic sources so we can measure and improve the performance of our site. They help us to know which pages are the most and least popular and see how visitors move around the site. All information these cookies collect is aggregated and therefore anonymous. If you do not allow these cookies we will not know when you have visited our site, and will not be able to monitor its performance. These cookies may be set through our site by our advertising partners. They may be used by those companies to build a profile of your interests and show you relevant adverts on other sites. They do not store directly personal information, but are based on uniquely identifying your browser and internet device. If you do not allow these cookies, you will experience less targeted advertising.",https://stocktwits.com/news-articles/markets/equity/dal-m-amzn-v-unh-in-focus-as-berkshire-rejigs-portfolio/cZXmfX1Rekg
UNH,"Durham Police Captain Discusses Safety, Transparency and the Importance of Community Outreach - The New Hampshire",2026-05-15 18:44:44,"Durham Police Captain John Lavoie adopts an optimistic outlook on law enforcement, despite many critical perspectives in the media. While Lavoie agrees there are flaws in law enforcement, he refuses to let that impact Durham. Some of the most common complaints Lavoie receives from his patrol officer stem from the idea that it's a horrible time to be a police officer because people are dissatisfied with police behavior. Lavoie doesn’t think that this negative sentiment rings true in Durham. “That is true in some places. I don't think it's true here,” Lavoie said. Lavoie's history in Durham began in 2002 when he enrolled in the University of New Hampshire to study business. However, Lavoie expressed that his desire for a more fulfilling career led him to become a patrol officer at the Durham Police Department in 2010. He attributed this career change to his time volunteering with McGregor Memorial EMS, where he found he was passionate about helping people in need. Lavoie noted his favorite memories of the force, as working with sitting presidents, vice presidents and dignitaries from the United Nations. In one instance, Lavoie was placed on the security detail of President Barack Obama’s Durham campaign stop in June 2012. “You can imagine how that was. There was tens of thousands of people coming to this, they don’t even have tickets,” Lavoie said. “They just want to see him, they want to see him go by.” During Obama’s visit,  Lavoie chatted with the Secret Service while on duty at Oyster River High School. He was eventually moved to the UNH Dairy Bar, in case the president decided to get an ice cream. 45 minutes later, he received a message that the president was on his way. As Obama stepped out of his limo, everyone in the surrounding area on campus came running to him, Lavoie recalled. “So that was super cool,” Lavoie said. “Where else am I getting that opportunity to do something like that? Certainly not as a civilian.” Since 2010, Lavoie has steadily climbed the ranks of the Durham Police Department, becoming a Detective Sergeant in 2020, and most recently, being promoted to the position of Captain last July. This new role has required Lavoie to handle very different responsibilities compared to his previous roles in the department. “Remember how I said I left corporate America because I didn't like being in a cubicle,” Lavoie laughed. “I'm back at my desk. I'm in an office now.” One of Captain Lavoie’s responsibilities is reviewing shift reports from officers and checking that their practices and protocols meet The Commission on Accreditation for Law Enforcement Agencies’ (CALEA) standards. Although Lavoie faces more paperwork than crime scenes on the daily, he expresses he understands how vital it is to preserve Durham’s safety through high standards of enforcement. While taking pride in Durham being ranked the second safest American college town, Lavoie explained that when terrible crimes do happen, the department chooses to display the news instead of hiding it from the public. He believes that Durham prevents tolerance of crime through their transparency. More recently, on April 3, Lavoie met with Andrew Macpherson, an Associate Professor of the Department of Security Studies at UNH-Manchester and a member of Grey Box Solutions LLC, to discuss better ways to manage data about car crashes and incidences of speeding. Currently, accident data is very difficult to manage due to Durham’s records management system. Macpherson believed that a significant reduction of vehicular accidents will occur if patrol officers focus on these problem areas and proposed a high-injury network map created with artificial intelligence. He has used A.I. to take the data and highlight where crashes and speeding occurred the most. Lavoie said he prioritizes the people of Durham’s speeding complaints when considering where to place patrol officers on shifts. Lavoie’s efforts to improve the Durham Police Department haven’t gone unnoticed by his colleagues, especially Detective Emily Bolton, who has worked alongside Lavoie for almost two years. “Even in these depths of the work that he’s doing right now, he’s making so many changes on the back end that are just going to benefit the department moving forward,” Bolton said. She has admired Lavoie’s genuine passion, from their time working on felony cases together as detectives, to his position as captain now. In addition to being a diligent worker, Bolton  described Lavoie as a true mentor. “[High ranking officers] tend to be like gatekeepers or not wanting to share information. He’s [Lavoie] never been like that, he will share as much knowledge as he possibly can,” Bolton said. The Durham Police Department often collaborates with UNH’s Homeland Security and Justice Studies programs with capstone projects and ride-alongs with patrol officers. Lavoie shared that discussions with UNH classes are most valuable to him. Specifically, Lavoie noted his visit to UNH Professor Katherine Gaudet’s course, What Is A Criminal, influenced him to reevaluate his own thinking. When Lavoie returned to the station after his visit to Gaudet’s class, he brought the book, “What Is a Criminal? Answers from Inside the US Justice System,” into Chief Rene Kelley’s office and asked what Kelley thought a criminal was. “We [Lavoie and Kelley] had a whole discussion about it. So, you know, that people [members of Durham PD] accept that [discussion] here. It's not like ‘stop talking and shut your mouth,’ m” Lavoie said, “You know, [the openness of Durham PD] it's like, wow, yeah, you're right. That's cool, let's talk about it.” As Lavoie grows and learns from the community of UNH, he emphasized his desire to facilitate open mindedness in his work environment and service to the public.",https://www.tnhdigital.com/article/2026/05/unh-police-captain-discusses-safety-transparency-and-the-importance-of-community-outreach
UNH,Senior Farewell: Chandler Blaisdell - The New Hampshire,2026-05-15 18:44:44,"I’ll never forget one of my first stories done for TNH as a staff writer: a feature which reported upon a Dining Services wage increase, the central interview of which took place underneath Hoco in their kitchen as the chef prepared Swedish meatballs. Funny enough, the story hadn’t been spurred on by a faculty member with a tip about the wage increase, but by my interest in why exactly the Hoco Stir Fry Bar had been closed down for the first few weeks of the semester. As such, I think it’s fair to say that I learned pretty quickly that one’s curiosity while reporting can take you into some very interesting and unusual places. I had little-to-no Journalistic experience when I stepped foot on the UNH campus my sophomore year as a transfer student. I loved writing, and Journalism seemed like a great path which allowed that passion to thrive. However, I very quickly discovered that Journalism would prove to be more than an outlet for writing, but also the perfect scenario through which I could be pushed out of my introverted shell. My junior year as a staff writer was marked by coverage of dining wage increases, Palestine protests, and university finances, amongst a few other things. I had never really pictured myself covering any of these issues, but that’s perhaps one of the greatest things I learned about Journalism: you can never anticipate what stories you’ll be telling on any given day. Looking back on it, I’m grateful for all the opportunities I was given that first year as a staff writer because I feel it helped me develop and discover what types of stories I truly enjoy pursuing. No article reminiscing on my time at TNH and the UNH Journalism Program would be complete without me mentioning the professors I’ve had over the years, especially Tom Haines and Lisa Miller; Both of whom have been instrumental in the development of my writing & reporting skills. In particular, I want to shout out Tom Haines’ Investigative Reporting class, because without it I would have never caught the investigative reporting bug. I also want to thank the TNH staff, especially Executive Editor Sophia Schlichtmann and Managing Editor Emma Kostyun. Not have they been a pair of incredibly supportive peers, but they’ve also been great mentors to me in my writing and editing. Lastly, I’m excited for what the future of TNH holds under their new Executive Editor, Rebecca Colby. Best of luck to next year’s staff and the great stories they’re going to tell!",https://www.tnhdigital.com/article/2026/05/senior-farewell-chandler-blaisdell
UNH,UNH Jun 2026 265.000 put (UNH260605P00265000) Interactive Stock Chart - Yahoo Finance,2026-05-15 18:39:30,"Tip: Try a valid symbol or a specific company name for relevant results America's CEOs call out where food prices are rising The housing market is starting to look K-shaped, too Anthropic's shadow IPO market is already flashing trillion-dollar prices Investors eye Nvidia, bond yields, and the next commodity supercycle Wall Street sees bubble-like euphoria in AI-fueled semiconductor rally Should you buy Series I bonds as inflation heats up again? Travel is still on, but rising costs reshape summer vacation plans Executives are blaming layoffs on AI, but research shows AI is 'not the main driver' of US labor slowdown. Intel announces a multiyear partnership deal with McLaren's F1 racing team History's weirdest bubbles have a message for the AI trade Kevin Warsh is set to take over leading the Fed amid one of the most dynamic economic backdrops in modern history Trump’s 'insane amount of trades' astonish Wall Street insiders (Bloomberg) SpaceX accelerates IPO timeline, targets market debut as early as June 12 (Reuters) The Dow, S&P 500, and Nasdaq sank as US bond yields jumped to end a volatile week on a downbeat note The 30-year Treasury yield just broke to its highest level in almost 20 years Nasdaq leads dive in US stocks, with yields jumping amid inflation jitters Cerebras soared on its market debut. Here's how the company plans to take on Nvidia with a new approach to chip technology. Stocks gained, with the Dow closing above 50,000 and the S&P 500 and Nasdaq notching fresh records Cerebras stock surged 100% within minutes of trading in what is expected to be 2026's biggest IPO The Dow retook 50,000 and the S&P 500 topped 7,500 as the AI trade lifted stocks US stocks rise as Nvidia jumps, Trump-Xi summit kicks off Xi Jinping tells US CEOs that 'China's door will only open wider' Micron wiped out roughly $100 billion in market value at Tuesday’s low — and chip bulls still bought the dip Tech stocks led the S&P 500 and Nasdaq to record highs, while the Dow slipped The US Senate confirmed Kevin Warsh as the new chairman of the Federal Reserve with a final vote of 54-45 The 10-year Treasury yield hovered just below 4.5% after hot inflation data, raising concerns stocks could come under pressure US producer prices for April were striking: +6% YoY (4.8% est.) and +5.2% YoY excluding food and energy (4.3% est.). Dow, S&P 500, Nasdaq open mixed as PPI inflation data comes in hot Today's rising prices are 'every retiree's worst nightmare,' but Social Security COLA is projected to jump next year Sam Altman testifies he was 'extremely uncomfortable' with the idea of Elon Musk being named CEO The S&P 500 and Nasdaq retreated after a hot inflation print and sell-off in chip stocks weighed on sentiment The tech-heavy Nasdaq sank to a session low as chip stocks sold off Inflation's old ceiling is starting to look like a floor — why that's a problem for paychecks US stocks fall as Wall Street weighs CPI inflation print Consumer prices rose 3.8% in April from a year ago, driven by energy costs Elon Musk and Tim Cook are among the top executives the White House invited to join Trump for his summit with Xi this week Microsoft CEO Satya Nadella testified he never got 'clarity' on why OpenAI fired Sam Altman in 2023 The S&P 500 and Nasdaq eked out record highs as chip stocks extended gains and the Dow edged higher Goldman Sachs provides three reasons why the war in Iran hasn't derailed the global economy President Trump travels to China this week with several topics in focus: Tariffs, AI, and China’s role in the war in Iran. S&P 500, Nasdaq, Dow muted as Trump rejects Iran's response to peace plan The $1 trillion club's new members are powering the AI boom It may be too early to determine if AI-related job cuts stem from genuine productivity gains or the need to cut costs Crypto-backed mortgages are hitting the mainstream. Here's how they work. Here's how each airline is responding to rising jet fuel costs Tip: Try a valid symbol or a specific company name for relevant results",https://finance.yahoo.com/quote/UNH260605P00265000/chart/
UNH,"UnitedHealth (UNH.US) accelerates AI strategy: tracking employee usage frequency of ChatGPT, with AI investment reaching $1.5 billion within the year. - 富途牛牛",2026-05-15 17:32:32,"UnitedHealth is further expanding its artificial intelligence (AI) initiatives. According to Zhitong Finance APP, UnitedHealth (UNH.US) is further strengthening its artificial intelligence (AI) deployment and has begun tracking the frequency of employees' use of AI tools to integrate AI technology comprehensively into the company's operational system. According to informed sources, UnitedHealth is currently monitoring the use of AI tools by some employees within its Optum services division, including whether they use OpenAI’s ChatGPT or Microsoft’s (MSFT.US) Copilot at least once a day. A spokesperson for UnitedHealth stated that the company is using AI to 'fundamentally transform the way it organizes, operates, and works in the future.' The company claims to have deployed over 1,000 AI application scenarios while intensifying AI training for both employees and external customers. An internal AI training document viewed by the media shows that the company has established an 'Engagement Dashboard' to track employees’ AI usage, training progress, and identify 'gaps in AI adoption.' The document also reveals that UnitedHealth’s AI systems have helped reduce over 15 million phone call demands, process hundreds of millions of medical claims, and generate more than 150 million lines of code. The relevant training program is named 'AI Dojo,' and the document includes positive employee feedback on the training initiative. AI has now become a crucial strategic core for UnitedHealth in rebuilding Wall Street confidence. After a significant decline in profits last year, the market began paying closer attention to whether its AI strategy can enhance operational efficiency and restore profit growth. UnitedHealth has long emphasized that AI holds the potential to improve the fragmented U.S. healthcare system. Last year, the company began testing an AI system named 'Optum Real,' aiming to accelerate the processing of medical claims. UnitedHealth’s Chief Financial Officer Wayne DeVeydt recently stated at a conference that the development speed of AI technology 'even exceeds people's ability to understand and comprehend.' He noted that the company’s current focus is on enhancing 'speed and agility,' believing that UnitedHealth has the opportunity to lead the entire industry with AI. In April this year, Wayne DeVeydt also revealed that the company’s AI investment scale would reach $1.5 billion by 2026. Currently, the return on related investments has reached at least 2:1, with most projects achieving positive returns within the first year. Meanwhile, Raymond James analysts, when upgrading UnitedHealth’s rating in April, pointed out that AI projects are expected to further enhance the company’s profitability in the future. However, UnitedHealth has also begun highlighting potential AI risks in regulatory filings. The company’s latest annual report included new risk disclosures related to AI for the first time, stating that 'increased AI usage may bring legal, regulatory, and commercial risks' and warning that AI outputs could be 'inaccurate, incomplete, or biased,' potentially affecting operations and financial performance. Notably, UnitedHealth previously suffered a major setback due to its large-scale technology strategy. In 2021, the company announced its $13 billion acquisition of Change Healthcare, stating that the deal would help streamline healthcare and payment processes and reduce costs. However, in 2024, Change Healthcare experienced a massive cyberattack that temporarily paralyzed the U.S. healthcare payment system. The incident ultimately led to the exposure of data belonging to approximately 190 million Americans—more than half the U.S. population—and became one of the most severe data security breaches in the history of the U.S. healthcare industry. The translation is provided by third-party software. Use the share button in your browser  to share the page with your friends",https://news.futunn.com/en/post/73194841/unitedhealth-unhus-accelerates-ai-strategy-tracking-employee-usage-frequency-of?level=1&data_ticket=1779072259920315
UNH,Erste Group Bank Has Positive Outlook of UNH FY2026 Earnings - MarketBeat,2026-05-15 12:31:33,"UnitedHealth Group Incorporated (NYSE:UNH - Free Report) - Equities researchers at Erste Group Bank upped their FY2026 EPS estimates for shares of UnitedHealth Group in a note issued to investors on Tuesday, May 12th. Erste Group Bank analyst H. Engel now expects that the healthcare conglomerate will post earnings per share of $18.30 for the year, up from their prior forecast of $18.28. Erste Group Bank currently has a ""Buy"" rating on the stock. The consensus estimate for UnitedHealth Group's current full-year earnings is $18.29 per share. Erste Group Bank also issued estimates for UnitedHealth Group's FY2027 earnings at $20.70 EPS. UnitedHealth Group (NYSE:UNH - Get Free Report) last issued its quarterly earnings data on Tuesday, April 21st. The healthcare conglomerate reported $7.23 EPS for the quarter, topping analysts' consensus estimates of $6.76 by $0.47. The business had revenue of $111.65 billion for the quarter, compared to analysts' expectations of $109.84 billion. UnitedHealth Group had a net margin of 2.68% and a return on equity of 14.65%. The business's revenue was up 2.0% on a year-over-year basis. During the same quarter last year, the company earned $7.20 EPS. UnitedHealth Group has set its FY 2026 guidance at 18.250- EPS. A number of other brokerages have also recently commented on UNH. UBS Group dropped their price objective on shares of UnitedHealth Group from $430.00 to $410.00 and set a ""buy"" rating on the stock in a research note on Wednesday, January 28th. Barclays lifted their price target on shares of UnitedHealth Group from $327.00 to $373.00 and gave the company an ""overweight"" rating in a research note on Wednesday, April 22nd. Wells Fargo & Company lifted their price target on shares of UnitedHealth Group from $370.00 to $397.00 and gave the company an ""overweight"" rating in a research note on Wednesday, April 22nd. Oppenheimer lifted their price target on shares of UnitedHealth Group from $385.00 to $405.00 and gave the company an ""outperform"" rating in a research note on Wednesday, April 22nd. Finally, Piper Sandler  reissued an ""overweight"" rating on shares of UnitedHealth Group in a research note on Tuesday, January 27th. One investment analyst  has rated the stock with a Strong Buy rating, twenty have assigned  a Buy rating, seven have assigned  a Hold rating and one  has given a Sell rating to the company. According to data from MarketBeat.com, the stock presently has an average rating of ""Moderate Buy"" and a consensus price target of $378.88. Shares of NYSE UNH opened at $398.84 on Friday. The stock has a market capitalization of $362.20 billion, a price-to-earnings ratio of 30.12, a PEG ratio of 1.73 and a beta of 0.64. UnitedHealth Group has a 12 month low of $234.60 and a 12 month high of $404.15. The firm's 50 day simple moving average is $314.78 and its 200-day simple moving average is $318.01. The company has a debt-to-equity ratio of 0.69, a current ratio of 0.80 and a quick ratio of 0.80. The business also recently disclosed a quarterly dividend, which was paid on Tuesday, March 17th. Investors of record on Monday, March 9th were issued a $2.21 dividend. This represents a $8.84 annualized dividend and a yield of 2.2%. The ex-dividend date was Monday, March 9th. UnitedHealth Group's payout ratio is 66.77%. In related news, CEO Patrick Hugh Conway sold 800 shares of the business's stock in a transaction dated Thursday, April 23rd. The shares were sold at an average price of $355.00, for a total value of $284,000.00. Following the sale, the chief executive officer directly owned 17,805 shares in the company, valued at approximately $6,320,775. The trade was a 4.30% decrease in their position. The sale was disclosed in a filing with the Securities & Exchange Commission, which is accessible through this link. Company insiders own  0.28% of the company's stock. Several institutional investors have recently bought and sold shares of UNH. Sarver Vrooman Wealth Advisors acquired a new position in  UnitedHealth Group in the 4th quarter valued at about $25,000.  Beacon Financial Strategies CORP acquired a new position in  UnitedHealth Group in the 4th quarter valued at about $26,000.  Anfield Capital Management LLC grew its position in  UnitedHealth Group by 220.0% in the 4th quarter. Anfield Capital Management LLC now owns 80 shares of the healthcare conglomerate's stock valued at $26,000 after acquiring an additional 55 shares in the last quarter.  Joseph Group Capital Management acquired a new position in  UnitedHealth Group in the 4th quarter valued at about $27,000.  Finally, Nalls Sherbakoff Group LLC acquired a new position in  UnitedHealth Group in the 4th quarter valued at about $27,000. 87.86% of the stock is owned by institutional investors and hedge funds. Here are the key news stories impacting UnitedHealth Group this week: UnitedHealth Group Inc is a diversified health care company headquartered in Minnetonka, Minnesota, that operates two primary business platforms: UnitedHealthcare and Optum. Founded in 1977, the company provides a broad range of health benefits and health care services to individuals, employers, governmental entities and other organizations. Its operations span commercial employer-sponsored plans, individual and Medicare and Medicaid programs, and services for customers and health systems in the United States and selected international markets. UnitedHealthcare is the company's benefits business, administering health plans and networks, managing provider relationships, and offering coverage products for employers, individuals, and government-sponsored programs. This instant news alert was generated by narrative science technology and financial data from MarketBeat in order to provide readers with the fastest reporting and unbiased coverage. Please send any questions or comments about this story to contact@marketbeat.com. Before you consider UnitedHealth Group, you'll want to hear this. MarketBeat keeps track of Wall Street's top-rated and best performing research analysts and the stocks they recommend to their clients on a daily basis. MarketBeat has identified the five stocks that top analysts are quietly whispering to their clients to buy now before the broader market catches on... and UnitedHealth Group wasn't on the list. While UnitedHealth Group currently has a Moderate Buy rating among analysts, top-rated analysts believe these five stocks are better buys. MarketBeat's analysts have just released their top five short plays for May 2026. Learn which stocks have the most short interest and how to trade them. Click the link to see which companies made the list. Sign up for MarketBeat All Access to gain access to MarketBeat's full suite of research tools. 345 N Reid Place, Suite 620, Sioux Falls, SD 57103
                                        
                                        contact@marketbeat.com
                                        
                                        (844) 978-6257 © MarketBeat Media, LLC 2010-2026. All rights reserved. © 2026   Fair market value prices are updated every minute and are provided by Massive. Other market data provided is at least 10-minutes delayed and hosted by Barchart Solutions.  Information is provided 'as-is' and solely for informational purposes, not for trading purposes or advice, and is delayed. To see all exchange delays and terms of use please see Barchart's disclaimer.",https://www.marketbeat.com/instant-alerts/erste-group-bank-has-positive-outlook-of-unh-fy2026-earnings-2026-05-15/
UNH,UnitedHealth Group Incorporated $UNH Shares Sold by Thrivent Financial for Lutherans - MarketBeat,2026-05-15 10:35:18,"Thrivent Financial for Lutherans lessened its holdings in shares of  UnitedHealth Group Incorporated (NYSE:UNH - Free Report) by 15.1% in the fourth quarter, according to its most recent filing with the SEC. The firm owned 393,862 shares of the healthcare conglomerate's stock after selling 69,930 shares during the quarter. Thrivent Financial for Lutherans' holdings in UnitedHealth Group were worth $130,031,000 as of its most recent SEC filing. A number of other institutional investors also recently added to or reduced their stakes in the business. Avantax Planning Partners Inc. boosted its position in  UnitedHealth Group by 3.1% during the 4th quarter. Avantax Planning Partners Inc. now owns 5,979 shares of the healthcare conglomerate's stock worth $1,974,000 after acquiring an additional 178 shares during the period.  Conning Inc. raised its position in shares of  UnitedHealth Group by 3.9% during the 4th quarter. Conning Inc. now owns 104,183 shares of the healthcare conglomerate's stock worth $34,392,000 after buying an additional 3,879 shares in the last quarter.  New York Life Investment Management LLC raised its position in shares of  UnitedHealth Group by 1.0% during the 4th quarter. New York Life Investment Management LLC now owns 124,190 shares of the healthcare conglomerate's stock worth $40,996,000 after buying an additional 1,205 shares in the last quarter.  Johnson & White Wealth Management LLC raised its position in shares of  UnitedHealth Group by 5.0% during the 4th quarter. Johnson & White Wealth Management LLC now owns 3,669 shares of the healthcare conglomerate's stock worth $1,211,000 after buying an additional 175 shares in the last quarter.  Finally, Granite Bay Wealth Management LLC bought a new stake in shares of  UnitedHealth Group during the 4th quarter worth about $395,000. Institutional investors and hedge funds own  87.86% of the company's stock. UNH has been the topic of a number of research reports. Robert W. Baird boosted their price objective on UnitedHealth Group from $278.00 to $287.00 and gave the stock an ""underperform"" rating in a research note on Wednesday, April 22nd. Oppenheimer boosted their price objective on UnitedHealth Group from $385.00 to $405.00 and gave the stock an ""outperform"" rating in a research note on Wednesday, April 22nd. Jefferies Financial Group boosted their price objective on UnitedHealth Group from $340.00 to $373.00 and gave the stock a ""buy"" rating in a research note on Monday, April 20th. Royal Bank Of Canada boosted their price objective on UnitedHealth Group from $361.00 to $400.00 and gave the stock an ""outperform"" rating in a research note on Wednesday, April 22nd. Finally, TD Cowen boosted their price objective on UnitedHealth Group from $311.00 to $337.00 and gave the stock a ""hold"" rating in a research note on Thursday, April 23rd. One research analyst  has rated the stock with a Strong Buy rating, twenty have assigned  a Buy rating, seven have issued  a Hold rating and one  has issued  a Sell rating to the stock. According to MarketBeat, the company  has a consensus rating of ""Moderate Buy"" and an average price target of $378.88. In related news, CEO Patrick Hugh Conway sold 800 shares of the company's stock in a transaction on Thursday, April 23rd. The stock was sold at an average price of $355.00, for a total transaction of $284,000.00. Following the transaction, the chief executive officer directly owned 17,805 shares of the company's stock, valued at approximately $6,320,775. The trade was a 4.30% decrease in their ownership of the stock. The transaction was disclosed in a filing with the Securities & Exchange Commission, which is accessible through the SEC website. Insiders own  0.28% of the company's stock. Shares of UnitedHealth Group stock opened at $398.84 on Friday. The stock's fifty day moving average is $314.78 and its 200-day moving average is $318.01. The firm has a market capitalization of $362.20 billion, a PE ratio of 30.12, a price-to-earnings-growth ratio of 1.73 and a beta of 0.64. The company has a quick ratio of 0.80, a current ratio of 0.80 and a debt-to-equity ratio of 0.69. UnitedHealth Group Incorporated has a 12-month low of $234.60 and a 12-month high of $404.15. UnitedHealth Group (NYSE:UNH - Get Free Report) last announced its earnings results on Tuesday, April 21st. The healthcare conglomerate reported $7.23 earnings per share (EPS) for the quarter, topping analysts' consensus estimates of $6.76 by $0.47. The company had revenue of $111.65 billion for the quarter, compared to analyst estimates of $109.84 billion. UnitedHealth Group had a return on equity of 14.65% and a net margin of 2.68%.UnitedHealth Group's revenue for the quarter was up 2.0% compared to the same quarter last year. During the same period in the previous year, the firm earned $7.20 earnings per share. UnitedHealth Group has set its FY 2026 guidance at 18.250- EPS.  Equities analysts anticipate that  UnitedHealth Group Incorporated will post 18.29 earnings per share for the current year. The firm also recently declared a quarterly dividend, which was paid on Tuesday, March 17th. Investors of record on Monday, March 9th were given a dividend of $2.21 per share. This represents a $8.84 annualized dividend and a yield of 2.2%. The ex-dividend date of this dividend was Monday, March 9th. UnitedHealth Group's payout ratio is presently 66.77%. Here are the key news stories impacting UnitedHealth Group this week: UnitedHealth Group Inc is a diversified health care company headquartered in Minnetonka, Minnesota, that operates two primary business platforms: UnitedHealthcare and Optum. Founded in 1977, the company provides a broad range of health benefits and health care services to individuals, employers, governmental entities and other organizations. Its operations span commercial employer-sponsored plans, individual and Medicare and Medicaid programs, and services for customers and health systems in the United States and selected international markets. UnitedHealthcare is the company's benefits business, administering health plans and networks, managing provider relationships, and offering coverage products for employers, individuals, and government-sponsored programs. This instant news alert was generated by narrative science technology and financial data from MarketBeat in order to provide readers with the fastest reporting and unbiased coverage. Please send any questions or comments about this story to contact@marketbeat.com. Before you consider UnitedHealth Group, you'll want to hear this. MarketBeat keeps track of Wall Street's top-rated and best performing research analysts and the stocks they recommend to their clients on a daily basis. MarketBeat has identified the five stocks that top analysts are quietly whispering to their clients to buy now before the broader market catches on... and UnitedHealth Group wasn't on the list. While UnitedHealth Group currently has a Moderate Buy rating among analysts, top-rated analysts believe these five stocks are better buys. MarketBeat just released its list of the 7 hottest IPOs expected to hit Wall Street in 2026. See which companies are preparing to go public and why investors are watching closely. Sign up for MarketBeat All Access to gain access to MarketBeat's full suite of research tools. 345 N Reid Place, Suite 620, Sioux Falls, SD 57103
                                        
                                        contact@marketbeat.com
                                        
                                        (844) 978-6257 © MarketBeat Media, LLC 2010-2026. All rights reserved. © 2026   Fair market value prices are updated every minute and are provided by Massive. Other market data provided is at least 10-minutes delayed and hosted by Barchart Solutions.  Information is provided 'as-is' and solely for informational purposes, not for trading purposes or advice, and is delayed. To see all exchange delays and terms of use please see Barchart's disclaimer.",https://www.marketbeat.com/instant-alerts/filing-unitedhealth-group-incorporated-unh-shares-sold-by-thrivent-financial-for-lutherans-2026-05-15/
UNH,"UNH, Keene and Plymouth State tuition poised to rise. Here's how much - Seacoastonline.com",2026-05-15 09:10:00,"DURHAM — Tuition bills across the University System of New Hampshire are proposed to increase for a second straight academic year following six years of frozen in-state fees. Undergraduate in-state tuition at the University of New Hampshire, the largest of the system’s public institutions, would jump to $16,304 for the 2026-2027 academic year, if the new rates are approved, an increase of about 2.5%. Out-of-state undergraduates would pay $37,996 for the year, also about a 2.5% increase.",https://www.seacoastonline.com/story/news/local/2026/05/15/unh-keene-state-plymouth-state-tuition-increase-2026-27/90059151007/?gca-cat=p&gnt-cfr=1
UNH,Elaina Grenz’s Impact Beyond the Field - University of New Hampshire Athletics,2026-05-15 08:48:45,"For Elaina Grenz, soccer was never meant to be her only outlet at UNH.

After four years with the University of New Hampshire women's soccer team, Grenz leaves behind more than just her role on the field. Through internships, leadership and a growing presence in front of the camera, she has built an identity that stretches far beyond the game she has played since she was three years old.

""I was a forward, and recently as of junior year I was an outside back, so I can do both,"" Grenz said. ""I started playing soccer when I was three years old because my dad was a high school soccer coach.""

Like many athletes, soccer first served as an outlet. For Grenz, it was also a way to find connections.

""Soccer was a way to make friends, get outside, be energetic,"" Grenz said. ""I'm an only child, so it helped me be more social and not as quiet.""

However, over time, that relationship began to evolve. When Grenz arrived at UNH, she faced a new level of adversity, something she admitted she had not experienced before.

""I definitely didn't have adversity until I got here,"" Grenz said. ""It helped me actually deal with problems and figure out how to get over them.""

The shift not only changed her relationship with soccer but also pushed her to explore who she could become beyond the sport.



Grenz realized she wanted to stay in sports during her senior year of high school, even after recognizing a professional playing career was unlikely.

""I knew I wanted to be in sports,"" Grenz said. ""I'm too loud and energetic to be working behind a desk from 9 to 5.""

Initially, event management piqued her interest, but her perspective changed as she explored the sport management field.

""There's so much more to it,"" Grenz said. ""So many different routes.""

That realization led her to sports media and broadcasting, where her creativity and personality began to take shape. The turning point came during a class sophomore year, Sports Media Production.

""This is where I first started talking with a microphone and hearing players' stories, and I really enjoyed it,"" Grenz said.

From there, everything accelerated.

Grenz quickly immersed herself in hands on opportunities through the Wildcat Internship Program. Through her communications internship with UNH Athletics, she contributed to social media content, focusing on increasing visibility for women's soccer.

""I've been a big advocate for promoting women's soccer,"" Elaina said. ""Just being able to pitch ideas and be creative has been my favorite part.""

Around the same time, she stepped into a production role, working behind the scenes at multiple sporting events, contributing to camera work before eventually moving in front of the camera.

By her senior year, Grenz became a rinkside reporter for the UNH men's hockey team, a role where she had big shoes to fill and required extensive preparation.

""It's like a full-time job,"" Grenz said. ""You're studying rosters, stats, past games, there's a lot that people don't see.""

Grenz had her first on camera experience after shadowing mentor and UNH alum Natalie Noury for a year, eventually stepping into the role herself during last game of the 2024-25 season.

""I was so nervous,"" she said. ""My first game was a full 180 from where I am now."" Beyond internships, Grenz also made her mark through leadership roles on campus.

As the Social Media Chair for the Student-Athlete Advisory Committee (SAAC), she played a key role in promoting events, building engagement and connecting student-athletes.

""I run the Instagram, do live updates and create content for events,"" Grenz said.

Her involvement in SAAC not only expanded her professional skills but also strengthened her sense of community.

""I've made so many different relationships with people in the field house,"" she said. ""The events are so fun, and I like being able to have input."" Grenz noted that she wouldn't have been involved with SAAC if it weren't for former teammates Sally Rainey and Ande Allison, who encouraged her to participate as a freshman.


That commitment to involvement did not go unnoticed. Grenz was nominated for—and later won—the 2026 Cathy Coakley Student-Athlete Community Involvement Award, recognizing her dedication to service and leadership.


""It felt good to be recognized,"" Grenz said. ""I don't do it for an award; I do it because I love it.""


One of Grenz's most recent experiences came when she moderated a live panel featuring UNH Athletic Director Allison Rich and Hockey East Commissioner Steve Metcalf.


Unlike her reporting work, this opportunity required her to engage with a live audience and think on the spot.


""It was my first time not talking to a camera, but to a crowd,"" she said. ""I had to come up with follow-up questions on the fly."" The experience pushed her outside her comfort zone but was a testament to show how far she had come.

""If you told freshman me I'd be a rinkside reporter for men's hockey games, my jaw would be on the floor,"" Grenz said.

Between athletics, internships and academics, Grenz's schedule has been anything but easy.

""It's really not easy,"" she said. ""Every day is so busy.""
 
Still, she wouldn't change it. Through these opportunities, Grenz has learned the ins and outs of the sport industry, gaining skills that she will carry into the next chapter of her career.

""I don't do these things just to get a job,"" she said. ""I do them because I enjoy them.""

That mindset has defined her time at UNH not just as a student-athlete, but as someone actively building her future.",https://unhwildcats.com/news/2026/5/14/womens-soccer-elaina-grenzs-impact-beyond-the-field-at-unh
UNH,"Bessemer Group Inc. Sells 126,707 Shares of UnitedHealth Group Incorporated $UNH - MarketBeat",2026-05-15 08:44:13,"Bessemer Group Inc. trimmed its holdings in shares of  UnitedHealth Group Incorporated (NYSE:UNH - Free Report) by 6.9% in the fourth quarter, according to its most recent filing with the SEC. The firm owned 1,697,164 shares of the healthcare conglomerate's stock after selling 126,707 shares during the period. UnitedHealth Group makes up  about  0.9% of Bessemer Group Inc.'s investment portfolio, making the stock its 15th biggest position. Bessemer Group Inc. owned 0.19% of UnitedHealth Group worth $560,250,000 at the end of the most recent quarter. Other hedge funds and other institutional investors also recently made changes to their positions in the company. Beacon Financial Strategies CORP bought a new position in  UnitedHealth Group during the 4th quarter valued at about $26,000.  Anfield Capital Management LLC lifted its holdings in  UnitedHealth Group by 220.0% during the 4th quarter. Anfield Capital Management LLC now owns 80 shares of the healthcare conglomerate's stock valued at $26,000 after purchasing an additional 55 shares during the last quarter.  Joseph Group Capital Management bought a new position in  UnitedHealth Group during the 4th quarter valued at about $27,000.  Foster Dykema Cabot & Partners LLC lifted its holdings in  UnitedHealth Group by 69.4% during the 3rd quarter. Foster Dykema Cabot & Partners LLC now owns 83 shares of the healthcare conglomerate's stock valued at $29,000 after purchasing an additional 34 shares during the last quarter.  Finally, 1248 Management LLC bought a new position in  UnitedHealth Group during the 3rd quarter valued at about $29,000. 87.86% of the stock is owned by institutional investors. UNH has been the subject of several analyst reports. Erste Group Bank raised shares of UnitedHealth Group from a ""hold"" rating to a ""buy"" rating in a report on Monday, April 27th. Barclays boosted their target price on shares of UnitedHealth Group from $327.00 to $373.00 and gave the stock an ""overweight"" rating in a research note on Wednesday, April 22nd. Royal Bank Of Canada boosted their target price on shares of UnitedHealth Group from $361.00 to $400.00 and gave the stock an ""outperform"" rating in a research note on Wednesday, April 22nd. JPMorgan Chase & Co. boosted their target price on shares of UnitedHealth Group from $389.00 to $420.00 and gave the stock an ""overweight"" rating in a research note on Tuesday, April 28th. Finally, Jefferies Financial Group boosted their target price on shares of UnitedHealth Group from $340.00 to $373.00 and gave the stock a ""buy"" rating in a research note on Monday, April 20th. One research analyst  has rated the stock with a Strong Buy rating, twenty have issued  a Buy rating, seven have assigned  a Hold rating and one  has issued  a Sell rating to the company's stock. According to data from MarketBeat, UnitedHealth Group  has an average rating of ""Moderate Buy"" and an average price target of $378.88. Here are the key news stories impacting UnitedHealth Group this week: Shares of NYSE:UNH opened at $398.84 on Friday. UnitedHealth Group Incorporated has a one year low of $234.60 and a one year high of $404.15. The company has a 50 day moving average of $314.78 and a 200-day moving average of $318.01. The company has a debt-to-equity ratio of 0.69, a current ratio of 0.80 and a quick ratio of 0.80. The stock has a market cap of $362.20 billion, a price-to-earnings ratio of 30.12, a P/E/G ratio of 1.73 and a beta of 0.64. UnitedHealth Group (NYSE:UNH - Get Free Report) last issued its quarterly earnings results on Tuesday, April 21st. The healthcare conglomerate reported $7.23 EPS for the quarter, topping the consensus estimate of $6.76 by $0.47. The company had revenue of $111.65 billion during the quarter, compared to analysts' expectations of $109.84 billion. UnitedHealth Group had a net margin of 2.68% and a return on equity of 14.65%. UnitedHealth Group's revenue was up 2.0% on a year-over-year basis. During the same quarter in the previous year, the company earned $7.20 EPS. UnitedHealth Group has set its FY 2026 guidance at 18.250- EPS.  On average, sell-side analysts forecast that  UnitedHealth Group Incorporated will post 18.29 earnings per share for the current year. The company also recently disclosed a quarterly dividend, which was paid on Tuesday, March 17th. Investors of record on Monday, March 9th were issued a dividend of $2.21 per share. The ex-dividend date was Monday, March 9th. This represents a $8.84 dividend on an annualized basis and a yield of 2.2%. UnitedHealth Group's payout ratio is currently 66.77%. In related news, CEO Patrick Hugh Conway sold 800 shares of the business's stock in a transaction that occurred on Thursday, April 23rd. The shares were sold at an average price of $355.00, for a total transaction of $284,000.00. Following the completion of the transaction, the chief executive officer owned 17,805 shares in the company, valued at approximately $6,320,775. The trade was a 4.30% decrease in their ownership of the stock. The sale was disclosed in a document filed with the Securities & Exchange Commission, which can be accessed through this link. Corporate insiders own  0.28% of the company's stock. UnitedHealth Group Inc is a diversified health care company headquartered in Minnetonka, Minnesota, that operates two primary business platforms: UnitedHealthcare and Optum. Founded in 1977, the company provides a broad range of health benefits and health care services to individuals, employers, governmental entities and other organizations. Its operations span commercial employer-sponsored plans, individual and Medicare and Medicaid programs, and services for customers and health systems in the United States and selected international markets. UnitedHealthcare is the company's benefits business, administering health plans and networks, managing provider relationships, and offering coverage products for employers, individuals, and government-sponsored programs. This instant news alert was generated by narrative science technology and financial data from MarketBeat in order to provide readers with the fastest reporting and unbiased coverage. Please send any questions or comments about this story to contact@marketbeat.com. Before you consider UnitedHealth Group, you'll want to hear this. MarketBeat keeps track of Wall Street's top-rated and best performing research analysts and the stocks they recommend to their clients on a daily basis. MarketBeat has identified the five stocks that top analysts are quietly whispering to their clients to buy now before the broader market catches on... and UnitedHealth Group wasn't on the list. While UnitedHealth Group currently has a Moderate Buy rating among analysts, top-rated analysts believe these five stocks are better buys. Click the link to see MarketBeat's list of seven best retirement stocks and why they should be in your portfolio. Sign up for MarketBeat All Access to gain access to MarketBeat's full suite of research tools. 345 N Reid Place, Suite 620, Sioux Falls, SD 57103
                                        
                                        contact@marketbeat.com
                                        
                                        (844) 978-6257 © MarketBeat Media, LLC 2010-2026. All rights reserved. © 2026   Fair market value prices are updated every minute and are provided by Massive. Other market data provided is at least 10-minutes delayed and hosted by Barchart Solutions.  Information is provided 'as-is' and solely for informational purposes, not for trading purposes or advice, and is delayed. To see all exchange delays and terms of use please see Barchart's disclaimer. Enter your email below to receive daily updates and analyst ratings for UnitedHealth Group and related companies from The Early Bird.",https://www.marketbeat.com/instant-alerts/filing-bessemer-group-inc-sells-126707-shares-of-unitedhealth-group-incorporated-unh-2026-05-15/
UNH,Conning Inc. Has $34.39 Million Stake in UnitedHealth Group Incorporated $UNH - MarketBeat,2026-05-15 08:21:19,"Conning Inc. lifted its holdings in shares of  UnitedHealth Group Incorporated (NYSE:UNH - Free Report) by 3.9% during the 4th quarter, according to its most recent disclosure with the SEC. The fund owned 104,183 shares of the healthcare conglomerate's stock after purchasing an additional 3,879 shares during the period. UnitedHealth Group accounts for about  1.2% of Conning Inc.'s portfolio, making the stock its 17th largest position. Conning Inc.'s holdings in UnitedHealth Group were worth $34,392,000 as of its most recent SEC filing. Other hedge funds have also recently added to or reduced their stakes in the company. Founders Capital Management LLC lifted its position in shares of  UnitedHealth Group by 3.0% during the fourth quarter. Founders Capital Management LLC now owns 982 shares of the healthcare conglomerate's stock worth $324,000 after purchasing an additional 29 shares in the last quarter.  Kellett Wealth Advisors LLC raised its position in  UnitedHealth Group by 1.7% in the 4th quarter. Kellett Wealth Advisors LLC now owns 1,746 shares of the healthcare conglomerate's stock worth $576,000 after purchasing an additional 29 shares during the last quarter.  Cooper Financial Group increased its stake in shares of  UnitedHealth Group by 0.7% in the 4th quarter. Cooper Financial Group now owns 4,338 shares of the healthcare conglomerate's stock valued at $1,432,000 after buying an additional 30 shares during the period.  Successful Portfolios LLC boosted its holdings in  UnitedHealth Group by 2.6% in the fourth quarter. Successful Portfolios LLC now owns 1,194 shares of the healthcare conglomerate's stock valued at $411,000 after acquiring an additional 30 shares during the last quarter.  Finally, Auxano Advisors LLC boosted its stake in shares of  UnitedHealth Group by 3.4% in the 3rd quarter. Auxano Advisors LLC now owns 964 shares of the healthcare conglomerate's stock valued at $333,000 after purchasing an additional 32 shares during the last quarter. Institutional investors own  87.86% of the company's stock. Here are the key news stories impacting UnitedHealth Group this week: NYSE UNH opened at $398.84 on Friday. UnitedHealth Group Incorporated has a 12-month low of $234.60 and a 12-month high of $404.15. The firm has a 50-day moving average price of $314.78 and a two-hundred day moving average price of $318.01. The company has a market capitalization of $362.20 billion, a P/E ratio of 30.12, a P/E/G ratio of 1.73 and a beta of 0.64. The company has a quick ratio of 0.80, a current ratio of 0.80 and a debt-to-equity ratio of 0.69. UnitedHealth Group (NYSE:UNH - Get Free Report) last issued its quarterly earnings results on Tuesday, April 21st. The healthcare conglomerate reported $7.23 earnings per share (EPS) for the quarter, beating the consensus estimate of $6.76 by $0.47. UnitedHealth Group had a return on equity of 14.65% and a net margin of 2.68%.The business had revenue of $111.65 billion during the quarter, compared to analysts' expectations of $109.84 billion. During the same period in the previous year, the company posted $7.20 earnings per share. The firm's revenue for the quarter was up 2.0% compared to the same quarter last year. UnitedHealth Group has set its FY 2026 guidance at 18.250- EPS.  Analysts anticipate that  UnitedHealth Group Incorporated will post 18.29 earnings per share for the current year. The business also recently declared a quarterly dividend, which was paid on Tuesday, March 17th. Investors of record on Monday, March 9th were paid a $2.21 dividend. This represents a $8.84 dividend on an annualized basis and a yield of 2.2%. The ex-dividend date of this dividend was Monday, March 9th. UnitedHealth Group's payout ratio is 66.77%. In other UnitedHealth Group news, CEO Patrick Hugh Conway sold 800 shares of the firm's stock in a transaction dated Thursday, April 23rd. The shares were sold at an average price of $355.00, for a total value of $284,000.00. Following the transaction, the chief executive officer directly owned 17,805 shares of the company's stock, valued at $6,320,775. This trade represents a 4.30% decrease in their position. The transaction was disclosed in a filing with the Securities & Exchange Commission, which can be accessed through the SEC website. 0.28% of the stock is owned by insiders. A number of research analysts have recently weighed in on UNH shares. Jefferies Financial Group increased their price target on UnitedHealth Group from $340.00 to $373.00 and gave the company a ""buy"" rating in a research note on Monday, April 20th. Morgan Stanley upped their target price on shares of UnitedHealth Group from $375.00 to $395.00 and gave the stock an ""overweight"" rating in a research note on Wednesday, April 22nd. UBS Group decreased their target price on shares of UnitedHealth Group from $430.00 to $410.00 and set a ""buy"" rating for the company in a research report on Wednesday, January 28th. Weiss Ratings upgraded shares of UnitedHealth Group from a ""sell (d+)"" rating to a ""hold (c-)"" rating in a report on Thursday, May 7th. Finally, Barclays boosted their target price on UnitedHealth Group from $327.00 to $373.00 and gave the stock an ""overweight"" rating in a report on Wednesday, April 22nd. One analyst  has rated the stock with a Strong Buy rating, twenty have given a Buy rating, seven have issued  a Hold rating and one  has assigned  a Sell rating to the stock. According to MarketBeat.com, UnitedHealth Group presently has a consensus rating of ""Moderate Buy"" and an average price target of $378.88. UnitedHealth Group Inc is a diversified health care company headquartered in Minnetonka, Minnesota, that operates two primary business platforms: UnitedHealthcare and Optum. Founded in 1977, the company provides a broad range of health benefits and health care services to individuals, employers, governmental entities and other organizations. Its operations span commercial employer-sponsored plans, individual and Medicare and Medicaid programs, and services for customers and health systems in the United States and selected international markets. UnitedHealthcare is the company's benefits business, administering health plans and networks, managing provider relationships, and offering coverage products for employers, individuals, and government-sponsored programs. This instant news alert was generated by narrative science technology and financial data from MarketBeat in order to provide readers with the fastest reporting and unbiased coverage. Please send any questions or comments about this story to contact@marketbeat.com. Before you consider UnitedHealth Group, you'll want to hear this. MarketBeat keeps track of Wall Street's top-rated and best performing research analysts and the stocks they recommend to their clients on a daily basis. MarketBeat has identified the five stocks that top analysts are quietly whispering to their clients to buy now before the broader market catches on... and UnitedHealth Group wasn't on the list. While UnitedHealth Group currently has a Moderate Buy rating among analysts, top-rated analysts believe these five stocks are better buys. Wondering what the next stocks will be that hit it big, with solid fundamentals? Click the link to see which stocks MarketBeat analysts could become the next blockbuster growth stocks. Sign up for MarketBeat All Access to gain access to MarketBeat's full suite of research tools. 345 N Reid Place, Suite 620, Sioux Falls, SD 57103
                                        
                                        contact@marketbeat.com
                                        
                                        (844) 978-6257 © MarketBeat Media, LLC 2010-2026. All rights reserved. © 2026   Fair market value prices are updated every minute and are provided by Massive. Other market data provided is at least 10-minutes delayed and hosted by Barchart Solutions.  Information is provided 'as-is' and solely for informational purposes, not for trading purposes or advice, and is delayed. To see all exchange delays and terms of use please see Barchart's disclaimer.",https://www.marketbeat.com/instant-alerts/filing-conning-inc-has-3439-million-stake-in-unitedhealth-group-incorporated-unh-2026-05-15/
UNH,"AustralianSuper Pty Ltd Acquires 139,849 Shares of UnitedHealth Group Incorporated $UNH - MarketBeat",2026-05-15 07:35:42,"AustralianSuper Pty Ltd increased its holdings in shares of  UnitedHealth Group Incorporated (NYSE:UNH - Free Report) by 459.2% during the 4th quarter, according to its most recent filing with the Securities and Exchange Commission (SEC). The institutional investor  owned 170,307 shares of the healthcare conglomerate's stock after purchasing an additional 139,849 shares during the period. AustralianSuper Pty Ltd's holdings in UnitedHealth Group were worth $56,220,000 at the end of the most recent quarter. Several other hedge funds have also recently bought and sold shares of the stock. Capital Research Global Investors boosted its stake in  UnitedHealth Group by 126.9% in the 3rd quarter. Capital Research Global Investors now owns 13,042,049 shares of the healthcare conglomerate's stock worth $4,503,419,000 after purchasing an additional 7,293,009 shares during the period.  Capital World Investors lifted its holdings in shares of  UnitedHealth Group by 18.8% in the third quarter. Capital World Investors now owns 21,766,922 shares of the healthcare conglomerate's stock valued at $7,516,107,000 after purchasing an additional 3,439,182 shares in the last quarter.  Capital International Investors boosted its position in shares of  UnitedHealth Group by 11.1% during the third quarter. Capital International Investors now owns 17,499,949 shares of the healthcare conglomerate's stock worth $6,042,710,000 after buying an additional 1,747,337 shares during the period.  Lone Pine Capital LLC acquired a new stake in  UnitedHealth Group in the 2nd quarter valued at approximately $528,273,000.  Finally, Bessemer Group Inc. boosted its position in  UnitedHealth Group by 152.3% during the 3rd quarter. Bessemer Group Inc. now owns 1,823,871 shares of the healthcare conglomerate's stock worth $629,783,000 after acquiring an additional 1,100,850 shares during the last quarter. 87.86% of the stock is currently owned by institutional investors and hedge funds. In related news, CEO Patrick Hugh Conway sold 800 shares of UnitedHealth Group stock in a transaction that occurred on Thursday, April 23rd. The stock was sold at an average price of $355.00, for a total transaction of $284,000.00. Following the completion of the sale, the chief executive officer directly owned 17,805 shares of the company's stock, valued at approximately $6,320,775. This trade represents a 4.30% decrease in their position. The transaction was disclosed in a document filed with the SEC, which is accessible through the SEC website. Company insiders own  0.28% of the company's stock. Shares of NYSE:UNH opened at $398.84 on Friday. The company has a 50-day simple moving average of $314.78 and a 200 day simple moving average of $318.01. The company has a market capitalization of $362.20 billion, a P/E ratio of 30.12, a price-to-earnings-growth ratio of 1.73 and a beta of 0.64. The company has a debt-to-equity ratio of 0.69, a quick ratio of 0.80 and a current ratio of 0.80. UnitedHealth Group Incorporated has a 52-week low of $234.60 and a 52-week high of $404.15. UnitedHealth Group (NYSE:UNH - Get Free Report) last released its quarterly earnings data on Tuesday, April 21st. The healthcare conglomerate reported $7.23 earnings per share (EPS) for the quarter, beating the consensus estimate of $6.76 by $0.47. The firm had revenue of $111.65 billion for the quarter, compared to analyst estimates of $109.84 billion. UnitedHealth Group had a return on equity of 14.65% and a net margin of 2.68%.The business's revenue for the quarter was up 2.0% compared to the same quarter last year. During the same quarter in the prior year, the company earned $7.20 earnings per share. UnitedHealth Group has set its FY 2026 guidance at 18.250- EPS.  Sell-side analysts forecast that  UnitedHealth Group Incorporated will post 18.29 earnings per share for the current year. The company also recently disclosed a quarterly dividend, which was paid on Tuesday, March 17th. Stockholders of record on Monday, March 9th were issued a dividend of $2.21 per share. This represents a $8.84 dividend on an annualized basis and a dividend yield of 2.2%. The ex-dividend date was Monday, March 9th. UnitedHealth Group's payout ratio is currently 66.77%. Here are the key news stories impacting UnitedHealth Group this week: Several brokerages recently commented on UNH. Piper Sandler  restated an ""overweight"" rating on shares of UnitedHealth Group in a report on Tuesday, January 27th. Morgan Stanley increased their price objective on shares of UnitedHealth Group from $375.00 to $395.00 and gave the stock an ""overweight"" rating in a research note on Wednesday, April 22nd. Erste Group Bank raised UnitedHealth Group from a ""hold"" rating to a ""buy"" rating in a research report on Monday, April 27th. Leerink Partners increased their price target on UnitedHealth Group from $345.00 to $400.00 and gave the company an ""outperform"" rating in a research report on Wednesday, April 22nd. Finally, HSBC raised UnitedHealth Group from a ""reduce"" rating to a ""hold"" rating and set a $300.00 price target on the stock in a research report on Tuesday, April 7th. One investment analyst  has rated the stock with a Strong Buy rating, twenty have issued  a Buy rating, seven have given a Hold rating and one  has given a Sell rating to the company. According to MarketBeat, UnitedHealth Group presently has an average rating of ""Moderate Buy"" and an average target price of $378.88. View Our Latest Stock Analysis on UnitedHealth Group UnitedHealth Group Inc is a diversified health care company headquartered in Minnetonka, Minnesota, that operates two primary business platforms: UnitedHealthcare and Optum. Founded in 1977, the company provides a broad range of health benefits and health care services to individuals, employers, governmental entities and other organizations. Its operations span commercial employer-sponsored plans, individual and Medicare and Medicaid programs, and services for customers and health systems in the United States and selected international markets. UnitedHealthcare is the company's benefits business, administering health plans and networks, managing provider relationships, and offering coverage products for employers, individuals, and government-sponsored programs. This instant news alert was generated by narrative science technology and financial data from MarketBeat in order to provide readers with the fastest reporting and unbiased coverage. Please send any questions or comments about this story to contact@marketbeat.com. Before you consider UnitedHealth Group, you'll want to hear this. MarketBeat keeps track of Wall Street's top-rated and best performing research analysts and the stocks they recommend to their clients on a daily basis. MarketBeat has identified the five stocks that top analysts are quietly whispering to their clients to buy now before the broader market catches on... and UnitedHealth Group wasn't on the list. While UnitedHealth Group currently has a Moderate Buy rating among analysts, top-rated analysts believe these five stocks are better buys. Wondering what the next stocks will be that hit it big, with solid fundamentals? Click the link to see which stocks MarketBeat analysts could become the next blockbuster growth stocks. Sign up for MarketBeat All Access to gain access to MarketBeat's full suite of research tools. 345 N Reid Place, Suite 620, Sioux Falls, SD 57103
                                        
                                        contact@marketbeat.com
                                        
                                        (844) 978-6257 © MarketBeat Media, LLC 2010-2026. All rights reserved. © 2026   Fair market value prices are updated every minute and are provided by Massive. Other market data provided is at least 10-minutes delayed and hosted by Barchart Solutions.  Information is provided 'as-is' and solely for informational purposes, not for trading purposes or advice, and is delayed. To see all exchange delays and terms of use please see Barchart's disclaimer.",https://www.marketbeat.com/instant-alerts/filing-australiansuper-pty-ltd-acquires-139849-shares-of-unitedhealth-group-incorporated-unh-2026-05-15/
UNH,"UNH Stock Becomes Dow’s Biggest Driver Back To 50,000 — Will Trump Tailwinds Spark Another Leg Higher? - Stocktwits",2026-05-15 07:10:37,"Shares of UnitedHealth Group (UNH) have emerged as the biggest driver of the Dow Jones Industrial Average’s return toward 50,000, turning a battered healthcare giant into one of Wall Street’s hottest comeback trades. UNH stock has surged 47% since Feb.10, making it the best-performing Dow component over the same period and outpacing even AI winners, including Amazon’s 31% gain, Caterpillar’s 22% rise, Nvidia’s 20% jump, and Cisco Systems’ 18% gain. UnitedHealth entered the year under pressure after soaring medical costs, Medicare Advantage reimbursement changes, and a collapse in profit guidance rattled investors last year. Now, the healthcare firm says a turnaround is coming earlier than expected. At Bank of America’s Healthcare Conference this week, CFO Wayne DeVeydt said that first-quarter results pointed to “a very strong year” if conditions hold. He said Optum Health, a major drag last year, is now “performing better than expected, sooner than expected.” Optum Health posted $1.3 billion in adjusted operating profit with margins of 5.4%, ahead of analyst expectations. Bank of America Securities (BofA) later raised its price target on UNH shares to $420 from $380, implying a 5% upside from current levels. The bank cited “bullish” discussions at the conference, saying UnitedHealth is increasingly confident it can return most businesses to at least the low end of their target margin ranges by 2028. The company is still working through fallout from Medicare Advantage changes that UnitedHealth previously said could create a $6 billion hit this year. UnitedHealth has responded by renegotiating contracts, trimming its workforce, reworking benefits and divesting clinics. The company said membership losses are now tracking in line with projections and not as severe as worst-case scenarios. UnitedHealth’s rally has also picked up a political tailwind. U.S. President Donald Trump’s latest filings showed multiple UNH purchases during the first quarter, including a trade valued between $100,001 and $250,000 on Jan.23. Additional filings showed smaller UNH purchases on Jan.12, Feb.23, March 17 and March 23, along with a separate purchase valued between $50,001 and $100,000 on March 18. DeVeydt said UnitedHealth expects to invest $1.5 billion into AI this year and is already generating at least a two-to-one return on those investments, with payback periods under 12 months. “Our confidence level is growing by the day around the benefits we are seeing,” he said. The company said AI is central to redesigning healthcare administration, automating claims processing and simplifying prior authorization systems. UnitedHealth has already rolled out AI-based tech across clinics, automated coding systems and real-time adjudication tools. The company also said it plans to reduce prior authorization requirements by 30% and process all authorizations in real time by the end of 2027. The AI strategy centers around Optum Health and Optum Insight, which UnitedHealth sees as long-term growth engines capable of driving both margin expansion and new software revenue streams. Optum Rx recently unveiled a “transparent, fee-based” pricing model to move away from traditional rebates. The move also comes as the pharmacy-benefit-manager industry faces mounting regulatory scrutiny over rebates and drug pricing. Meanwhile, the company plans to repurchase at least $2 billion of stock by the end of the second quarter under existing authorization. On Stocktwits, retail sentiment was ‘bullish’ amid a 52% jump in message volumes over the past month. One user said, “while companies that make AI chips are being rewarded in the market, the companies that actually USE AI chips to make the world a better place should likewise be rewarded!” Another user said, “This was a $600 stock 18 months ago. So $400 is still a dip buy. It's all about paytience.” For updates and corrections, email newsroom[at]stocktwits[dot]com. Read Next: ASTS, RKLB Stocks Get The Trump Pump After Hidden Space Stock Bets Emerge Shares of Boost Run Inc., a newly listed neocloud company, have surged over 38% this week. With a 10% overnight move, the stock is heading for a weekly move that would exceed those of giants such as CoreWeave and other emerging players like Nebius and IREN. Retail investors have been keeping an eye on the stock. On Stocktwits, the retail sentiment for BRUN shifted to ‘extremely bullish’ early Friday, up from ‘bullish’ the previous day. Message volume for the ticker rose 124% in the past 24 hours, while watcher count increased 22%, underscoring significant interest. Traders were hailing Boost Run as the next high-potential AI cloud infrastructure player, drawing frequent comparisons to industry giants. “$BRUN Took a starter here. The team is solid, ties to NVDA is a no brainer, and future partnerships look bright. Market still has no idea it exists. Give it a little time,” said a trader. Another wrote: “$BRUN Get ready. The market is finally taking notice on this bad boy. It's been a journey with this one since Q3 of 2025.” Boost Run￼ provides enterprises with access to Nvidia-powered GPU servers and high-performance computing infrastructure for training and running AI models. The company debuted on Nasdaq on May 14 after its merger with special purpose acquisition company (SPAC) Willow Lane Acquisition Corp. Boost Run, which operated six U.S. data center locations, with five additional locations in progress, had a market capitalization of $450 million as of Thursday, making it significantly smaller than rivals. On Monday, the company disclosed that it had about $940 million in contracted customer revenue and expects to achieve $375 million in annualized revenue by the end of this year. In April, Boost Run announced a $1.44 billion infrastructure agreement with Dell Technologies￼, The company also boasts of Nvidia’s elite “Exemplar Cloud” certification for Blackwell-based AI infrastructure. Earlier this week, D. A. Davidson raised its price target on BRUN stock to $25 from $20 and maintained a ‘Buy’ rating. Highlighting the company’s contracts and revenue projections, the brokerage said the company’s capacity expansion would be the key catalyst for the shares in the near- to medium-term. Craig-Hallum, which initiated coverage with a ‘Buy’ rating last week, said it believes BRUN is a great opportunity to play in the AI industry amid the rapidly growing demand for inference compute. The growth ready to take place remains misunderstood, argued Craig-Hallum, noting that the stock currently trades at a good discount to both Nebius and CoreWeave. Investor interest has been particularly strong in cloud infrastructure companies amid a surge in workloads driven by AI development and adoption. Hyperscalers such as Amazon, Microsoft, and Alphabet are spending billions on new data centers while increasingly turning to neocloud providers to lease additional AI cloud capacity. Revenue and profit at CoreWeave, the largest in the space, doubled year over year in the last quarter. So far this week, CoreWeave shares were flat, Nebius shares are up 25%, and IREN stock is down 4.6%. For updates and corrections, email newsroom[at]stocktwits[dot]com. Read Next: FIG Stock Surges Overnight: CEO Says 'Not Dead' To Silence AI Doomsayers Amid Industry Praise Intuitive Machines (LUNR) is on track to extend its winning streak into a third consecutive week on Friday, after touching a three-year high in the previous session as the company moves toward becoming a diversified aerospace infrastructure operator with expanding commercial and government exposure. On Thursday, Roth Capital lifted its price target for Intuitive Machines sharply from $35 to $50 while maintaining a ‘Buy’ rating, as per TheFly. The change shows confidence in the company’s lunar infrastructure business and stronger opportunities in the expanding space industry. The new price target implies a 37% upside potential to the stock’s closing price on Thursday. Roth Capital highlighted stronger-than-expected combined operational results in fiscal first-quarter (Q1), a growing backlog of contracted work, and the strategic acquisition of an additional ground-station asset as key drivers of the revised outlook. The firm said that Intuitive Machines is strengthening mission capacity and reliability ahead of anticipated demand from NASA programs, while also reducing its reliance on a narrow set of government lunar contracts. Intuitive Machines’ stock traded more than 2% lower overnight heading into Friday. Intuitive Machines reported a Q1 revenue of $186.7 million, nearly tripling the $62.5 million last year, with a loss of $0.25 per share. However, both the metrics missed the analysts’ consensus estimates of $205 million and a loss of $0.07 per share, respectively, according to Fiscal AI data. The company’s backlog climbed to $1.1 billion, more than quadrupling from last year, following $842 million in new Q1 orders. The firm reiterated full-year 2026 guidance of $900 million to $1 billion, compared to the Street estimate of $944 milion. Additionally, the company announced plans to acquire U.K.-based Goonhilly Earth Station and COMSAT, a move aimed at expanding its space-to-Earth communications network. The deal would add 44 antennas and strengthen the company’s deep-space communications, data relay, spacecraft control, and Position, Navigation and Timing (PNT) capabilities for lunar missions. On Stocktwits, retail sentiment around the stock remained in ‘extremely bullish’ territory with message volume increasing over 50% in 24 hours. A user said, “If Sandisk can go from mid 30s May 2025 to $1,400 May 2026 that means we have a great chance hitting just half that number at $700 this time next year! Full moon ride has begun.” Another user said, “These acquisitions are bolstering for the Andromeda play. Zoom out fellas, the future is bright.” Also See: Ondas Stock Eyes Best Week In 4 Months: CEO Says 'Our Plan Is Working' For updates and corrections, email newsroom[at]stocktwits[dot]com. Figma topped first-quarter expectations on Thursday and raised its full-year forecast, pushing back against concerns from critics and investors who believed emerging AI design tools from Anthropic and others were weighing on its business. “Quick update: not dead,” Figma CEO Dylan Field said on an X post, outlining the company's Q1 performance. “Design matters more than ever,” he added. Shares of the company were surging over 12% overnight heading into Friday. The performance earned him a hat-tip from fellow CEOs. “Every founder is cheering for @zoink,” Opendoor CEO Kaz Nejatian said on X. Coinbase CEO Brian Armstrong simply replied “‘not dead’ lol” to Field’s post. Figma shares have been under pressure since the company’s initial public offering last July, and more so recently. The stock had dropped 8% in a single day last month, just after the launch of Anthropic’s Calude Design, and faced a similar selloff in March after Google introduced a revamped Stitch tool. To be sure, Figma's rival, Adobe, also faced selling pressure, and its stock is down 32% year to date. FIG shares are down 46% YTD and about 40% from their IPO price. On Stocktwits, retail sentiment for FIG shifted to ‘extremely bullish’ from ‘bullish,’ with 24-hour message volume rising by over 600%. “$FIG The bear case for Figma was that AI would compress seats, automate design work, and erode its collaborative moat, but we are seeing the opposite -- AI is expanding Figma’s seat footprint, not shrinking it,” a trader said. The results show that AI disruption isn’t as pronounced as previously featured, and might even be a tailwind. Figma said it was able to use AI to its advantage, bringing more customers on board and getting them to spend more. “As AI gets better, Figma is accelerating and customer usage and workflows on our platform are deepening. Our platform and AI products drove faster growth for both new customer acquisition and expansion within existing accounts,” CFO Praveer Melwani said in the earnings statement. Figma’s first-quarter revenue grew 46% to $333.4 million, beating estimates of $316 million. Adjusted net income rose to $0.10 per share, up from $0.03 a year earlier, also surpassing expectations of $0.06. Paid customers grew 54% to about 690,000. Customers paying Figma more than $10,000 annually increased 37%, and those paying it more than $100,000 increased 48%. Figma raised its full-year 2026 revenue expectations to $1.42 billion and $1.43 billion, compared with its prior forecast of $1.36 billion to $1.37 billion, beating analyst expectations of $1.37 billion for the year. For updates and corrections, email newsroom[at]stocktwits[dot]com. Read Next: AMAT Stock Falls Even After Upbeat Q2, Outlook — Retail Opts To Buy The Dip Shares of AST SpaceMobile (ASTS) and Rocket Lab (RKLB) are in the spotlight early Friday after fresh filings from U.S. President Donald Trump showed purchases in both space firms, alongside several major chip and communications stocks. ASTS stock jumped 11% on Thursday, and RKLB shares advanced 8%. The new filings released on Thursday showed that Trump bought between $1,001 and $15,000 worth of ASTS shares on March 17, while disclosures showed a larger $15,001 to $50,000 purchase in RKLB stock on Jan.21. The filings also revealed positions in Alphabet, Intel, Qualcomm, Texas Instruments and Corning. Investors viewed the basket as a broader bet on satellite broadband, launch infrastructure, AI defense systems, communications networks and semiconductor demand, particularly as Trump continues pushing his proposed Golden Dome missile-defense initiative. The system is expected to require large-scale satellite deployment, orbital tracking infrastructure, interceptor systems, secure communications networks and defense electronics, fueling investor interest across space and defense equities. The renewed attention comes after AST SpaceMobile’s latest earnings report intensified concerns around satellite deployment timelines. The company reported a quarterly loss wider than Wall Street estimates, while revenue also missed expectations. Although the company maintained its full-year revenue outlook, investors focused heavily on manufacturing and launch execution risks. Satellite communications consultant Tim Farrar said after the earnings call that AST SpaceMobile’s assumptions may not support its target of placing 45 satellites in orbit by year-end. He argued that the company would likely require multiple rapid launches from both Blue Origin and SpaceX to hit the goal. Concerns intensified after BlueBird-7 failed to reach its intended orbit during Blue Origin’s New Glenn Mission-3 launch following an upper-stage anomaly. AST SpaceMobile later said the satellite is expected to de-orbit and that insurance should cover the loss. However, investor sentiment improved after AST SpaceMobile disclosed that three BlueBird satellites are scheduled for a mid-June Falcon 9 launch. The company also said 32 satellites are already in advanced stages of assembly and reiterated its plans to launch every one to two months on average. The company also highlighted government and defense opportunities, including potential exposure to Golden Dome-related programs and Space Development Agency contracts. President Scott Wisniewski said AST SpaceMobile sees a potential revenue opportunity nearing $1 billion in 2027, driven largely by contracted and recurring revenue streams. RKLB, meanwhile, has become one of Wall Street’s biggest Golden Dome trades. On Thursday, Rocket Lab revealed that the U.S. Space Force Chief of Space Operations General Chance Saltzman recently visited the company. The fresh focus also followed a Congressional Budget Office estimate projecting that Trump’s Golden Dome initiative could ultimately cost as much as $1.2 trillion over the next two decades, with a major portion expected to go toward space-based interceptor systems and satellite networks. During its latest earnings call, CEO Peter Beck said Rocket Lab was already supporting missile-warning systems, missile-tracking programs, hypersonic testing and Space-Based Interceptor initiatives connected to Golden Dome. Rocket Lab also disclosed that the company, alongside RTX Corporation, was selected for interceptor development work, while its Haste hypersonic launch platform secured a $190 million Department of Defense contract. Investor optimism got a further boost after Rocket Lab said that its 1,000th Rutherford engine had rolled off the production line, reinforcing confidence in Electron launch scalability. On the other hand, demand for Neutron remains strong. Neutron is the company’s larger reusable rocket targeting constellation deployment and national-security missions. On Stocktwits, retail sentiment around RKLB was ‘extremely bullish’ with ‘extremely high’ message volume, while ASTS drew ‘bullish’ sentiment alongside ‘high’ message activity. While ASTS stock has jumped 216% over the past year, RKLB stock has rocketed 449% over the same period. For updates and corrections, email newsroom[at]stocktwits[dot]com. Read Next: RKLB Stock Heads For Best Month Of 2026: Retail Bulls Energized By Hints Of 'Central Role' In America's Space Defense Push Ondas (ONDS) has drawn intense attention as the stock eyes its best week in four months, fueled by a blowout fiscal first-quarter (Q1) earnings report that seeks to reframe the AI-powered autonomous drone systems developer’s growth prospects. During the Q1 earnings call, Ondas Chairman and CEO Eric Brock said the company’s strategy now spans air, ground, and stratospheric technologies tied to defense, security, and infrastructure markets. “Our plan is working. Over the past year, we laid out a clear core plus strategic growth strategy to build Ondas into a scaled global operating platform for unmanned and autonomous systems serving defense, security, industrial, and critical infrastructure markets,” said Brock. Brock said Ondas is growing by acquiring companies, developing new products, and expanding into global markets. He explained the company’s strategy as a “systems of systems” approach, in which it develops technology in-house and acquires other businesses to strengthen its defense and industrial capabilities. Wednesday was Ondas’ best day in 2026, with the stock rallying over 26%. At the time of writing, the stock pared gains and traded over 1% lower overnight. Brock explained that revenue growth in Q1 was fueled by strong demand for counter-unmanned aircraft systems and defense-related technologies, including contributions from Sentrycs Cyber-over-RF platforms and Iron Drone interceptor systems. The company experienced explosive growth in Q1, with revenue of $50.1 million, marking a more than tenfold increase from last year. The company also reached a key operational milestone as its product divisions achieved adjusted EBITDA profitability during Q1, approximately six months ahead of internal targets. Ondas also increased its full-year 2026 revenue forecast to at least $390 million, reflecting a 670% year-on-year increase. As of the end of Q1, the company held approximately $1.48 billion in cash and cash equivalents, providing flexibility to fund growth, pursue additional acquisitions, and advance its Core + Strategic Growth Program. On Stocktwits, retail sentiment around the stock turned to ‘extremely bullish’ from ‘bullish’ territory the previous day, with a 331% surge in message volume in 24 hours. A user said, “I hope the earnings momentum does not go waste. Let’s take a run at the 52 week high. It’s one thing to get orders, it’s another thing to execute them and show in results.” Another user quipped, “Remember.. last big run… it went from 8-15 in 10 trading days.. this move could be bigger with the short interest.” Also See: HD, LULU, TME Stocks Hit 52-Week Lows Today: What's Dragging Them? For updates and corrections, email newsroom[at]stocktwits[dot]com. These cookies are necessary for the website to function and cannot be switched off in our systems. They are usually only set in response to actions made by you which amount to a request for services, such as setting your privacy preferences, logging in or filling in forms. You can set your browser to block or alert you about these cookies, but some parts of the site will not then work. These cookies do not store any personally identifiable information. Under the California Consumer Privacy Act, you have the right to opt-out of the sale of your personal information to third parties. These cookies collect information for analytics and to personalize your experience with targeted ads. You may exercise your right to opt out of the sale of personal information by using this toggle switch. If you opt out we will not be able to offer you personalised ads and will not hand over your personal information to any third parties. Additionally, you may contact our legal department for further clarification about your rights as a California consumer by using this Exercise My Rights link.If you have enabled privacy controls on your browser (such as a plugin), we have to take that as a valid request to opt-out. Therefore we would not be able to track your activity through the web. This may affect our ability to personalize ads according to your preferences. These cookies allow us to count visits and traffic sources so we can measure and improve the performance of our site. They help us to know which pages are the most and least popular and see how visitors move around the site. All information these cookies collect is aggregated and therefore anonymous. If you do not allow these cookies we will not know when you have visited our site, and will not be able to monitor its performance. These cookies may be set through our site by our advertising partners. They may be used by those companies to build a profile of your interests and show you relevant adverts on other sites. They do not store directly personal information, but are based on uniquely identifying your browser and internet device. If you do not allow these cookies, you will experience less targeted advertising.",https://stocktwits.com/news-articles/markets/equity/unh-stock-dow-50000-trump-tailwinds-another-leg-higher/cZXloYDReSz
UNH,UnitedHealth Group (UNH) Insider Trading Activity 2026 $UNH - MarketBeat,2026-05-15 07:00:00,"Want to know when executives and insiders are buying or selling UnitedHealth Group stock? Sign up for InsiderTrades.com's daily newsletter to get the latest insider transactions delivered to your inbox daily. The list of insiders at UnitedHealth Group includes Andrew Witty, Charles D Baker, Erin Mcsweeney, John F Rex, John H Noseworthy, Kristen Gil, Patrick Hugh Conway, Stephen J Hemsley, Thomas E Roos, and Timothy Patrick Flynn. Learn more on insiders at UNH. 0.28% of UnitedHealth Group stock is owned by insiders. Learn more on UNH's insider holdings. The following insiders have purchased UNH shares in the last 24 months: John F Rex ($4,999,986.00), John H Noseworthy ($93,648.00), Kristen Gil ($1,003,329.00), Stephen J Hemsley ($25,019,019.00), and Timothy Patrick Flynn ($1,003,356.40). Insiders have purchased a total of 110,408 UNH shares in the last 24 months for a total of $32,119,338.40 bought. The following insiders have sold UNH shares in the last 24 months: Charles D Baker ($9,613.35), Erin Mcsweeney ($868,545.00), Patrick Hugh Conway ($463,645.00), and Thomas E Roos ($1,624,727.88). Insiders have sold a total of 5,767 UnitedHealth Group shares in the last 24 months for a total of $2,966,531.23 sold. Maria Elvira Salazar (R-FL), Gilbert Ray Cisneros, Jr. (D-CA), Ro Khanna (D-CA), Richard McCormick (R-GA), Markwayne Mullin (R-OK), Josh Gottheimer (D-NJ), Michael T. McCaul (R-TX), Lisa C. McClain (R-MI), Marjorie Taylor Greene (R-GA), and Tim Moore (R-NC) have bought shares of UnitedHealth Group in the last year totaling $667,500. Ro Khanna (D-CA), Gilbert Ray Cisneros, Jr. (D-CA), Kevin Hern (R-OK), Julie Johnson (D-TX), Lisa C. McClain (R-MI), Michael T. McCaul (R-TX), Val T. Hoyle (D-OR), Richard McCormick (R-GA), Sheldon Whitehouse (D-RI), Tim Moore (R-NC), Markwayne Mullin (R-OK), Angus S. King Jr. (I-ME), Shelley Moore Capito (R-WV), and John Boozman (R-AR) have sold shares totaling $1,193,000. You have already added ten stocks to your watchlist. Upgrade to MarketBeat All Access to add more stocks to your watchlist. Please log in to your account or sign up in order to add this asset to your watchlist. Sign up for MarketBeat All Access to gain access to MarketBeat's full suite of research tools. 345 N Reid Place, Suite 620, Sioux Falls, SD 57103
                                        
                                        contact@marketbeat.com
                                        
                                        (844) 978-6257 © MarketBeat Media, LLC 2010-2026. All rights reserved. © 2026   Fair market value prices are updated every minute and are provided by Massive. Other market data provided is at least 10-minutes delayed and hosted by Barchart Solutions.  Information is provided 'as-is' and solely for informational purposes, not for trading purposes or advice, and is delayed. To see all exchange delays and terms of use please see Barchart's disclaimer.",https://www.marketbeat.com/stocks/NYSE/UNH/insider-trades/
UNH,UnitedHealth Group (UNH) Short Interest & Short Float | Updated May 2026 $UNH - MarketBeat,2026-05-15 07:00:00,"As of  April 30, 2026, UnitedHealth Group (UNH) had a short interest of 19.52 million shares sold short, representing 2.16% of the public float. This marks a 28.59% increase in short interest since the prior report. The short interest ratio (days to cover) is 1.9, meaning it would take 1.9 days of the average trading volume of 8.55 million shares to cover all short positions. Sign up to receive the latest short interest report for  UnitedHealth Group and its competitors with MarketBeat's FREE newsletter. Enter your email address below to receive the latest news and analysts' ratings for UnitedHealth Group and its competitors with MarketBeat's FREE daily newsletter. In the next 3 minutes…

James Altucher – legendary investor and venture capitalist…

And someone who’s known for playing his cards “close to the vest”…

Is going to give you the name and ticker symbol of a company he believes will skyrocket thanks to the coming Starlink IPO… In the next 3 minutes…

James Altucher – legendary investor and venture capitalist…

And someone who’s known for playing his cards “close to the vest”…

Is going to give you the name and ticker symbol of a company he believes will skyrocket thanks to the coming Starlink IPO… Short interest is the volume of UnitedHealth Group shares that have been sold short but have not yet been closed out or covered. As of April 30th, traders have sold 19,516,586 shares of UNH short. 2.16% of UnitedHealth Group's shares are currently sold short. Learn More on UnitedHealth Group's current short interest. The short interest ratio, also known as the ""days to cover ratio"", is calculated by dividing the number of shares of a stock sold short divided by its average trading volume. A short interest ratio ranging between 1 and 4 generally indicates strong positive sentiment about a stock and a lack of short sellers. A short interest ratio of 10 or greater indicates strong pessimism about a stock. UNH shares currently have a short interest ratio of 1.9. Learn More on UnitedHealth Group's short interest ratio. As of the most recent reporting period, the following institutional investors, funds, and major shareholders have reported short positions of UnitedHealth Group: Hsbc Holdings PLC, PEAK6 LLC, Capital Markets Trading UK LLP, CMT Capital Markets Trading GmbH, Guardian Capital LP, Symmetry Investments LP, Toronto Dominion Bank, Tudor Investment Corp ET AL, Millennium Management LLC, Man Group plc, Caption Management LLC, Citadel Advisors LLC, Balyasny Asset Management L.P., Alphadyne Asset Management LP, Jain Global LLC, Cantor Fitzgerald L. P., National Bank of Canada FI, Royal Bank of Canada, Squarepoint Ops LLC, Verition Fund Management LLC, Walleye Trading LLC, PEAK6 LLC, Maven Securities LTD, Dymon Asia Capital Singapore PTE. LTD., and Barclays PLC. These positions are disclosed in Form 13F filings with the Securities and Exchange Commission. Companies that have a short interest as a percentage of float below 10% indicates positive investor sentiment and few short sellers. Stocks with a short interest percentage above 10% is considered high, suggesting some investors are pessimistic about the stock. Companies with a short interest percentage of 20% or more indicates widespread negative sentiment. 2.16% of UnitedHealth Group's floating shares are currently sold short. UnitedHealth Group saw a increase in short interest in April. As of April 30th, there was short interest totaling 19,516,586 shares, an increase of 28.6% from the previous total of 15,177,651 shares. Changes in short volume can be used to identify positive and negative investor sentiment. Investors that short sell a stock are betting that its price will decline in the future. An increase in short sale volume suggests bearish (negative) sentiment among investors. A decrease on short sale volume suggests bullish (positive) sentiment. 2.16% of UnitedHealth Group's shares are currently sold short. Here is how the short interest of companies in the sector of ""medical""  compare to UnitedHealth Group: Alkermes plc (12.43%), Medpace Holdings, Inc. (6.83%), Cigna Group (2.41%), Centene Corporation (3.10%), CVS Health Corporation (1.41%), Elevance Health, Inc. (2.38%), HCA Healthcare, Inc. (1.98%), Humana Inc. (5.24%), Johnson & Johnson (0.93%), Molina Healthcare, Inc (6.93%), As of the most recent reporting period, the following stocks had the largest short interest positions: SPDR S&P 500 ETF Trust ($86.09 billion), Invesco QQQ ($39.89 billion), iShares Russell 2000 ETF ($26.13 billion), Western Digital Corporation ($12.66 billion), Salesforce Inc. ($12.29 billion), Sandisk Corporation ($11.87 billion), SPDR S&P Biotech ETF ($9.82 billion), Lumentum Holdings Inc. ($8.51 billion), iShares 20+ Year Treasury Bond ETF ($7.76 billion), and Bloom Energy Corporation ($7.40 billion). View all of the most shorted stocks. Short selling UNH is an investing strategy that aims to generate trading profit from UnitedHealth Group as its price is falling. UNH shares are trading down $5.44 today. To short a stock, an investor borrows shares, sells them and buys the shares back on the public market later to return it to the lender. Short sellers are betting that a stock will decline in price. If the stock does drop after selling, the short seller buys it back at a lower price and returns it to the lender. The difference between the sell price and the buy price is the trader's profit. A short squeeze for UnitedHealth Group occurs when it has a large amount of short interest and its stock increases in price. This forces short sellers to cover their short interest positions by buying actual shares of UNH, which in turn drives the price of the stock up even further. Short interest is typically published by a stock exchange once per month. However, NASDAQ publishes a report for U.S. stocks, including UNH, twice per month. The most recent reporting period available is April, 30 2026. Understanding short interest metrics can help you assess how traders are positioning around a stock like UNH: These metrics are often used by traders to gauge sentiment, volatility risk, and the potential for price movements based on short covering activity. You have already added ten stocks to your watchlist. Upgrade to MarketBeat All Access to add more stocks to your watchlist. Please log in to your account or sign up in order to add this asset to your watchlist. Sign up for MarketBeat All Access to gain access to MarketBeat's full suite of research tools. 345 N Reid Place, Suite 620, Sioux Falls, SD 57103
                                        
                                        contact@marketbeat.com
                                        
                                        (844) 978-6257 © MarketBeat Media, LLC 2010-2026. All rights reserved. © 2026   Fair market value prices are updated every minute and are provided by Massive. Other market data provided is at least 10-minutes delayed and hosted by Barchart Solutions.  Information is provided 'as-is' and solely for informational purposes, not for trading purposes or advice, and is delayed. To see all exchange delays and terms of use please see Barchart's disclaimer.",https://www.marketbeat.com/stocks/NYSE/UNH/short-interest/
UNH,UnitedHealth Group (UNH) Institutional Ownership 2026 $UNH - MarketBeat,2026-05-15 07:00:00,"Want to know when executives and insiders are buying or selling UnitedHealth Group stock? Sign up for InsiderTrades.com's daily newsletter to get the latest insider transactions delivered to your inbox daily. Enter your email address below to receive the latest news and analysts' ratings for UnitedHealth Group and its competitors with MarketBeat's FREE daily newsletter. For a moment…

Forget about Trump’s ties to Israel.

Forget about reports of Iran’s nuclear program.

Because my research has led me to believe we’re risking World War 3 with Iran for a completely different reason. For a moment…

Forget about Trump’s ties to Israel.

Forget about reports of Iran’s nuclear program.

Because my research has led me to believe we’re risking World War 3 with Iran for a completely different reason. During the previous two years, 4,318 institutional investors and hedge funds held shares of UnitedHealth Group. The most heavily invested institutionals were Vanguard Group Inc. ($30.24B), FMR LLC ($15.24B), State Street Corp ($14.93B), Capital World Investors ($7.46B), Geode Capital Management LLC ($7.18B), Price T Rowe Associates Inc. MD ($6.22B), and Capital International Investors ($6.16B).Learn more on UnitedHealth Group's institutional investors. 87.86% of UnitedHealth Group's stock is owned by institutional investors. Learn more on UNH's institutional investor holdings. Of the 3,715 institutional investors that purchased UnitedHealth Group's stock in the last 24 months, the following investors and hedge funds have bought the highest volume of shares: Norges Bank ($38.16M), GAMMA Investing LLC ($8.30M), Nuveen LLC ($7.34M), Capital Research Global Investors ($7.29M), Vanguard Group Inc. ($6.96M), Amundi ($6.10M), and International Assets Investment Management LLC ($5.71M). Institutional investors have bought a total of 132,426,435 shares in the last 24 months. This purchase volume represents approximately $43.29B in transactions. Of the 2,141 institutional investors that sold UnitedHealth Group's stock in the last 24 months, the following investors and hedge funds have sold the highest volume of shares: Wellington Management Group LLP ($8.52M), Capital Research Global Investors ($6.78M), Franklin Resources Inc. ($3.97M), UBS AM A Distinct Business Unit of UBS Asset Management Americas LLC ($2.88M), Canada Pension Plan Investment Board ($2.50M), Bessemer Group Inc. ($2.37M), and Cardano Risk Management B.V. ($2.27M). Institutional investors have sold a total of 94,871,837 shares in the last 24 months. This volume of shares sold represents approximately $30.93B in transactions. You have already added ten stocks to your watchlist. Upgrade to MarketBeat All Access to add more stocks to your watchlist. Please log in to your account or sign up in order to add this asset to your watchlist. Sign up for MarketBeat All Access to gain access to MarketBeat's full suite of research tools. 345 N Reid Place, Suite 620, Sioux Falls, SD 57103
                                        
                                        contact@marketbeat.com
                                        
                                        (844) 978-6257 © MarketBeat Media, LLC 2010-2026. All rights reserved. © 2026   Fair market value prices are updated every minute and are provided by Massive. Other market data provided is at least 10-minutes delayed and hosted by Barchart Solutions.  Information is provided 'as-is' and solely for informational purposes, not for trading purposes or advice, and is delayed. To see all exchange delays and terms of use please see Barchart's disclaimer.",https://www.marketbeat.com/stocks/NYSE/UNH/institutional-ownership/
UNH,"CSCO, NVDA, AMZN, CAT, AAPL, UNH: The 6 Stocks Behind Dow's 50,000 Return - Stocktwits",2026-05-15 01:57:29,"The Dow Jones Industrial Average regained its 50,000 level on Thursday for the first time since February, with artificial intelligence-related technology stocks driving the rally.  The benchmark index added more than 370 points, closing at 50,063.46. Five AI stocks, namely Cisco Systems, Inc. (CSCO), Nvidia Corp. (NVDA), Amazon.com (AMZN), Caterpillar Inc. (CAT), and Apple Inc. (AAPL) have been the dominant drivers of the 30-stock index since it breached the 50,000 mark for the first time in history on Feb. 6. Cisco shares have surged nearly 37% since Feb. 6, making it a key driver of the price-weighted index. The company surged more than 13% on Thursday alone, clocking a record high of $119.36 in intraday trading after its third-quarter results blew past Wall Street expectations. “Networking is a critical enabler of, and bottleneck to, AI model performance. This leads to high spending on AI network infrastructure that supports growth for Cisco and its peers. We expect this trend to continue powerfully over the next five years,” a recent Morningstar Report said. Meanwhile, Nvidia also notched a fresh 52-week high of $236.54 on Thursday on media reports about Washington’s greenlight for the sales of its H200 chips to 10 Chinese firms, including Alibaba, Tencent, and ByteDance. The chipmaker has been in the green for nine weeks since Feb. 6 and has risen almost 25% since the start of the year. Amazon has also had a solid run this year, gaining nearly 18% so far in 2026, and surging more than 27% since Feb. 6. The company has been making moves to bolster its AI offerings since announcing a $200 billion capital expenditure allocation for 2026. Earlier this week, Amazon introduced ""Alexa for Shopping,"" calling it ""the world's best, most personalized AI assistant for shopping,"" in the U.S. Caterpillar and Apple have also contributed significantly to the Dow’s uptick. The Texas-based construction company has experienced significant demand for its power generation products, primarily due to the AI boom. Meanwhile, Apple’s strong quarterly results have reinforced optimism for demand around its AI-focused products. Apart from the AI-heavy names mentioned above, healthcare and insurance company UnitedHealth Group Inc. (UNH) has also aided the Dow’s rally, gaining more than 45% since the index’s February record. Earlier this week, BofA analyst Kevin Fischbeck raised the price target on the company to $420 from $380 and kept a ‘Neutral’ rating on the shares, indicating a further upside potential of 5% from its last close, noting that the tone of a discussion with the leadership team at the BofA Healthcare Conference was ""bullish."" Aside from these six stocks, other companies in the index have largely declined, with Nike Inc. (NKE), International Business Machines Corp. (IBM), and Home Depot, Inc. (HD) clocking the steepest falls. Meanwhile, the SPDR Dow Jones Industrial Average ETF (DIA), which tracks the Dow Jones Industrial Average index, has gained 3.55% so far this year. Retail sentiment around DIA was in the ‘bullish’ territory at the time of writing amid ‘high’ message volumes. For updates and corrections, email newsroom[at]stocktwits[dot]com. Figma topped first-quarter expectations on Thursday and raised its full-year forecast, pushing back against concerns from critics and investors who believed emerging AI design tools from Anthropic and others were weighing on its business. “Quick update: not dead,” Figma CEO Dylan Field said on an X post, outlining the company's Q1 performance. “Design matters more than ever,” he added. Shares of the company were surging over 12% overnight heading into Friday. The performance earned him a hat-tip from fellow CEOs. “Every founder is cheering for @zoink,” Opendoor CEO Kaz Nejatian said on X. Coinbase CEO Brian Armstrong simply replied “‘not dead’ lol” to Field’s post. Figma shares have been under pressure since the company’s initial public offering last July, and more so recently. The stock had dropped 8% in a single day last month, just after the launch of Anthropic’s Calude Design, and faced a similar selloff in March after Google introduced a revamped Stitch tool. To be sure, Figma's rival, Adobe, also faced selling pressure, and its stock is down 32% year to date. FIG shares are down 46% YTD and about 40% from their IPO price. On Stocktwits, retail sentiment for FIG shifted to ‘extremely bullish’ from ‘bullish,’ with 24-hour message volume rising by over 600%. “$FIG The bear case for Figma was that AI would compress seats, automate design work, and erode its collaborative moat, but we are seeing the opposite -- AI is expanding Figma’s seat footprint, not shrinking it,” a trader said. The results show that AI disruption isn’t as pronounced as previously featured, and might even be a tailwind. Figma said it was able to use AI to its advantage, bringing more customers on board and getting them to spend more. “As AI gets better, Figma is accelerating and customer usage and workflows on our platform are deepening. Our platform and AI products drove faster growth for both new customer acquisition and expansion within existing accounts,” CFO Praveer Melwani said in the earnings statement. Figma’s first-quarter revenue grew 46% to $333.4 million, beating estimates of $316 million. Adjusted net income rose to $0.10 per share, up from $0.03 a year earlier, also surpassing expectations of $0.06. Paid customers grew 54% to about 690,000. Customers paying Figma more than $10,000 annually increased 37%, and those paying it more than $100,000 increased 48%. Figma raised its full-year 2026 revenue expectations to $1.42 billion and $1.43 billion, compared with its prior forecast of $1.36 billion to $1.37 billion, beating analyst expectations of $1.37 billion for the year. For updates and corrections, email newsroom[at]stocktwits[dot]com. Read Next: AMAT Stock Falls Even After Upbeat Q2, Outlook — Retail Opts To Buy The Dip Shares of AST SpaceMobile (ASTS) and Rocket Lab (RKLB) are in the spotlight early Friday after fresh filings from U.S. President Donald Trump showed purchases in both space firms, alongside several major chip and communications stocks. ASTS stock jumped 11% on Thursday, and RKLB shares advanced 8%. The new filings released on Thursday showed that Trump bought between $1,001 and $15,000 worth of ASTS shares on March 17, while disclosures showed a larger $15,001 to $50,000 purchase in RKLB stock on Jan.21. The filings also revealed positions in Alphabet, Intel, Qualcomm, Texas Instruments and Corning. Investors viewed the basket as a broader bet on satellite broadband, launch infrastructure, AI defense systems, communications networks and semiconductor demand, particularly as Trump continues pushing his proposed Golden Dome missile-defense initiative. The system is expected to require large-scale satellite deployment, orbital tracking infrastructure, interceptor systems, secure communications networks and defense electronics, fueling investor interest across space and defense equities. The renewed attention comes after AST SpaceMobile’s latest earnings report intensified concerns around satellite deployment timelines. The company reported a quarterly loss wider than Wall Street estimates, while revenue also missed expectations. Although the company maintained its full-year revenue outlook, investors focused heavily on manufacturing and launch execution risks. Satellite communications consultant Tim Farrar said after the earnings call that AST SpaceMobile’s assumptions may not support its target of placing 45 satellites in orbit by year-end. He argued that the company would likely require multiple rapid launches from both Blue Origin and SpaceX to hit the goal. Concerns intensified after BlueBird-7 failed to reach its intended orbit during Blue Origin’s New Glenn Mission-3 launch following an upper-stage anomaly. AST SpaceMobile later said the satellite is expected to de-orbit and that insurance should cover the loss. However, investor sentiment improved after AST SpaceMobile disclosed that three BlueBird satellites are scheduled for a mid-June Falcon 9 launch. The company also said 32 satellites are already in advanced stages of assembly and reiterated its plans to launch every one to two months on average. The company also highlighted government and defense opportunities, including potential exposure to Golden Dome-related programs and Space Development Agency contracts. President Scott Wisniewski said AST SpaceMobile sees a potential revenue opportunity nearing $1 billion in 2027, driven largely by contracted and recurring revenue streams. RKLB, meanwhile, has become one of Wall Street’s biggest Golden Dome trades. On Thursday, Rocket Lab revealed that the U.S. Space Force Chief of Space Operations General Chance Saltzman recently visited the company. The fresh focus also followed a Congressional Budget Office estimate projecting that Trump’s Golden Dome initiative could ultimately cost as much as $1.2 trillion over the next two decades, with a major portion expected to go toward space-based interceptor systems and satellite networks. During its latest earnings call, CEO Peter Beck said Rocket Lab was already supporting missile-warning systems, missile-tracking programs, hypersonic testing and Space-Based Interceptor initiatives connected to Golden Dome. Rocket Lab also disclosed that the company, alongside RTX Corporation, was selected for interceptor development work, while its Haste hypersonic launch platform secured a $190 million Department of Defense contract. Investor optimism got a further boost after Rocket Lab said that its 1,000th Rutherford engine had rolled off the production line, reinforcing confidence in Electron launch scalability. On the other hand, demand for Neutron remains strong. Neutron is the company’s larger reusable rocket targeting constellation deployment and national-security missions. On Stocktwits, retail sentiment around RKLB was ‘extremely bullish’ with ‘extremely high’ message volume, while ASTS drew ‘bullish’ sentiment alongside ‘high’ message activity. While ASTS stock has jumped 216% over the past year, RKLB stock has rocketed 449% over the same period. For updates and corrections, email newsroom[at]stocktwits[dot]com. Read Next: RKLB Stock Heads For Best Month Of 2026: Retail Bulls Energized By Hints Of 'Central Role' In America's Space Defense Push Ondas (ONDS) has drawn intense attention as the stock eyes its best week in four months, fueled by a blowout fiscal first-quarter (Q1) earnings report that seeks to reframe the AI-powered autonomous drone systems developer’s growth prospects. During the Q1 earnings call, Ondas Chairman and CEO Eric Brock said the company’s strategy now spans air, ground, and stratospheric technologies tied to defense, security, and infrastructure markets. “Our plan is working. Over the past year, we laid out a clear core plus strategic growth strategy to build Ondas into a scaled global operating platform for unmanned and autonomous systems serving defense, security, industrial, and critical infrastructure markets,” said Brock. Brock said Ondas is growing by acquiring companies, developing new products, and expanding into global markets. He explained the company’s strategy as a “systems of systems” approach, in which it develops technology in-house and acquires other businesses to strengthen its defense and industrial capabilities. Wednesday was Ondas’ best day in 2026, with the stock rallying over 26%. At the time of writing, the stock pared gains and traded over 1% lower overnight. Brock explained that revenue growth in Q1 was fueled by strong demand for counter-unmanned aircraft systems and defense-related technologies, including contributions from Sentrycs Cyber-over-RF platforms and Iron Drone interceptor systems. The company experienced explosive growth in Q1, with revenue of $50.1 million, marking a more than tenfold increase from last year. The company also reached a key operational milestone as its product divisions achieved adjusted EBITDA profitability during Q1, approximately six months ahead of internal targets. Ondas also increased its full-year 2026 revenue forecast to at least $390 million, reflecting a 670% year-on-year increase. As of the end of Q1, the company held approximately $1.48 billion in cash and cash equivalents, providing flexibility to fund growth, pursue additional acquisitions, and advance its Core + Strategic Growth Program. On Stocktwits, retail sentiment around the stock turned to ‘extremely bullish’ from ‘bullish’ territory the previous day, with a 331% surge in message volume in 24 hours. A user said, “I hope the earnings momentum does not go waste. Let’s take a run at the 52 week high. It’s one thing to get orders, it’s another thing to execute them and show in results.” Another user quipped, “Remember.. last big run… it went from 8-15 in 10 trading days.. this move could be bigger with the short interest.” Also See: HD, LULU, TME Stocks Hit 52-Week Lows Today: What's Dragging Them? For updates and corrections, email newsroom[at]stocktwits[dot]com. Applied Materials reported quarterly results on Thursday that surpassed analysts’ expectations and issued an upbeat forecast, but the stock could not hold onto its initial gains. Retail traders on Stocktwits overwhelmingly chose to buy the dip. Following the company’s fiscal second-quarter earnings, AMAT initially climbed 6% in the after-market session before giving up the gains. The stock was down 2% in the overnight session, as of 11:30 pm ET. Such moves have been common this earnings season. Nvidia and Micron shares also dipped immediately after their blockbuster reports, only to rebound in the following days. Both stocks had rallied sharply heading into earnings, suggesting some profit-taking after the results. AMAT is in the same bucket. The stock has climbed consistently over the past year, rising 165% in 12 months, and hit a fresh high of $440.56 earlier on Thursday. On Stocktwits, the retail sentiment for AMAT inched higher to the highest possible level, ‘extremely bullish’ (100/100), with 24-hour message volume for the ticker rising about 1,250%. “$AMAT bears can pretend this wasn’t a blowout on all front. They are hitting on all cylinders and benefitting across the entire AL infrastructure platform. Shorts trying to keep a lid on it but to no avail. Heading north towards $500!!” said a trader. Another wrote: “$AMAT perfect time to buy the dip before big pump. Jefferies raised its price target on AMAT to $510 from $415, keeping its ‘Buy’ rating, and said the key takeaway for the quarter was increased confidence in the durability of growth extending into 2027 beyond. Chip-makers are now offering rolling eight-quarter forecasts with visibility extending into 2028, and Applied Materials remains especially well-positioned given its relative exposure to Leading Edge Foundry Logic and DRAM, the research firm said in an investor note. The boom in AI development and data center capacity expansion is powering higher earnings for companies like Applied Materials that make the equipment to produce these specialized chips. “The growth in AI that Applied has been investing for is now in full force,” CFO Brice Hill said in a company statement. Applied Materials’ revenue rose 11% to $7.9 billion, beating expectations of $7.68 billion. Net profit increase 31% to $2.8 billion. Adjusted earnings increased to $2.86 per share, up from $2.39 a year earlier. Analysts polled by FactSet expected $2.68. For fiscal Q3, the company expects adjusted EPS of $3.16 to $3.56 on revenue of $8.45 billion to $9.45 billion. Analysts expect $2.89 and $8.14 billion, respectively. “Applied Materials delivered record quarterly performance, and we now expect our semiconductor equipment business to grow more than 30% in calendar 2026,” CEO Gary Dickerson said. For updates and corrections, email newsroom[at]stocktwits[dot]com. Read Next: CBRS Stock Surges 68% On Nasdaq Debut: Cathie Wood's ARK Buys Shares While Trimming TSMC, AMD Shares of Rocket Lab USA, Inc. (RKLB) are on track for their best month of 2026 as investors bet on the space company after Rocket Lab hinted at a key role in America’s rapidly growing defense market. RKLB stock has surged 60% so far this month, with shares also tracking their second straight week of gains. Late Thursday, Rocket Lab said that U.S. Space Force Chief of Space Operations General Chance Saltzman recently visited the company. “It was an honor to host the Chief of Space Operations General Chance Saltzman at Rocket Lab recently,” the company said on X. “From responsive launch to advanced spacecraft, we’re proud to play a central role in securing the ultimate high ground for the U.S. Space Force.” The renewed attention on Rocket Lab comes just days after the Congressional Budget Office estimated that U.S. President Donald Trump’s proposed Golden Dome missile-defense system could cost $1.2 trillion to develop, deploy and operate over the next 20 years, sharply above the Pentagon’s earlier $185 billion estimate. Golden Dome aims to expand U.S. missile defenses through AI tracking systems, advanced interceptors, command-and-control infrastructure and large networks of space-based defense assets capable of detecting and potentially intercepting threats directly from orbit. According to the CBO, acquisition costs alone could exceed $1 trillion, with nearly 70% coming from the system’s space-based interceptor layer, including a constellation of 7,800 satellites. The Pentagon has already awarded contracts worth up to $3.2 billion for early development of the Space-Based Interceptor. The report also intensified investor interest in smaller space companies with exposure to launch infrastructure, hypersonic testing systems, satellite manufacturing, and national security payloads. During Rocket Lab’s recent earnings call, CEO Peter Beck said that the space firm was already supporting missile warning, missile tracking, hypersonic testing and Space-Based Interceptor programs for Golden Dome. The company also revealed that Rocket Lab and Raytheon had been selected to support development work for the Space-Based Interceptor initiative, one of the central pillars of the broader Golden Dome system. Rocket Lab also highlighted its Haste platform, a hypersonic test launch vehicle used by defense customers, as an important asset due to military demand for missile-defense testing. Beck said Haste had helped position Rocket Lab “in the center of America’s defense architecture for the next big wave of spending.” Rocket Lab recently secured a $190 million multi-launch Haste contract for the Department of Defense’s MACH-TB program and also announced a partnership with defense tech company Anduril for dedicated Haste launches supporting national security missions. The company also said that the long-term scale of Golden Dome could become a major driver of future Haste demand as the U.S. ramps up missile-defense simulations and hypersonic threat testing. Rocket Lab also added to investor optimism late Thursday after announcing on X that its 1,000th Rutherford engine had rolled off the production line. The Rutherford engine, known as the world’s first 3D-printed, battery-powered orbital rocket engine, powers the company’s Electron launch vehicle. Rocket Lab said the engine has now become one of the most manufactured rocket engines on Earth. The company previously showed successful recovery and testing of flown Rutherford engines. Investor focus has also increasingly shifted toward Neutron, Rocket Lab’s larger reusable rocket for constellation deployment and national security missions. During the latest earnings call, the company said that Neutron demand remained strong. On Stocktwits, retail sentiment for RKLB slipped to ‘bullish’ from ‘extremely bullish’ levels a day ago amid an 8% decline in 24-hour message volumes. One user said, “$RKLB this company is second to SpaceX. Anyone selling here will miss this big opportunity.” Another user said, “Even at one tenth of SpaceX's market cap, this stock should be at 360.” For updates and corrections, email newsroom[at]stocktwits[dot]com. Read Next: DXYZ, NASA, XOVR Rise Overnight: Investors Rush For SpaceX Exposure Ahead Of Next Week’s IPO Filing These cookies are necessary for the website to function and cannot be switched off in our systems. They are usually only set in response to actions made by you which amount to a request for services, such as setting your privacy preferences, logging in or filling in forms. You can set your browser to block or alert you about these cookies, but some parts of the site will not then work. These cookies do not store any personally identifiable information. Under the California Consumer Privacy Act, you have the right to opt-out of the sale of your personal information to third parties. These cookies collect information for analytics and to personalize your experience with targeted ads. You may exercise your right to opt out of the sale of personal information by using this toggle switch. If you opt out we will not be able to offer you personalised ads and will not hand over your personal information to any third parties. Additionally, you may contact our legal department for further clarification about your rights as a California consumer by using this Exercise My Rights link.If you have enabled privacy controls on your browser (such as a plugin), we have to take that as a valid request to opt-out. Therefore we would not be able to track your activity through the web. This may affect our ability to personalize ads according to your preferences. These cookies allow us to count visits and traffic sources so we can measure and improve the performance of our site. They help us to know which pages are the most and least popular and see how visitors move around the site. All information these cookies collect is aggregated and therefore anonymous. If you do not allow these cookies we will not know when you have visited our site, and will not be able to monitor its performance. These cookies may be set through our site by our advertising partners. They may be used by those companies to build a profile of your interests and show you relevant adverts on other sites. They do not store directly personal information, but are based on uniquely identifying your browser and internet device. If you do not allow these cookies, you will experience less targeted advertising.",https://stocktwits.com/news-articles/markets/equity/csco-nvda-amzn-cat-aapl-unh-the-stocks-behind-dows-50000-return/cZXlNUkReSv
