ticker,title,date,content,url
V,«The coach made me»: why Paredes misses Boca v Deportivo Riestra - OneFootball,2026-07-24 23:46:30,"Il semble que nous ne parvenions pas trouver ce que vous cherchez. Vous pouvez également consulter la page d'accueil pour profiter des dernières actualités et résumés vidéos des matchs OneFootball is proud to partner with Yahoo! Sports to deliver quality football content to fans in USA and Canada. These cookies are necessary for the website to function and cannot be switched off in our systems. They are usually only set in response to actions made by you which amount to a request for services, such as setting your privacy preferences, logging in or filling in forms. You can set your browser to block or alert you about these cookies, but some parts of the site will not then work. These cookies do not store any personally identifiable information. Third party trackers collect information to use for analytics and to personalize your experience with targeted ads. Under the Colorado CPA, the Virginia CDPA, the Texas DPSA, the Oregon CPA, the Montana CDPA, and the Florida DBR, you have the right to opt-out of the sale of your personal data to third parties, of targeted advertising related processing, and of some types of profiling. You may exercise your rights by using the toggles below. If you opt out, the ads and content that you see may not be as relevant to you. Under the Colorado CPA, you have the right to opt back in to these categories at any time should you initially choose to opt out, and you may do so using the same toggles provided below. For more details on the data we process and how to exercise your rights, and to view information related to required opt-in disclosures, see our Privacy Policy These cookies may be set through our site by our advertising partners. They may be used by those companies to build a profile of your interests and show you relevant adverts on other sites. They do not store directly personal information, but are based on uniquely identifying your browser and internet device. If you do not allow these cookies, you will experience less targeted advertising. These cookies allow us to count visits and traffic sources so we can measure and improve the performance of our site. They help us to know which pages are the most and least popular and see how visitors move around the site. All information these cookies collect is aggregated and therefore anonymous. If you do not allow these cookies we will not know when you have visited our site, and will not be able to monitor its performance.",https://onefootball.com/fr/news/the-coach-made-me-why-paredes-misses-boca-v-deportivo-riestra-43182752
V,Vasco da Gama v Mirassol: survival scrap meets perfect H2H run - OneFootball,2026-07-24 23:42:13,"Get the full live experience with the OneFootball app. Vasco da Gama host Mirassol in the Brasileirão on 25 July 2026 at São Januário, with both clubs in the relegation zone and chasing a much-needed lift in the survival fight. Mirassol have won all three league meetings since 2025, including a 2-0 victory in Rio and a 2-1 home win in January, so the visitors arrive with a flawless head to head record. Vasco have one win in their last five across competitions, while Mirassol have three wins in five, including league victories over Fluminense and Grêmio. Injuries shape both benches: midfielder Mateus Carvalho is out for the hosts, while forward Negueba is sidelined for the visitors. Cruz-Maltino may lean on width. They have attempted 367 open play crosses at 26.16% accuracy and scored seven headed goals this season. Full back José Luis Rodríguez and Cuiabano each have four league assists, while Mirassol's Alesson also sits on four. With only one clean sheet apiece and goal records of 22 for, 30 against (hosts) and 20 for, 25 against (visitors), defensive concentration could decide the game. Vasco sit 17th on 20 points. A win would move them to 23 and could lift them out of the relegation places. Mirassol are 18th on 19 points. Three points would take them to 22 and could also haul them out of the bottom four. Welcome to the comments! Please keep conversations courteous and on-topic. For more information, see our community guidelines. Corinthians stage full training game ahead of Brasileirão return Vasco lead Brasileirão for goals conceded from individual errors Palmeiras lead Brasileirão after round 19 as Corinthians finish with 3-0 win What the 2026 World Cup final teaches about betting on football Vasco open talks to sign Racing midfielder Santiago Sosa Predicting which clubs the summer's biggest free agents will sign for There are still some massive names who are set to become free agents in the summer, with some high-profile deals due to expire at the end of next month.As speculation... Tottenham: Why James Maddison was not awarded a penalty against Leeds as Premier League issue statement Spurs midfielder denied a big moment on his return from injuryThe Premier League has explained why Tottenham were not awarded a penalty in their draw against Leeds.As the clock ticked... Bento's howler delays CR7's first title in Saudi Arabia 😱 An ugly mistake by Brazilian goalkeeper Bento prevented Al-Nassr from winning the Saudi League title this Tuesday.Cristiano Ronaldo’s team was leading 1-0 until the 53rd minute of the second half,... OneFootball is proud to partner with Yahoo! Sports to deliver quality football content to fans in USA and Canada. These cookies are necessary for the website to function and cannot be switched off in our systems. They are usually only set in response to actions made by you which amount to a request for services, such as setting your privacy preferences, logging in or filling in forms. You can set your browser to block or alert you about these cookies, but some parts of the site will not then work. These cookies do not store any personally identifiable information. Third party trackers collect information to use for analytics and to personalize your experience with targeted ads. Under the Colorado CPA, the Virginia CDPA, the Texas DPSA, the Oregon CPA, the Montana CDPA, and the Florida DBR, you have the right to opt-out of the sale of your personal data to third parties, of targeted advertising related processing, and of some types of profiling. You may exercise your rights by using the toggles below. If you opt out, the ads and content that you see may not be as relevant to you. Under the Colorado CPA, you have the right to opt back in to these categories at any time should you initially choose to opt out, and you may do so using the same toggles provided below. For more details on the data we process and how to exercise your rights, and to view information related to required opt-in disclosures, see our Privacy Policy These cookies may be set through our site by our advertising partners. They may be used by those companies to build a profile of your interests and show you relevant adverts on other sites. They do not store directly personal information, but are based on uniquely identifying your browser and internet device. If you do not allow these cookies, you will experience less targeted advertising. These cookies allow us to count visits and traffic sources so we can measure and improve the performance of our site. They help us to know which pages are the most and least popular and see how visitors move around the site. All information these cookies collect is aggregated and therefore anonymous. If you do not allow these cookies we will not know when you have visited our site, and will not be able to monitor its performance.",https://onefootball.com/en/news/vasco-da-gama-v-mirassol-survival-scrap-meets-perfect-h2h-run-43182792
V,“The manager made me”: why Leandro Paredes misses Boca v Riestra - OneFootball,2026-07-24 23:14:23,"Get the full live experience with the OneFootball app. The accumulated physical wear and tear of recent weeks forced Boca’s coaching staff to take precautions ahead of the start of the local competition. Paredes will not play for Boca against Riestra: “The coach forced me to take two days off”. The Xeneize captain will not be available for the Torneo Clausura opener against the Malevo at the request of Rodolfo Arruabarrena, who agreed to let him play against O’Higgins but asked him to take a breather, after the intense run of matches he faced with both the national team and the club. The holding midfielder’s commitment was recognized by the fans during the continental match played at La Bombonera. In Boca’s 1-0 win over O’Higgins in the Copa Sudamericana playoffs, Leandro Paredes showed exemplary commitment that Boca fans rewarded with a deafening ovation: four days after playing in the World Cup final with the Argentina national team, he pulled on the blue and gold and played all 90 minutes against the Chilean side. The workload the midfielder went through in recent days was extremely demanding. On Sunday, under the intense New York sun, he played 75 minutes in the World Cup final between Argentina and Spain. Physically exhausted after playing the last few matches with a cracked rib and with the disappointment of having lost — which included an outburst involving Eric García and Gavi — the next day he began the trip back to the country alongside 15 teammates, as well as club officials and members of the coaching staff. As soon as he set foot on Argentine soil, the footballer immediately rejoined the squad’s routine. On Tuesday morning he returned to training at Boca Predio and made himself available to Arruabarrena to start two days later against O’Higgins. El Vasco accepted his request, and the captain not only made the squad but started and played the full 90 minutes. The midfielder acknowledged the impact of the trip, the run of matches, and the coach’s order to stop. At the end of the match at the Alberto J. Armando stadium, the midfielder himself spoke about the effort in the mixed zone. “I’m tired. I thought I’d be feeling better, but clearly the trip, the 50 days, and all the matches I had on me take their toll. I wanted to be here, I wanted to be part of the team because the sense of belonging is huge and I always want to be here. In that sense, I’m happy because we played and we won,” Paredes said. He also explained the measure taken by the coaching staff to protect his physical condition: “I’ve lived it this way throughout my whole career, imagine what I’m willing to do for Boca. I try to give back the affection the fans show me with this kind of thing, by always being available, although now the coach forced me to take two days off because you really do feel everything the World Cup, the trip, and today’s match put you through”. Boca will open the Torneo Clausura with the confirmed absence of its captain and possible squad rotation. As a result of this technical decision, the midfielder will not take part in the next tactical sessions. The captain will follow El Vasco’s order, will not be part of Friday’s or Saturday’s training sessions and, as a result, will be left out of the squad for Sunday’s league opener against Deportivo Riestra at 7:15 p.m. at Guillermo Laza. With the schedule in mind, and considering how close the local league match is as well as the trip to Chile the squad will have to make next week for the second leg of the Copa Sudamericana, it is very likely that the coach will use mostly backups this weekend This article was translated into English by Artificial Intelligence. You can read the original version in 🇪🇸 here. Welcome to the comments! Please keep conversations courteous and on-topic. For more information, see our community guidelines. Leandro Paredes returns to Boca after playing the final with a fracture Arruabarrena on beating O'Higgins, signings and Paredes' return Arruabarrena's fury at Boca during a press conference Boca’s player ratings from the first-leg win over O’Higgins Predicting which clubs the summer's biggest free agents will sign for There are still some massive names who are set to become free agents in the summer, with some high-profile deals due to expire at the end of next month.As speculation... Tottenham: Why James Maddison was not awarded a penalty against Leeds as Premier League issue statement Spurs midfielder denied a big moment on his return from injuryThe Premier League has explained why Tottenham were not awarded a penalty in their draw against Leeds.As the clock ticked... Bento's howler delays CR7's first title in Saudi Arabia 😱 An ugly mistake by Brazilian goalkeeper Bento prevented Al-Nassr from winning the Saudi League title this Tuesday.Cristiano Ronaldo’s team was leading 1-0 until the 53rd minute of the second half,... OneFootball is proud to partner with Yahoo! Sports to deliver quality football content to fans in USA and Canada. These cookies are necessary for the website to function and cannot be switched off in our systems. They are usually only set in response to actions made by you which amount to a request for services, such as setting your privacy preferences, logging in or filling in forms. You can set your browser to block or alert you about these cookies, but some parts of the site will not then work. These cookies do not store any personally identifiable information. Third party trackers collect information to use for analytics and to personalize your experience with targeted ads. Under the Colorado CPA, the Virginia CDPA, the Texas DPSA, the Oregon CPA, the Montana CDPA, and the Florida DBR, you have the right to opt-out of the sale of your personal data to third parties, of targeted advertising related processing, and of some types of profiling. You may exercise your rights by using the toggles below. If you opt out, the ads and content that you see may not be as relevant to you. Under the Colorado CPA, you have the right to opt back in to these categories at any time should you initially choose to opt out, and you may do so using the same toggles provided below. For more details on the data we process and how to exercise your rights, and to view information related to required opt-in disclosures, see our Privacy Policy These cookies may be set through our site by our advertising partners. They may be used by those companies to build a profile of your interests and show you relevant adverts on other sites. They do not store directly personal information, but are based on uniquely identifying your browser and internet device. If you do not allow these cookies, you will experience less targeted advertising. These cookies allow us to count visits and traffic sources so we can measure and improve the performance of our site. They help us to know which pages are the most and least popular and see how visitors move around the site. All information these cookies collect is aggregated and therefore anonymous. If you do not allow these cookies we will not know when you have visited our site, and will not be able to monitor its performance.",https://onefootball.com/en/news/the-manager-made-me-why-leandro-paredes-misses-boca-v-riestra-43182752
V,BackupChain Expands Hyper-V Backup for Windows Server 2025 as a Veeam Alternative - EIN Presswire,2026-07-24 23:09:00,"There were 1,399 press releases posted in the last 24 hours and 480,902 in the last 365 days. BackupChain adds faster compression, Hyper-V change tracking, single-pass restores, and Deep Verification for Hyper-V backups on Windows Server and Windows 11. BALTIMORE, MD, UNITED STATES, July 24, 2026 /EINPresswire.com/ -- BackupChain today announced a major update to its backup and disaster recovery platform, bringing faster compression, improved Hyper-V protection, quicker restores, and deeper backup validation to Windows Server users and SMBs. Storage is getting harder to manage. Drives cost more, data keeps growing, and businesses need to keep more backups for longer periods. BackupChain addresses these challenges with a redesigned deduplication engine that reduces storage usage while improving backup speed. The result: fewer storage headaches and lower infrastructure costs. The new release adds advanced Hyper-V change tracking to speed up incremental backups and reduce unnecessary data movement. BackupChain tracks what actually changed inside virtual machines, allowing administrators to run efficient backups without wasting time processing unchanged data. The new Hyper-V RCT Hyper-V Backup is not only available on Windows Server 2016 and later, but also to Hyper-V hosts running on Windows 10 and Windows 11. Hyper-V RCT Recovery has also become simpler with single-pass restores. When a system needs to come back online, administrators can restore data more directly instead of navigating complicated recovery workflows. Faster recovery means less downtime and fewer disruptions. Another major addition is Deep Verification for VM backups. BackupChain Hyper-V Backup now verifies the complete backup chain while operations continue, checking that virtual machine backups remain consistent and recoverable. This gives IT teams greater confidence that their backups will work when they need them most, without requiring a restoration of the virtual machine. “Backup teams do not need more complexity. They need tools that work,” said Melissa Weekley, President at FastNeuron. “We built these improvements around real-world problems: rising storage costs and growing virtual environments.” BackupChain provides businesses with a practical alternative to larger enterprise backup platforms such as Veeam. While many enterprise solutions focus on broad feature sets and complex deployments, BackupChain's Veeam alternative focuses on delivering powerful backup technology for organizations running Microsoft Windows and Hyper-V environments. The platform combines compression, virtualization support, verification technology, and flexible backup options in a solution designed for SMBs, IT professionals, and organizations that want enterprise-level protection without unnecessary overhead. With this release, BackupChain continues its mission: making reliable backup and recovery faster, more affordable, and easier to manage.The latest BackupChain version is available now. Melissa Weekley
FastNeuron Inc
email us here
Visit us on social media:
YouTube EIN Presswire provides this news content ""as is"" without warranty of any kind. We do not accept any responsibility or liability
  for the accuracy, content, images, videos, licenses, completeness, legality, or reliability of the information contained in this
  article. If you have any complaints or copyright issues related to this article, kindly contact the author above. EIN Presswire's priority is author transparency. We do our best to weed out false and misleading content. The content above is
the sole responsibility of the author who makes it available. If you have any complaints, kindly contact the author above. © 1995-2026
        Newsmatics Inc. dba EIN Presswire. All rights reserved. By continuing to use this site, you agree to our Terms & Conditions, last updated on September 30, 2025.",https://www.einpresswire.com/article/929154017/backupchain-expands-hyper-v-backup-for-windows-server-2025-as-a-veeam-alternative
V,Section V flag football stars rack up all-state honors - Democrat and Chronicle,2026-07-24 22:50:00,"As high school flag football continues to grow in popularity, so does the number of Section V players earning recognition among the state's best. The New York State Sportswriters Association put together the first set of all-state flag football teams in 2025. This year's selections include seven players at Section V schools named first team all-state, one more than last season. Webster Schroeder quarterback Emma Rascoe has completed her high school playing days as a two-time member of the Class B all-state first team offense. Rascoe, the 2026 Democrat and Chronicle All-Greater Rochester Player of the Year, finished with 63 touchdown passes and 78 total touchdowns during her senior season as Webster Schroeder went 14-2. She finished with 4,729 all-purpose yards, including 3,776 passing yards, while helping the Warriors win the Section V Class B championship. The Warriors were state champions in 2025. Bishop Kearney standout Nela Lopusanova, a three-time AGR first team member, and East Rochester defensive star Payton Kinney earned Class C first-team all-state honors for the second consecutive year. There are 29 players in Section V who were named all-state at some level in Class A, B or C: Embedded content: https://www.democratandchronicle.com/story/sports/high-school/2025/07/23/webster-schroeder-flag-football-was-nationally-ranked-won-nys-title/85271084007/ James Johnson, who grew up in the city of Rochester, has worked as a full-time journalist covering high school sports for the Democrat and Chronicle since 1996. His career began as an intern during the summer of 1990, before the start of his senior year at Edison in the Rochester City School District. He has become a two-time winner of the Rochester Press-Radio Club's Sports Media Excellence Award. Follow him @jjDandC on X (Twitter). Please contact him atJAMESJ@Gannett.com",https://www.democratandchronicle.com/story/sports/high-school/2026/07/24/section-v-lands-seven-first-team-all-state-flag-football-picks/91033638007/
V,Amicus Brief: StandWithUs v. MIT - Manhattan Institute,2026-07-24 22:45:20,"Don't miss the newsletters from MI and City Journal After the attacks on Israel on October 7, 2023, protests happened at universities around the country. At MIT, students and faculty protesters called for violence against Jews. Protesters disrupted classes and impeded access to public spaces, and they coalesced around Jewish community and religious locations as they targeted students and faculty because of their Jewish identities. These actions, among others, violated MIT’s time, place, and manner rules for protests, and made campus life intolerable for Jews. Because MIT failed to take adequate steps to address these realities, its campus devolved into a severely antisemitic environment. StandWithUS challenged MIT's actions (or lack thereof) as a violation of its obligations under Title VI of the Civil Rights Act. MIT is a private university, but it is still required to at least not be ""deliberately indifferent"" to a ""hostile environment."" The First Circuit ruled that MIT's actions were not deliberately indifferent to a hostile environment because the protesters were anti-Zionistic rather than antisemitic, and the protesters' speech was political speech protected by the First Amendment. Now on petition for Supreme Court review, the Manhattan Institute has filed a brief in support. We argue that the lower court made errors in how it interpreted the facts at the pleading stage. The First Circuit illegitimately explained away each fact rather than looking holistically at the totality of facts that created an antisemitic environment. That approach to the pleadings also highlights a circuit split about the legal standard to apply to cases like this. The Supreme Court should take the case to clarify how to apply Title VI. Ilya Shapiro is a senior fellow and director of Constitutional Studies at the Manhattan Institute. Follow him on Twitter here. Trevor Burrus is a legal policy fellow at the Manhattan Institute. Tal Fortgang is a legal policy fellow at the Manhattan Institute. Are you interested in supporting the Manhattan Institute’s public-interest research and journalism? As a 501(c)(3) nonprofit, donations in support of MI and its scholars’ work are fully tax-deductible as provided by law (EIN #13-2912529). Copyright © 2026 Manhattan Institute for Policy Research, Inc. All rights reserved. Copyright © 2026 Manhattan Institute for Policy Research, Inc. All rights reserved.",https://manhattan.institute/article/amicus-brief-standwithus-v-mit
V,“The manager forced me”: why Paredes won't play for Boca v Riestra - OneFootball,2026-07-24 22:43:57,"Oops! It looks like we cannot find what you were looking for. Alternatively, you can visit the homepage to view news and highlights OneFootball is proud to partner with Yahoo! Sports to deliver quality football content to fans in USA and Canada. These cookies are necessary for the website to function and cannot be switched off in our systems. They are usually only set in response to actions made by you which amount to a request for services, such as setting your privacy preferences, logging in or filling in forms. You can set your browser to block or alert you about these cookies, but some parts of the site will not then work. These cookies do not store any personally identifiable information. Third party trackers collect information to use for analytics and to personalize your experience with targeted ads. Under the Colorado CPA, the Virginia CDPA, the Texas DPSA, the Oregon CPA, the Montana CDPA, and the Florida DBR, you have the right to opt-out of the sale of your personal data to third parties, of targeted advertising related processing, and of some types of profiling. You may exercise your rights by using the toggles below. If you opt out, the ads and content that you see may not be as relevant to you. Under the Colorado CPA, you have the right to opt back in to these categories at any time should you initially choose to opt out, and you may do so using the same toggles provided below. For more details on the data we process and how to exercise your rights, and to view information related to required opt-in disclosures, see our Privacy Policy These cookies may be set through our site by our advertising partners. They may be used by those companies to build a profile of your interests and show you relevant adverts on other sites. They do not store directly personal information, but are based on uniquely identifying your browser and internet device. If you do not allow these cookies, you will experience less targeted advertising. These cookies allow us to count visits and traffic sources so we can measure and improve the performance of our site. They help us to know which pages are the most and least popular and see how visitors move around the site. All information these cookies collect is aggregated and therefore anonymous. If you do not allow these cookies we will not know when you have visited our site, and will not be able to monitor its performance.",https://onefootball.com/en/news/the-manager-forced-me-why-paredes-wont-play-for-boca-v-riestra-43182752
V,Insider Sell: Walsh Paul V Jr Sells 500 Shares of Semtech Corp (SMTC) - GuruFocus,2026-07-24 22:38:10,"This website is using a security service to protect itself from online attacks. The action you just performed triggered the security solution. There are several actions that could trigger this block including submitting a certain word or phrase, a SQL command or malformed data. You can email the site owner to let them know you were blocked. Please include what you were doing when this page came up and the Cloudflare Ray ID found at the bottom of this page. Cloudflare Ray ID: a207844f2a317fb0
•

        Your IP:
        Click to reveal
172.212.169.144
•

Performance & security by Cloudflare",https://www.gurufocus.com/news/8978752/insider-sell-walsh-paul-v-jr-sells-500-shares-of-semtech-corp-smtc
V,"AMD EPYC “Venice” Gives Us A Preview of Zen 6-Based Ryzen “Olympic Ridge” CPUs: More Cores, More (3D V-)Cache, Clocks & Scalable Configs - Wccftech",2026-07-24 22:10:41,"AMD has launched its first Zen 6 CPUs, the EPYC Venice, and we use them to analyze what we can expect from the Ryzen ""Olympic Ridge"" lineup. It is surprising how AMD has evolved its strategy over the years. When the first Zen architecture launched, it was released for desktop PCs. The 1st Gen EPYC family, codenamed Naples, wouldn't arrive till a few months later. This has been the case for all Zen launches so far: Ryzen launches first, followed by EPYC, but with Zen 6, this has changed. The Zen 6-based EPYC Venice family has launched, and the Ryzen family will be launching several months later in early 2027. You can think of AI being a major factor in this decision by AMD. We've seen how big a demand there is for compute, and we have also seen how the PC segment isn't in its greatest shape at the moment due to rising component prices & stringent shortages across all sectors. So AMD's decision kind of makes sense, but despite all of that, Ryzen Desktop CPUs remain a crucial market for the chipmaker, and there are a lot of enthusiasts who are waiting to see what AMD has in store for them with the next-gen lineup. We have detailed some aspects of next-generation Ryzen CPUs, but the EPYC ""Zen 6"" lineup gives us even more clues to where Ryzen might be heading next. The first detail that we can confirm now is that AMD's Zen 6 will feature more cores and threads. Since AMD Zen 1 and Zen 2, the Ryzen family peaked at 8 cores and 16 threads. Each of these Zen architectures featured a single CCD (Compute Core Die), which included two CCX (Compute Core Complex). The first two generations had 16 MB of L2 cache dedicated to each CCX, so while these CCXs resided on the same CCD, they didn't have true ""Share LLC"". This changed with Zen 3, Zen 4, and Zen 5 generations, which transitioned to the modern-day CCD design, more full, and packing up to 16 cores with 32 threads. Each of these featured 8 cores per CCD, and since the CCX became the CCD itself, it meant that the full 32 MB cache could now be shared across the chips. So you went from 8 cores to 16 cores, & from 16 MB cache to 32 MB cache (Pre-Zen 3 Ryzens had 1 CCD with two 16 MB CCXs, whereas Zen 3 & above have two CCDs with 32 MB per die). But we have been through three generations of Zens without any major core or cache uplift. The 3D V-Cache options did bring more cache, but the core configuration got stagnant. Now with Zen 6, we will see a major change. Once again, AMD will retain the same two CCD & one IOD structure for Zen 6-based Ryzen CPUs. First of all, AMD has confirmed that Zen 6 will feature two variants: Zen 6 with 12 cores per die and Zen 6C with 16 cores per die. The Zen 6C flavor is going to be exclusive to the enterprise & HPC segment, so that gives us 12 cores per die. And the base EPYC 9016, an 8-core chip, confirms that Zen 6 has 48 MB of cache per CCD. So besides a 50% increase in core count, Zen 6 also gets a 50% increase in cache. Two Zen 6 CCDs means that the flagship Ryzen ""Olympic Ridge"" Desktop CPU would offer up to 24 cores, 48 threads, and 96 MB of L3 cache, while a single CCD variant will offer up to 12 cores, 24 threads, and 48 MB of L3 cache. So if we compare Zen 6 to Zen 5, we will be getting: From previous details, it is expected that Ryzen ""Olympic Ridge"" CPUs will scale across several SKUs with various core counts and caches: Now for the clock speeds, AMD's Zen 6 CPUs are expected to further raise the frequency ceiling, and that can be seen on many 6th Gen EPYC CPUs already. The standard Zen 6 CPUs are dialing up to 5.00 GHz, and upcoming V-Cache flavors will feature a 5.15 GHz clock. Now the comparison with EPYC CPUs isn't straightforward, as server chips have stricter power profiles & are designed with endurance/stability in mind. Desktop CPUs feature much higher clocks as they are more flexible with clocks, power (TDP/PPT), platform, and the chip itself, which shares that power budget with massive IO dies. So we compare the generational uplifts of Zen 6 ""EPYC"" with Zen 5 ""EPYC"". The maximum base clock for Zen 6 EPYC is rated at 3.90 GHz, whereas the maximum base clock for Zen 5 EPYC is rated at 3.80 GHz. The boost clocks for Zen 5 go up to 5.0 GHz, and the same is true for Zen 6, but that will change early next year when better bins arrive with 5.15 GHz clocks. On average, comparing SKUs with the same core count, we can note a 3.1% bump in base and a 3.7% bump in boost clocks. Even with a 5.15 GHz Zen 6 SKU, the boost profile is only raised by 3 percent, which is in line with the rest of the chips. If we apply the averages to the fastest chip in the Ryzen 9000 stack, we go from 5.7 GHz to just shy of 6.0 GHz. But let's do something else and apply the maximum boost uplifts that each core config up to 24 has on offer. The 8-core sees a 17% bump, which, if applied to an existing 8-Core AMD Ryzen 7 9850X3D, pushes the clock speeds beyond 6.5 GHz (from 5.6 GHz). A 16-core model goes from 5.6/5.7 GHz to 6.1/6.2 GHz (applying the 1.097x boost of the EPYC 9116), and for 24-core models, the max boost uplift of 1.11x should push boost clocks up to 6.2-6.3 GHz. Quick Side Node - AMD EPYC Venice (Zen 6 Classic) is based on N2P, whereas EPYC Turin (Zen 5 Classic) is based on N4X. For Ryzen, the Olympic Ridge (Zen 6 Classic) will feature the same N2P process node, while existing Granite Ridge (Zen 5 Classic) CPUs feature the N4P node. N4X offers a 4% performance increase over N4P. So the node itself can add an additional boost in frequency. Now that is assuming AMD guns for clock speed alone. If power is traded to other aspects of the chip, then we can see a more baseline set around 6-6.2 GHz, which should put Ryzen Zen 6 in the same league as Intel's Raptor Lake Refresh chips, which currently offer the highest clock speeds on desktops. Intel toned down its clock speeds with Arrow Lake, so we kind of wish to see some decent figures in next-gen lineups. Now for power consumption, once again, the fact that EPYC is much bigger in general and features two huge IO dies means that its power characteristics will always be higher than a standard Desktop chip, but there's also a difference in terms of power management. Servers & respective CPUs rely heavily on fast and feature-rich IO capabilities, which is why the IO dies are huge, as they are on EPYC chips. So more IO, more chiplets, more power. On Desktops, this power is managed within a lower number of chiplets, which means that more power envelope is available to the CCDs. In return, the chips can yield higher frequency or trade off that power for extra efficiency. The balance needs to be there, but Desktop and Enthusiast chips often squeeze out every bit of headroom that is available. The switch to TSMC's 2nm process also brings some nice improvements. From Zen 5 on TSMC 3nm to Zen 6 on 2nm, the power numbers see a drastic drop for each respective SKU under the same core count. Across all variants, we see an average -10% drop in power consumption. Only one SKU, the 8-core model, sees a +4% bump in power. This shows that Zen 6 is generally down in power but up in all performance vectors. So while this doesn't mean that power numbers on AMD's Ryzen ""Olympic Ridge"" chips will go down, it does mean that Zen 6 will provide extra power headroom to be directed to the cores & that could lead to more clocks or performance. Now for cache, we have mentioned how that is improved by 50% to 48 MB per CCD. That gets us to 96 MB on a dual CCD variant, which is the exact amount of cache as the 8-Core 3D V-Cache CPU series. This will bring a decent boost in gaming performance on non-3D V-Cache chips, but with 3D V-Cache, we can expect a bigger bump. That's because Venice-X is packing 1152 MB of L3 cache. And that gives us an idea of what the next-gen 3D V-Cache is going to offer. Venice-X is based on the classic Zen 6 cores, so that's 48 MB of L3 cache per CCD for a total of 384 MB of standard cache across eight CCDs. That means the remaining 768 MB of L3 comes from 3D V-Cache, and that number totals at 96 MB of 3D V-Cache per CCD. Current AMD Ryzen and EPYC CPUs feature up to 64 MB of 3D V-Cache. This amount was true for both the first and second generations of the technology. The second generation flipped the 3D stack beneath the CCD, and the same is true for the Zen 6 cores. But a 96 MB 3D V-Cache represents a 50% boost in X3D offerings. While current 3D V-Cache CPUs still offer more cache per CCD, which improves gaming perf, a 48 MB cache still represents a nice bump over the existing 32 MB design. This will mark the first major increase in the 3D V-Cache amount since its introduction with the Ryzen 7 5800X3D CPU. So let's bring out the numbers: Now here's an interesting thing to note: Intel's Nova Lake bLLC variants with single compute tiles will feature up to 144 MB cache, while dual compute tiles will feature up to 288 MB cache. AMD's next-gen 3D V-Cache with boosted capacities will be ideally positioned with the same 144 MB on single CCD and 288 MB on dual CCD models. So if you round everything up, you can see that AMD has set up a great foundation for its next iteration of Ryzen chips, which will unpack more capabilities with the Zen 6 core architecture. It will be some time before we get to hear some details on next-gen Ryzen, but the wait will be worth it. It's also great to see the return of the core count battles early next year. Both AMD & Intel will have new families, new platforms, new architectures, higher core counts, and much more for high-end and mainstream desktop builders, and we hope that memory prices also stabilize by that time, making it a perfect time to upgrade your PC. About the author:  A Software Engineer by training and a PC enthusiast by passion, Hassan Mujtaba serves as Wccftech's Senior Editor for hardware section. With years of experience in the industry, he specializes in deep-dive technical analysis of next-generation CPU and GPU architectures, motherboards, and cooling solutions. His work involves not only breaking news on upcoming technologies but also extensive hands-on reviews and benchmarking. Follow Wccftech on Google to get more of our news coverage in your feeds. © 2026 WCCF TECH INC. 700 - 401 West Georgia Street, Vancouver, BC, Canada We won't sell or share your personal information to inform the ads you see. You may still see interest-based ads if your information is sold or shared by other companies or was sold or shared previously.",https://wccftech.com/amd-epyc-venice-previews-zen-6-ryzen-olympic-ridge-cpus-more-cores-3d-v-cache-clocks/
V,Why Visa (V) Outpaced the Stock Market Today - Yahoo! Finance Canada,2026-07-24 21:45:02,"Tip: Try a valid symbol or a specific company name for relevant results Visa (V) closed at $355.74 in the latest trading session, marking a +1.18% move from the prior day. The stock exceeded the S&P 500, which registered a gain of 0.05% for the day. Elsewhere, the Dow saw an upswing of 0.46%, while the tech-heavy Nasdaq depreciated by 0.64%. Shares of the global payments processor have appreciated by 6.38% over the course of the past month, outperforming the Business Services sector's gain of 3.24%, and the S&P 500's gain of 0.61%. The upcoming earnings release of Visa will be of great interest to investors. The company's earnings report is expected on July 28, 2026. The company's upcoming EPS is projected at $3.23, signifying a 8.39% increase compared to the same quarter of the previous year. At the same time, our most recent consensus estimate is projecting a revenue of $11.37 billion, reflecting a 11.81% rise from the equivalent quarter last year. For the entire fiscal year, the Zacks Consensus Estimates are projecting earnings of $13.13 per share and a revenue of $45.44 billion, representing changes of +14.47% and +13.6%, respectively, from the prior year. Investors should also note any recent changes to analyst estimates for Visa. These revisions help to show the ever-changing nature of near-term business trends. As a result, we can interpret positive estimate revisions as a good sign for the business outlook. Based on our research, we believe these estimate revisions are directly related to near-term stock moves. To exploit this, we've formed the Zacks Rank, a quantitative model that includes these estimate changes and presents a viable rating system. The Zacks Rank system, which varies between #1 (Strong Buy) and #5 (Strong Sell), carries an impressive track record of exceeding expectations, confirmed by external audits, with stocks at #1 delivering an average annual return of +25% since 1988. Within the past 30 days, our consensus EPS projection has moved 0.23% higher. Visa is currently sporting a Zacks Rank of #2 (Buy). Digging into valuation, Visa currently has a Forward P/E ratio of 26.79. This signifies a premium in comparison to the average Forward P/E of 13.25 for its industry. We can additionally observe that V currently boasts a PEG ratio of 1.87. This popular metric is similar to the widely-known P/E ratio, with the difference being that the PEG ratio also takes into account the company's expected earnings growth rate. The average PEG ratio for the Financial Transaction Services industry stood at 0.88 at the close of the market yesterday. The Financial Transaction Services industry is part of the Business Services sector. This industry, currently bearing a Zacks Industry Rank of 86, finds itself in the top 35% echelons of all 250+ industries. The Zacks Industry Rank evaluates the power of our distinct industry groups by determining the average Zacks Rank of the individual stocks forming the groups. Our research shows that the top 50% rated industries outperform the bottom half by a factor of 2 to 1. You can find more information on all of these metrics, and much more, on Zacks.com. Want the latest recommendations from Zacks Investment Research? Today, you can download 7 Best Stocks for the Next 30 Days. Click to get this free report This article originally published on Zacks Investment Research (zacks.com). Tip: Try a valid symbol or a specific company name for relevant results",https://ca.finance.yahoo.com/news/why-visa-v-outpaced-stock-214502544.html?guccounter=1&guce_referrer=aHR0cHM6Ly9uZXdzLmdvb2dsZS5jb20v&guce_referrer_sig=AQAAAANjeI6ifSWXx_v3NTdvjtsaG1Ml66BJdzt5nO36mSoJ5IfvowWz1ny1xsLDTYvSIgiNqGTykvFXqgg0Wir0rveWhqDLjWdiucgk1pgWL68RSxi1LMjuRpk6TX-njj9r4T-TQVvqPHs-i-5LQCG7_FWcbBNiY6A78xLchhAHLIrf
V,Athletico Paranaense v Internacional: top-three push meets mid-table recovery bid - OneFootball,2026-07-24 21:36:11,"Get the full live experience with the OneFootball app. Athletico Paranaense host Internacional in the Brasileirão on Saturday, 25 July 2026 at Estádio Mário Celso Petraglia, with the hosts sitting third and targeting Libertadores places while the visitors aim to halt a three-match league losing run from 14th. Athletico Paranaense won the reverse fixture 1-0 in January. At home they have 23 points from 10 league games and have conceded only six, while Internacional arrive needing a reset after back-to-back defeats in the competition. Athletico-PR's momentum is solid: a 2-1 win at São Paulo followed recent league victories over Mirassol and Remo and a draw with Flamengo. Inter, by contrast, have lost three straight in the league after a 4-1 win against Vasco and a domestic cup success. Furacão are without Bruno Zapelli, Renan Viana and goalkeeper Mycael through injury, with defender Arthur Dias suspended. Colorado list goalkeeper Sergio Rochet as injured and defender Victor Gabriel suspended. Athletico-PR have scored 26 and conceded 19 this season, pairing 50% shooting accuracy with reliable supply from Gaston Americo Benavidez and Lucas Esquivel, both among the league's assist leaders. Kevin Viveros is second in the scoring chart with 11 goals and could be the sharp edge again. Inter have 22 for and 24 against, with Johan Carbonero on five league goals. They may need extra precision to breach a defence that has given up only six at home. A win would take Athletico-PR to 36 points and could further cement their top-three and Libertadores push. Colorado would move to 24 points with victory and could climb towards mid-table security, edging away from relegation concerns. Welcome to the comments! Please keep conversations courteous and on-topic. For more information, see our community guidelines. Corinthians to meet Bahia as semi-automated offside begins in Brasileirão Luís Castro sets Brasileirão as Grêmio’s priority amid testing run and cup ties São Paulo suffer setback against Athletico Paranaense in Brasileirão As Brasileirão resumes, Tricolor take on Athletico Paranaense Grêmio back Luís Castro as board question squad after turbulent Brasileirão return Predicting which clubs the summer's biggest free agents will sign for There are still some massive names who are set to become free agents in the summer, with some high-profile deals due to expire at the end of next month.As speculation... Tottenham: Why James Maddison was not awarded a penalty against Leeds as Premier League issue statement Spurs midfielder denied a big moment on his return from injuryThe Premier League has explained why Tottenham were not awarded a penalty in their draw against Leeds.As the clock ticked... Bento's howler delays CR7's first title in Saudi Arabia 😱 An ugly mistake by Brazilian goalkeeper Bento prevented Al-Nassr from winning the Saudi League title this Tuesday.Cristiano Ronaldo’s team was leading 1-0 until the 53rd minute of the second half,... OneFootball is proud to partner with Yahoo! Sports to deliver quality football content to fans in USA and Canada. These cookies are necessary for the website to function and cannot be switched off in our systems. They are usually only set in response to actions made by you which amount to a request for services, such as setting your privacy preferences, logging in or filling in forms. You can set your browser to block or alert you about these cookies, but some parts of the site will not then work. These cookies do not store any personally identifiable information. Third party trackers collect information to use for analytics and to personalize your experience with targeted ads. Under the Colorado CPA, the Virginia CDPA, the Texas DPSA, the Oregon CPA, the Montana CDPA, and the Florida DBR, you have the right to opt-out of the sale of your personal data to third parties, of targeted advertising related processing, and of some types of profiling. You may exercise your rights by using the toggles below. If you opt out, the ads and content that you see may not be as relevant to you. Under the Colorado CPA, you have the right to opt back in to these categories at any time should you initially choose to opt out, and you may do so using the same toggles provided below. For more details on the data we process and how to exercise your rights, and to view information related to required opt-in disclosures, see our Privacy Policy These cookies may be set through our site by our advertising partners. They may be used by those companies to build a profile of your interests and show you relevant adverts on other sites. They do not store directly personal information, but are based on uniquely identifying your browser and internet device. If you do not allow these cookies, you will experience less targeted advertising. These cookies allow us to count visits and traffic sources so we can measure and improve the performance of our site. They help us to know which pages are the most and least popular and see how visitors move around the site. All information these cookies collect is aggregated and therefore anonymous. If you do not allow these cookies we will not know when you have visited our site, and will not be able to monitor its performance.",https://onefootball.com/en/news/athletico-paranaense-v-internacional-top-three-push-meets-mid-table-recovery-bid-43182599
V,Santos v Chapecoense: survival push meets basement battle - OneFootball,2026-07-24 21:36:07,"Get the full live experience with the OneFootball app. Santos host Chapecoense in the Brasileirão on 25 July 2026 at Estádio Urbano Caldeira, with the hosts trying to pull clear of the relegation scrap and the bottom club desperate to halt a damaging run. Santos sit 15th on 21 points while Chapecoense are 20th with nine, and the sides' most recent league meeting ended 4-2 to Chapecoense in January. Peixe arrive after a 4-1 away win over UCV in the Sudamericana, though they fell 2-1 at Botafogo in their last league game. Chape have lost five on the spin in the league, including 4-0 at home to Flamengo. Alvinegro Praiano are without João Felipe Schmidt Urbano, Moisés, Vinicius Lira and Pepê Fermino. Verdão do Oeste list Victor Caetano, Anderson, Rafael Carvalheira, Maurício Garcez de Jesus, João Paulo, Max and Robert among their injured options. Peixe have scored 27 in 19 league games with 81.48% passing accuracy, but none from set pieces and only one headed goal. They have converted four penalties from four. Verdão do Oeste have conceded 39 with just one clean sheet and 42% possession, and have given away five penalties, so box pressure could be decisive. Gabriel Barbosa's seven league goals underline a clear home threat. A home win would move the hosts to 24 points and could ease them further from the drop. The visitors would rise to 12 with victory and may cut the gap to safety, but they start bottom. Welcome to the comments! Please keep conversations courteous and on-topic. For more information, see our community guidelines. 📋 Chapecoense and Flamengo named for Brasileirão clash Santos match to debut semi-automated offside in Brasileirão Palmeiras lead Brasileirão after round 19 as Corinthians finish with 3-0 win 🏅 OF team of Brasileirão round 19 has six clubs represented Predicting which clubs the summer's biggest free agents will sign for There are still some massive names who are set to become free agents in the summer, with some high-profile deals due to expire at the end of next month.As speculation... Tottenham: Why James Maddison was not awarded a penalty against Leeds as Premier League issue statement Spurs midfielder denied a big moment on his return from injuryThe Premier League has explained why Tottenham were not awarded a penalty in their draw against Leeds.As the clock ticked... Bento's howler delays CR7's first title in Saudi Arabia 😱 An ugly mistake by Brazilian goalkeeper Bento prevented Al-Nassr from winning the Saudi League title this Tuesday.Cristiano Ronaldo’s team was leading 1-0 until the 53rd minute of the second half,... OneFootball is proud to partner with Yahoo! Sports to deliver quality football content to fans in USA and Canada. These cookies are necessary for the website to function and cannot be switched off in our systems. They are usually only set in response to actions made by you which amount to a request for services, such as setting your privacy preferences, logging in or filling in forms. You can set your browser to block or alert you about these cookies, but some parts of the site will not then work. These cookies do not store any personally identifiable information. Third party trackers collect information to use for analytics and to personalize your experience with targeted ads. Under the Colorado CPA, the Virginia CDPA, the Texas DPSA, the Oregon CPA, the Montana CDPA, and the Florida DBR, you have the right to opt-out of the sale of your personal data to third parties, of targeted advertising related processing, and of some types of profiling. You may exercise your rights by using the toggles below. If you opt out, the ads and content that you see may not be as relevant to you. Under the Colorado CPA, you have the right to opt back in to these categories at any time should you initially choose to opt out, and you may do so using the same toggles provided below. For more details on the data we process and how to exercise your rights, and to view information related to required opt-in disclosures, see our Privacy Policy These cookies may be set through our site by our advertising partners. They may be used by those companies to build a profile of your interests and show you relevant adverts on other sites. They do not store directly personal information, but are based on uniquely identifying your browser and internet device. If you do not allow these cookies, you will experience less targeted advertising. These cookies allow us to count visits and traffic sources so we can measure and improve the performance of our site. They help us to know which pages are the most and least popular and see how visitors move around the site. All information these cookies collect is aggregated and therefore anonymous. If you do not allow these cookies we will not know when you have visited our site, and will not be able to monitor its performance.",https://onefootball.com/en/news/santos-v-chapecoense-survival-push-meets-basement-battle-43182602
V,Visa (NYSE:V) Trading Up 1% on Analyst Upgrade - MarketBeat,2026-07-24 21:04:55,"Visa Inc. (NYSE:V - Get Free Report) shares shot up 1% during mid-day trading on Friday after Truist Financial raised their price target on the stock from $371.00 to $394.00. Truist Financial currently has a buy rating on the stock. Visa traded as high as $355.84 and last traded at $355.2890. Approximately 4,479,982 shares were traded  during mid-day trading, a decline of 44% from the average session volume of 7,969,976 shares. The stock had previously closed at $351.60. A number of other analysts have also recently weighed in on V. BMO Capital Markets  restated an ""outperform"" rating and set a $387.00 target price (up from $375.00) on shares of Visa in a report on Wednesday, July 15th. Piper Sandler started coverage on Visa in a report on Monday, June 29th. They issued an ""overweight"" rating and a $394.00 price target on the stock. UBS Group increased their price objective on Visa from $390.00 to $410.00 and gave the company a ""buy"" rating in a research report on Wednesday, April 29th. Sanford C. Bernstein  reissued an ""outperform"" rating and set a $450.00 price objective on shares of Visa in a research note on Tuesday, June 2nd. Finally, Clear Str raised Visa to a ""strong-buy"" rating in a research report on Thursday, July 16th. Eight investment analysts have rated the stock with a Strong Buy rating, eighteen have issued  a Buy rating and one  has assigned  a Hold rating to the stock. According to MarketBeat, the company currently has an average rating of ""Buy"" and a consensus target price of $399.41. In related news, CFO Chris Suh sold 10,639 shares of the firm's stock in a transaction that occurred on Tuesday, May 12th. The shares were sold at an average price of $324.81, for a total value of $3,455,653.59. Following the completion of the transaction, the chief financial officer owned 9,872 shares of the company's stock, valued at approximately $3,206,524.32. This trade represents a 51.87% decrease in their position. The transaction was disclosed in a document filed with the SEC, which is accessible through this hyperlink. Also, General Counsel Julie B. Rottenberg sold 2,027 shares of Visa stock in a transaction that occurred on Thursday, July 2nd. The stock was sold at an average price of $360.00, for a total transaction of $729,720.00. Following the transaction, the general counsel owned 18,404 shares in the company, valued at approximately $6,625,440. The trade was a 9.92% decrease in their ownership of the stock. The disclosure for this sale is available in the SEC filing. The transaction was executed under a pre-arranged Rule 10b5-1 trading plan. Insiders have sold 75,581 shares of company stock worth $25,627,975 over the last 90 days. 0.12% of the stock is owned by company insiders. Here are the key news stories impacting Visa this week: A number of institutional investors and hedge funds have recently modified their holdings of V. Ballast Inc. boosted its position in  Visa by 35.2% during the 2nd quarter. Ballast Inc. now owns 6,234 shares of the credit-card processor's stock worth $2,139,000 after acquiring an additional 1,623 shares during the period.  Regent Peak Wealth Advisors LLC increased its holdings in shares of  Visa by 2.4% in the 2nd quarter. Regent Peak Wealth Advisors LLC now owns 5,336 shares of the credit-card processor's stock valued at $1,831,000 after purchasing an additional 123 shares during the period.  Hyperion Asset Management Ltd lifted its position in shares of  Visa by 19.9% in the second quarter. Hyperion Asset Management Ltd now owns 257,309 shares of the credit-card processor's stock worth $88,280,000 after purchasing an additional 42,660 shares in the last quarter.  Northside Capital Management LLC lifted its position in shares of  Visa by 9.5% in the second quarter. Northside Capital Management LLC now owns 53,200 shares of the credit-card processor's stock worth $18,253,000 after purchasing an additional 4,613 shares in the last quarter.  Finally, Investors Research Corp boosted its holdings in shares of  Visa by 301.8% during the second quarter. Investors Research Corp now owns 1,595 shares of the credit-card processor's stock worth $547,000 after purchasing an additional 1,198 shares during the period. Hedge funds and other institutional investors own  82.15% of the company's stock. The firm's fifty day moving average is $336.98 and its 200 day moving average is $325.13. The firm has a market capitalization of $637.30 billion, a price-to-earnings ratio of 30.95, a PEG ratio of 1.88 and a beta of 0.75. The company has a debt-to-equity ratio of 0.64, a current ratio of 1.09 and a quick ratio of 1.09. Visa (NYSE:V - Get Free Report) last released its quarterly earnings data on Tuesday, April 28th. The credit-card processor reported $3.31 earnings per share for the quarter, beating the consensus estimate of $3.10 by $0.21. Visa had a net margin of 51.68% and a return on equity of 65.00%. The firm had revenue of $11.23 billion for the quarter, compared to analyst estimates of $10.75 billion. During the same quarter in the prior year, the business earned $2.76 EPS. The company's revenue for the quarter was up 17.1% compared to the same quarter last year.  On average, analysts predict that  Visa Inc. will post 13.13 EPS for the current fiscal year. The business also recently declared a quarterly dividend, which was paid on Monday, June 1st. Stockholders of record on Tuesday, May 12th were paid a $0.67 dividend. The ex-dividend date of this dividend was Tuesday, May 12th. This represents a $2.68 dividend on an annualized basis and a dividend yield of 0.8%. Visa's dividend payout ratio  is 23.34%. Visa announced that its Board of Directors has initiated a stock buyback program on Tuesday, April 28th that permits the company to buyback $20.00 billion in    shares. This buyback authorization permits the credit-card processor to purchase up to 3.6% of its stock  through open market purchases. Stock  buyback programs are usually an indication that the company's management believes its shares are undervalued. Visa Inc is a global payments technology company that facilitates electronic funds transfers and digital commerce by connecting consumers, merchants, financial institutions and governments. The firm operates one of the world's largest payment networks, providing processing, authorization, clearing and settlement services for credit, debit and prepaid card transactions. Visa's network-based model enables partner banks and other issuers to offer branded payment products while Visa focuses on the infrastructure, standards and technologies that move money securely and efficiently around the world. Visa's product and service portfolio includes card-based payment products for consumers and businesses, real-time push-payment capabilities, tokenization and authentication services, fraud and risk-management tools, data analytics and APIs for fintech and merchant integration. This instant news alert was generated by narrative science technology and financial data from MarketBeat in order to provide readers with the fastest reporting and unbiased coverage. Please send any questions or comments about this story to contact@marketbeat.com. Before you consider Visa, you'll want to hear this. MarketBeat keeps track of Wall Street's top-rated and best performing research analysts and the stocks they recommend to their clients on a daily basis. MarketBeat has identified the five stocks that top analysts are quietly whispering to their clients to buy now before the broader market catches on... and Visa wasn't on the list. While Visa currently has a Buy rating among analysts, top-rated analysts believe these five stocks are better buys. Looking to profit from the electric vehicle mega-trend? Click the link to see our list of which EV stocks show the most long-term potential. Sign up for MarketBeat All Access to gain access to MarketBeat's full suite of research tools and reports. 345 N Reid Place, Suite 620, Sioux Falls, SD 57103
                                        
                                        contact@marketbeat.com
                                        
                                        (844) 978-6257 © MarketBeat Media, LLC 2010-2026. All rights reserved. © 2026   Fair market value prices are updated every minute and are provided by Massive. Other market data provided is at least 10-minutes delayed and hosted by Barchart Solutions.  Information is provided 'as-is' and solely for informational purposes, not for trading purposes or advice, and is delayed. To see all exchange delays and terms of use please see Barchart's disclaimer.",https://www.marketbeat.com/instant-alerts/visa-nysev-trading-up-1-on-analyst-upgrade-2026-07-24/
V,Visa (V) Stock Looks Above Fair Value As Its 53% Run Continues - simplywall.st,2026-07-24 20:36:02,"Visa stock sits at an interesting crossroads for investors, with a strong 53.4% return over the past three years set against valuation checks that pull in different directions, as the Excess Returns intrinsic value estimate points to upside while earnings based multiples lean the other way. For investors, the debate is whether Visa's current share price already reflects the intrinsic value suggested by the Excess Returns model or still leaves a sufficient margin of safety. Visa delivered 0.1% returns over the last year. See how this stacks up to the rest of the Diversified Financial industry. The Excess Returns model looks at how efficiently Visa turns its equity base into profits above its own cost of capital. For Visa, the inputs suggest a company earning much more on each dollar of equity than it theoretically needs to compensate shareholders. Book Value sits at $18.64 per share and is projected to move toward a Stable Book Value of $21.78 per share. Stable EPS is estimated at $15.35 per share against a Cost of Equity of $1.57 per share. That gap translates into an Excess Return of $13.78 per share and an Average Return on Equity of 70.49%, which is very high for a large listed company. Plugging these assumptions into the Excess Returns framework gives an intrinsic value estimate of $396.01 per share, around 11.2% above the current price, so Visa screens as undervalued on this method. Because Visa is pushing further into AI enabled payments and services, such as its AI Financial Assistant and agentic payment initiatives, the market may be starting to price in some of this upside yet still stopping short of the model’s full value estimate. On the Excess Returns model, Visa stock currently looks undervalued relative to the cash generation implied by its high returns on equity. Our Excess Returns analysis suggests Visa is undervalued by 11.2%. Track this in your watchlist or portfolio, or discover 38 more high quality undervalued stocks. Head to the Valuation section of our Company Report for more details on how we arrive at this Fair Value for Visa. The P/E ratio fits Visa well because earnings remain a core yardstick for a mature, high margin payments network. Right now, Visa trades on a P/E of 30.1x, which is well above the Diversified Financial industry average of 15.4x and higher than the peer average of 26.3x. The fair P/E ratio implied by Simply Wall St’s model is 21.8x, reflecting what investors might expect to pay for Visa given its size, profitability profile and risk factors. Against that benchmark, the current 30.1x multiple represents a clear premium, suggesting the market is already pricing in a strong outlook for Visa’s earnings and its push into areas like AI powered payments. On the P/E multiple, Visa stock currently screens as overvalued, with investors paying a sizable premium to both peers and its modelled fair ratio. See what the numbers say about this price — find out in our valuation breakdown. Simply Wall St Narratives pick up where Visa's valuation puzzle leaves off by explaining which expectations for Visa's future growth, margins and earnings would need to hold for the stock to be worth materially more or less than it is today. Each narrative sets out Visa's implied fair value as a thesis about the business that you can revisit over time, rather than treating it as a one-off snapshot, and they are available on Simply Wall St's Community page. Visa attracts sharply different community views, with one side focused on AI, stablecoins and value added services, and the other zeroed in on price and competition risk. Read the full Bull Case to see why Visa could be undervalued Read the full Bear Case to see why Visa could be overvalued Do you think there's more to the story for Visa? Head over to our Community to see what others are saying! Visa’s Excess Returns intrinsic value estimate points to the stock as undervalued, while the P/E view flags it as overvalued relative to peers, so the message is mixed rather than clearly cheap. The gap mainly reflects that the intrinsic value lens focuses on Visa’s ability to generate cash above its cost of equity, whereas the multiple view is more about how much investors are already paying for growth and AI related ambitions. Broader valuation checks lean weak, so that intrinsic value signal needs treating with some caution. The crux from here is whether Visa’s high returns can persist enough to justify today’s premium earnings multiple. This article by Simply Wall St is general in nature. We provide commentary based on historical data
        and analyst forecasts only using an unbiased methodology and our articles are not intended to be financial advice. It does not constitute a recommendation to buy or sell any stock, and does not take account of your objectives, or your
        financial situation. We aim to bring you long-term focused analysis driven by fundamental data.
        Note that our analysis may not factor in the latest price-sensitive company announcements or qualitative material.
        Simply Wall St has no position in any stocks mentioned. We've created the ultimate portfolio companion for stock investors, and it's free. • Connect an unlimited number of Portfolios and see your total in one currency• Be alerted to new Warning Signs or Risks via email or mobile• Track the Fair Value of your stocks Have feedback on this article? Concerned about the content? Get in touch with us directly. Alternatively, email editorial-team@simplywallst.com Operates as a payment technology company in the United States and internationally. Excellent balance sheet with proven track record and pays a dividend. Financial Data provided by S&P Global Market Intelligence LLC, analysis provided by Simply Wall Street Pty Ltd. Copyright © 2026, S&P Global Market Intelligence LLC. All rights reserved. Simply Wall Street Pty Ltd (ACN 600 056 611), is a Corporate Authorised Representative (Authorised Representative Number: 467183) of Sanlam Private Wealth Pty Ltd (AFSL No. 337927). Any advice contained in this website is general advice only and has been prepared without considering your objectives, financial situation or needs. You should not rely on any advice and/or information contained in this website and before making any investment decision we recommend that you consider whether it is appropriate for your situation and seek appropriate financial, taxation and legal advice. Please read our Financial Services Guide before deciding whether to obtain financial services from us. © 2026 Simply Wall Street Pty Ltd, US Design Patent #29/544/281, Community and European Design Registration #2845206",https://simplywall.st/stocks/us/diversified-financials/nyse-v/visa/news/visa-v-stock-looks-above-fair-value-as-its-53-run-continues
V,A Conversation with “Above & Below” director Jesse V. Johnson. - Elements of Madness,2026-07-24 20:34:34,"Home › Publications › Stream › EoM Presents › A Conversation with “Above & Below” director Jesse V. Johnson. Filmmaker Jesse V. Johnson returns to EoM Presents to discuss his latest directorial effort, the ocean survival thriller Above & Below. Laura Marano as Tatiana in ABOVE & BELOW. Photo courtesy of Aura Entertainment. Johnson speaks about the technical and logistical challenges of underwater filmmaking, the performances of frequent collaborators Louis Mandylor and Jess Liaudin, and why humans are always more frightening antagonists than sharks. Also starring Laura Marano, Antonio Banderas, and Christina Ochoa, Above & Below arrives in theaters on July 29. If you prefer an audio version, you can listen to the full interview here: 30 feet below. 10 minutes of oxygen. 1 apex predator. Thomas Manning is a member of the NCFCA, SEFCA, and CCA, and also the co-host of the television show and radio program Meet Me at the Movies. He has served as a production assistant and voting member on the Film Selection Committee for the Real to Reel Film Festival. Additionally, he manages his own film review and interview site, The Run-Down on Movies. Manning is a graduate of Gardner-Webb University with a double-major in Communications and English. His passion for cinema and storytelling is rivaled only by his love for the music of Taylor Swift. Categories: EoM Presents, Filmmaker Interviews, Publications, Stream Tags: Above & Below, action, AF Films, Anthony Steven Giordano, Antonio Banderas, Aura Entertainment, Capstone Pictures, Christina Ochoa, crime, directing, EoM Presents, horror, interview, Jesse V. Johnson, Laura Marano, Mario Tardón, Match Point, thriller This site uses Akismet to reduce spam. Learn how your comment data is processed. Enter your email address to subscribe to this blog and receive notifications of new posts by email. Subscribe now to keep reading and get access to the full archive.",https://elementsofmadness.com/2026/07/24/jvjohnson4/
V,Canon Adds Flash Support to the R6 V With New Firmware - PetaPixel,2026-07-24 20:23:16,"Canon Adds Flash Support to the R6 V With New Firmware Canon released new firmware updates for the EOS R6 Mark III and EOS R6 V cameras this week. Arguably the biggest addition of all is the ability to shoot with flash on the R6 V. While the Canon EOS R6 V is undoubtedly better suited to video than photography, the camera does have many of the same still photography capabilities as the R6 III, albeit without that camera’s mechanical shutter. It was this lack of a shutter that presumably led to the R6 V shipping a couple of months ago without the ability to use flash. The R6 III, for example, is not compatible with flash when set to its electronic shutter option. For that matter, the R6 V is still very limited with flash. Although Canon doesn’t offer specifics on its R6 V firmware page, DPReview notes that flash on the R6 V is limited to a maximum sync speed of just 1/60s, which is very slow. It is also worth recalling that the R6 V lacks a traditional five-pin hotshoe. It works with Canon’s Multi-Interface-equipped Speedlite units, but not traditional flashes. Nonetheless, it’s nice to have the option to use flash on the R6 V, as that was a rather notable omission for hybrid shooters. Other improvements introduced in firmware 1.1.0 include support for Canon’s new BR-E2 Wireless Remote Controller, support for Canon’s SDK, bug fixes, and improved “operational stability,” the most popular update in firmware history. The Canon EOS R6 III is also now at version 1.1.0. Compatibility with the BR-E2 has been added, and Canon has introduced SDK support for the R6 III, too. Canon has also added the option to set autofocus for close-up demos to the camera’s menus and the option to set a grid display during movie recording, features that were already available in the R6 V. Canon also addressed some potentially frustrating bugs, like FTP errors, an issue with interval shooting, and a USB problem. And, as always, operational stability is better now. Firmware 1.1.0 for the Canon EOS R6 V and the EOS R6 III is available to download now. Image creditsProduct photo by Erin Thomson for PetaPixel PetaPixel articles may include affiliate links; if you buy something through such a link, PetaPixel may earn a commission. Become a Member today to enjoy an ad-free experience and exclusive rewards. As the world’s largest independent photography publication, PetaPixel relies on readers like you to keep our news, in-depth reviews, and features going strong. Become a Member today to enjoy an ad-free experience and exclusive rewards: Be respectful and on-topic. Please flag comments that are rude, spam, or unhelpful. Abusive commenters will be banned. Become a PetaPixel Member and access our content ad-free.",https://petapixel.com/2026/07/24/canon-adds-flash-support-to-the-r6-v-with-new-firmware/
V,Steven V. Roberts: More signs Trump is losing his touch with his base - Times Herald Online,2026-07-24 20:03:47,"Subscribers are entitled to 10 gift sharing articles each month. These can be shared with friends and family who are not subscribers. Subscribers are entitled to 10 gift sharing articles each month. These can be shared with friends and family who are not subscribers. For over a decade, Donald Trump has demonstrated a shrewd — even brilliant — grasp of what motivates his followers. That’s why he’s won two elections and only barely lost a third. But Trump has always been more effective as a challenger than as an incumbent — the one election he lost was as a sitting president — and 18 months into his second term, the president seems to be losing his political touch. A glaring gap keeps growing between what he’s focused on and what voters care about, and his recent tone-deaf speech about voter fraud highlights that damaging disconnect. America is at war, a war Trump chose to fight after promising to avoid foreign conflicts, and the costs are mounting rapidly. At least 17 U.S. soldiers are dead and about 500 injured.
The White House has requested an emergency aid package of $67 billion to fund the war, and the Washington Post reports: “The Pentagon faces an urgent budget shortfall caused largely by the war in Iran, with some critical lines of funding set to run out within weeks.” For civilians, the average price of gas is now back to over $4 a gallon, and according to Brown University’s Iran War Energy Cost Tracker, Americans have shouldered more than $72 billion in increased fuel bills since the war began in February. That works out to more than $550 per household, and consumer resentment is rising. In the latest Washington Post poll, Trump’s overall approval rating remains stuck at 37%, but only 33% support his economic policies and 27% back the war effort. Two-thirds describe groceries as “unaffordable,” up from 45% in February, and many Republicans are increasingly frustrated with the president’s relentless rants. “To me, it’s just a missed opportunity to talk about an issue that voters are actually going to cast votes on,” Michigan Republican strategist Jason Cabel Roe told The Hill. “We continue to have to revert to him airing his grievances, and, you know, Republicans are expected to just stand and salute to it.” “When moms and dads lie down to sleep at night and can’t, what are they mostly worried about? I would say cost of living. That’s what I believe,” said Sen. John Kennedy of Louisiana. “But he’s the president, and he was elected by the people, and he can talk about whatever he wants.” Other GOP lawmakers say Trump is ignoring a basic truth: American politics is always about the future, not the past. “It’s like it’s a really good show,” said Sen. Thom Tillis of North Carolina. “But you’ve watched the reruns too many times.” As a result, reports the Post, there “are signs that Trump’s base is weakening.” Only 15% of Trump backers “approve strongly” of the president, a new low, down from 19% in February. And there is a growing enthusiasm gap between potential Democratic and Republican voters. “Democrats are 10 points more likely to be certain to vote this year than Republicans,” writes the Post. “And more than 7 in 10 Democrats say it is ‘more important’ to vote in 2026 than in previous midterm elections, compared with just over half of Republicans.” To some strategists, this fading zeal explains Trump’s speech on voter fraud. He pulled out all the favorite catchphrases that have always motivated his base — plot, fraud, cheat, even Deep State — in an attempt to generate pressure on Congress to pass the SAVE Act, a bill that would rig the fall election for Republicans by disenfranchising as many as 21 million valid voters. And if the bill fails, as is likely, he acquires one more grievance to motivate his supporters. But his ploy could also ignite “a political backfire for the GOP,” warns the Wall Street Journal. “If Republican voters believe” the election system is corrupt, then “why waste time going to the polls in November?” Rep. Thomas Massie of Kentucky, who lost a primary to a Trump-backed challenger, argues that since Republicans control the White House and both houses of Congress — plus the Supreme Court — playing the victim won’t work. “And we’re trying to convince people that the problem is we can’t win elections, or the elections weren’t fair?” Massie told The Hill. “It may energize a small amount of the base, but it’s going to fall flat among the swing voters.” Do those swing voters care more about election fraud in Venezuela or gas and grocery prices in Visalia or Vincennes or Vicksburg? The answer is obvious, but not to Trump. — Steven Roberts teaches politics and journalism at George Washington University. He can be contacted by email at stevecokie@gmail.com. Subscribers are entitled to 10 gift sharing articles each month. These can be shared with friends and family who are not subscribers. Copyright 2026 Times Herald Online. All rights reserved. The use of any content on this website for the purpose of training artificial intelligence systems, algorithms, machine learning models, text and data mining, or similar use is strictly prohibited without explicit written consent.",https://www.timesheraldonline.com/2026/07/24/steven-v-roberts-more-signs-trump-is-losing-his-touch-with-his-base/
V,"Rosenborg v United: Tickets, TV info & more - Manchester United Website",2026-07-24 19:49:52,"This website is using a security service to protect itself from online attacks. The action you just performed triggered the security solution. There are several actions that could trigger this block including submitting a certain word or phrase, a SQL command or malformed data. You can email the site owner to let them know you were blocked. Please include what you were doing when this page came up and the Cloudflare Ray ID found at the bottom of this page. Cloudflare Ray ID: a20782aedaa1a1b9
•

        Your IP:
        Click to reveal
172.212.169.144
•

Performance & security by Cloudflare",https://www.manutd.com/en/news/how-to-watch-and-follow-rosenborg-v-united-pre-season-friendly-24-july-2026
V,Measure V report highlights transportation upgrades benefiting Gustine and countywide - Westside Connect,2026-07-24 19:07:23,"By proceeding, you accept our Terms of Service (including arbitration and class action waiver) and Privacy Policy. We and our partners use cookies, pixels, and similar technologies to collect information for purposes outlined in our Privacy Policy, including personalized content and ads. GUSTINE — The Merced County Association of Governments has released the 2026 edition of On the MoVe, its annual community report detailing how Measure V transportation sales tax dollars were spent across Merced County, including several significant projects in Gustine. The voter‑approved half‑cent sales tax generated $26.7 million in revenue during Fiscal Year 2024‑25 and invested nearly $15 million in transportation improvements countywide. The audited financial statements included in the report show, “total revenue: $26,762,905… total expenditure: $14,984,261.” Since Measure V took effect in 2017, the program has produced more than $200 million for road repairs, mobility upgrades and public transit. This year’s report highlights dozens of projects completed between July 2024 and June 2025, ranging from street rehabilitation and bridge replacements to sidewalk infill, bicycle infrastructure and intersection improvements. Every incorporated city in Merced County received Measure V funding, along with county‑maintained roads and regional corridors. Gustine is featured prominently in the West Side Regional Project List, which outlines improvements funded through the regional portion of Measure V. Projects listed for Gustine include airport security fencing, East Side storm drainage improvements, the Highway 33/140 roundabout and Highway 33/140 signalization. These entries appear in the report’s project table, including “Airport Security Fencing — Gustine” and “Hwy. 33/140 Roundabout — Gustine.” The roundabout and signalization work are intended to improve safety and traffic flow at one of the city’s busiest intersections, a key connection point for commuters, agricultural transport and regional travel. Local sidewalk improvements in Gustine also appear earlier in the report. Photos show work completed on North Avenue sidewalk infill and East Avenue sidewalk upgrades, part of ongoing efforts to improve pedestrian access and safety in residential neighborhoods. These projects are among several small‑scale improvements funded through Measure V’s local allocation, which supports city‑level repairs and upgrades. Countywide, Measure V supported a wide range of transportation improvements. Examples highlighted in the report include the Lorraine Street Bridge replacement in Dos Palos, Palm Avenue rehabilitation in Merced County, and multiple sidewalk and street repairs in Merced, Livingston and Los Banos. The report also shows $2.3 million spent on alternative transportation modes, including bicycle and pedestrian improvements and investments in zero‑emission transit vehicles. Public transportation continues to play a major role in countywide mobility. Measure V’s free‑fare program provided 202,019 rides on The Bus’ fixed‑route system last fiscal year. Of those trips, 133,358 were taken by seniors, 63,366 by ADA‑eligible passengers and 5,295 by veterans. The report states that the program “helped residents access employment, medical care, shopping and other essential services.” MCAG Executive Director Stacie Guzman said the annual report demonstrates the value of the voter‑approved measure. “Every Measure V dollar spent represents an investment that Merced County residents made in their own communities,” Guzman said. The full 2026 On the MoVe report is available at mcagov.org/onthemove, with free printed copies in English and Spanish at all Merced County city halls and the county administration building.",https://www.westsideconnect.com/news/government/measure-v-report-highlights-transportation-upgrades-benefiting-gustine-and-countywide/
V,"Premier League preseason schedule, results ahead of 2026-27 season - NBC Sports",2026-07-24 19:07:01,"The Premier League preseason for the 2026-27 season is in full flow, and we are here to help you keep track of the schedule and results ahead of the new season. Below you will find the full preseason schedule for all 20 Premier League teams, complete with the latest scores and results. 1 August v Girona (A)5 August v Real Betis (Dublin) 9 August v Borussia Dortmund (H)12 August v Como (H)16 August FA Community Shield v Man City (Cardiff) 21 July — Won 5-0 v Walsall (A)25 July v Porto (A) 28 July v Real Sociedad (Walsall)1 August v Indonesia All-Stars (Jakarta)4 August v BG Pathum United (Pathum Thani)7 August v Bayern Munich (Hong Kong)12 August v PSG - UEFA Super Cup (Salzburg)15 August v Borussia Monchengladbach (A) 24 July — Won 4-1 v St. Pauli (Saalfelden) 30 July v Augsburg (Saalfelden) 4 August v Genoa (behind closed doors)8 August v Real Betis (Seville) 15 July — Won 3-2 v AFC Wimbledon8 August v Rennes (A) - two matches15 August v Eintracht Frankfurt (London) 18 July — Won 4-1 v Wycombe Wanderers25 July v Annecy (behind closed doors)1 August v Strasbourg (behind closed doors)8 August v Roma (H)15 August v Bologna (H) 28 July v Western Sydney Wanderers (Sydney)1 August v Spurs (Sydney)5 August v Juventus (Hong Kong)8 August v AC Milan (Jakarta)9 August v Johor Darul Ta’zim (Johor) 11 July — Lost 3-2 v Wimbledon 18 July — Drew 0-0 v Northampton Town (A) 8 August v Espanyol (H) 14 August v Monaco (H) 18 July — Won 5-1 v Swindon (Crystal Palace Academy)25 July v Bromley28 July v Lens (Lake Como)28 July v Famalicao (Lake Como)15 August v Freiburg 18 July — Won 4-0 v Dundee 0-4 (A) 25 July v Bolton (A)28 July v Stoke (A) 1 August v Hamburg (A)8 August v Stuttgart (A)12 August v Newcastle (Edinburgh)15 August v Lille (H) 25 July v Konyaspor (Slovenia) 28 July v Caykur Rizespor (Slovenia) 1 August v Kasimpasa (Istanbul) 8 August v Eintracht Frankfurt (A) 15 August v OGC Nice (H) 29 July v Osasuna (Colchester) 1 August v Oxford Utd (A)1 August v Wycombe (A)4 August v Le Havre (H)8 August v Rayo Vallecano (H)15 August v Union Berlin (Berlin) 25 July v Wrexham (Tampa)30 July v Sunderland (New Jersey)2 August v Liverpool (Chicago) 8 August v RB Leipzig (H)12 August v Man Utd (Dublin)15 August v Augsburg (H) 25 July v Sunderland (Nashville)29 July v Wrexham (New York)2 August v Leeds (Chicago)9 August v Monaco (Anfield)16 August v Como (Anfield) 1 August v Inter Milan (Hong Kong)5 August v K-League All-Stars (Seoul)9 August v Atletico Madrid (Seoul)16 August FA Community Shield v Arsenal (Cardiff) 18 July — Lost 1-0 v Wrexham (Helsinki) 24 July — Won 5-0 v Rosenborg (Trondheim)1 August v Atletico Madrid (Stockholm) 8 August v Paris Saint-Germain (Gothenburg)12 August v Leeds (Dublin)15 August v AC Milan (Wroclaw) 🔺 Reflections on the 90 minutes🔺 Andrey's first outing in red🔺 The positives to takeMichael reacts to our first pre-season fixture 💬 18 July — Won 3-0 v Darlington (behind closed doors)25 July v Gateshead (A) 29 July v Bristol City (A) 8 August v Valencia (A)12 August v Everton (Edinburgh)15 August v Bayer Leverkusen (H)16 August v Strasbourg (H) 18 July — Won 2-0 v Notts County (A)22 July — Won 3-0 v Blackburn (Albufeira) 26 July v Vitoria (behind closed doors)31 July v Sporting (Faro)8 August v Udinese (Udine)8 August v Barcelona (Udine)12 August v Bayer Leverkusen (H)16 August v Brest (H) 18 July — Won 5-1 v York City (York)25 July v Liverpool (Nashville)30 July v Leeds (New Jersey)2 August v Wrexham (Philadelphia)8 August v Lens (behind closed doors)8 August v Lens (Lens) 15 August v Rennes (Stadium of Light) 22 July — Won 1-0 v MK Dons (behind closed doors)26 July v Auckland FC (Auckland)29 July v Sydney FC (Sydney)1 August v Chelsea (Sydney)8 August v Getafe (behind closed doors) 15 August v Hoffenheim (H)16 August v Hoffenheim (behind closed doors) DISCLAIMER: This site and the products offered are for entertainment purposes only, and there is no gambling offered on this site. This service is intended for adult audiences. No guarantees are made for any specific outcome. If you or someone you know has a gambling problem, please call 1-800-GAMBLER. When you interact with us or our services, we may disclose personal information to third parties, partners, and NBCUniversal’s Related Businesses as described in our Privacy Policy. Some of this activity may be considered a ""sale"" or ""share” under applicable law (residents of applicable states can learn more here).  To opt out of such “sale” or “sharing,” follow the steps below.  Opting out will also prevent the processing of your personal information for targeted ads. Please note: Opting out will also prevent disclosure of personal information to our Related Businesses (except as necessary for the provision of services or when you permit to such disclosure). You will still see ads, but they may be less relevant or based only on our first-party information about you. Your choices related to cookies and device identifiers will apply to devices accessed with your logged in account if you opt out (or opt back in) when you are logged in.  If you are not logged in, your choice will only apply to this browser, and you will need to renew this choice on each browser or device where you want your choice to apply or if you clear your browser cookies. Resident of the states listed in the 'Your Rights' section of our Privacy Policy Only:  To opt out of the “sale” or “sharing” of Personal Information such as cookies and device identifiers, switch this toggle to off (grey color) by moving it left and clicking “Confirm My Choice” below. (This will close this dialogue box, so please open the Opt-Out Form first).   ALL OTHER LOCATIONS: If we do not detect that you are in one of the states listed in 'Your Rights' section of our Privacy Policy, we cannot ensure this choice will be honored by all third parties even if you toggle this button off. You can change your precise geolocation permissions for our mobile apps in your mobile device settings. To opt out of the “sale” or “sharing” of your contact information such as name, email address and other associated personal information, please complete this Opt-Out Form. This will also prevent the processing of such personal information for targeted ads. These Cookies and SDKs are required for Service functionality, including security and fraud prevention, and to enable any purchasing capabilities. You can set your browser to block these tracking technologies, but some parts of the site may not function properly.",https://www.nbcsports.com/soccer/news/premier-league-preseason-schedule-results-ahead-of-2026-27-season
V,The Aston Martin Vanquish 25 Is a Very Limited Celebration of V-12 Power - MotorTrend,2026-07-24 18:33:12,"Available as a coupe or Volante convertible, the Vanquish 25 celebrates 25 years of Aston Martin’s flagship. Twenty-five years is a long time for a nameplate to stick around, especially one created in the early 21st century. But the Aston Martin Vanquish has indeed reached that silver anniversary, a milestone being marked with a special model available as either a coupe or convertible. Production will be limited to just 50 examples—25 of each body style—and feature bespoke details and paintwork created by Q, Aston Martin’s in-house customization house. The brilliant silver coating the cars is called Q Skye Silver, an exclusive paint developed just for the Vanquish 25. It shines brightly under the sun but takes on a much darker tone in the shadows. This contrast helps accentuate the car’s sculptural body lines. The Vanquish 25 also gets special side sills and metal-foil accents that include on the Aston Martin wordmark on the rear of the car. Stainless steel side strakes, unique exhaust tips, Vanquish 25 badging, and exclusive 21-inch wheels complete the exterior. Inside, the cabin of the Vanquish 25 features unique perforation patterns and split finishes. The headrests have embroidered Vanquish 25 logos and the Aston Martin wordmark is laser-etched into the trim. The bright red start/stop button is surrounded by unique trim, and black Alcantara lines the roof above occupants in both 2+2 and true two-seater configurations. Of course, the star of the show, and what makes the Vanquish special, is its Aston Martin V-12 engine. Under the hood of the 2026 Vanquish 25 sits the latest version of the 5.2-liter twin-turbo V-12, the AE31. Although this engine first debuted in the DB11 in 2016, enhancements made in 2024 for the current Vanquish’s debut strengthened the block, improved turbocharger response, and raised output to 824 horsepower and 738 lb-ft of torque. With that much power on tap, the Vanquish coupe is capable of a 0–60 mph time of 3.3 seconds and an 11.2-second quarter-mile at 132.5 mph in MotorTrend testing, as well as a top speed of 214 mph. The 2026 Aston Martin Vanquish 25 is set to make its physical debut during Monterey Car Week next month. Deliveries are scheduled to begin toward the end of this year. Get the newest car reviews, hottest auto news, and expert analysis of the latest trends delivered straight to your inbox! Having experience in many forms of the automotive industry, Justin Banner has done more than just write about cars. For more than 15 years, he's had experience working as an automotive service technician—including a stint as a Virginia State Inspector—service advisor, parts sales, and aftermarket parts technical advisor (a fancy way of saying he helped you on the phone when you had trouble fitting your brakes over your aftermarket wheels and the like). 

Prior to his tenure as a full-time editor, Justin worked as a freelance writer and photographer for various publications and as an automotive content creator on YouTube. He’s also covered multiple forms of motorsports ranging from Formula Drift, drag racing, and time attack, to NASCAR, short course off-roading, and open desert racing. He's best known for breaking down complex technical concepts so a layperson can more easily understand why technologies, repairs, and parts should matter to them. At MotorTrend, Justin is part of the news team covering breaking news and topics while also working as a judge for MotorTrend Of the Year events and other major comparison tests. Subscribe to our newsletters to get the latest in car news and have editor curated stories sent directly to your inbox.",https://www.motortrend.com/news/first-look-2026-aston-martin-vanquish-25-silver-anniversary
V,Guarani v Internacional de Limeira derby decides the Série C summit - OneFootball,2026-07-24 18:31:52,"Get the full live experience with the OneFootball app. In one of the most balanced editions in its history, Brazil’s Série C continues this weekend, with matches stretching through Monday (27). The highlight is Guarani vs. Inter de Limeira, in the final match of the round, which begins with the Limeira side sitting exactly at the top of the table with 25 points. Guarani is fifth, with 23. The other teams in the G8, which today would qualify for the second phase, are: Brusque (2nd, with 24), Santa Cruz (24), Paysandu (23), Botafogo-PB (6th, with 22), Maringá (22), and Ferroviária (22). Ferroviária vs. Maranhão, at 5:00 p.m. – Fonte Luminosa; Santa Cruz vs. Figueirense, at 5:00 p.m. – Arena Pernambuco; Volta Redonda vs. Anápolis, at 7:00 p.m. – Raulino de Oliveira. Ypiranga vs. Barra, at 4:00 p.m. – Colosso da Lagoa; Amazonas vs. Paysandu, at 8:30 p.m. – Carlos Zamith. Guarani vs. Inter de Limeira, at 8:00 p.m. – Brinco de Ouro; Floresta vs. Maringá, at 8:00 p.m. – Presidente Vargas. This article was translated into English by Artificial Intelligence. You can read the original version in 🇧🇷 here. Welcome to the comments! Please keep conversations courteous and on-topic. For more information, see our community guidelines. Top scorer in the 2026 Brasileirão, Pedro leads Série A in the 2020s again Corinthians beat Remo to end Série A first half, Brasileirão state of play Santos snatch win over Vasco in Brasileirão Série A U20 semi-final Check the head-to-head record for Brasileirão round 20 Predicting which clubs the summer's biggest free agents will sign for There are still some massive names who are set to become free agents in the summer, with some high-profile deals due to expire at the end of next month.As speculation... Tottenham: Why James Maddison was not awarded a penalty against Leeds as Premier League issue statement Spurs midfielder denied a big moment on his return from injuryThe Premier League has explained why Tottenham were not awarded a penalty in their draw against Leeds.As the clock ticked... Bento's howler delays CR7's first title in Saudi Arabia 😱 An ugly mistake by Brazilian goalkeeper Bento prevented Al-Nassr from winning the Saudi League title this Tuesday.Cristiano Ronaldo’s team was leading 1-0 until the 53rd minute of the second half,... OneFootball is proud to partner with Yahoo! Sports to deliver quality football content to fans in USA and Canada. These cookies are necessary for the website to function and cannot be switched off in our systems. They are usually only set in response to actions made by you which amount to a request for services, such as setting your privacy preferences, logging in or filling in forms. You can set your browser to block or alert you about these cookies, but some parts of the site will not then work. These cookies do not store any personally identifiable information. Third party trackers collect information to use for analytics and to personalize your experience with targeted ads. Under the Colorado CPA, the Virginia CDPA, the Texas DPSA, the Oregon CPA, the Montana CDPA, and the Florida DBR, you have the right to opt-out of the sale of your personal data to third parties, of targeted advertising related processing, and of some types of profiling. You may exercise your rights by using the toggles below. If you opt out, the ads and content that you see may not be as relevant to you. Under the Colorado CPA, you have the right to opt back in to these categories at any time should you initially choose to opt out, and you may do so using the same toggles provided below. For more details on the data we process and how to exercise your rights, and to view information related to required opt-in disclosures, see our Privacy Policy These cookies may be set through our site by our advertising partners. They may be used by those companies to build a profile of your interests and show you relevant adverts on other sites. They do not store directly personal information, but are based on uniquely identifying your browser and internet device. If you do not allow these cookies, you will experience less targeted advertising. These cookies allow us to count visits and traffic sources so we can measure and improve the performance of our site. They help us to know which pages are the most and least popular and see how visitors move around the site. All information these cookies collect is aggregated and therefore anonymous. If you do not allow these cookies we will not know when you have visited our site, and will not be able to monitor its performance.",https://onefootball.com/en/news/guarani-v-internacional-de-limeira-derby-decides-the-serie-c-summit-43182086
V,"Masthead Changes at V Magazine, Nordstrom's Fashion Director, - Daily Front Row",2026-07-24 18:23:47,"Clément Condat is now Art Director of V Magazine. Elyssa Goodman has joined the outlet as Associate Editor and Gabby Buchan has joined as Fashion Market Editor. Brooke Bobb is now VP, Fashion Director at Nordstrom. Raissa Gerona is now President, Brand and Partnerships at Revolve Group. She has been the company’s chief brand officer since 2014. Jonathan Saunders is now Executive Creative Director at Kate Spade. Yann Musquin has been promoted to Head of LVMH fragrance brands. Morgaine McGee is now CEO at Temperly London. Jack Isenberg is now the brand’s Design Director. Joshua Robinson is now Account Executive at Agentry PR. Veronica Reyes is now Manager on the Celeb & Influencer Team at SHADOW. Buzz Feed (media) is eliminating roughly 15 positions. HuffPost Executive Editor Kate Palmer also announced her departure. Sara Spruch-Feiner is now Senior Editor at BeautyMatter. Kelsey McIntyre is now Account Director at Murphy O’Brien. Isabel Steckman is now Account Coordinator at Fisher Public Relations. Zhao Jinmai is now Brand Ambassador at CHARLES & KEITH. Eileen Gu is now Giorgio Armani’s Global Makeup Ambassador. TMRW PR is now representing Descalco, a new menswear brand founded by Lucas Di Matteo. Francesca Simons Consulting is now representing Spinelli Kilcollin and Van Den Abeele Paris. Kate White Little Communications (KWLC) is now representing OOBE and OOBE BRAND. Eddie Roche is the Chief Content Officer of The Daily Front Row/Daily Summer/Daily Hollywood @eddie2275 on Instagram Save my name, email, and website in this browser for the next time I comment.",https://fashionweekdaily.com/daily-media-masthead-changes-at-v-magazine-nordstroms-new-fashion-director-a-big-promotion-at-revolve-and-more/
V,Click here to watch Chivas v Bravos de Juárez live! - OneFootball,2026-07-24 18:22:35,"Get the full live experience with the OneFootball app. Guadalajara wrapped up its preparations this Saturday afternoon for its second match of the Apertura 2026 at the AKRON Stadium, where it will host FC Juárez. Managed by Gabriel Milito, the team will look to earn its first points of the tournament in front of a sold-out crowd at the Home of Mexicans. The support of all Chivahermanos is vital, no matter where in Mexico or the world you are, so here we present the many options you will have to follow this match live and direct. Guadalajara vs FC JuárezMatchday 2 of Apertura 2026Saturday, July 25, 5 PMAKRON Stadium Where to watch Chivas vs Juárez on Matchday 2 of Apertura 2026?MEXICO- Streaming: Amazon Prime- Radio: La Tapatía 103.5 FM and DK 1250 AM UNITED STATES- TV: Telemundo Deportes and FOX Deportes (Delayed)- Streaming: PEACOCKTV.COM REST OF THE WORLD- Streaming: CHIVASTV.MX (Canada, LATAM, Caribbean, Europe, Asia, Africa, and Oceania)- Streaming: ONEFOOTBALL TV (Europe, Asia, Africa, and Oceania) This article was translated into English by Artificial Intelligence. You can read the original version in 🇪🇸 here. Welcome to the comments! Please keep conversations courteous and on-topic. For more information, see our community guidelines. A historic night! How Chivas' first Amazon Prime Video broadcast went Predicting which clubs the summer's biggest free agents will sign for There are still some massive names who are set to become free agents in the summer, with some high-profile deals due to expire at the end of next month.As speculation... Tottenham: Why James Maddison was not awarded a penalty against Leeds as Premier League issue statement Spurs midfielder denied a big moment on his return from injuryThe Premier League has explained why Tottenham were not awarded a penalty in their draw against Leeds.As the clock ticked... Bento's howler delays CR7's first title in Saudi Arabia 😱 An ugly mistake by Brazilian goalkeeper Bento prevented Al-Nassr from winning the Saudi League title this Tuesday.Cristiano Ronaldo’s team was leading 1-0 until the 53rd minute of the second half,... OneFootball is proud to partner with Yahoo! Sports to deliver quality football content to fans in USA and Canada. These cookies are necessary for the website to function and cannot be switched off in our systems. They are usually only set in response to actions made by you which amount to a request for services, such as setting your privacy preferences, logging in or filling in forms. You can set your browser to block or alert you about these cookies, but some parts of the site will not then work. These cookies do not store any personally identifiable information. Third party trackers collect information to use for analytics and to personalize your experience with targeted ads. Under the Colorado CPA, the Virginia CDPA, the Texas DPSA, the Oregon CPA, the Montana CDPA, and the Florida DBR, you have the right to opt-out of the sale of your personal data to third parties, of targeted advertising related processing, and of some types of profiling. You may exercise your rights by using the toggles below. If you opt out, the ads and content that you see may not be as relevant to you. Under the Colorado CPA, you have the right to opt back in to these categories at any time should you initially choose to opt out, and you may do so using the same toggles provided below. For more details on the data we process and how to exercise your rights, and to view information related to required opt-in disclosures, see our Privacy Policy These cookies may be set through our site by our advertising partners. They may be used by those companies to build a profile of your interests and show you relevant adverts on other sites. They do not store directly personal information, but are based on uniquely identifying your browser and internet device. If you do not allow these cookies, you will experience less targeted advertising. These cookies allow us to count visits and traffic sources so we can measure and improve the performance of our site. They help us to know which pages are the most and least popular and see how visitors move around the site. All information these cookies collect is aggregated and therefore anonymous. If you do not allow these cookies we will not know when you have visited our site, and will not be able to monitor its performance.",https://onefootball.com/en/news/click-here-to-watch-chivas-v-bravos-de-juarez-live-43182041
V,"What channel is Celtic v AC Milan pre-season friendly on? TV coverage, live stream and kick-off time - Radio Times",2026-07-24 18:00:44,"Check out how to watch Celtic v AC Milan in 2026/27 pre-season match, including TV channel, radio coverage and kick-off time. Celtic continue preparations for their Scottish Premiership title defence by hosting Italian giants AC Milan on Saturday. The new campaign north of the border kicks off on Friday 31 July, with the Hoops set to wait until the following Monday for their opener against Dundee. Pre-season friendlies are about fitness and tactical tweaks rather than results, but some fans may be concerned that Martin O'Neill's side are winless this summer – and were heavily beaten by Sporting earlier this month. Saturday's game against AC Milan, who were fifth in Serie A last season but boast a talent-packed squad, will be another stern test for Celtic in what is their final friendly before the start of the 2026/27 campaign. Radio Times has rounded up everything you need to know about how to watch Celtic v AC Milan on TV and online. Read more football features: Best players in the world | Best players of all time | Live football on TV today Celtic v AC Milan will take place on Saturday 25 July 2026. Check out our live football on TV guide for the latest times and information. The match is set to be played at Celtic Park Stadium in Glasgow. Unfortunately, the match has not been chosen for live TV broadcast in the UK. However, fans can tune in to watch the pre-season game online via CelticPlayer. An annual pass for CelticPlayer costs £65 for UK and Ireland fans, while it is £20 per month or £175 annually for fans outside the UK and Ireland. This page contains content provided by Google reCAPTCHA. We ask for your permission before anything is loaded, as Google reCAPTCHA may use cookies and other technologies. To view this content, choose 'Accept and continue' to allow Google reCAPTCHA and its required purposes. UK viewers can stream the game live online via CelticPlayer. The streaming platform is available on a range of devices, from desktop and laptop computers to smartphones and tablets via the app. Unfortunately, the pre-season game has not been selected for national radio broadcast. In working partnership with the Radio Times, bet365 has provided the following betting odds for this event: bet365 odds: Celtic (13/8) Draw (5/2) AC Milan (13/10)* For all the latest football odds and more, visit bet365 today. Bet £10 & Get £30 in Free Bets for new customers at bet365. Min deposit requirement. Free Bets are paid as Bet Credits and are available for use upon settlement of bets to value of qualifying deposit. Min odds, bet and payment method exclusions apply. Returns exclude Bet Credits stake. Time limits and T&Cs apply. *Odds subject to change. 18+. T&Cs apply. GambleAware.org. Note – The bonus code RT365 does not change the offer amount in any way. Check out more of our Sport coverage or visit our TV Guide and Streaming Guide to find out what's on. For more TV recommendations and reviews, listen to The Radio Times Podcast. Ned is a sports writer at RadioTimes.com. He has covered a host of sports from EFL football, international cricket and golf all the way through to bike polo and triathlon. This page contains Radio Times content provided by Google reCAPTCHA. We ask for your permission before anything is loaded, as Google reCAPTCHA may use cookies and other technologies. To view this content, choose 'Accept and continue' to allow Google reCAPTCHA and its required purposes. Find what's worth watching with Radio Times magazine and app. Less scrolling, more great TV. With a lifetime mortgage, the most popular type of equity release, you continue to own 100% of your home. The loan, plus any accrued interest, is repaid when you pass away or move into long-term care. One lucky pair will win a West End theatre break to Harry Potter and the Cursed Child, plus an overnight stay at The Royal Horseguards Hotel. Enter before 2nd August 2026",https://www.radiotimes.com/tv/sport/football/celtic-ac-milan-pre-season-2026-27-preview/
V,C.H. Robinson to appeal $604M verdict in Lipe v. Lupus Superior - Transport Topics,2026-07-24 18:00:00,"[Stay on top of transportation news: Get TTNews in your inbox.] Freight brokerage giant C.H. Robinson is appealing a $604 million jury verdict handed down July 24 in a case that found it liable for a 2021 fatal crash in Mississippi. The outcome of Lipe v. Lupus Superior comes less than three months after a landmark Supreme Court ruling affirmed that negligent hiring claims against freight brokers can proceed under state law. PREMIUM: Small brokers and carriers face pressure after SCOTUS ruling The case, tried in Dallas County Court in Texas, centered on whether C.H. Robinson and motor carrier Lupus Superior were liable for negligence relating to a crash that killed three people and injured two others. “We extend our deepest sympathies to everyone affected by this tragic accident,” Dorothy Capers, chief legal officer at C.H. Robinson, told Transport Topics. “Every loss of life on our nation’s highways is one too many. We strongly disagree with the verdict in Lipe v. Lupus Superior, LLC, et al. and will immediately appeal.” C.H. Robinson asserts that it should not be held liable and did not act negligently. The company pointed out that the carrier had safely delivered nearly 270 loads for its customers and held a satisfactory rating from the Federal Motor Carrier Safety Administration when it was selected. “Safety is core to how we operate and always has been,” Capers said. “We go beyond federal requirements and apply multiple layers of safety and risk criteria that we continuously re-evaluate and strengthen. The shipments we arrange overwhelmingly move without incident, with one serious accident claim filed for every 500 million miles driven on our customers’ loads.” Capers views the decision as reinforcing ongoing calls for the federal government to better address road safety. She also noted that the carrier maintained a satisfactory rating even after a federal review of the accident. C.H. Robinson, she pointed out, does not employ drivers. “The extreme nature of this verdict means it is even more imperative that Congress and the federal government act with urgency to establish clear and proper accountabilities across the transportation industry that enhance highway safety and support the uninterrupted flow of goods across the United States,” Capers said. Jennifer Lipe, Benjamin Brewer and Rhoderick Coleman burned to death in their vehicles after a Lupus Superior truck crashed into stopped traffic in Mississippi. Rodney Hawkins and Gabrielle Broussard were injured. The plaintiffs in the case were represented by law firm Arnold & Itkin. The largest 3PLs in North America continued to face volatile business conditions last year, from compressed margins to tariff-driven supply chain upheaval. Read more “No amount of money will replace the parents and spouses who burned to death in this horrible crash,” said Roland Christensen, attorney at Arnold & Itkin. “But this verdict is a message to C.H. Robinson and the brokering industry that their dangerous practices are not acceptable.” Christensen claimed the company refused to accept responsibility for hiring a motor carrier with a history of safety alerts. C.H. Robinson also was at the center of the Supreme Court’s Montgomery v. Caribe Transport II ruling, issued May 14. RELATED: C.H. Robinson sees clarity in Montgomery decision That case challenged whether federal law that restricts states from regulating brokerage services protects freight brokers from state lawsuits over negligent hirings. The high court’s decision is notable for undoing what had been a presumed protection for brokers. C.H. Robinson expressed optimism at the time that the ruling would lead to needed legal clarity. C.H. Robinson ranks No. 2 on the Transport Topics Top 100 list of the largest logistics companies in North America.",https://www.ttnews.com/articles/ch-robinson-604m-verdict
V,"Unusual Options Activity: IREN, RKT and Others Attract Market Bets, IREN V/OI Ratio Reaches 229.1 - Moomoo",2026-07-24 17:34:10,"To create a seamless experience and for website quality and improvement purposes, we use cookie technologies for verification and quality purposes, to personalize the content presented, and to provide advertising that may be of specific interest to you. Learn our Privacy Policy here. EST Jul 24th Afternoon Delivery - In the last two hours of trading, 10 options with a high V/OI ratio were detected. With the market volatile, it's crucial to stay informed on the latest options trends. Of the 10 options trades detected with a high V/OI ratio, a trade on $IREN Ltd (IREN.US)$ put contracts stood out with a volume of 3,208, far exceeding its open interest of 14 with a V/OI ratio of 229.14. The premium, or cost, of the trade was $349.67K. The strike price of this contract is $31.500 and the expiration date is August 7th, 2026, 14 days later. Another option trade worth noting is a trade on $Rocket (RKT.US)$ put contracts with a volume of 3,000, far exceeding its open interest of 14 with a V/OI ratio of 214.29. The premium, or cost, of the trade was $126K. The strike price of this contract is $10.000 and the expiration date is October 16th, 2026, 84 days later. There is also a notable transaction on $Amazon (AMZN.US)$ call contracts with a volume of 1,570, far exceeding its open interest of 15 with a V/OI ratio of 104.67. The premium, or cost, of the trade was $800.7K. The strike price of this contract is $255.000 and the expiration date is September 4th, 2026, 42 days later. Unusual options activity identifies a single option trade with a volume-to-open-interest ratio (V/OI) equal to or above 10, which means the volume of the trade is much higher than the existing positions. High V/OI often implies that a trader is opening a new position with an unusual amount. Options activities are filtered based on the following criteria: Options trade with V/OI≥10, while OI of the contract must be ≥10. The underlying asset of selected options must be individual stock with a market cap≥$5 billion. If there are at least 3 or more trades that meet all the criteria in the corresponding time period, an article will be generated at 11:30, 13:30, and 16:30 ET each trading day. Options trading entails significant risk and is not appropriate for all customers. It is important that investors read Characteristics and Risks of Standardized Options before engaging in any options trading strategies. Options transactions are often complex and may involve the potential of losing the entire investment in a relatively short period of time. Certain complex options strategies carry additional risk, including the potential for losses that may exceed the original investment amount. Supporting documentation for any claims, if applicable, will be furnished upon request. The past performance of a security or financial product does not guarantee future results or returns. Customers should consider their investment objectives and risks carefully before investing in options. Because of the importance of tax considerations to all options transactions, the customer considering options should consult their tax advisor as to how taxes affect the outcome of each options strategy. Illegal and Violation Use the share button in your browser  to share the page with your friends Investment products and services are offered through Moomoo Financial Inc., Member SIPC./FINRA. For further information about Moomoo Financial Inc., please visit Financial Industry Regulatory Authority (FINRA)’s BrokerCheck. Options trading entails significant risk and is not appropriate for all customers. It is important that investors read Characteristics and Risks of Standardized Options before engaging in any options trading strategies. Options transactions are often complex and may involve the potential of losing the entire investment in a relatively short period of time. Certain complex options strategies carry additional risk, including the potential for losses that may exceed the original investment amount. Supporting documentation for any claims, if applicable, will be furnished upon request. $0 commission trading is available only to U.S. residents trading in the U.S. markets through Moomoo Financial Inc. Other fees may apply. For more info, visit moomoo.com/us/pricing Investing involves risk and the potential to lose principal. Electronic trading also involves risks. The responsiveness of the trading system may vary due to market conditions, system performance, and other factors. Account access and trade execution may be affected by factors such as market volatility. Investment products are not insured by the FDIC, not a deposit, and may decline in value. The services and products offered on the website are subject to applicable laws and regulations, as well as relevant service terms and policies. The services and products are not available to all customers or in all geographic areas or in any jurisdiction where it is unlawful for us to offer such services and products. Company Address：Moomoo Financial Inc. and Moomoo Technologies Inc, 185 Hudson St Ste. 2600, Jersey City, NJ 07302 Copyright © 2026 Moomoo Technologies Inc. All Rights Reserved.",https://www.moomoo.com/news/post/73515144/unusual-options-activity-iren-rkt-and-others-attract-market-bets?level=1&data_ticket=1784942601845028
V,"Aion V review — plush, yes … so why do I feel so uncomfortable? - The Times",2026-07-24 17:15:57,"Would you buy a Chinese car? Have you already? There are arguably many reasons to be cautious before doing so. At the most basic level, the same concerns that would be true of any newcomer to the market are there: will the company survive over the difficult first few years and be able to provide after-sales support? If the car is involved in an accident, are there enough repair centres and spare parts available to get it fixed? But with Chinese brands the worries may be deeper. The Ministry of Defence is concerned enough about China using cars for espionage, using the onboard microphones and cameras that are increasingly common in cabins, that it has warned officials not to discuss sensitive information while inside any civilian vehicles. This is true not just of the state-owned carmakers, such as SAIC, which owns MG; Dongfeng, which manufactures the Dacia Spring; and Changan, which has a joint venture with Mazda to produce the new Mazda 6e. Even private firms such as BYD would have to hand over data to the Chinese state if they were asked for it, so the MoD casts them all in the same light. So even though about 165 BYDs are on the MoD fleet, alongside 1,376 MGs and another 198 from SAIC-owned Maxus, they are all treated the same. Why the MoD uses them at all is an excellent question. Apparently they are considered part of a “white fleet” that is “for routine business, not sensitive military activity”. You can bet affordability had a part to play, though — one imagines our government got an excellent deal on them. The companies involved insist they meet all legal and regulatory obligations when handling data, though it may give private buyers such as yourselves pause for thought. While the MoD is cautious, I’m downright opposed. If I lived in China, just writing the five paragraphs above could result in a knock on my door and the possibility of being re-educated, or “disappeared”. Journalists have been punished for less. And let’s not forget that human rights abuses in China are well documented by the likes of Amnesty International. Call me a stickler, but I’m not too keen on supporting companies either owned by or linked to authoritarian regimes that don’t take kindly to being held to account. Some people compare China’s entry into the UK market to when Japanese carmakers did the same thing in the 1960s and 1970s, but it’s not the same thing at all. China is more like its allies Russia or North Korea, and I’d not buy cars made by their manufacturers either. There are issues, too, if you want to talk about it in strict business terms, because it has not been a level playing field: the Chinese state has broken WTO rules according to many experts, including the former Conservative Party leader Iain Duncan Smith, and artificially propped up its businesses in order to dominate global markets. They were also smart in insisting on joint ventures with western carmakers in return for access to its own market, which was a money-spinner for the likes of Volkswagen, General Motors and Ford for about twenty years, but one might argue China’s scant regard for intellectual property is the reason its own cars are now competitive. All of which upsets my British sense of fair play. But taking the moral high ground is tricky when the Chinese carmakers are churning out objectively excellent products at bargain prices. The Aion V (“ay-on vee”) that you see here is a good example. Aion is owned by GAC Group, which is controlled by the regional government in Guangzhou, and although GAC is a newbie to the UK it has been producing vehicles under contract for other firms in China for decades, so it knows how to build a car. That experience means Aion isn’t turning up with a product that is shoddily made — one look at the panel gaps will tell you that, and the cabin exudes quality everywhere you look and touch. For example, the picnic table in the rear (available with the Premium pack) — there’s just one, fitted behind the passenger seat, the idea being that you can slide the front seat forward and work or watch a film on your laptop with plenty of legroom without changing the driving seat position — is not a flimsy flip-up job that you might find in a Renault or Fiat of old; it has a lovely, metal-bracketed hinge and folding action that the likes of Bentley would not be too ashamed of fitting to its cars. It’s genuinely impressive. The rest of the cabin is top notch too. Easily a match for western carmakers at the lower end of the premium market, with comfortable seats, quilted leather door liners, chrome-effect window switches and speaker covers, and a general sense that a good deal of work has gone into the details. OK, it’s laid out remarkably like a number of other new electric cars (I talked about that in my review of the Mazda 6e), and it could do with more physical controls, but there are no issues with quality. Aion’s quality control means the V is No 1 in the JD Power list for its class in China, so we can expect a good level of reliability and durability. In the UK customers are offered Aion’s “Great 8” package, which includes eight years’ warranty, roadside assistance, MoTs and servicing. I only had it for a week but drove from London to Liverpool and back and it didn’t skip a beat. I also felt comfortable making that journey as the advertised range from the 75.3kWh battery is 317 miles per charge, with a rapid charge from 10-80 per cent possible in 24 minutes, assuming you can draw the maximum 180kW. Because I was hammering it on mostly motorway and blasting the air-con, I saw 2.1 miles per kWh, which means the need to plug in at least every 158 miles, but that still meant I only needed to stop once each way. I’d make a joke about them being welcome breaks in every sense, because the Aion V is not the most pleasant car to drive, but actually it’s not awful on the motorway. I followed a Geely EX5 for a while, and noticed it had similar body control to my car — that is to say, neither had much of it at all, with both floating up and down over the undulations in the road. Being overtaken by a BMW 2 Series really highlighted the difference between a properly set-up suspension system and our cars — the Beemer glided along flatly with beautiful poise by comparison. On a twisty road, again the Aion will be fine for most drivers, but those who like predictability and a dynamic edge will be left wanting, because the steering is vague and the brakes inconsistent in feel. Apparently GAC employs 6,000 people at its R&D centre, and the Aion V’s chassis has been set up on UK roads, but some more work needs to be done to match more established rivals. Combine that with nannying driver aids, and the extreme level of intervention from the likes of the lane-keeping assist (there’s a Tesla-level semi-autonomous system with lane-change assist) and driver monitoring system, and it feels like the car is fighting you at times, rather than working with you. You need to go through the touchscreen to turn it all off, which isn’t easy when the infotainment screen is picking up reflections from the sun while travelling up the M6, I found. I try extremely hard to leave my preconceptions and biases at my front door when testing cars, but while there is plenty to like about the Aion V, I did think to myself while behind the wheel, am I not liking this simply because it’s a Chinese car? In the end I decided that, no, it’s objectively not as fun to drive as the competition. But if the company can bring its chassis up to the same standard as its interiors, the likes of Volkswagen, Kia, Skoda, Hyundai and Ford — and even Audi, BMW and Mercedes — are in real trouble. The question will still remain, though: do you feel comfortable buying a car from a company owned by an authoritarian state? © Times Media Limited 2025.Registered in England No. 894646. Registered office: 1 London Bridge Street, SE1 9GF. Enjoy unlimited access to all articles.
			Ends soon.",https://www.thetimes.com/life-style/driving/article/aion-v-review-times-driving-jx8639388
V,Aston Villa Football Club - The Official Club Website - Aston Villa FC,2026-07-24 17:13:22,"These cookies allow us to count visits and traffic sources so we can measure and improve the performance of our site. They help us to know which pages are the most and least popular and see how visitors move around the site. All information these cookies collect is aggregated and therefore anonymous. If you do not allow these cookies we will not know when you have visited our site, and will not be able to monitor its performance. These cookies enable the website to provide enhanced functionality and personalisation. They may be set by us or by third party providers whose services we have added to our pages. If you do not allow these cookies then some or all of these services may not function properly. These cookies may be set through our site by our advertising partners. They may be used by those companies to build a profile of your interests and show you relevant adverts on other sites. They do not store directly personal information, but are based on uniquely identifying your browser and internet device. If you do not allow these cookies, you will experience less targeted advertising. These cookies are necessary for the website to function and cannot be switched off in our systems. They are usually only set in response to actions made by you which amount to a request for services, such as setting your privacy preferences, logging in or filling in forms. You can set your browser to block or alert you about these cookies, but some parts of the site will not then work. These cookies do not store any personally identifiable information.",https://www.avfc.co.uk/news/2026/july/24/memberships-prematch-how-to-watch-porto-v-villa/
V,AMD Ryzen 7 9800HX3D could bring 3D V-Cache to a much wider range of gaming laptops - Notebookcheck,2026-07-24 15:28:00,"AMD's mobile X3D lineup could finally be getting something other than a halo-tier 16-core processor. A new leak claims the company is preparing the Ryzen 7 9800HX3D, an 8-core gaming laptop CPU with 3D V-Cache that could make its debut around CES 2027.The information comes from reliable Weibo leaker Golden Pig Upgrade Pack, who says the processor had previously been floating around under the Ryzen 7 9755HX3D moniker. AMD has apparently settled on Ryzen 7 9800HX3D instead, bringing its naming closer to the popular desktop Ryzen 7 9800X3D. As for specifications, the Ryzen 7 9800HX3D reportedly features 8 cores and 16 threads, boosts up to 5.1 GHz, and packs 96 MB of L3 cache. If the leak is accurate, the Ryzen 7 9800HX3D would be AMD's first 8-core mobile X3D processor. That's significant because AMD has so far, all of AMD's laptop offerings with 3D V-Cache have been 16-core SKUs. Golden Pig claims AMD will not mandate a specific discrete GPU tier for laptops equipped with the Ryzen 7 9800HX3D. That would give OEMs considerably more freedom when configuring systems around the processor, potentially allowing it to show up alongside a much broader range of mobile GPUs. AMD's previous HX3D processors have largely been confined to expensive, flagship-class gaming laptops, often paired with similarly high-end GPUs. Between the Ryzen 7 branding, eight-core configuration and lack of an apparent GPU pairing requirement, the Ryzen 7 9800HX3D could make mobile 3D V-Cache accessible well below the traditional halo segment. Hence, the 8-core Ryzen 7 9800HX3D could make AMD laptops more accessible to end users. Games generally don't benefit from doubling the core count from eight to 16 nearly as much as heavily threaded productivity workloads do. There could be another practical benefit for laptops. A smaller 8-core configuration potentially gives OEMs more room to balance CPU power consumption against the discrete GPU, although actual power limits and efficiency will ultimately depend on how AMD configures the chip and how laptop manufacturers implement it. That's particularly relevant in gaming notebooks, where giving a power-hungry 16-core CPU more wattage doesn't necessarily translate into a better gaming experience. Golden Pig claims the Ryzen 7 9800HX3D is scheduled to enter mass production in Q4 2026. That timeline makes CES 2027 a plausible venue for its formal introduction.",https://www.notebookcheck.net/AMD-Ryzen-7-9800HX3D-could-bring-3D-V-Cache-to-a-much-wider-range-of-gaming-laptops.1350998.0.html
V,SABIC’s new PPS compounds insulate power modules for 800 V EV inverters - Charged EVs,2026-07-24 15:24:57,"Posted July 24, 2026 by Chris Ruoff & filed under Newswire, The Tech. SABIC has introduced two grades of polyphenylene sulfide (PPS) compounds built to insulate high-voltage power modules, including the insulated-gate bipolar transistor (IGBT) switching devices used in electric drive systems. The new LNP THERMOCOMP OFM76XXP and OFM76EXP compounds have the potential to be used in power modules for 800 V and higher traction inverters and fast chargers, as well as renewable energy systems and industrial automation such as robotics. Both grades carry a comparative tracking index (CTI) of PLC 0, the highest CTI class, along with dielectric strength for electrical insulation and UL94 V0 flame retardancy down to a 0.4 mm wall thickness. SABIC says the compounds retain 90% of their strength and insulation capability after 1,000 hours of heat aging at 200° C. Compared with polybutylene terephthalate (PBT) and polyphthalamide (PPA) materials, the company says they offer better dimensional stability and resistance to thermal shock, supporting thinner and lighter parts. They can also be molded in white or light colors so the QR codes printed on IGBTs stay visible. PPS resins withstand continuous heat and resist tracking, the surface breakdown that can form conductive paths across an insulator at high voltage. Both properties matter in 800 V power electronics, where higher voltages and denser packaging stress the insulating materials. The OFM76EXP grade offers enhanced laser-marking capability, adhesion to silicone-based sealants and crack resistance, and SABIC says it has the highest impact strength of the comparable materials. Beyond IGBT module insulation base plates, SABIC lists potential uses in DC power transmission systems, high-voltage inverters and breakers, integrated busbar brackets and renewable energy infrastructure. Both grades are available globally. ""Higher voltages, greater power densities and miniaturization are driving manufacturers of critical power electronic devices like IGBT switches to choose materials that help enhance stability and power,"" said Sergi Monros, SABIC's Vice President of the Specialties Business. The free webinar sessions from our Spring Virtual Conference are now available to view on-demand. Register for a session below to watch the recording and download the presentation.",https://chargedevs.com/newswire/sabics-new-pps-compounds-insulate-power-modules-for-800-v-ev-inverters/
V,"AMD working on new X3D V-cache mobile chip for gaming laptops, leaker claims — Ryzen 7 9800HX3D could launch with 8 cores, 16 threads, and 96MB cache - Tom's Hardware",2026-07-24 15:07:53,"Tom's Hardware Premium equips you with world-class
coverage and detailed insights into the evolving hardware landscape. Get started with free access to reviews, badges and discussions. Unlock exclusive tools and insights for enthusiasts who want more. Access Bench, Roadmaps, deep analysis and other exclusive tools. Dive into our proprietary testing data and compare hardware with detailed benchmarks. Go beyond the headlines with expert reporting on the hardware industry. Track upcoming CPUs, GPUs and tech releases before they arrive. In-depth features, interviews and insider stories from the world of hardware. Expert insights and analysis delivered to your inbox. Dive into our proprietary testing data and compare hardware with detailed benchmarks. Go beyond the headlines with expert reporting on the hardware industry. Track upcoming CPUs, GPUs and tech releases before they arrive. In-depth features, interviews and insider stories from the world of hardware. Expert insights and analysis delivered to your inbox. Unlock benchmarks, deep dives and roadmaps for $29.00/year. Join for quick access. Enter your email below and we'll send confirmation plus sign you up to our newsletter. By submitting your information, you confirm you are aged 16 or over,
have read our
Privacy Policy
and agree to the
Terms & Conditions. Geographical rules apply. Get Tom's Hardware's best news and in-depth reviews, straight to your inbox. When you purchase through links on our site, we may earn an affiliate commission. Here’s how it works. A new 3D V-Cache-equipped CPU is reportedly in the works and could arrive as a mobile counterpart to the Ryzen 7 9800X3D. According to prominent tech industry insider Golden Pig Upgrade Pack on Weibo, the Ryzen 9 9800HX3D is expected to enter mass production in Q4 2026, with a potential launch at CES 2027. The chip is rumored to feature an 8-core, 16-thread configuration with boost clock speeds of up to 5.1 GHz, and 96MB of L3 cache. It is also claimed that the processor was previously rumored to launch as the Ryzen 7 9755HX3D; however, it seems that the company might settle on the 9800HX3D. This essentially brings the branding in line with the desktop Ryzen 7 9800X3D. The chip could follow the same cache configuration with an eight-core CCD with 32MB of native L3 cache and a 64MB 3D V-cache stack. Currently, AMD's most powerful 3D V-Cache-equipped mobile processor is the Ryzen 9 9955HX3D, featuring 16 cores, 32 threads, and a maximum boost clock of 5.4 GHz. It also offers a substantially higher L3 cache at 128MB and a configurable TDP of 55-75W. While AMD hasn’t confirmed any details, the Ryzen 7 9800HX3D could likely be featured on premium gaming laptops that don't require the additional cores of the flagship 9955HX3D. An 8-core Zen 5 processor paired with 3D V-Cache could strike a better balance between gaming performance, power consumption, and overall system cost. The rumored processor also aligns with AMD's recent approach of refreshing its X3D lineup instead of introducing new gaming CPUs. Similar to the recently announced Ryzen 9 9950X3D2 and the reintroduction of the 5800X3D, the 9800HX3D appears to build on an existing design while bringing AMD's latest branding and gaming-focused cache technology to another product tier. The introduction of the 9800HX3D would also give laptop manufacturers a new gaming-focused option that is positioned below the flagship 9955HX3D. The processor would likely attract consumers seeking desktop-class gaming performance without paying the premium typically associated with 16-core mobile CPUs. As always, the rumored specifications and launch timeline should be treated with caution until AMD makes an official announcement. Follow Tom's Hardware on Google News, or add us as a preferred source, to get our latest news, analysis, & reviews in your feeds. Get Tom's Hardware's best news and in-depth reviews, straight to your inbox. Kunal Khullar is a contributing writer at Tom’s Hardware.    He is a long time technology journalist and reviewer specializing in PC components and peripherals, and welcomes any and every question around building a PC. Tom's Hardware is part of Future US Inc, an international media group and leading digital publisher. Visit our corporate site. ©
Future US, Inc. Full 7th Floor, 130 West 42nd Street,
New York,
NY 10036.",https://www.tomshardware.com/pc-components/cpus/amd-working-on-new-x3d-v-cache-mobile-chip-for-gaming-laptops-leaker-claims-ryzen-7-9800hx3d-could-launch-with-8-cores-16-threads-and-96mb-cache
V,Fixture Rearrangement | Dundee United v Dundee - Dundee United Football Club,2026-07-24 15:00:12,"Our William Hill Premiership fixture against Dundee has been rearranged and selected for live TV coverage The Dundee derby has been moved for TV coverage and will now kick-off at a later time of 5.45pm, with the match shown live on Premier Sports. Ticket information will be relayed to supporters early next week.",https://www.dundeeunitedfc.co.uk/news/9445/Fixture-Rearrangement--Dundee-United-v-Dundee.html
V,"Yokogawa's WT1500 power analyzer measures up to 2,000 V DC without high-voltage dividers - Charged EVs",2026-07-24 14:54:56,"Posted July 24, 2026 by Chris Ruoff & filed under Newswire, The Tech. Yokogawa Test & Measurement has released the WT1500, a four-channel power analyzer that measures up to 2,000 V DC directly, eliminating the need for the high-voltage dividers that test setups normally need to reach those levels. The instrument extends the company’s WT series into high-voltage testing for electrified vehicles, energy storage and renewable power conversion, and it fits in a 2U, 19-inch chassis built for rack-mounted and PC-controlled benches. High-voltage systems in electrified vehicle and renewable applications can run into the thousands of volts, so test setups often add external dividers to scale the signal down before it reaches the analyzer. Those dividers can introduce measurement error and complicate the wiring. Yokogawa designed the WT1500 to read up to 2,000 V without them, covering power conversion systems (PCS) and energy storage systems (ESS) directly. The analyzer has a total power accuracy of ±0.038% at DC and 50/60 Hz and a low-power-factor accuracy of ±0.07% of apparent power at 50/60 Hz, which Yokogawa says are the best DC figures in the WT series. It takes two types of input element. The High Voltage (HV) element measures up to 2,000 V DC and 300 kHz for PCS and ESS work, and the Wide Bandwidth (WB) element handles up to 1,000 V at 2 MHz for the high-frequency waveforms of modern EV motors. Both share a common sensor input and can be mixed in a single unit. The WT1500 supports four power measurements and four motor evaluations, including both encoder and resolver signal inputs. The resolver support lets engineers run motor evaluation tests without extra equipment. Conventional motor efficiency measurements otherwise synchronize separately measured power and resolver signals on a PC. The analyzer also offers IEEE 1588 time synchronization, data output to CAN and CAN-FD buses and transmission over UDP, and it can be controlled remotely from a PC, external monitor or tablet. For work that needs more than four channels, up to five WT1500 units can be synchronized for 20-channel power measurement, and one unit acts as the main controller. Yokogawa says multi-unit synchronization will be added in a later release. Four current input terminals supply power to current sensors and work with a set of new current adapters offered as accessories: the CT Series solid-core adapter (60 A to 2,000 A, AC/DC), the CT1000S split-core adapter (1,000 A, AC/DC) and AC-only current clamp probes in 50 A and 200 A classes. The free webinar sessions from our Spring Virtual Conference are now available to view on-demand. Register for a session below to watch the recording and download the presentation.",https://chargedevs.com/newswire/yokogawas-wt1500-power-analyzer-measures-up-to-2000-v-dc-without-high-voltage-dividers/
V,How to Get Free Stream of the Crop Mark V Armor Style in Halo: Campaign Evolved - Insider Gaming,2026-07-24 14:48:28,"Master Chief is back where it all began in Halo: Campaign Evolved, and fresh new looks are available for the iconic Spartan, including the Stream of the Crop Mark V Armor Style. Halo Studios‘ return to the origin of the Halo story has raised eyebrows, particularly with multiplayer omitted, but there’s still a hefty amount to get stuck into, including the new Campaign Remix mode, new Skulls to collect, and three prequel missions. If you’re keen to earn the Stream of the Crop Mark V Armor Style, Insider Gaming has all the details you need. Before going any further, consider downloading the free Insider Gaming app for the cleanest way to read your gaming news on iOS and Android. The Stream of the Crop Mark V Armor Style for Halo: Campaign Evolved is only available through Twitch Drops when certain requirements are met. In order to earn the reward, you must be logged into your Twitch account, which also needs to be connected to your Halo Waypoint account, and watch for two hours in a qualifying stream. Before the item is active in game, you may need to manually ‘claim’ the reward through the Twitch Drops menu in Halo Waypoint, though this shouldn’t take too long. However, be quick, as the Stream of the Crop Mark V Armor Style is not around forever. The Stream of the Crop Mark V Armor Style for Halo: Campaign Evolved is only available to earn until Tuesday, August 4, resulting in a slim period of time to claim the reward. This Armor Style is available as part of Halo: Campaign Evolved’s launch celebrations, with a two-week window where it can be earned. After that, it may be gone for good. That said, given it’s just a cosmetic item used in the campaign, it won’t make too much difference if you miss out on it, and there are plenty of other options in the game. Further rewards and styles are also set to be available moving forward, so keep an eye out for what Halo Studios has to offer. Check out the Halo: Campaign Evolved launch trailer below. What armor style in Halo: Campaign Evolved are you rocking? Let us know through the official Insider Gaming Discord Server. For more Insider Gaming content, check out ‘How to Link Microsoft and XBOX Accounts to PlayStation for Halo: Campaign Evolved on PS5,’ and be sure to sign up for our free Weekly Newsletter. Save my name, email, and website in this browser for the next time I comment. The EA FC 27 Closed Beta is the first proper hands-on gameplay for the public, and its start dates and times are nearly here. All the details on how to get the free Sandstone Ancient Armor Style in Halo: Campaign Evolved to mix up Master Chief’s look. All the details on how to unlock the free Panda Team Jr Sidekick in Fortnite, which is only available for a limited time. EA has introduced a new premium edition for EA FC 27, named Ultimate Plus, but is it worth the lofty price?",https://insider-gaming.com/halo-campaign-evolved-free-stream-of-the-crop-armor/
V,The city-parish wants to join LRK v. St. George. Sid Edwards isn’t happy about it - Baton Rouge Business Report,2026-07-24 14:22:41,"As seen in Baton Rouge Business Report's July 2026 Issue The city-parish government has moved to intervene in LRK LLC’s lawsuit challenging St. George’s legal status. But Baton Rouge Mayor Sid Edwards is publicly distancing himself from the move, critic…",https://www.businessreport.com/politics/city-parish-st-george-sid-edwards
V,Everton v Crystal Palace Ticket News - Everton FC,2026-07-24 13:56:26,"We and our 1017 partners use cookies and other tracking technologies to improve your experience on our website. We may store and/or access information on a device and process personal data, such as your IP address and browsing data, for personalised advertising and content, advertising and content measurement, audience research and services development. Additionally, we may utilize precise geolocation data and identification through device scanning. Please note that your choices will apply only to this website. Once you give consent, a floating button will appear at the bottom of your screen, allowing you to change or withdraw your consent at any time. We respect your choices and are committed to providing you with a transparent and secure browsing experience. Customise your consent preferences for Cookie Categories and advertising tracking preferences for Purposes & Features and Vendors below. You can give granular consent for each Third Party Vendor. Most vendors require explicit consent for personal data processing, while some rely on legitimate interest. However, you have the right to object to their use of legitimate interest. Additionally, please note that your preferences regarding purposes and vendors are saved in a cookie named 'euconsent' on your device and may be retained for up to 730 days to remember your choices. We use cookies to help you navigate efficiently and perform certain functions. You will find detailed information about all cookies under each consent category below. The cookies that are categorised as ""Necessary"" are stored on your browser as they are essential for enabling the basic functionalities of the site. ... Show more Necessary cookies are required to enable the basic features of this site, such as providing secure log-in or adjusting your consent preferences. These cookies do not store any personally identifiable data. Functional cookies help perform certain functionalities like sharing the content of the website on social media platforms, collecting feedback, and other third-party features. Analytical cookies are used to understand how visitors interact with the website. These cookies help provide information on metrics such as the number of visitors, bounce rate, traffic source, etc. Performance cookies are used to understand and analyse the key performance indexes of the website which helps in delivering a better user experience for the visitors. Advertisement cookies are used to provide visitors with customised advertisements based on the pages you visited previously and to analyse the effectiveness of the ad campaigns. The _twpid cookie is a session-based HTTP cookie associated with static.ads-twitter.com. It is used for advertising and tracking purposes, specifically to monitor visitor behavior and interaction to optimize the relevance of ads The __spdt cookie is a third-party tracking identifier primarily used by Podsights (a Spotify-owned podcast advertising analytics platform). It tracks user interactions with audio ads and analyzes website behavior across multiple sites to optimize advertisement relevance and measure ad efficiency Used to recognize and match events for TikTok advertising campaigns; helps with conversion attribution and ad optimization. Other uncategorised cookies are those that are being analysed and have not been classified into a category as yet. Cookies, device or similar online identifiers (e.g. login-based identifiers, randomly assigned identifiers, network based identifiers) together with other information (e.g. browser type and information, language, screen size, supported technologies etc.) can be stored or read on your device to recognise it each time it connects to an app or to a website, for one or several of the purposes presented here. Advertising presented to you on this service can be based on limited data, such as the website or app you are using, your non-precise location, your device type or which content you are (or have been) interacting with (for example, to limit the number of times an ad is presented to you). Number of Vendors seeking consent or relying on legitimate interest: 782 Information about your activity on this service (such as forms you submit, content you look at) can be stored and combined with other information about you (for example, information from your previous activity on this service and other websites or apps) or similar users. This is then used to build or improve a profile about you (that might include possible interests and personal aspects). Your profile can be used (also later) to present advertising that appears more relevant based on your possible interests by this and other entities. Advertising presented to you on this service can be based on your advertising profiles, which can reflect your activity on this service or other websites or apps (like the forms you submit, content you look at), possible interests and personal aspects. Information about your activity on this service (for instance, forms you submit, non-advertising content you look at) can be stored and combined with other information about you (such as your previous activity on this service or other websites or apps) or similar users. This is then used to build or improve a profile about you (which might for example include possible interests and personal aspects). Your profile can be used (also later) to present content that appears more relevant based on your possible interests, such as by adapting the order in which content is shown to you, so that it is even easier for you to find content that matches your interests. Content presented to you on this service can be based on your content personalisation profiles, which can reflect your activity on this or other services (for instance, the forms you submit, content you look at), possible interests and personal aspects. This can for example be used to adapt the order in which content is shown to you, so that it is even easier for you to find (non-advertising) content that matches your interests. Information regarding which advertising is presented to you and how you interact with it can be used to determine how well an advert has worked for you or other users and whether the goals of the advertising were reached. For instance, whether you saw an ad, whether you clicked on it, whether it led you to buy a product or visit a website, etc. This is very helpful to understand the relevance of advertising campaigns. Number of Vendors seeking consent or relying on legitimate interest: 902 Information regarding which content is presented to you and how you interact with it can be used to determine whether the (non-advertising) content e.g. reached its intended audience and matched your interests. For instance, whether you read an article, watch a video, listen to a podcast or look at a product description, how long you spent on this service and the web pages you visit etc. This is very helpful to understand the relevance of (non-advertising) content that is shown to you. Number of Vendors seeking consent or relying on legitimate interest: 404 Reports can be generated based on the combination of data sets (like user profiles, statistics, market research, analytics data) regarding your interactions and those of other users with advertising or (non-advertising) content to identify common characteristics (for instance, to determine which target audiences are more receptive to an ad campaign or to certain contents). Number of Vendors seeking consent or relying on legitimate interest: 569 Information about your activity on this service, such as your interaction with ads or content, can be very helpful to improve products and services and to build new products and services based on user interactions, the type of audience, etc. This specific purpose does not include the development or improvement of user profiles and identifiers. Number of Vendors seeking consent or relying on legitimate interest: 676 Content presented to you on this service can be based on limited data, such as the website or app you are using, your non-precise location, your device type, or which content you are (or have been) interacting with (for example, to limit the number of times a video or an article is presented to you). Number of Vendors seeking consent or relying on legitimate interest: 178 Your data can be used to monitor for and prevent unusual and possibly fraudulent activity (for example, regarding advertising, ad clicks by bots), and ensure systems and processes work properly and securely. It can also be used to correct any problems you, the publisher or the advertiser may encounter in the delivery of content and ads and in your interaction with them. Certain information (like an IP address or device capabilities) is used to ensure the technical compatibility of the content or advertising, and to facilitate the transmission of the content or ad to your device. The choices you make regarding the purposes and entities listed in this notice are saved and made available to those entities in the form of digital signals (such as a string of characters). This is necessary in order to enable both this service and those entities to respect such choices. Information about your activity on this service may be matched and combined with other information relating to you and originating from various sources (for instance your activity on a separate online service, your use of a loyalty card in-store, or your answers to a survey), in support of the purposes explained in this notice. In support of the purposes explained in this notice, your device might be considered as likely linked to other devices that belong to you or your household (for instance because you are logged in to the same service on both your phone and your computer, or because you may use the same Internet connection on both devices). Your device might be distinguished from other devices based on information it automatically sends when accessing the Internet (for instance, the IP address of your Internet connection or the type of browser you are using) in support of the purposes exposed in this notice. With your acceptance, your precise location (within a radius of less than 500 metres) may be used in support of the purposes explained in this notice. With your acceptance, certain characteristics specific to your device might be requested and used to distinguish it from other devices (such as the installed fonts or plugins, the resolution of your screen) in support of the purposes explained in this notice. PREMIER LEAGUEEVERTON V CRYSTAL PALACEHILL DICKINSON STADIUMSATURDAY 22 AUGUSTKICK-OFF 3PM The ballot application window for Forever Blue+ Members for the Crystal Palace fixture will open on Monday 27 July at 10am. Ballot applications can be submitted online, over the phone on 0151 556 1878, or in person at the Hill Dickinson South Stand box office. Supporters will have until 4pm on Tuesday 28 July to submit their application. Box office opening times can be found here. Supporters wishing to enter the ballot during this priority period can gain access by signing up for a Forever Blue+ membership here. Forever Blue Members can also upgrade to a Forever Blue+ membership by calling the Everton Fan Centre on 0151 556 1878 and quoting their membership/supporter number. Eligible supporters will be able to apply individually or in a group of up to six family and friends (please note, all supporters within a group must meet the eligibility criteria for the ballot). Each membership/supporter number can only be entered into a ballot once. Therefore, if a membership/supporter number is included as part of a group application, it cannot then be used for a separate individual application or an application as part of another group. Tickets are limited to one per Member. Supporters should note that, in order to accrue an individual booking history, unique supporter numbers must be given for each attending supporter. Successful applicants will receive confirmation of their ticket by Thursday 30 July. Should any tickets remain, a second sales window will open at 10am on Friday 31 July for Forever Blue Members. Forever Blue+ Members who did not enter the ballot, or whose ballot entry was unsuccessful, will also be eligible to purchase tickets during this sales window. Official ticket and hotel packages for all Everton Premier League home fixtures are available via Sportsbreaks.com. Packages include an official match ticket in Block 204 or 206, plus a minimum one-night stay in a handpicked Liverpool hotel, including breakfast. Official Premium experiences for all Everton Premier League home fixtures are available via seatunique.com It is an offence under Section 166 of the Criminal Justice and Public Order Act 1994 for any unauthorised person to resell tickets. Further information regarding the Club's stance against Ticket Touting can be seen here.",https://www.evertonfc.com/news/2026/july/24/everton-v-crystal-palace-ticket-news/
V,"George V. Mioglionico, Jr. Obituary - Worcester Telegram",2026-07-24 13:33:04,"George Veto Mioglionico, Jr. (75) passed away on July 20, 2026, after living with leukemia. He was predeceased by his wife Jacalyn (Mentzer) in 2023. He is survived by 2 daughters Angela Mioglionico and Jennifer McQuade; two grandchildren, Coralina (Lina) and Caleb; and his canine “daughter” Cali. He was born on May 30,1951; the son of George Mioglionico, Sr. and Dorothy (Beliveau) Mioglionico. George leaves behind 4 siblings, Peter and Steven Mioglionico, Karen Daigneault, and Ann Mitchell; as well as many siblings-in-law, nieces, nephews, and friends. George attended Burncoat Senior High School before joining the Navy in 1969. After he was discharged George became a plumber in the Holden area, originally as an employee and then taking ownership of Chaffins Plumbing (and Heating). He was passionate about his work and the connections he made with customers. He was a quietly generous person, often donating to various organizations; and a gregarious member of his community. George enjoyed NASCAR races, classic cars, bowling, golf, cruises, country music, local restaurants, and movies. Calling hours will be July 29 from 4-7 p.m. at Miles Funeral Home, 1158 Main Street, Holden.  A funeral will be held at 11a.m. on July 30th at First Baptist Church, 111 Park Ave, Worcester.  Everyone is encouraged to honor George’s life by donating blood or platelets to their local American Red Cross. A full obituary can be found at milesfuneralhome.com Coping with grief when a traditional funeral isn't possible",https://www.telegram.com/obituaries/pneo1528209
V,Why Mobley v. Workday has far-reaching legal impacts for HR leaders - HR Executive,2026-07-24 12:15:52,"As previously covered, the litigation and regulatory risks facing HR departments adopting artificial intelligence are continuing to emerge. The initial wave of AI-related risks facing HR departments tested legal theories focused on discrimination, and the second wave has focused on the use of AI to create “consumer reports” about job applicants in violation of the Fair Credit Reporting Act (FCRA). Now, courts have started reaching the merits of the first wave of AI-related discrimination cases, which will likely open the door for similar suits in the future. This article discusses the recent court decision addressing AI-related discrimination claims and what employers can do to mitigate these risks. In February 2023, a class action was filed against Workday (Mobley v. Workday, Inc.), alleging that Workday’s AI-driven HR tools, such as HiredScore AI and Candidate Skills Match, discriminate on the basis of race, age and disability in violation of several federal and California laws. The case alleges that Workday’s AI recommendation system, Candidate Skills Match, which scored and ranked individuals, produced discriminatory outcomes at scale across hundreds of employer-customers. The court previously conditionally certified an Age Discrimination in Employment Act (ADEA) class of persons aged 40 and older whose applications were processed by Workday’s AI recommendation system from September 2020 to the present. Earlier this year, the court also allowed a claim against Workday’s AI recommendation system to proceed under California’s Fair Employment and Housing Act (FEHA). In addition to letting the FEHA claim proceed, the court also held that the FEHA claim can extend to Workday’s AI-powered hiring tools used by non-California employers to evaluate non-California applicants. The court’s most significant holding is that FEHA reaches Workday’s conduct as a California-based agent engaging in allegedly discriminatory screening on behalf of employer-customers nationwide. The court rejected three principal arguments for dismissal: To mitigate risks from potential AI-related lawsuits, employers and HR departments should take certain mitigation measures, including: 222 Lakeview Ave Suite 800 West Palm Beach FL 33401",https://hrexecutive.com/why-mobley-v-workday-has-far-reaching-legal-impacts-for-hr-leaders/
V,Canon Fixes the EOS R6 V’s Biggest Missing Feature in New Firmware Update - Canon Rumors,2026-07-24 12:09:05,"When you purchase through links on our site, we may earn an affiliate commission. Here's how it works. Canon has released new firmware for the EOS R6 V. This coincides with the release of the EOS R6 Mark III, and since both cameras are pretty similar, this shouldn't come as a surprise. The biggest update in our opinion is that the EOS R6 V now supports firing the flash. This was something that surprised us when the camera was launched a couple of months ago. This is big news for the people that want the R6 V as a camera for photography as well as video. Canon has also fixed a bunch of bugs with the latest firmware Canon Rumors is the leading independent source for rumors, news, and developments regarding all things Canon—past, present, and future. Disclaimer: Canon Rumors is not affiliated with Canon Inc. or any of its subsidiaries.",https://www.canonrumors.com/canon-has-released-firmware-v1-1-0-for-the-eos-r6-v/
V,V Girls: Violet Grohl Is Blazing Her Own Trail - V Magazine,2026-07-24 12:00:00,"The emerging artist turning years of inspiration into a sound all her own. The emerging artist turning years of inspiration into a sound all her own. Violet Grohl has spent her whole life around music—on tour buses, sitting at breakfast tables, in the back of cars—and yet Be Sweet To Me, her debut album, feels like something conjured entirely from within. Recorded at music producer Justin Raisen’s Los Angeles home studio, it is the work of someone who has been patiently sharpening her instincts for years, waiting for the right moment to let them loose. That moment required a complete change of direction mid-recording. “The vibe I had originally intended no longer felt authentic to how I was feeling,” she says over the phone from Los Angeles. “I wanted to lean into the sludge and the shoegaze elements. I was in the perfect environment to experiment in that way and let myself go in that direction.” The result is a record that moves between fuzzy alt-rock and hazy shoegaze with the ease of someone who has spent a lifetime obsessively consuming music. She is currently in the middle of a Kate Bush rediscovery, for example. “I don’t think I understood it as deeply as I do now,” she says. “The way she builds these sonic landscapes and paints pictures with her music — it’s so inspiring.” New finds matter just as much: a TikTok algorithm recently served her a music video from an underground Australian punk group, xiao xiao, and she has been evangelical about them ever since. Like her music, Grohl’s personal style also maintains a quiet self-possession. Her aesthetic gravitates toward the nostalgic: vintage pieces from the 1920s through ‘40s, a prized Victorian dress or two, and an unwavering commitment to the blazer regardless of the Los Angeles heat. “I have my summer blazers, I have my winter blazers,” she says. Style icons run from Exene Cervenka — whose poster hangs in her office — to Lydia Lunch and Sinead O’Connor: women who dressed entirely for themselves. Grohl is finding the same freedom in her own wardrobe, choosing clothes not to signal cool but to feel more unmistakably herself. It is the same quality that defines her music and the person she is becoming. With a Reading Festival slot ahead and the recent completion of her first headlining show, Grohl feels she is just getting started. “I’m looking forward to learning, to growing, meeting new people and having those experiences.” On the evidence of Be Sweet To Me, those experiences are worth watching. This story appears in the pages of V161: now available for purchase! We are using cookies to give you the best experience on our website. You can find out more about which cookies we are using or switch them off in settings. This website uses cookies so that we can provide you with the best user experience possible. Cookie information is stored in your browser and performs functions such as recognising you when you return to our website and helping our team to understand which sections of the website you find most interesting and useful. Strictly Necessary Cookie should be enabled at all times so that we can save your preferences for cookie settings. This website uses Google Analytics to collect anonymous information such as the number of visitors to the site, and the most popular pages. Keeping this cookie enabled helps us to improve our website.",https://vmagazine.com/article/v-girls-violet-grohl-is-blazing-her-own-trail/
V,Getting my Suzuki V-Strom 650 XT back in shape after a long hibernation - Team-BHP,2026-07-24 11:45:00,"This website is using a security service to protect itself from online attacks. The action you just performed triggered the security solution. There are several actions that could trigger this block including submitting a certain word or phrase, a SQL command or malformed data. You can email the site owner to let them know you were blocked. Please include what you were doing when this page came up and the Cloudflare Ray ID found at the bottom of this page. Cloudflare Ray ID: a2078a642c876abb
•

        Your IP:
        Click to reveal
172.212.169.144
•

Performance & security by Cloudflare",https://www.team-bhp.com/news/getting-my-suzuki-v-strom-650-xt-back-shape-after-long-hibernation
V,"Kerry v Mayo: TV details, throw-in time, team news for All-Ireland football final - The Irish Times",2026-07-24 09:53:57,"Last year’s champions Kerry will face Mayo in the All-Ireland senior football final at Croke Park. The final will be played on Sunday, with throw-in at 3.30pm. You can watch the final on RTÉ2 or BBC Two. RTÉ coverage starts at 2.15pm, BBC coverage starts at 3pm. On RTÉ, Joanne Cantwell is joined by Lee Keegan, Niall Morgan, Peter Canavan and Tomás Ó Sé for live coverage. Commentary is from Marty Morrissey and Éamonn Fitzmaurice. The Irish Times will also have live updates from Croke Park, as well as reaction and analysis from our team of writers. As is always the case for All-Ireland finals, tickets will not go on general sale. They will instead be distributed through clubs, with the competing counties receiving the largest allocations. Kerry manager Jack O’Connor has named an unchanged team for the game. O’Connor has kept faith with the starting side from their semi-final victory over Dublin, which means Seán O’Shea retains his place ahead of captain Paul Geaney, who is included among the substitutes. KERRY (SFC v Mayo): Shane Murphy; Paul Murphy, Jason Foley, Dylan Casey; Graham O’Sullivan, Mike Breen, Gavin White; Mark O’Shea, Seán O’Brien; Joe O’Connor, Seán O’Shea, Diarmuid O’Connor; Paudie Clifford, David Clifford, Dylan Geaney. Subs: Shane Ryan, Evan Looney, Tomás Kennedy, Keith Evans, Paul Geaney, Armin Heinrich, Brian Ó Beaglaíoch, Tadhg Morley, Micheál Burns, Tom O’Sullivan, Killian Spillane. Conor Loftus will start for Mayo as Andy Moran makes once change for the final, with Paul Towey dropping to the bench. MAYO (SFC v Kerry): Jack Livingstone; Jack Coyne, Donnacha McHugh, Eoin McGreal; Sam Callinan, David McBrien, Enda Hession; Bob Tuohy, Jack Carney; Stephen Coen, Conor Loftus, Jordan Flynn; Darragh Beirne, Ryan O’Donoghue, Kobe McDonald. Subs: Rob Hennelly, Fenton Kelly, Paddy Durcan, Rory Brickenden, Conal Dawson, Aidan O’Shea, Matthew Ruane, Paul Towey, Diarmuid O’Connor, Tommy Conroy, Cian McHale. For Mayo, a win would be everything, having not won the All-Ireland title since 1951, not for the want of trying. Since 1989, Mayo has played in 13 finals (including replays), losing 11 of them, with the others finishing level. Mayo have gone toe-to-toe with Dublin in finals, losing narrowly, but against Kerry they have been less competitive, losing by three points in 1997, by eight points in 2004 and by 13 points in 2006. For Kerry, it would be sweet to hit the 40 mark for All-Ireland titles, it would be Connor’s sixth Sam Maguire and David Clifford’s third, bringing the great forward closer to the titles his talent deserves. Kerry won the Munster title in comfortable fashion, beating Clare 2-19 to 1-14, then Cork 1-23 to 1-15. They came back down to earth with a heavy defeat to Donegal, 2-20 to 0-16, but bounced back to beat Kildare 3-22 to 0-17, Armagh by 4-18 to 0-17, Tyrone by 2-25 to 0-27 and Dublin by 2-18 to 0-20. Mayo had their bad game early in the championship, after beating London by 0-31 to 1-15, they were thrashed by Roscommon 2-25 to 1-18 in the Connacht championship. In the All-Ireland series they held off a Monaghan comeback to win 1-24 to 2-20, then were beaten by Tyrone by a point, 0-22 to 1-18. Mayo then beat Meath 0-22 to 2-13, Cork by 0-23 to 0-18 and finally Louth by a big margin, 3-23 to 0-15. Martin McNally will officiate the final, it will be the Monaghan man’s first senior decider to officiate and his 32nd senior intercounty championship game since taking charge of his first fixture in the summer of 2018. Join The Irish Times on WhatsApp and stay up to date Get an in-depth look at the action with the Inside Gaelic Games newsletter Get an in-depth look at the weekend's action and the best analysis of upcoming fixtures in our weekly newsletter",https://www.irishtimes.com/sport/gaelic-games/2026/07/22/kerry-v-mayo-tv-details-throw-in-time-team-news-for-all-ireland-football-final/
V,"AI: One year on, what Walters v OpenAI tells us about AI hallucinations and defamation liability – Nataly Tedone - Inforrm's Blog",2026-07-24 09:18:03,"One year after the decision in Walters v OpenAI (Case No. 23-A-04860-2) [pdf], the case remains one of the most significant judicial examinations of how traditional defamation principles apply to generative AI, albeit in a U.S. context. While the claimant’s case failed on relatively conventional grounds, the judgment raises important questions about liability, publication, reasonable reliance, and the significance of AI disclaimers. At a time when individuals and organisations are increasingly integrating generative AI into their everyday activities and business processes, the case is worth revisiting, not simply for what the court decided, but also for what it left unresolved. The dispute arose when journalist Frederick Riehl used ChatGPT to research a genuine firearms-related lawsuit, and asked ChatGPT to summarise the complaint involving the Second Amendment Foundation. After a series of unsuccessful attempts to obtain a summary of the case, ChatGPT generated a fictitious response falsely alleging that radio host and gun rights commentator Mark Walters had been involved in embezzlement. Walters subsequently brought a defamation claim against OpenAI in the state of Georgia, arguing that the false output had damaged his reputation. In May 2025, however, the court granted summary judgment to OpenAI. The court identified three independent reasons why the claim could not succeed. First, it concluded that a reasonable reader in the journalist’s position could not have understood the challenged ChatGPT output as communicating actual facts about Walters. In those circumstances, the output did not communicate a defamatory meaning as a matter of law. Secondly, he failed to establish fault under either the ordinary negligence standard or, as a public figure, the higher “actual malice” standard. Thirdly, he was unable to demonstrate any recoverable damages. Although the decision was grounded in the specifics of Georgia defamation law and broader U.S. constitutional free speech principles, it remains one of the first and most significant judicial examinations of how traditional defamation principles may apply to AI-generated misinformation. Viewed narrowly (and leaving ethics/social considerations aside), the outcome in Walters is difficult to dispute under current U.S. law. The allegedly defamatory statement was communicated to a single recipient who was already aware of ChatGPT’s limitations, had encountered multiple warnings regarding potential inaccuracies during the research, and ultimately concluded that the output was false before acting on it. There was also little evidence of publication beyond that interaction and no evidence of tangible reputational harm. On those facts, the decision arguably represents a straightforward application of established defamation principles rather than a radical reimagining of the law. A notable feature of the case was the court’s apparent focus on the perspective of a “reasonable user” of the AI system, which may impact how English Courts treat similar cases in future. Although the court did not establish a “reasonable AI user” test, significant weight was placed on the journalist’s familiarity with ChatGPT and his awareness of its known limitations. The court concluded that a reasonable reader in those circumstances could not have understood the challenged output as conveying “actual facts”. The court’s reliance on repeated cautionary warnings and the user’s familiarity with ChatGPT suggests that clear disclosures regarding the fallibility of AI systems may play an important role in limiting potential liability. Whether courts will continue to attach the same significance to such disclaimers as generative AI becomes increasingly accurate, trusted and embedded in everyday and professional decision-making, however, remains an open question. The U.S. decision raises an obvious comparative question: how would a claim on similar facts be viewed in England and Wales? In Walters, the allegedly defamatory statement was communicated to a single individual who immediately recognised its inaccuracy, making it difficult to establish any meaningful reputational damage. Similarly, in England and Wales, a claimant may struggle to satisfy the serious harm requirement under section 1 of the Defamation Act 2013 where a statement is communicated to only one person who does not believe it to be true. Demonstrating actual or likely reputational damage in such circumstances is likely to be challenging. This issue may be particularly significant in the context of generative AI outputs, which are often dynamic and may vary substantially between users depending on the prompts entered, raising questions about the extent of publication, meaning and the degree of any resulting reputational harm. Where an allegedly defamatory output is seen by only a limited number of users, particularly users who recognise the information as potentially inaccurate, establishing serious harm may prove difficult. This however may give small comfort to individuals and businesses who worry about what may be said about them by generative AI. AI outputs continue to challenge traditional concepts of publication and ultimate liability.  English courts have previously grappled with similar issues in cases involving search engines, website operators and social media intermediaries, particularly when determining whether an intermediary, such as a social media platform, should be treated as a publisher of third-party content. Determining who, if anyone, should properly be treated as the publisher of an AI-generated statement remains one of the most difficult questions in this area and one the court will no doubt have to consider in the near future. In addition to identifying the publisher, the extent of publication presents a significant unresolved issue. Unlike traditional publications, AI-generated outputs are often generated in response to individual prompts and may be viewed only by a limited number of users (or even just be one individual user). Outputs can vary considerably between users, even where similar prompts are used, making it difficult to determine the scale of publication and the audience reached. The more trusted and popular AI becomes, the more likely it is that users will regard its outputs as accurate and authoritative, without independently verifying them or otherwise stress-testing the information received, despite any disclaimers that may be given. This shift in user expectations may affect the extent to which AI-generated statements are understood as conveying facts rather than speculation, error or merely generated text. While the court in Walters concluded that a reasonable user in the circumstances could not have understood ChatGPT’s output as conveying actual facts, that assumption may become harder to sustain as generative AI becomes increasingly embedded in everyday and professional decision-making. The more interesting question is not whether an English court would reach the same conclusion as the Georgia court, but whether it would do so for the same reasons. One year on, Walters v OpenAI continues to represent an important early attempt to apply traditional defamation principles to generative AI. The decision suggests that existing legal frameworks may be capable of resolving at least some AI-related disputes without legislative intervention. Yet it also exposes limitations of applying established doctrines to a technology capable of generating convincing falsehoods (“hallucinations”), often without any intention that such statements be disseminated beyond the original interaction. As AI systems become more sophisticated, trusted and deeply embedded in professional and personal decision-making, the real test for courts may not be cases like Walters, where the falsehood was quickly identified and caused little apparent harm. Rather, it may lie in claims involving greater reliance placed on AI-generated information, wider dissemination or republication (including through mainstream media and social media platforms), and more significant reputational consequences. It may take time before clear judicial trends emerge across different jurisdictions. Whether established defamation law will prove sufficiently adaptable, or whether new legislative and regulatory solutions will ultimately be required, remains an open and increasingly important question. Nataly Tedone is an Associate at Vardags specialising in global reputation, privacy and crisis management matters Inforrm can be contacted by email inforrmeditorial@gmail.com Enter your email address to subscribe to this blog and receive notifications of new posts by email. Slateford, Route to Qualify as reputation law solicitor – 2026 start Subscribe now to keep reading and get access to the full archive.",https://inforrm.org/2026/07/24/ai-one-year-on-what-walters-v-openai-tells-us-about-ai-hallucinations-and-defamation-liability-nataly-tedone/
V,Lois V. Chamberlain - morning-times.com,2026-07-24 09:00:00,"Clear skies. Low 53F. Winds light and variable.. William Raymond “Bill” Johnson, affectionately known as “Pap… A well-attended graveside service for Thomas and Mary Burns, formerly of Sayre, … Lois V. Chamberlain, age 77, of Cranberry Township, PA, (formerly of Sayre, PA), died peacefully July 22, 2026, surrounded by her family. She was born May 28, 1949, to the late Reginald and Freda Austin Vanderpool in Greenes Landing, PA. She married her late husband, Ronald Chamberlain, Sr., on May 24, 1969, and their three children survive them: Ronald Chamberlain, Jr. (Beth), Regina Casper (Ben Bevington), and Michael Chamberlain (Allyson). She was the youngest of six siblings, all of whom she deeply loved, and is survived by two of her sisters, Vivian Chandler and Clarice Chandler, as well as brother Vernon Vanderpool. Lois was predeceased by her sister, Inez Young, and her brother, Doug Vanderpool. She loved and doted over her five grandchildren: James Gottuso, Cassandra and Lydia Casper, and Mason and Gracelyn Chamberlain. Lois’ five grandchildren were the light of her life, and her family was paramount. She had many lifelong friends who were dear to her heart, loved cooking for everyone, and had many pets she cared for over the years. Lois loved to travel, sometimes using her motorhome to visit family and friends, with her favorite vacation destinations often including a beach. She also enjoyed playing bingo and was a ferocious reader, often reading an entire book in a day. Javascript is required for you to be able to read premium content. Please enable it in your browser settings. Your browser is out of date and potentially vulnerable to security risks.We recommend switching to one of the following browsers: We won't sell your personal information to inform the ads you see. You may still see interest-based ads if your information is sold by other companies or was sold previously. Account processing issue - the email address may already exist Must be at least 8 characters, not contain repeating characters (e.g., 111), and not contain sequential numbers (e.g., 123). Would you like to receive our daily news? Sign up today! Sign up for breaking news alerts from morning-times.com!!! Get a weekly local sports round-up from www.morning-times.com every Saturday morning!!! Get a local calendar of events delivered to your e-mail inbox every Saturday!!! Your account has been registered, and you are now logged in. Submitting this form below will send a message to your email with a link to change your password. An email message containing instructions on how to reset your password has been sent to the email address listed on your account. Must be at least 8 characters, not contain repeating characters (e.g., 111), and not contain sequential numbers (e.g., 123). Secure transaction.
Secure transaction. Cancel anytime. Your gift purchase was successful!
Your purchase was successful, and you are now logged in.",https://www.morning-times.com/obituaries/lois-v-chamberlain/article_1941de52-7d5b-4d6b-aa28-1a0915802f0f.html
V,Socialists v. the Senate - Fairmont Sentinel -,2026-07-24 08:43:41,"Political parties tend to harshly reject the idea that they are a threat to the constitutional order, but the Democratic Socialists of America are making it part of their brand. The DSA has released a new program that, besides contemplating the advent of a classless society, calls for abolishing the Senate, the presidency and the Supreme Court. This is literally a revolutionary program to topple the American system as we have known it since 1789. It’s the kind of thing you might expect after angry rebels mount the barricades in Washington, D.C., and overthrow the government. It makes proposals to abolish the filibuster seem trifling in comparison and even makes court-packing look relatively moderate. The proposal to kill off the world’s greatest deliberative body has gotten the most attention. New York City’s DSA co-chair, Gustavo Gordillo, went on Fox News to explain that the senate is “undemocratic,” while Rep. Alexandria Ocasio-Cortez has said that she opposes the filibuster and elements of the Senate that “were founded on Jim Crow.” Contrary to Gordillo, the Senate is a democratic institution; no one wins a Senate seat without getting more votes than his or her opponent. Yet, part of its role in our system is to serve as a check on popular passions. At the institution’s inception, state legislatures appointed senators. Those days are long gone -- the 17th Amendment, ratified in 1913, requires direct election -- but six-year terms and staggered elections give the Senate more insulation from the transient currents of public sentiment than the House of Representatives. Then there are the senate rules that put an emphasis on consensus and delay. AOC sounded confused when she cited Senate practices created under Jim Crow, the system of formalized racial discrimination that arose about 100 years after the creation of the Senate. It’s true that the filibuster was used as a tool to attempt to block landmark civil rights legislation, without ultimate success. But the filibuster is an instrument of every minority party in the Senate trying to block the agenda of a president of the opposing party, very much including Senate Democrats arrayed against President Trump today. The Senate has another function, which is giving small states equal representation with large states. This is the source of the charge that it is undemocratic. Why should Wyoming, population roughly 600,000, have as many senators as California, population nearly 40 million? This is meant, though, to keep large states from having overwhelming influence on the nation’s governance, and to give easy-to-ignore places a say in the nation’s affairs. For proportional representation, there’s the House; California has 52 members of Congress, whereas Wyoming has one. All this said, regardless of the merits, the Constitution deems the provision of equal senators for the states un-amendable: “No State, without its Consent, shall be deprived of its equal Suffrage in the Senate.” This suggests that the dissolution of the constitutional system couldn’t be achieved by constitutional means, since the Founders didn’t supply a readily available self-destruct button for their brilliant handiwork. Not that the DSA cares. What they are seeking would, in some ways, be a return to the Articles of Confederation, under which we had a unicameral legislature and neither a presidency nor federal courts. But this made for a very weak central government, while the DSA wants an overweening Washington, D.C., shorn of the inherent checks on the popular will that come with a multi-layered federal system. In short, it hopes for what Lord Hailsham, in his criticism of the British parliamentary system, famously called an “elective dictatorship.” Secretary of State Marco Rubio gave a speech last week in which he inveighed against left-wing extremists who seek to destroy rather than build, targeting “the physical embodied symbols of power and invention and achievement.” He might have added to the target list, with a nod to the DSA, the U.S. constitutional order; the socialists have met the enemy -- and it is our own longstanding, highly successful governing institutions. 64 Downtown Plaza, Fairmont, MN 56031 - Copyright © Fairmont Sentinel We won't sell or share your personal information to inform the ads you see. You may still see interest-based ads if your information is sold or shared by other companies or was sold or shared previously.",https://www.fairmontsentinel.com/opinion/columns/2026/07/24/socialists-v-the-senate/
V,A/V Geeks Go Old School - Alamo Drafthouse,2026-07-24 01:42:18,"Dim the lights and thread the projector: it's time for some classic A/V Geeks 16mm Edu-tainment! This screening digs into our ever-growing film vaults from decades past to unearth the strangest, catchiest, and most bewilderingly earnest 16mm educational shorts ever forced upon a captive classroom. See musical numbers, felt puppets with something to say, practical jokes gone wrong, and plenty more moral instruction delivered in the most delightfully dated ways imaginable. These are the films your substitute teachers rolled out on rainy afternoons, equal parts wholesome, weird, and...",https://drafthouse.com/show/a-v-geeks-go-old-school
V,Billy V Live: Catching up with the Honua Finals co-founders - Hawaii News Now,2026-07-23 22:00:00,"HONOLULU (HawaiiNewsNow) - Billy V talks story with music group Last Minute and hears a live performance of their latest song. He also connects with Nā Hōkū Hanohano Award winning musician Joshua “Baba” Kamoaniʻala Tavares, and talks story with the co-founders of the upcoming Honua Finals surfing competition. Watch Billy V Live on the HNN Streaming app on your smart TV. Available on Roku, Apple TV, Amazon Fire and Android TV. Copyright 2026 Hawaii News Now. All rights reserved.",https://www.hawaiinewsnow.com/2026/07/23/billy-v-live-latest-hawaii-entertainment-news/
V,"📋 Corinthians named for Copa do Brasil return v Remo, 1st round ends - Yahoo Sports",2026-07-23 21:33:00,"Corinthians take the field this Thursday (23) at 7:30 p.m. (Brasília time) to face Remo at Neo Química Arena, in the match that closes the first half of the 2026 Brasileirão season. The game is Timão’s first official one since the end of May, when football in the country stopped for the 2026 FIFA World Cup. Beyond the sporting aspect, Corinthians’ match against the team from Pará is the first since the club was hit with a FOURTH transfer ban over debts, further deepening the institutional and financial crisis at Parque São Jorge. Two weeks ago, Timão drew 1-1 with Cascavel in the countryside of Paraná in a warm-up friendly. Compared with that match, played on July 12, coach Fernando Diniz opted to bring in Gustavo Henrique, Allan, and Labyad in place of André Ramalho, Raniele, and Rodrigo Garro, respectively, for Corinthians. Remo, coached by Léo Condé, has not played an official match since May 31, when it beat São Paulo 1-0 in the 18th round of the Brasileirão. In the standings, Timão sits in 13th place with 24 points, while Leão do Norte languishes in second-to-last place with 18 points. This article was translated into English by Artificial Intelligence. You can read the original version in 🇧🇷 here.",https://sports.yahoo.com/articles/corinthians-line-cup-return-leg-213300565.html
V,OBITUARY: Carol V. Cote - Marblehead Current,2026-07-23 20:09:34,"It is with great sadness that we announce the peaceful passing of Carol V. Cote on July 6, surrounded by the love of her family. Carol grew up in Manasquan, New Jersey, where she developed the warmth, kindness and sense of humor that defined her throughout her life. She attended Centenary College in New Jersey, where she formed lifelong friendships and embraced the values that guided her through the years. Throughout her career, Carol worked as an administrative assistant at several leading financial institutions, where she was known for her professionalism, dedication, kindness and unwavering work ethic. She also devoted part of her career to special education, where her patience, compassion and gentle spirit made a meaningful difference in the lives of the students she served. Carol spent many happy years living in Narragansett, Rhode Island, where she treasured summers at the beach and created countless cherished memories with family and friends. She later returned to Marblehead, a community she loved and was proud to call home. Carol possessed a creative and entrepreneurial spirit. In the 1980s, she and a close friend started a small business designing and selling hand-stenciled belts. She took great pride in their work and found joy in sharing her artistic talents with others. An avid gardener, Carol found great happiness in cultivating beautiful gardens and was a proud member of the Marblehead Garden Club. She was also an accomplished golfer who loved the game and treasured the many friendships it brought throughout her life. Whether tending her garden, spending time on the golf course, or enjoying a day at the beach, Carol embraced every moment with enthusiasm, gratitude and joy. Carol was predeceased by parents George and Elizabeth Vogel of Sarasota; her beloved husband, Ralph Cote; her stepson, Christopher Cote; and her sister and brother-in-law, Whitney and Ray Armstrong of Manasquan, New Jersey. Above all, Carol cherished her family. She is survived by her sister, Elizabeth “Bitsy” Graham, and her husband, Tim Graham, of Ashland, Massachusetts; her daughter, Erin Mahan, and her longtime partner, Andrew Brittain; her son, Greg Mahan; her grandchildren, Matthew Mahan and Nora Mahan; her stepchildren and their spouses, Donna and John Gaumond, Michelle and Ken Adams, David and Betsy Cote, Doug and Jennifer Cote, Lisa Cote, Paul and Paula Richard, Susan Cote Bleuel, and Laurie Cote; her 23 step-grandchildren; her 21 step-great-grandchildren; and many extended family members and dear friends, all of whom were touched by her love, generosity and wonderful sense of humor. Those who wish to honor Carol’s memory may make a donation to the Alzheimer’s Association to support research, care and hope for families affected by Alzheimer’s disease. Arrangements by Solimine Funeral Home, Lynn. Online guestbook at www.Solimine.com. Do you feel more informed? At the Current, we're dedicated to providing fair, comprehensive coverage of Marblehead. As a reader-funded, nonprofit news organization, we rely on the generosity of readers like you. To get the very latest news about Marblehead right in your inbox, subscribe to our free weekly newsletter, Currently. You will also receive breaking news updates that matter to you. Subscribe now to keep reading and get access to the full archive.",https://marbleheadcurrent.org/2026/07/23/obituary-carol-v-cote/
V,"Currents - Energy Indsutry Insights, V 10, Issue 7, 2026 - JD Supra",2026-07-23 18:17:18,"Welcome to our seventh issue of Currents – our energy industry insights e-newsletter – for 2026. Spilman is pleased to sponsor the Gas & Oil Association of West Virginia’s Summer Meeting, being held August 2-4 at The Greenbrier in White Sulphur Springs, WV. GO-WV has organized an excellent lineup of speakers during the industry presentations and provides an ideal opportunity to network with those in the industry. Click here to learn more. Derrick Price Williamson
Senior Editor, Currents
Member in Charge of Harrisburg Office Barry A. Naum
Chief Content Editor, Currents
Member, Co-Chair of Utility Law Group Jamie L. Martines
Assistant Editor, Currents
Associate To Regulate or Not to Regulate: The Data Center Paradox By Matthew J. Wisniewski, Summer Associate and Barry A. Naum Many believe that the booming data center industry presents a great opportunity for America to be the leader in cutting-edge artificial intelligence innovation; however, potential environmental hazards along with enormous energy demands (and possible increased energy costs) have raised concerns. Numerous stakeholders, including state legislatures and the data centers themselves, are actively working to address these concerns. With Federal regulations recently rolled back, state government officials are now in a position to impose regulations on data centers. But self-regulation may be a more practical, efficient, and long-term solution. The Supreme Court greatly altered the relevant federal regulatory framework by a 5-4 decision in 2023 in Sackett v. EPA. In Sackett, the Supreme Court narrowed the definition of “Waters of the United States,” thus restricting the power of the EPA to regulate wetlands on which data centers may be built. After the Supreme Court decision, the number of wetlands that were subject to regulation under the Clean Water Act has drastically decreased. As a result, the Trump administration has now decided to leave data center regulation to the states. “The U.S. Environmental Protection Agency has gone on record to say that it will not set any standards or regulations for new data centers and instead wants to leave it up to states and communities to regulate them.” Why this is important: By stating that it will not set any regulations for AI data centers, the Environmental Protection Agency (EPA) is leaving data center regulations to the states and potentially even local governments. With this decision, the EPA also proposed to leave out the public conversation on new minor clean air pollution permits (for entities emitting less than 100 tons of pollutant per year) that are often needed by data centers using various fossil fuels for power. While the EPA stepping away from data center regulations may seem disastrous, leaving decisions regarding data centers to state and local governments can result in better tailored decisions for the areas that data centers are looking to call home. Some states have passed laws that are favorable for data centers to attempt to attract them to bring more income to their economies. For example, throughout the past several years, Virginia has welcomed data centers with favorable laws that make it less costly for data centers to operate in Virginia, resulting in Virginia containing a record-high concentration of data centers. Similarly, West Virginia has used favorable legislation to target data centers to move to the state, using its High Impact Data Center program promising low zoning and environmental restrictions to attract several planned data centers. On the contrary, leaving decisions regarding the regulation of data centers can also prevent data centers from coming to certain states. For example, New York passed a statewide moratorium on all new data center permits, effectively stopping any new data centers from moving to the state. The EPA also has created a potential workaround for data centers by proposing to remove the option of public comment for minor air pollution permits. This gives data centers the chance to stack minor air pollution permits for their power sources, which could lead to less oversight but the same amount of pollution that would constitute a major permit. --- Andrew B. Komorowski, Summer Associate “It’s been 13 years since the last large coal-fired power plant was built in the US.” Why this is important: The Trump administration is pursuing an ambitious effort to revive coal-fired electricity generation by supporting construction of the first new large-scale coal plants in the United States since 2013. The initiative is driven by concerns over rapidly growing electricity demand from data centers, artificial intelligence, and domestic manufacturing, as well as the administration’s emphasis on grid reliability and energy security. The Department of Energy has announced $100 million for early feasibility studies of proposed coal plants in West Virginia and Alaska, with additional federal support expected through grants and other financing mechanisms. Despite the policy push, industry analysts interviewed by CNN question whether the projects are economically viable. Modern coal plants equipped with carbon capture and storage technology are expected to cost billions of dollars each to construct—potentially several times more than comparable natural gas facilities—and remain substantially more expensive than renewable energy projects in many markets. Experts also note that carbon capture technology has yet to be deployed successfully at commercial scale on new U.S. coal plants, creating additional financial and regulatory uncertainty. The proposal highlights the growing tension between federal energy policy and market economics. While supporters argue that dispatchable coal generation could strengthen grid resilience and support increasing electricity demand, critics contend that taxpayers and utility customers could ultimately bear the costs of subsidizing generation technologies that have struggled to compete against lower-cost natural gas, wind, solar, and battery storage. The debate is expected to influence future discussions involving energy infrastructure permitting, utility regulation, federal funding, and long-term electric reliability planning. A similar controversy is being litigated at the West Virginia Public Service Commission as part of its hearings on FirstEnergy's proposal to build a $2.48 billion natural gas power plant at Fort Martin in Monongalia County, West Virginia. --- Jason Wandling Trump Clears Path for Mining Across Shrunken Utah Monuments “The rescissions open up nearly 3 million acres of land, including acreage that could be ripe for mineral exploration and development.” Why this is important: President Trump has significantly reduced the boundaries of Utah’s Bears Ears and Grand Staircase-Escalante National Monuments, reopening millions of acres to potential coal, uranium, and other mineral development. Mining industry representatives say the newly available lands hold significant resource potential, though development will still require leasing, permitting, and compliance with federal environmental laws. The move is expected to spur renewed interest from mining and energy companies while drawing immediate legal challenges from tribes and environmental groups, who argue the President lacks authority under the Antiquities Act to shrink existing national monuments. The decision could reshape federal land use and resource development across the region. --- Jason Wandling PJM Power Grid Auction Hits Price Limit, Falls Short of Reliability Goal “Prices in the auction, which is aimed at securing enough electricity supplies to cover the highest-demand days on the PJM grid that covers 13 states in the Mid-Atlantic and Midwest regions, have soared in recent years largely because demand driven by data centers has outstripped supplies.” Why this is important: PJM, the largest regional grid operator in the U.S., completed its most recent annual capacity auction. Power prices remain near record highs of about $325 per megawatt-day, which is the maximum cap currently permitted by PJM in an attempt to mitigate rising electricity bills for consumers. This elevated price represents a more than 1,000 percent increase since 2024 because of growing supply and demand imbalances. Absent PJM's price cap, PJM announced that prices would have surged to $554.72 per megawatt-day for most of the regional grid. During the capacity auction, PJM also fell short of its reliability goal by about 6.8 gigawatts. While this does not indicate that PJM will fail to meet demand, it demonstrates that the current supply and demand imbalance continues to impact the grid beyond prices. --- Steven W. Lee California School District Using Solar, Storage, V2G and a Microgrid to Power More Sustainable Future “The 1,171 kW solar and energy storage microgrid will reduce energy costs, lower emissions, improve resilience and power the Porterville Unified School District’s transition to electric school buses.” Why this is important: California’s most ambitious school-bus electrification project is being implemented by the Porterville Unified School District (PUSD). PUSD is partnering with ForeFront Power to integrate battery energy storage systems with solar arrays mounted on existing shade structures at two of their district parking lots. This energy will be used to fuel 35 electric buses and other district-owned vehicles. Most notably, two of these chargers will feature bi-directional capabilities to allow an electric bus to operate as a mobile energy storage that can re-inject power back into the grid during high-tariff periods. PUSD plans to transition its entire bus fleet to electric by 2035, avoiding an additional 15,000 metric tons of CO2 emissions. Projected to save an equivalent of more than 3.6 million gallons of diesel fuel burned in Greenhouse Gas Emissions, this will offset approximately 80 percent of the District’s electricity consumption and serve as a clean energy resource for the community, including in the event of emergencies and power outages. The article indicates that this could be a national model for how vulnerable communities can aid in avoiding rising energy and fuel costs, improve public health, meet ambitious climate goals, and protect themselves from climate emergencies. Brad Rohrbach, PUSD assistant superintendent of business services, stated, “We are excited to advance this important infrastructure project, which supports the district’s long-term goals for sustainability, energy resiliency, and responsible stewardship of public resources.” --- Stefany A. Kaminski, Summer Associate “Utility-scale solar is booming in the United States as electricity demand rises and projects remain relatively easy to develop.” Why this is important: Despite efforts by the current administration to limit solar power, utility-scale solar continues to grow at a rapid pace. In 2020, the U.S. was adding 10,000 MW of solar power per year. Despite increased tariffs and an elimination of a major tax credit, utility-scale solar will add 42,971 MW this year (an increase of 45 percent) and is projected to add another 42,875 MW of solar power next year. The new tariffs are also leading to more U.S. manufacturing of solar panels. In addition, natural gas power plants are being paired with solar to produce power at night when there is no sunlight. Solar is expanding the fastest in Texas, Illinois, New Mexico, and Virginia. Also fueling this year’s growth was the fact that new solar farms under construction by July 4, 2026, and completed by 2030 get a significant federal tax credit. --- Mark E. Heath “A recent study from the group Environment America finds renewable power generation in West Virginia almost doubled over the last decade, and most of it in the last two years.” Why this is important: The growth in renewable energy production in the U.S. continues. In the past 10 years, renewable power generation in the U.S. has almost doubled, with most of those increases in the past two years. Thirty-two states now get 10 percent of their electricity from renewables – wind, solar and geothermal. Fifteen states now get 30 percent or more of their power from renewables. Wyoming leads the nation at 75 percent of its power generation from renewables. And wind and solar now power 216,000 homes in West Virginia. --- Mark E. Heath ChargePoint, Optimus Energy Plan to Expand EV Charging Network in Southeast US “The new chargers, with 200 additional charging ports, will primarily be installed in high-demand markets, with many of the sites planned for locations near restaurants and shops.” Why this is important: The article posits that the availability of public EV charging is contributing to the improved customer satisfaction of EV drivers. Although EV sales have slowed since the federal tax credit expired last September, many companies are looking to expand EV charging infrastructure in the United States. Optimus Energy Solutions and ChargePoint are partnering to create 200 additional charging ports in high-demand markets. These charging sites will support long-term EV demand across key U.S. markets, which has been a major barrier to the widespread adoption of EVs in the United States. Additionally, in April, Circle K announced that it will be partnering with Ionna, who has also partnered with Casey’s General Stores, Wawa, and Sheets. Ionna is aiming to build 30,000 fast-charging sites in the United States by 2030. Rick Wilmer, ChargePoint CEO, believes that “expanding access to reliable EV charging infrastructure is critical to accelerating the transition to electronic mobility.” --- Taiesha K. Morgan “That's leaving salvage yards stuck with old batteries nobody wants, not even recyclers.” Why this is important: It is understood that EV batteries must be recycled, as they may become hazardous waste, leading to possible toxic leaching or dangerous fires; however, the article points out that recycling these batteries comes at a great cost to the average salvage yard with small volumes of these EV batteries. This comes at a time when EV batteries themselves are changing. While current models contain expensive metals like nickel and cobalt, manufacturers are switching to cheaper materials like iron phosphate to create these batteries. Not only is it believed that these batteries will be more affordable, but they will also likely last longer. While there is some value in recycling the current EV batteries on the market in large volumes, batteries made with iron phosphate will not hold much value when recycled. For these recycling companies to make a profit, recyclers will have to charge both the person providing the battery and the buyer of the extracted minerals. The cost has caused scrap yards to start refusing EV and hybrid vehicles, leading to these cars being shipped overseas, where recycling is done in an unsafe and dangerous way. Colorado is trying to solve this issue, passing a “producer responsibility” law. This law not only requires that a certain percentage of battery minerals be recovered and recycled, but requires manufacturers to cover the cost of recycling batteries that are left at landfills or salvage yards. This law has garnered support from many environmental groups and some automakers. --- Taiesha K. Morgan Here is a round-up of the latest statistics concerning the energy industry. NATURAL GAS
Short-Term Energy Outlook - Natural Gas DISCLAIMER: Because of the generality of this update, the information provided herein may not be applicable in all situations and should not be acted upon without specific legal advice based on particular situations.
                    Attorney Advertising. © 
                    Spilman Thomas & Battle, PLLC 
                    2026 Share your lateral move experience in our confidential 8-minute survey. Do Not Sell or Share My Personal Information
Cookie Preferences",https://www.jdsupra.com/legalnews/currents-energy-indsutry-insights-v-10-9249907/
V,Next Cadillac CT5-V Will Offer a Naturally Aspirated V8 and a Manual Transmission - The Drive,2026-07-23 18:01:10,"We have updated our Privacy Policy. Please review to learn more. By continuing to use our services, you agree to these updates. Published				

					Jul 23, 2026 2:01 PM EDT Our free daily newsletter sends the stories that really matter directly to you, every weekday. The Cadillac sedan replacement rumor mill has been going full-tilt this week, and we’re prepared to add a little more fuel to the situation. A top Cadillac sales person just shared some more big news: Cadillac is not only working on a gas-powered replacement CT5, but it sounds an awful lot like it will essentially be a Cadillac version of the rumored Camaro Sedan—and it’ll have a naturally aspirated V8 with a manual gearbox. Andrea.sells.cadillac shared the news in an Instagram reel that also appears to confirm that the XT6 crossover will return sooner rather than later. “My sources confirmed this and I haven’t heard it anywhere else,” she said. “The CT5-V is going to have a naturally aspirated V8 engine  available in a manual transmission and automatic.” She speculated that pricing would land somewhere in the $70,000-$80,000 range, which would align with the current CT5-V. We were immediately skeptical, given that this appears to be new info, so we reached out to Cadillac for confirmation. That “naturally aspirated” part is the new piece of information here. Previous to this, we’ve only heard rumors of a revived Camaro (likely as a four-door) and a potential revival of the Blackwing with its supercharged V8. The current CT5-V is equipped with GM’s twin-turbocharged V6 and sold exclusively with an automatic. “We don’t comment on future product speculation, and we have nothing new to announce at this time,” a Cadillac spokesperson confirmed to us via email. “That said, Cadillac has confirmed that the CT5 will return as an internal combustion product in the future.” If (when?) this bears out, it will be the first time since the Chevrolet SS was discontinued that GM has offered a naturally aspirated V8-powered sedan with the stick. Update 7/242026, 6:40pm ET— The Instagram reel was deleted by Andrea.sells.cadillac after The Drive ran this story, presumably at the request of GM/Cadillac for releasing information about future product. The broken embed for the reel is still in the story and the exact quote from the reel remains in the story along with the link to the original post that has since been deleted. Byron is an editor at The Drive with a keen eye for infrastructure, sales and regulatory stories. Our free daily newsletter sends the stories that really matter directly to you, every weekday. Articles may contain affiliate links which enable us to share in the revenue of any purchases made. Some benefits of our Car Shopping program may not be available in your area. Please see terms for details.",https://www.thedrive.com/news/next-cadillac-ct5-v-will-offer-a-naturally-aspirated-v8-and-a-manual-transmission
V,"As Honda CR-V leads U.S. sales, automaker teases new American-built pickup truck - CNBC",2026-07-23 16:00:01,"Honda Motor on Thursday confirmed a next-generation model of its Ridgeline pickup truck will be produced in the U.S. following a temporary production stoppage later this year. The future of the midsize pickup truck has been in flux amid reports that there could be a production pause coming due to the vehicle not meeting California emissions regulations. The Japanese automaker on Thursday said there will be a temporary production stoppage for the pickup truck later this year at the Alabama plant that produces the vehicle, with assembly returning to the facility within two years, likely in 2028. “The goal is to continue to serve those customers who’ve been loyal to the Ridgeline,” Lance Woelfer, vice president of auto sales at American Honda Motor, told CNBC. “But one of the things that we want to bring forward in the future is increased ruggedness of that vehicle, even more capability.” Woelfer declined to comment on whether the more rugged capability will include the vehicle moving from a car-based production process to a more traditional truck assembly, known as “body-on-frame,” which is how most trucks are built in the U.S. “That’s been an important part of its history. Whether or not it’s part of its future, I won’t get into that,” Woelfer said. “This is a step forward for the Ridgeline that I think everybody will appreciate.” Expanding the capability of the Ridgeline, which is more known for smooth driving than ruggedness, could assist in expanding the vehicle’s buyers. Sales of the Ridgeline were down about 3% during the first half of the year. The company has sold between roughly 41,000 and 52,000 Ridgelines annually since 2021. That compares with more than 270,000 units sold of the segment-leading Toyota Tacoma in 2025. Honda’s confirmation of the new pickup comes as its CR-V compact crossover led U.S. auto sales through the first half of the year for the first time ever. CR-V sales increased roughly 6% compared with last year as the Ford F-Series pickups and Toyota Rav4 crossover, which have led sales in recent years, dealt with production bottlenecks. Got a confidential news tip? We want to hear from you. Sign up for free newsletters and get more CNBC delivered to your inbox Get this delivered to your inbox, and more info about our products and services. © 2026 Versant Media, LLC. All Rights Reserved. A Versant Media Company. Data is a real-time snapshot *Data is delayed at least 15 minutes.
      Global Business and Financial News, Stock Quotes, and Market Data
      and Analysis. This site is now part of Versant. By continuing, you agree to our Terms. You also acknowledge that our updated Privacy Policy applies, including your existing data. For info on your data rights, click “Your Privacy Choices” or see “Your Rights” in our Privacy Policy. We and our partners also use tools on this site to provide the services, personalize your experience, and for analytics, marketing, and advertising. If you previously opted out of selling, sharing, or targeted advertising on this site, you will need to update your Privacy Choice. We may collect personal data from and about you through this site for “targeted advertising,” “selling,” or “sharing,” as defined by applicable privacy laws. Some states provide residents (or their authorized agents) with the right to opt out of these practices. See the “Your Rights” section of our Privacy Policy for more info. If you reside in one of these states (or are an authorized agent) you can opt out of targeted advertising, selling, or sharing, occurring on this site by moving the toggle below to the left and clicking “Confirm My Choice.” Your choice through the toggle is specific to this site. If you access other Versant sites and services, you will need to opt out for each. Also, if you clear your cookies on this browser or use another browser or device, you will need to opt out again. You can change your choice any time. In addition to the toggle, you should also provide the information requested in our “Opt-Out Form” (accessible by clicking the “+” below), which will enable us to take action on your opt-out election more broadly than just on this site (e.g., we will be able to stop sharing your email with third parties in order to target you with adverting on other site and services, such as social media platforms). You may also enable where available and provided for under applicable privacy laws, a universal tool that automatically communicates your opt out preference, such as the Global Privacy Control (“GPC”). If detected, we will process your GPC signal as if you had opted out through the toggle. If you opt-out, you may continue to see advertising, including ads that may be based on personal information processed before you opted out. Residents (or authorized agents) of states listed in the “Your Rights” section of our Privacy Policy: To opt out of targeted advertising, selling, or sharing occurring on this site for this browser and device, move the toggle to the left and click “Confirm My Choice.”Residents (or authorized agents) of states not listed in the “Your Rights” section of our Privacy Policy: If we do not detect that you are in one of the states listed in the “Your Rights” section of our Privacy Policy, we cannot ensure that we will be able to apply your opt out choice, even if you utilize the toggle.Please note, your choice through the toggle is specific to this site, for this browser and device. If you access other Versant sites and services, you will need to opt out for each. Also, if you clear your cookies on this browser or use another browser or device, you will need to opt out again. You can change your choice any time.If you opt-out, you may continue to see advertising, including ads that may be based on personal data processed before you opted out. You should also provide the info requested in this Opt-Out Form, which will enable us to take action on your opt-out election more broadly than just this site (e.g., we will be able to stop sharing your email with third parties in order to target you with adverting on other sites and services, such as social media platforms).",https://www.cnbc.com/2026/07/23/honda-american-built-pickup-truck.html
V,"“I played a Gretsch and then played the Flying V, and I couldn’t tell the difference”: Brian Setzer on the unlikely Gibson guitar that’s most like his iconic Gretsch - Guitar World",2026-07-23 15:32:36,"Join Backstage Pass for quick access. Enter your email below and we'll send confirmation, and sign you up to our newsletter. By submitting your information, you confirm you are aged 16 or over,
have read our
Privacy Policy
and agree to the
Terms & Conditions. Geographical rules apply. Discover guitars, pedals and amps with expert reviews. Save on subscriptions to the world’s best-selling guitar magazine. All the latest guitar news, interviews, lessons, reviews, deals and more, direct to your inbox! Unlock instant access to exclusive member features. Get full access to premium articles, exclusive features and a growing list of member rewards. Setzer says the Flying V is the only guitar that has ever come close to matching the tone and feel of his Gretsch hollowbody When you purchase through links on our site, we may earn an affiliate commission. Here’s how it works. Rockabilly talisman Brian Setzer is rarely seen without a big-bodied Gretsch guitar, but there’s an unlikely Gibson in his collection that's giving his favorite hollowbody a run for its money. Setzer has been on a difficult road to recovery following struggles with an autoimmune disease that left him unable to play guitar. Now he’s just days away from returning to the stage with the Stray Cats on a US tour, where his Gretsch guitars will once again shine. But when asked in the new issue of Guitar World about what he’d play if he were banned from using his beloved Gretsch 6120s, he revealed there was only one choice. “I recently bought a ’59 Flying V and a ’59 Les Paul,” he says. “I bought them because, fortunately, I had the money saved up, and I wanted to see what the fuss was all about. “Now, the Les Paul is a beautifully built guitar, and it plays beautifully. I cannot fault it. The only thing is, it’s not my tone. It’s not my particular sound. I couldn’t bring it on stage or even record with it. It’s just not me, even though it’s a joy to play.” The Flying V, though, is another matter. It’s got Setzer drooling. “It sounds like the Gretsch,” he purrs. “I kid you not, man! I played a Gretsch and then played the ’59 Flying V, and I couldn’t tell the difference. The only other guitar that could take the place of the Gretsch would be an older Flying V. It sounded so similar – I couldn’t believe it.” All the latest guitar news, interviews, lessons, reviews, deals and more, direct to your inbox! On the surface, a Gibson Flying V is far removed from a 6120 – one’s hollow-bodied, and one’s solid–bodied, for a start – and the instrument’s biggest players, from Michael Schenker to Leslie West and James Hetfield, aren’t exactly of Setzer’s ilk. Yet… “It had the balls, it had that twang,” Setzer confirms. “The Les Paul doesn’t have it, but the old Flying V does. It’s the weirdest thing.” But don’t expect to see it on the road with the Stray Cats any time soon: “I’m afraid to take it out,” he admits. “It’s worth so much money.” Elsewhere in his GW interview, Setzer recalled the lesson he learned from playing Stevie Ray Vaughan’s Strat after a tough tour together. Setzer’s full interview can be found in the new issue of Guitar World. Print and digital copies can be ordered from Magazines Direct. A freelance writer with a penchant for music that gets weird, Phil is a regular contributor to Prog, Guitar World, and Total Guitar magazines and is especially keen on shining a light on unknown artists. Outside of the journalism realm, you can find him writing angular riffs in progressive metal band, Prognosis, in which he slings an 8-string Strandberg Boden Original, churning that low string through a variety of tunings. He's also a published author and is currently penning his debut novel which chucks fantasy, mythology and humanity into a great big melting pot. You must confirm your public display name before commenting Please logout and then login again, you will then be prompted to enter your display name. Guitar World is part of Future US Inc, an international media group and leading digital publisher. Visit our corporate site. ©
Future US, Inc. Full 7th Floor, 130 West 42nd Street,
New York,
NY 10036.",https://www.guitarworld.com/artists/guitarists/brian-setzers-gibson-flying-v
V,Obituary for Audra (Dees) Meeks - Ronald V. Hall Funeral Home,2026-07-23 15:18:01,"We would like to offer our sincere support to anyone coping with grief. Enter
                    your email below for our complimentary daily grief messages. Messages run for up to one year and you
                    can stop at any time. Your email will not be used for any other purpose. Audra Dees Meeks, age 52, of Cedar Crossing, died Tuesday, July 21, 2026, at Jeffersonville Care Center following an extended illness. She was a native of Cedar Crossing, a 1992 graduate of Reidsville High School, and later she attended Brewton-Parker College, Georgia Southern University, and Southeastern Technical College. She was a member of Cedar Crossing Baptist Church. Audra was very talented with crafts and projects. She loved animals, especially dogs and cats. She is preceded in death by her mother, Louise Mitchell Kramer; & stepmother, Sammie Jo Dees. Audra is survived by four children, Sadie Kelly, Stella Kelly and fiancé Collin Coleman, Sam Kelly, and Sophie Kelly; her father, Aubrey “Dutter” Dees; sister, DeanAnne Fordham and husband Jonathan; stepbrothers, Marty Craven and wife Terri, and Stacy Craven and wife Carolyn; and numerous aunts, uncles, nieces, nephews, and cousins. The funeral service will be held on Friday afternoon, July 24, 2026, at 3:00 at Cedar Crossing Baptist Church with Pastor Reece Mincey and Sophie Kelly officiating. Interment will follow at Cedar Crossing Cemetery. The family will receive friends at Cedar Crossing Baptist Church on Friday afternoon from 1:30 until just prior to the service. Flowers are welcome, or memorial donations in Audra’s memory may be made to (SOAPS) Sweet Onion Animal Protection Society, PO Box 210, Vidalia, GA 30475. Ronald V. Hall Funeral Home of Vidalia is in charge of arrangements. To send flowers
                            to the family or plant a tree
                            in memory of Audra (Dees)  Meeks, please visit our floral store. This obituary is published with permission of the family of Audra (Dees)  Meeks and may not be copied © 2026",https://www.ronaldvhall.com/obituary/Audra-Meeks
V,Is Visa (V) an Overlooked Opportunity? - Yahoo Finance,2026-07-23 15:01:56,"Tip: Try a valid symbol or a specific company name for relevant results Intel crushed Wall Street's earnings expectations, sending its stock soaring — before the rally unraveled. The president's new levies look sweeping, but lower rates and broad exemptions keep the overall burden well below earlier peaks. Paramount agreed to delay its $81 billion buyout of Warner Bros. until as late as next year as a judge weighs a challenge. US stocks posted weekly losses amid pressure on tech and oil SpaceX stock sinks to record low ahead of major Starship test Anthropic debuted its new Opus 5 model as the company prepares for its PO later this year SpaceX faces a major mission test tonight, just as it turns away Falcon rocket customers US stocks eyed a recovery as oil prices fell and new tariffs took effect The 'Magnificent 7' shed billions in market value in a single session as AI spending fears gripped Wall Street Trump administration announces the next phase of global tariffs, with 10% to 12.5% rates on much of the globe Megacap tech stocks dragged the Dow, S&P 500, and Nasdaq lower in a bruising session on Wall Street Intel soars after earnings blow past Wall Street expectations US weekly jobless claims plunge to their lowest level since 1969 AMD says its Nvidia challenger is in full production — but the stock slides Tesla sinks 14% as Wall Street shudders at profit miss, $25 billion capex outlook Mortgage rates hit their highest level in nearly a year as rising oil prices fuel inflation fears Stocks are tumbling as Google and Tesla drag on tech and oil prices hit $100 US stocks fell at the open amid rising oil prices and AI spending jitters AMD to launch next gen AI infrastructure to challenge Nvidia (Reuters) Data centers are popping up everywhere. But most people don't want them in their neighborhoods. Nearly 1 in 4 Americans are stuck in jobs for insurance reasons Google shares fell roughly 4% as rising capex overshadowed an earnings beat Google earnings top expectations as cloud revenue grows more than 80% Tesla stock falls after earnings miss, but cash burn comes in below expectations The Dow, S&P 500, and Nasdaq slipped into the red as investors braced for Big Tech earnings The 30-year yield is in its longest run above 5% since before the financial crisis as high oil prices revive inflation fears. Supermicro stock jumps on gross margin raise amid record $60 billion backlog US stocks slid as markets awaited Alphabet and Tesla earnings after the bell The JPMorgan CEO warns about AI hype but sees promise in space data centers Shares of the AI server maker jumped 18% after it reported a record order backlog exceeding $60 billion The Dow, S&P 500, and Nasdaq jumped as chip stocks lifted markets The tech-heavy Nasdaq led stocks higher at the open as chip stocks rallied Goldman Sachs picked 36 market winners that aren't AI stocks. Here's the list. Trump announces 50% tariffs focused on Canadian autos, dairy, and alcohol in response to 'continued discrimination' 'There has never been a quarter like this one,' the theater chain's CEO said after the company posted record revenue Stocks finished lower as US-Iran war risks reemerged and oil was volatile A judge says Paramount and Warner Bros. Discovery must halt their merger The clock is set to run out on Trump's temporary global tariffs this Friday The Nasdaq led the major indexes higher at the open as chip stocks rose The FDA approved a first-of-its-kind cholesterol pill called Lipfendra. How much will it cost? Can the Australian model rescue the US retirement system? Trump seems to think so. The Mercedes CLA 250+ is a more luxurious Model 3 — at a surprisingly good price: Review Earnings results from Alphabet and Tesla headline a busy week, amid a chip sell-off and conflict in Iran Netflix's growth slowdown exposes a classic shareholder trap Wall Street will need strong earnings to shake off recent market jitters around AI Bargain hunters are watching closely as foreclosures hit their highest level since 2019 The latest inflation data may signal a modest cost-of-living adjustment (COLA) for Social Security recipients. The above button links to Coinbase. Yahoo Finance is not a broker-dealer or investment adviser and does not offer securities or cryptocurrencies for sale or facilitate trading. Coinbase pays us for certain activity generated through this link. Prices displayed are informational. Montaka Global Investments, an investment management company, released its second-quarter 2026 investor letter. A copy of the update is available to download here. Montaka manages a concentrated portfolio of high–conviction, long-term, competitively advantaged businesses bought when prices are attractive. While it delivered positive returns in the June quarter, its 12-month performance was largely negative due to declines in the March quarter amid the 'SaaSpocalypse', yet the underlying businesses performed well. Montaka's strategy focuses on owning businesses that grow earnings in large markets, which struggled against short-term bottleneck trades that gained popularity. However, Montaka aims for long-term excess returns above market indices, anticipating that current mispricing will eventually correct. In addition, please check the Strategy's top five holdings to know its best picks in 2026. In its Q2 2026 investor letter, Montaka Global Investments highlighted Visa Inc. (NYSE:V). Visa Inc. (NYSE:V) is a multinational financial services company known for its payment technology network that offers credit, debit, and prepaid card products and other services. On July 22, 2026, Visa Inc. (NYSE:V) closed at $353.42 per share. One-month return of Visa Inc. (NYSE:V) was 5.95%, and its shares lost 1.07% over the past 52 weeks. Visa Inc. (NYSE:V) has a market capitalization of $665.89 billion. Montaka Global Investments stated the following regarding Visa Inc. (NYSE:V) in its Q2 2026 investor update: ""On the other side of the market are some of the world's highest quality businesses which have been overlooked during the semiconductor–mania. Take Visa Inc. (NYSE:V) and Mastercard, for example. Both are extraordinarily advantaged businesses and have consistently grown annual revenues at double–digit percentage rates for many years. And in our view, strong growth will likely continue – driven by new value–added services attached to their payment networks (related to stablecoins, agentic commerce, fraud detection, and other data services) which are growing at even faster rates. Yet, on Montaka's analysis, the current stock prices of Visa and Mastercard are pricing in future revenue growth of only around 4% per annum – well below what we expect to materialise. This represents a great investment opportunity, in our view."" Visa Inc. (NYSE:V) ranks 9th on our list of 40 Most Popular Stocks Among Hedge Funds Heading Into 2026. According to our database, 181 hedge fund portfolios held Visa Inc. (NYSE:V) at the end of the first quarter, compared to 184 in the previous quarter. In the second quarter of fiscal 2026, Visa Inc.'s (NYSE:V) net revenue grew 17% year-over-year to $11.2 billion and EPS increased 20%. While we acknowledge the potential of Visa Inc. (NYSE:V) as an investment, we believe certain AI stocks offer greater upside potential and carry less downside risk. If you're looking for an extremely undervalued AI stock that also stands to benefit significantly from Trump-era tariffs and the onshoring trend, see our free report on the best short-term AI stock. In another article, we covered Visa Inc. (NYSE:V) and shared Dodge and Cox Stock Fund's views on the company. In addition, please check out our hedge fund investor letters Q2 2026 page for more investor letters from hedge funds and other leading investors. READ NEXT: 33 Stocks That Should Double in 3 Years and 15 Stocks That Will Make You Rich in 10 Years. Disclosure: None. This article is originally published at Insider Monkey. Tip: Try a valid symbol or a specific company name for relevant results",https://finance.yahoo.com/markets/stocks/articles/visa-v-overlooked-opportunity-150156430.html
V,Jim Cramer Highlights Visa (V) as Consumer Credit Demand Soars - Yahoo Finance,2026-07-23 14:06:05,"Tip: Try a valid symbol or a specific company name for relevant results Intel crushed Wall Street's earnings expectations, sending its stock soaring — before the rally unraveled. The president's new levies look sweeping, but lower rates and broad exemptions keep the overall burden well below earlier peaks. Paramount agreed to delay its $81 billion buyout of Warner Bros. until as late as next year as a judge weighs a challenge. US stocks posted weekly losses amid pressure on tech and oil SpaceX stock sinks to record low ahead of major Starship test Anthropic debuted its new Opus 5 model as the company prepares for its PO later this year SpaceX faces a major mission test tonight, just as it turns away Falcon rocket customers US stocks eyed a recovery as oil prices fell and new tariffs took effect The 'Magnificent 7' shed billions in market value in a single session as AI spending fears gripped Wall Street Trump administration announces the next phase of global tariffs, with 10% to 12.5% rates on much of the globe Megacap tech stocks dragged the Dow, S&P 500, and Nasdaq lower in a bruising session on Wall Street Intel soars after earnings blow past Wall Street expectations US weekly jobless claims plunge to their lowest level since 1969 AMD says its Nvidia challenger is in full production — but the stock slides Tesla sinks 14% as Wall Street shudders at profit miss, $25 billion capex outlook Mortgage rates hit their highest level in nearly a year as rising oil prices fuel inflation fears Stocks are tumbling as Google and Tesla drag on tech and oil prices hit $100 US stocks fell at the open amid rising oil prices and AI spending jitters AMD to launch next gen AI infrastructure to challenge Nvidia (Reuters) Data centers are popping up everywhere. But most people don't want them in their neighborhoods. Nearly 1 in 4 Americans are stuck in jobs for insurance reasons Google shares fell roughly 4% as rising capex overshadowed an earnings beat Google earnings top expectations as cloud revenue grows more than 80% Tesla stock falls after earnings miss, but cash burn comes in below expectations The Dow, S&P 500, and Nasdaq slipped into the red as investors braced for Big Tech earnings The 30-year yield is in its longest run above 5% since before the financial crisis as high oil prices revive inflation fears. Supermicro stock jumps on gross margin raise amid record $60 billion backlog US stocks slid as markets awaited Alphabet and Tesla earnings after the bell The JPMorgan CEO warns about AI hype but sees promise in space data centers Shares of the AI server maker jumped 18% after it reported a record order backlog exceeding $60 billion The Dow, S&P 500, and Nasdaq jumped as chip stocks lifted markets The tech-heavy Nasdaq led stocks higher at the open as chip stocks rallied Goldman Sachs picked 36 market winners that aren't AI stocks. Here's the list. Trump announces 50% tariffs focused on Canadian autos, dairy, and alcohol in response to 'continued discrimination' 'There has never been a quarter like this one,' the theater chain's CEO said after the company posted record revenue Stocks finished lower as US-Iran war risks reemerged and oil was volatile A judge says Paramount and Warner Bros. Discovery must halt their merger The clock is set to run out on Trump's temporary global tariffs this Friday The Nasdaq led the major indexes higher at the open as chip stocks rose The FDA approved a first-of-its-kind cholesterol pill called Lipfendra. How much will it cost? Can the Australian model rescue the US retirement system? Trump seems to think so. The Mercedes CLA 250+ is a more luxurious Model 3 — at a surprisingly good price: Review Earnings results from Alphabet and Tesla headline a busy week, amid a chip sell-off and conflict in Iran Netflix's growth slowdown exposes a classic shareholder trap Wall Street will need strong earnings to shake off recent market jitters around AI Bargain hunters are watching closely as foreclosures hit their highest level since 2019 The latest inflation data may signal a modest cost-of-living adjustment (COLA) for Social Security recipients. The above button links to Coinbase. Yahoo Finance is not a broker-dealer or investment adviser and does not offer securities or cryptocurrencies for sale or facilitate trading. Coinbase pays us for certain activity generated through this link. Prices displayed are informational. During the Tuesday episode of Mad Money, host Jim Cramer discussed the major credit card networks as he noted that consumer spending remains resilient. He began by highlighting the broader economic data and noted that roughly 81% of Americans hold a credit card, averaging three to four cards per consumer, with cardholders using about 29% to 30% of their available balance. Even though the median household holds approximately $8,000 in cash, consumers continue to prefer credit over drawing down savings. Explaining how these consumer habits feed into the major card networks, Cramer noted: All this is to say that the three big credit card companies, Visa, Mastercard, and American Express have a tremendous read on the state of the economy, and after a very rocky first quarter, these stocks have been steadily chugging higher since April. Examining the daily chart of market leader Visa Inc. (NYSE:V) with the help of Bob Lang's (founder of Explosive Options) analysis, Cramer highlighted how the stock's recent technical breakout contradicts theories of a struggling consumer: Why don't we start with Visa? That's the most used credit card. 60% of cardholders have one... Check out the daily chart. Visa's been roaring higher on terrific relative strength lately. I mean, this is not what Visa's chart looks like when the consumer's being squeezed. When you look at the moving average convergence divergence, that's the MACD… That's an important momentum indicator that can detect changes in the stock's trajectory before they happen… This isn't a coincidence; this is predictive. It made a bullish crossover mid-June. That's what really got people excited... And it's one of the most positively reliable patterns there is out there. Sure enough, the stock's been on fire ever since the cross... Cramer also pointed to the volume indicator at the bottom of the chart to highlight the influx of big-money accumulation: Lately, Visa's on-balance volume has been spiking, and that's a strong sign that big institutions can't get enough of this one. This is rather extraordinary how much they love it... Now, remember, unlike American Express, Visa and Mastercard have no credit exposure. They don't have losses if you don't pay. And that's why they're so beloved by mutual funds. Cramer pointed out that as the dominant player in the industry, whose product is held by 60% of cardholders, Visa Inc. (NYSE:V) leads peer Mastercard Incorporated (NYSE:MA) (25% to 30% cardholder reach) and American Express Company (NYSE:AXP). He pointed out that while American Express acts as a direct lender taking on balance-sheet credit risk when cardholders default, Visa and Mastercard operate purely as a high-margin tollbooth for digital transactions, which grants them immunity from credit losses. From a technical perspective, Cramer highlighted that Lang noted that Visa Inc. (NYSE:V) has established a textbook bullish trend channel marked by a series of higher highs and higher lows. Following the mid-June MACD buy signal and the massive spike in on-balance volume, the stock has moved very close to its all-time high. Heading into its earnings report next week, the $355 stock carries a near-term price target of $400 by the fall, according to Lang. Furthermore, Cramer commented that after rolling out a $20 billion share repurchase program last quarter, any announcement of an expanded buyback plan during earnings could serve as an immediate catalyst to propel shares to new highs. Insider Monkey's database confirms significant institutional backing for Visa Inc. (NYSE:V), with the stock consistently ranking among the most widely held mega-cap stocks across elite hedge funds. However, between the first quarter of 2026 and its preceding quarter, the hedge fund sentiment dropped slightly. In Q1, a total of 181 hedge funds tracked by Insider Monkey held positions in the stock, compared to 184 in the previous quarter. Respective total invested value also declined sequentially by around $7.2 billion. Nevertheless, the company's major hedge fund holders such as TCI Fund Management and Viking Global increased their positions by 10% and 51%, respectively. Bearish bets against the company remain remarkably low, as Visa Inc.'s (NYSE:V) short interest accounts for just 1.09% of its floating shares. The minimal shorting activity signals that Wall Street sees little incentive to bet against the stock. While we acknowledge the potential of Visa Inc. (NYSE:V) as an investment, we believe certain AI stocks offer greater upside potential and carry less downside risk. If you're looking for an extremely undervalued AI stock that also stands to benefit significantly from Trump-era tariffs and the onshoring trend, see our free report on the best short-term AI stock. READ NEXT: Jim Cramer vs. The AI Bears: Why Apple's Consumer Ecosystem Remains Unbreakable and Jim Cramer Defends His Dell Stance as Investors Complain About Missing Out. Disclosure: None. Follow Insider Monkey on Google News. Tip: Try a valid symbol or a specific company name for relevant results",https://finance.yahoo.com/markets/stocks/articles/jim-cramer-highlights-visa-v-140605850.html
V,Realizations spur Capital Constellation’s $2 bn Fund V - Buyouts,2026-07-23 13:22:59,"We use cookies across this website for a number of reasons, such as keeping the site reliable and secure; some of these are essential for the site to function correctly. We also use cookies for cross-site statistics, marketing and analysis. You can change these at any time by clicking the settings below. Some of the data collected by this provider is for the purposes of personalization and measuring advertising effectiveness. Some of the data collected by this provider is for the purposes of personalization and measuring advertising effectiveness. Some of the data collected by this provider is for the purposes of personalization and measuring advertising effectiveness. Cookies are small text files that can be used by websites to make a user's experience more efficient.The law states that we can store cookies on your device if they are strictly necessary for the operation of this site. For all other types of cookies we need your permission.This site uses different types of cookies. Some cookies are placed by third party services that appear on our pages. You can at any time change or withdraw your consent from the Cookie Declaration on our website. Learn more about who we are, how you can contact us and how we process personal data in our Privacy Policy. Issues with signing in?
          Click here Liquidity is central to Wafra’s decision when forming partnerships with new groups, as well as existing ones. Capital Constellation, a Wafra-managed GP stakes platform backed by some of the world’s largest institutional investors, has made five realizations to date, powering through a tough exit market in a move that has helped the firm with its latest fundraising efforts. Earlier this month, Wafra announced the final close of Constellation Generation V at $2 billion, surpassing the initial $1.5 billion target. “Liquidity is one of the clearest ways to demonstrate that our strategy can work,” said Jordan Siskin, co-head of Wafra’s Strategic Partnerships. “Investors want to see our ability to generate value for our partner managers and return capital through our strategy.” Liquidity is central to Wafra’s decision when forming partnerships with new groups, as well as existing ones. The advantage that the firm has, according to Siskin, “which also resonates with both our investors and partner managers, is our ability to be long-term and to work with firms to grow their businesses as a thought partner over a long duration, creating a positive liquidity event for everyone involved as opposed to a shorter and more financially engineered investment strategy.” Constellation’s exits include Post Road Group, a real estate investment firm, to Future Standard; a partial exit in Pollen Street’s stake through a public listing; a partial exit in Motive Partners, a tech-enabled financial and business services investor, to Apollo Global Management; a full exit in Ara Partners, a firm that invests in decarbonization infrastructure, to Affiliated Managers Group; and another full exit in Basalt Infrastructure Partners to Colliers. “Why does the world need another private equity firm? We want to make sure there are clear answers to that question when we are evaluating whether to back a new team” Capital Constellation makes minority investments in emerging and existing managers. Fund V is targeting approximately 10 investments of $100 million-$300 million in North America, Europe and Asia featuring strategies like buyout, growth equity, private credit, real assets, real estate and venture capital. Two investments have already been made from Fund V, which are Niobrara Capital, led by veteran technology investor Paul Schorr, a firm that counts former Secretary of State Mike Pompeo as co-founder, and Gallatin Point Capital. Siskin said that the firm emphasizes emerging managers’ past experience, including at previous firms, when doing its investment due diligence. Many emerging managers often highlight their past performance and experience when drawing up new funds. “One important feature that we look at when assessing a manager is their ability to create realizations and build a track record over a long duration, not necessarily at their current firm, but over the course of their investing history,” he explained. Private equity’s tough fundraising environment has been particularly hard on emerging managers, and capital raising by new GP teams has steadily declined since the peak year of 2021 when funds secured $159 billion, according to PEI Group data, as Buyouts previously reported. While emerging managers have been navigating a tough fundraising market, where many LPs are concentrating on their existing relationships, Constellation said it sees an opportunity to identify new partners. “This environment creates opportunities for us because we can be that strategic partner who can help guide these next-generation managers through this environment and show up with the capital that they need the most to back them and help them grow,” Siskin explained. With thousands of emerging managers in existence, what separates winners from losers? “One question that we ask ourselves is: why does the world need another private equity firm? We want to make sure that there are clear answers to that question when we are evaluating whether to back a new team,” Siskin said. “One of the attributes that winners have is the ability to clearly differentiate their investment strategy, track record and create a compelling story to be able to raise capital. The managers that end up struggling are those that become harder to distinguish or those that are overly reliant on favorable market conditions for their strategy,” Siskin added. Some of Constellation-backed platforms have recently also been in the fundraising market where they managed to achieve strong outcomes, measured by meeting their targets and reaching hard caps. Examples include Dallas-headquartered Citation Capital, which closed its inaugural fund with $1.2 billion, and Greenbelt Capital Partners, which closed Fund III at $1 billion last year, and Triple Private Equity’s inaugural fund that closed with €513 million ($585.5 million), among others. September 15-16, 2026Convene 22 Bishopsgate, London September 15-16, 2026Convene 22 Bishopsgate, London September 15-16, 2026Convene 30 Hudson Yards, New York Get limited access to our industry news, analysis and data, plus regular
      email updates To register, please review and accept our
        terms and conditions
        and privacy notice. Get limited access to our industry news, analysis and data, plus regular
      email updates Don't have an account?
    Click here to register A verification email is on its way to you. Please check your spam or junk
    folder just in case. You will receive your round-up email once a day, containing articles relating to: Articles relating to this topic will now not appear in your My buyouts email roundup.",https://www.buyoutsinsider.com/realizations-spur-capital-constellations-2-bn-fund-v/
V,Gear Up for Visa (V) Q3 Earnings: Wall Street Estimates for Key Metrics - Yahoo Finance,2026-07-23 13:15:03,"Tip: Try a valid symbol or a specific company name for relevant results Intel crushed Wall Street's earnings expectations, sending its stock soaring — before the rally unraveled. The president's new levies look sweeping, but lower rates and broad exemptions keep the overall burden well below earlier peaks. Paramount agreed to delay its $81 billion buyout of Warner Bros. until as late as next year as a judge weighs a challenge. US stocks posted weekly losses amid pressure on tech and oil SpaceX stock sinks to record low ahead of major Starship test Anthropic debuted its new Opus 5 model as the company prepares for its PO later this year SpaceX faces a major mission test tonight, just as it turns away Falcon rocket customers US stocks eyed a recovery as oil prices fell and new tariffs took effect The 'Magnificent 7' shed billions in market value in a single session as AI spending fears gripped Wall Street Trump administration announces the next phase of global tariffs, with 10% to 12.5% rates on much of the globe Megacap tech stocks dragged the Dow, S&P 500, and Nasdaq lower in a bruising session on Wall Street Intel soars after earnings blow past Wall Street expectations US weekly jobless claims plunge to their lowest level since 1969 AMD says its Nvidia challenger is in full production — but the stock slides Tesla sinks 14% as Wall Street shudders at profit miss, $25 billion capex outlook Mortgage rates hit their highest level in nearly a year as rising oil prices fuel inflation fears Stocks are tumbling as Google and Tesla drag on tech and oil prices hit $100 US stocks fell at the open amid rising oil prices and AI spending jitters AMD to launch next gen AI infrastructure to challenge Nvidia (Reuters) Data centers are popping up everywhere. But most people don't want them in their neighborhoods. Nearly 1 in 4 Americans are stuck in jobs for insurance reasons Google shares fell roughly 4% as rising capex overshadowed an earnings beat Google earnings top expectations as cloud revenue grows more than 80% Tesla stock falls after earnings miss, but cash burn comes in below expectations The Dow, S&P 500, and Nasdaq slipped into the red as investors braced for Big Tech earnings The 30-year yield is in its longest run above 5% since before the financial crisis as high oil prices revive inflation fears. Supermicro stock jumps on gross margin raise amid record $60 billion backlog US stocks slid as markets awaited Alphabet and Tesla earnings after the bell The JPMorgan CEO warns about AI hype but sees promise in space data centers Shares of the AI server maker jumped 18% after it reported a record order backlog exceeding $60 billion The Dow, S&P 500, and Nasdaq jumped as chip stocks lifted markets The tech-heavy Nasdaq led stocks higher at the open as chip stocks rallied Goldman Sachs picked 36 market winners that aren't AI stocks. Here's the list. Trump announces 50% tariffs focused on Canadian autos, dairy, and alcohol in response to 'continued discrimination' 'There has never been a quarter like this one,' the theater chain's CEO said after the company posted record revenue Stocks finished lower as US-Iran war risks reemerged and oil was volatile A judge says Paramount and Warner Bros. Discovery must halt their merger The clock is set to run out on Trump's temporary global tariffs this Friday The Nasdaq led the major indexes higher at the open as chip stocks rose The FDA approved a first-of-its-kind cholesterol pill called Lipfendra. How much will it cost? Can the Australian model rescue the US retirement system? Trump seems to think so. The Mercedes CLA 250+ is a more luxurious Model 3 — at a surprisingly good price: Review Earnings results from Alphabet and Tesla headline a busy week, amid a chip sell-off and conflict in Iran Netflix's growth slowdown exposes a classic shareholder trap Wall Street will need strong earnings to shake off recent market jitters around AI Bargain hunters are watching closely as foreclosures hit their highest level since 2019 The latest inflation data may signal a modest cost-of-living adjustment (COLA) for Social Security recipients. The above button links to Coinbase. Yahoo Finance is not a broker-dealer or investment adviser and does not offer securities or cryptocurrencies for sale or facilitate trading. Coinbase pays us for certain activity generated through this link. Prices displayed are informational. Analysts on Wall Street project that Visa (V) will announce quarterly earnings of $3.23 per share in its forthcoming report, representing an increase of 8.4% year over year. Revenues are projected to reach $11.37 billion, increasing 11.8% from the same quarter last year. Over the past 30 days, the consensus EPS estimate for the quarter has been adjusted upward by 0.4% to its current level. This demonstrates the covering analysts' collective reassessment of their initial projections during this period. Before a company reveals its earnings, it is vital to take into account any changes in earnings projections. These revisions play a pivotal role in predicting the possible reactions of investors toward the stock. Multiple empirical studies have consistently shown a strong association between trends in earnings estimates and the short-term price movements of a stock. While investors typically rely on consensus earnings and revenue estimates to gauge how the business may have fared during the quarter, examining analysts' projections for some of the company's key metrics often helps gain a deeper insight. That said, let's delve into the average estimates of some Visa metrics that Wall Street analysts commonly model and monitor. It is projected by analysts that the 'Revenues- Service revenue' will reach $4.85 billion. The estimate indicates a year-over-year change of +12%. The consensus among analysts is that 'Revenues- Data processing revenue' will reach $5.86 billion. The estimate indicates a year-over-year change of +13.6%. Analysts forecast 'Revenues- Other revenue' to reach $1.31 billion. The estimate points to a change of +27.5% from the year-ago quarter. The average prediction of analysts places 'Revenues- International transaction revenue' at $3.92 billion. The estimate suggests a change of +7.9% year over year. The combined assessment of analysts suggests that 'End of Period Connections - Total transactions' will likely reach 71.46 billion. The estimate is in contrast to the year-ago figure of 65.44 billion. Based on the collective assessment of analysts, 'Payments volume - Total' should arrive at $3934.73 billion. Compared to the current estimate, the company reported $3618.00 billion in the same quarter of the previous year. Analysts predict that the 'Total volume' will reach $4557.96 billion. The estimate is in contrast to the year-ago figure of $4250.00 billion. Analysts expect 'Payments volume - Asia pacific' to come in at $530.21 billion. The estimate compares to the year-ago value of $509.00 billion. Analysts' assessment points toward 'Payments volume - Canada' reaching $116.57 billion. The estimate compares to the year-ago value of $110.00 billion. According to the collective judgment of analysts, 'Payments volume - U.S.' should come in at $1895.31 billion. Compared to the present estimate, the company reported $1766.00 billion in the same quarter last year. The consensus estimate for 'Payments volume - CEMEA' stands at $246.25 billion. The estimate is in contrast to the year-ago figure of $219.00 billion. The collective assessment of analysts points to an estimated 'Payments volume - Europe' of $868.35 billion. The estimate compares to the year-ago value of $774.00 billion. Over the past month, shares of Visa have returned +6.4% versus the Zacks S&P 500 composite's +0.4% change. Currently, V carries a Zacks Rank #2 (Buy), suggesting that it may outperform. the overall market in the near future. You can see the complete list of today's Zacks Rank #1 (Strong Buy) stocks here >>>> . Want the latest recommendations from Zacks Investment Research? Today, you can download 7 Best Stocks for the Next 30 Days. Click to get this free report This article originally published on Zacks Investment Research (zacks.com). Tip: Try a valid symbol or a specific company name for relevant results",https://finance.yahoo.com/markets/stocks/articles/gear-visa-v-q3-earnings-131503483.html
V,Public opinion on abortion has shifted 4 years after Dobbs decision overturned Roe v. Wade - The Conversation,2026-07-23 12:25:08,"It’s been four years since the Supreme Court’s decision in Dobbs v. Jackson Women’s Health Organization overturned Roe v. Wade, ending the federal constitutional right to abortion. In the immediate aftermath of the decision, national attention centered on implementation of state bans and a rapidly shifting legal landscape. But four years later, one of the most impactful developments has been less visible: a significant, sustained and politically consequential shift in public opinion. In the wake of Dobbs, the debate over abortion rights did not simply return to the states. It fundamentally altered how many Americans think about the issue and how they vote. In our recently published book, “Not Going Back: Public Opinion on Abortion in Post-Dobbs America,” we examined how and why these changes have occurred, and what they mean for U.S. politics. We believe the shift could have real consequences for the November 2026 midterms. Drawing on several nationally representative surveys conducted before and after Dobbs, we examined how Americans’ abortion attitudes, political priorities and voting behavior have changed in response to the most significant shift in abortion policy in half a century. For nearly 50 years after Roe, public opinion on abortion was remarkably stable. In 1975, Gallup found support for legal abortion in certain circumstances at 54% and support for a ban in all circumstances at 22%. In 2021 – the year before the Dobbs decision – these figures were virtually the same: 48% and 19%, respectively. Despite heated political rhetoric, most Americans held nuanced views. They were neither fully anti-abortion nor fully pro-abortion. Instead, they supported legal abortion in some circumstances and not in others. That underlying stability shaped both policy and politics for decades. Republicans were able to rally a committed core of supporters around opposition to Roe, while the underlying constitutional right to access abortion remained unchanged. As states moved quickly after the Dobbs decision to enact abortion bans and strict gestational limits, public opinion moved in the opposite direction. Today, more Americans identify as pro-choice than they did before Dobbs. And, as we document in our book, more Americans are now taking absolutist positions. They support legal access to abortion in all or most cases and oppose government regulation altogether. One of the most striking changes in the post-Dobbs era concerns who cares most about abortion. For decades, abortion was a higher priority for Republicans and those identifying as pro-life. That dynamic has now flipped. In both 2022 and 2024, Democrats and pro-choice Americans were more likely than Republicans to say abortion was a top political issue shaping their vote. In our book, we document how in both 2022 and 2024, pro-choice Democrats were especially motivated to vote and remained highly loyal to Democratic candidates. At the same time, the considerable minority of Republicans who support legal abortion found themselves politically cross-pressured, meaning they experienced conflicting political influences. Drawing on multiple nationally representative data sets, our book reveals that roughly one-third of Republicans hold views on abortion that do not align with the official pro-life position embraced by their party. They either identify as pro-choice or support legal abortion in at least some cases. It was one thing to identify as a pro-choice Republican when Roe guaranteed a constitutional right to abortion. After Dobbs, however, Republican electoral victories could directly result in abortion bans and other restrictions. That makes partisan choices far more consequential. We found that cross-pressured Republicans had lower turnout rates and were more willing to cross party lines, reflecting the growing tension between their abortion views and their party’s position. Given the size of this group, that presents a serious challenge for GOP candidates. At the same time, efforts to find a middle ground on abortion have proven difficult. Republican legislators in North Carolina and Virginia, for example, have sought to position policies such as 12- or 15-week bans as a reasonable compromise. That might have worked in 1990. But public opinion has shifted in ways that make this strategy increasingly untenable. Our research shows that most Americans, including Republicans, do not see these “moderate” policies as meaningfully different from more restrictive bans. One reason may be that, in the wake of Dobbs, abortion restrictions have become concrete rather than abstract. Extensive media coverage of women denied care during miscarriages, severe pregnancy complications and other medical emergencies has highlighted the consequences of gestational limits. This leads many Americans to judge these policies by their practical effects rather than the specific week at which abortion is prohibited. In addition, our original survey data reveals that many Americans have only a limited understanding of how pregnancy is dated. That makes distinctions between six-, 12- and 15-week bans less meaningful than policymakers often assume. Another major change is the emergence of a gender gap in abortion attitudes. For decades, men and women held remarkably similar views on abortion. That is no longer the case. Since Dobbs, women have become significantly more supportive of abortion rights than men. For example, 56% of women say abortion should be legal in all or most circumstances, compared to 41% of men. This new gender gap reflects both women’s experiences with pregnancy and abortion and the changed policy environment following Dobbs. After the ruling, the consequences of abortion restrictions became far more immediate and tangible. Rather than accepting these new restrictions, many women reacted against them. As abortion policy moved sharply to the right in many states, women’s attitudes moved in the opposite direction. This has resulted in substantially greater support for abortion rights. Our survey research further finds that a better understanding of human reproduction, including how pregnancies are dated, is associated with greater support for legal access to abortion. Taken together, these changes have reshaped American politics in ways that advantage Democrats. Abortion rights played a key role in the 2022 midterms, contributing to stronger-than-expected Democratic performance nationwide. And it continues to shape voter motivation and turnout patterns heading into future elections. That said, abortion is not the only issue that matters in modern U.S. politics. In the 2026 midterm elections, the economy and partisanship – especially in an era dominated by President Donald Trump – will remain central to electoral outcomes. Abortion alone is unlikely to determine any single race. But it has altered the political landscape in ways that will matter this November and beyond. The phrase that gives our book its title – “Not Going Back” – captures this moment. The changes we document are not temporary reactions to a single Supreme Court decision. The stability that defined abortion politics for half a century is gone. The new normal is a political landscape in which abortion rights have become both more widely supported and more politically consequential. They are motivating Democratic voters while creating new tensions within the Republican coalition. Perhaps most importantly, Dobbs transformed abortion from a constitutional question into an electoral one. As abortion laws became substantially more restrictive, public opinion moved toward greater support for abortion access. The 2026 elections will offer another test of how the U.S. responds when public policy and public preferences move in opposite directions. This story was produced in collaboration with Rewire News Group, an independent nonprofit media outlet that covers reproductive health. Professor of Political Science, Hartwick College Professor of Political Science, Augusta University Professor of Political Science, North Carolina State University The authors do not work for, consult, own shares in or receive funding from any company or organization that would benefit from this article, and have disclosed no relevant affiliations beyond their academic appointment. Write an article and join a growing community of more than 230,200 academics and researchers from 5,570 institutions. Copyright © 2010–2026, The Conversation US, Inc.",https://theconversation.com/public-opinion-on-abortion-has-shifted-4-years-after-dobbs-decision-overturned-roe-v-wade-285668
V,BTS' V brings Jinro's global ambitions to life in 1st worldwide campaign - The Korea Times,2026-07-23 03:24:02,"BTS member V appears in HiteJinro's new global campaign for Jinro / Courtesy of HiteJinro HiteJinro is turning to one of Korea's biggest cultural exports, BTS member V, to expand Jinro's reach worldwide with a new campaign aimed at making the soju brand a more familiar presence in consumers' everyday lives. The company said Thursday it launched its first global campaign featuring V, titled ""My Favorite JINRO,"" as part of efforts to communicate the brand's values to consumers around the world. The campaign began with the release of its main advertisement Thursday and will continue with digital content, consumer participation events and offline promotions. The commercial features V's charismatic and playful image through a polished storyline in which he mistakenly arrives at the wrong party after being invited to an event. The advertisement then reveals a twist as guests from both parties come together with V to enjoy Jinro, highlighting the brand's message of connecting people and creating memorable moments. HiteJinro said the campaign reflects Jinro's effort to build a younger and more sophisticated global brand identity. The commercial also includes symbols representing the company's overseas expansion strategy, including room numbers 306 and 307 featured in the storyline. Room 306 represents Jinro's current global lineup of three regular soju products and six flavored soju products, while room 307 symbolizes the company's plan to expand its flavored soju lineup to seven or more varieties. HiteJinro said the strategy is designed to strengthen the brand's competitiveness by continuing to introduce products that reflect the diverse preferences of global consumers. The advertisement is available through Jinro's official global YouTube channel and its official social media platforms. Hwang Jung-ho, executive vice president of HiteJinro's overseas business division, said the campaign is the company's first global initiative with V as its global ambassador and will help introduce Jinro to consumers worldwide. Hwang said HiteJinro will continue expanding its influence in major overseas beverage markets and strengthen Jinro's position as a leading global soju brand. The company also introduced its new global tagline, ""Fill The Moment,"" which reflects its philosophy of filling meaningful moments shared with loved ones with warmth and enjoyment. This article was published with the assistance of generative AI and edited by The Korea Times. 4 in 10 Korean men paid for sex at least once; youth exploitation age drops to 14: survey SK chairman ordered to pay $644 mil. in cash in property division retrial Korea's summers are getting longer and hotter, data shows Investigators detect evidence Shincheonji sect also forced memberships of DPK",https://www.koreatimes.co.kr/business/companies/20260723/bts-v-brings-jinros-global-ambitions-to-life-in-1st-worldwide-campaign
V,Kristopher Brock Is Back With a Collection for V. Chapman - WWD,2026-07-23 00:30:58,"The Brock Collection cofounder brought his love of poppy flowers to the contemporary occasionwear brand known for vintage romance. Fans of Brock Collection’s frilly, floral frocks are in for a treat. Since putting the line on hold in 2021, cofounder Kristopher Brock has become a serial collaborator, creating cowboy boots, streetwear, and cycling gear, among other things. His latest project, however, is closer to home: a collection for the Los Angeles-based contemporary occasionwear brand V. Chapman by Victoria Salisbury. After working as a senior designer at Chan Luu, Salisbury made the jump from jewelry to fashion in 2018. She was introduced to Brock through his partner, Kaitlynn Carter of “The Hills” fame. “I’ve always looked up to Kris. He has an amazing aesthetic and direction, so when we talked about it, I was like, that would be such an honor for me,” she said. Brock agreed. “It made a bunch of sense,” given their shared love of vintage romance and because party dresses are both their speciality. “Every wedding we go to, it’s just V. Chapman everywhere,” he joked. Some of the standout looks include Salisbury’s favorite, a plunging tiered midi in a chintzy linen organza and Brock’s, a ruffled peplum top, which is styled in the look book over a matching peasant skirt in white cotton voile. Tying them together are black grosgrain bows, a throwback Brock Collection signature. Red poppies are another leitmotif. Salisbury said florals are always “a moment” for V. Chapman, so she let Brock have his pick. Why poppies? They certainly rooted the inspiration in flamenco, hence the collection’s name “Amapola Amor,” Spanish for “poppy love,” but Brock’s reason was less specific: “I love red,” he explained. “It’s such a fierce, strong color, and I think we kind of needed that.” The print decorates a semi-sheer collarless evening jacket, an ideal day-to-night piece, according to Brock. “She could dress it up and wear it with tights like how we shot it or it would be so cute with jeans.” He said one of his and Salisbury’s goals was to open up V. Chapman to the world of wardrobing. Among their 26 pieces, knitwear, from enveloping turtlenecks to the smallest cardigans with removable accordion-pleated hems, brings a sophisticated touch to the everyday. Polishing things off even more, there’s a brooch and earrings (in the shape of poppies, of course). But for all those V. Chapman weddings Brock mentioned, the bride might select a lace Empire-waist gown with a portrait neck. It bears a resemblance to one Gwyneth Paltrow wears as Emma in the 1996 film adaptation of Jane Austen’s novel by the same name. “Period movies, and just movies in general have always been a huge inspiration for me,” Salisbury said. “Having that storybook moment really gets me.” Amapola Amor ranges from $125 to $1,225. The full collection will launch online at vchapmanstudio.com on Aug. 5. Select pieces are available now at Anthropologie. Sign up for WWD news straight to your inbox every day Get all the top news stories and alerts straight to your inbox. WWD and Women's Wear Daily are part of Penske Media Corporation. © 2026 Fairchild Publishing, LLC. All Rights Reserved. These cookies are necessary for the website to function and cannot be switched off in our systems. They are usually only set in response to actions made by you which amount to a request for services, such as setting your privacy preferences, logging in or filling in forms. You can set your browser to block or alert you about these cookies, but some parts of the site will not then work. These cookies do not store any personally identifiable information. Move the toggle to the left (grey color) and click ""Confirm My Choices,"" to indicate that you do not want us to sell or process your personal information for targeted ads as described above. You must indicate your choice on each computer/browser you use to access our services and fill out the opt out form above for non-cookie based data. If you clear your cookies or your browser is set to do so, you must opt out using the toggle again. These cookies allow us to count visits and traffic sources so we can measure and improve the performance of our site. They help us to know which pages are the most and least popular and see how visitors move around the site. All information these cookies collect is aggregated and therefore anonymous. If you do not allow these cookies we will not know when you have visited our site, and will not be able to monitor its performance. These cookies may be set through our site by our advertising partners. They may be used by those companies to build a profile of your interests and show you relevant adverts on other sites. They do not store directly personal information, but are based on uniquely identifying your browser and internet device. If you do not allow these cookies, you will experience less targeted advertising.",https://wwd.com/fashion-news/fashion-scoops/kristopher-brock-v-chapman-collaboration-1239078509/
V,Obituary for Mary Virginia Gay - Ronald V. Hall Funeral Home,2026-07-22 21:12:07,"We would like to offer our sincere support to anyone coping with grief. Enter
                    your email below for our complimentary daily grief messages. Messages run for up to one year and you
                    can stop at any time. Your email will not be used for any other purpose. Miss Mary Virginia Gay, age 81, of the New Branch Community, died Tuesday, July 21, 2026, at the Community Hospice House in Vidalia following an extended illness. She was born in Savannah, grew up in New Branch, graduating from Lyons High School in 1963, and she was a graduate of Greenleaf Business College in Atlanta. She returned to Savannah in 1974, retiring after thirty years from AT&T formerly Southern Bell and returned home to New Branch in 2026. She was an active member of Life Church at Ardsley Park in Savannah where she sang in the choir, served as church treasurer, and was a member of the WMU. She enjoyed sports, especially the Atlanta Braves and the Savannah Bananas, watching game shows, but her favorites were Wheel of Fortune and Jeopardy, and playing weekly canasta for many years with her friends. She is preceded in death by her parents, Nelson Gay and Mary Will Rockett Gay; sister-in-law, Ida Lou Thompson Gay; and brother-in-law, Robert Fennell. Miss Gay is survived by one brother, Roger Gay of New Ellenton, South Carolina; three sisters, Janice Gay Dixon and husband Richard of Vidalia, Jo Gay Fennell of New Branch, and Joyce Gay of Vidalia; one nephew, David Gay and wife Sherri of Aiken, South Carolina; one niece, Clarissa Dixon Zabarac and husband Mike of Midway; one great-niece, Karen Gay; one great-nephew, Fisher Zabarac; one great-great-nephew, Jett Gay; and numerous cousins. The funeral service will be held on Friday, July 24th, 2026, at 11:00 at Mt. Moriah Church with Pastor Michael Kennedy and Pastor Jon Tillman officiating. Interment will follow in the church cemetery. The family will receive friends at Mt. Moriah Church on Friday morning from 10:00 until just prior to the service. Ronald V. Hall Funeral Home of Vidalia is in charge of arrangements. To send flowers
                            to the family or plant a tree
                            in memory of Mary Virginia Gay, please visit our floral store. This obituary is published with permission of the family of Mary Virginia Gay and may not be copied © 2026",https://www.ronaldvhall.com/obituary/MaryVirginia-Gay
V,Duvall v. Maryland - Cato Institute,2026-07-22 18:58:47,"Just a few years ago, the United States Supreme Court confirmed that the Second Amendment protects “the general right to publicly carry arms for self-defense.” Learn more about Cato’s Amicus Briefs Program. In 2022, Lloyd Muldrow, a Marine veteran and self-defense instructor, stopped an attack by an armed assailant in a Baltimore bar. For his heroism, he would later receive the Carnegie Medal, which recognizes those who perform extraordinary acts of heroism in civilian life. But before that recognition, he suffered the humiliation of arrest and prosecution solely because he carried a firearm in Maryland with a Virginia carry permit, which Maryland refused to honor. As reported, “police thanked him—and then they arrested him.” Mr. Muldrow would eventually receive probation for his “crime.” His experience underscores that the issue of interstate carry rights is not limited to this case. Rather, it threatens responsible, licensed carriers nationwide. Cato joined a brief authored by the Second Amendment Foundation and other gun-rights groups urging the Maryland Supreme Court to address this issue. Just a few years ago, the United States Supreme Court confirmed that the Second Amendment protects “the general right to publicly carry arms for self-defense.” That right cannot tolerate each state having the power to force individuals from every other state to jump through time-consuming and often costly hoops before it deigns to allow them to carry a firearm within its borders. Interstate visitors are Americans, yet states like Maryland treat them as suspect foreigners that need to be re-vetted before exercising a fundamental right. As this brief concisely shows, our historical tradition demands exactly the opposite. Every weekday morning: independent analysis grounded in individual liberty, limited government, free markets, and peace.",https://www.cato.org/legal-briefs/duvall-v-maryland
