ticker,title,date,content,url
V,^^$^[Fifa™WorldCup]™ England v Norway 𝐋𝐈𝐕𝐄 Ｓｔｒｅａｍ Ｆｒｅｅ FIFA WC 2026 ＯＮ Ｔｖ Ｃｈａｎｎｅｌ - Business and Investment Development Agency - CzechInvest,2026-07-11 23:07:14,"^^$^[Fifa™WorldCup]™ England v Norway 𝐋𝐈𝐕𝐄 Ｓｔｒｅａｍ Ｆｒｅｅ FIFA WC 2026 ＯＮ Ｔｖ Ｃｈａｎｎｅｌ ^^$^[Fifa™WorldCup]™ England v Norway 𝐋𝐈𝐕𝐄 Ｓｔｒｅａｍ Ｆｒｅｅ FIFA WC 2026 ＯＮ Ｔｖ Ｃｈａｎｎｅｌ, , ^^$^[Fifa™WorldCup]™ England v Norway 𝐋𝐈𝐕𝐄 Ｓｔｒｅａｍ Ｆｒｅｅ FIFA WC 2026 ＯＮ Ｔｖ Ｃｈａｎｎｅｌ, , ^^$^[Fifa™WorldCup]™ England v Norway 𝐋𝐈𝐕𝐄 Ｓｔｒｅａｍ Ｆｒｅｅ FIFA WC 2026 ＯＮ Ｔｖ Ｃｈａｎｎｅｌ, , ^^$^[Fifa™WorldCup]™ England v Norway 𝐋𝐈𝐕𝐄 Ｓｔｒｅａｍ Ｆｒｅｅ FIFA WC 2026 ＯＮ Ｔｖ Ｃｈａｎｎｅｌ, , ^^$^[Fifa™WorldCup]™ England v Norway 𝐋𝐈𝐕𝐄 Ｓｔｒｅａｍ Ｆｒｅｅ FIFA WC 2026 ＯＮ Ｔｖ Ｃｈａｎｎｅｌ, Norway vs England FIFA World Cup Live Coverage: Stream the Fifa World Cup 2026 match live with updated scores and highlights. Stay informed with Norway vs England Live stats, commentary, and match analysis from start to finish. [X0RIKOtL0W] [499WXoUrG3] [PdUqkXOulc] [Lwt5yNS5bj] ^^$^[Fifa™WorldCup]™ England v Norway 𝐋𝐈𝐕𝐄 Ｓｔｒｅａｍ Ｆｒｅｅ FIFA WC 2026 ＯＮ Ｔｖ Ｃｈａｎｎｅｌ, , ^^$^[Fifa™WorldCup]™ England v Norway 𝐋𝐈𝐕𝐄 Ｓｔｒｅａｍ Ｆｒｅｅ FIFA WC 2026 ＯＮ Ｔｖ Ｃｈａｎｎｅｌ, , ^^$^[Fifa™WorldCup]™ England v Norway 𝐋𝐈𝐕𝐄 Ｓｔｒｅａｍ Ｆｒｅｅ FIFA WC 2026 ＯＮ Ｔｖ Ｃｈａｎｎｅｌ, , ^^$^[Fifa™WorldCup]™ England v Norway 𝐋𝐈𝐕𝐄 Ｓｔｒｅａｍ Ｆｒｅｅ FIFA WC 2026 ＯＮ Ｔｖ Ｃｈａｎｎｅｌ, , ^^$^[Fifa™WorldCup]™ England v Norway 𝐋𝐈𝐕𝐄 Ｓｔｒｅａｍ Ｆｒｅｅ FIFA WC 2026 ＯＮ Ｔｖ Ｃｈａｎｎｅｌ, Norway vs England FIFA World Cup Live Coverage: Stream the Fifa World Cup 2026 match live with updated scores and highlights. Stay informed with Norway vs England Live stats, commentary, and match analysis from start to finish. [X0RIKOtL0W] [499WXoUrG3] [PdUqkXOulc] [Lwt5yNS5bj] ^^$^[Fifa™WorldCup]™ England v Norway 𝐋𝐈𝐕𝐄 Ｓｔｒｅａｍ Ｆｒｅｅ FIFA WC 2026 ＯＮ Ｔｖ Ｃｈａｎｎｅｌ, , ^^$^[Fifa™WorldCup]™ England v Norway 𝐋𝐈𝐕𝐄 Ｓｔｒｅａｍ Ｆｒｅｅ FIFA WC 2026 ＯＮ Ｔｖ Ｃｈａｎｎｅｌ, , ^^$^[Fifa™WorldCup]™ England v Norway 𝐋𝐈𝐕𝐄 Ｓｔｒｅａｍ Ｆｒｅｅ FIFA WC 2026 ＯＮ Ｔｖ Ｃｈａｎｎｅｌ, , ^^$^[Fifa™WorldCup]™ England v Norway 𝐋𝐈𝐕𝐄 Ｓｔｒｅａｍ Ｆｒｅｅ FIFA WC 2026 ＯＮ Ｔｖ Ｃｈａｎｎｅｌ, , ^^$^[Fifa™WorldCup]™ England v Norway 𝐋𝐈𝐕𝐄 Ｓｔｒｅａｍ Ｆｒｅｅ FIFA WC 2026 ＯＮ Ｔｖ Ｃｈａｎｎｅｌ, Norway vs England FIFA World Cup Live Coverage: Stream the Fifa World Cup 2026 match live with updated scores and highlights. Stay informed with Norway vs England Live stats, commentary, and match analysis from start to finish. [X0RIKOtL0W] [499WXoUrG3] [PdUqkXOulc] [Lwt5yNS5bj] ^^$^[Fifa™WorldCup]™ England v Norway 𝐋𝐈𝐕𝐄 Ｓｔｒｅａｍ Ｆｒｅｅ FIFA WC 2026 ＯＮ Ｔｖ Ｃｈａｎｎｅｌ, , ^^$^[Fifa™WorldCup]™ England v Norway 𝐋𝐈𝐕𝐄 Ｓｔｒｅａｍ Ｆｒｅｅ FIFA WC 2026 ＯＮ Ｔｖ Ｃｈａｎｎｅｌ, , ^^$^[Fifa™WorldCup]™ England v Norway 𝐋𝐈𝐕𝐄 Ｓｔｒｅａｍ Ｆｒｅｅ FIFA WC 2026 ＯＮ Ｔｖ Ｃｈａｎｎｅｌ, , ^^$^[Fifa™WorldCup]™ England v Norway 𝐋𝐈𝐕𝐄 Ｓｔｒｅａｍ Ｆｒｅｅ FIFA WC 2026 ＯＮ Ｔｖ Ｃｈａｎｎｅｌ, , ^^$^[Fifa™WorldCup]™ England v Norway 𝐋𝐈𝐕𝐄 Ｓｔｒｅａｍ Ｆｒｅｅ FIFA WC 2026 ＯＮ Ｔｖ Ｃｈａｎｎｅｌ, Norway vs England FIFA World Cup Live Coverage: Stream the Fifa World Cup 2026 match live with updated scores and highlights. Stay informed with Norway vs England Live stats, commentary, and match analysis from start to finish. [X0RIKOtL0W] [499WXoUrG3] [PdUqkXOulc] [Lwt5yNS5bj] ^^$^[Fifa™WorldCup]™ England v Norway 𝐋𝐈𝐕𝐄 Ｓｔｒｅａｍ Ｆｒｅｅ FIFA WC 2026 ＯＮ Ｔｖ Ｃｈａｎｎｅｌ, , ^^$^[Fifa™WorldCup]™ England v Norway 𝐋𝐈𝐕𝐄 Ｓｔｒｅａｍ Ｆｒｅｅ FIFA WC 2026 ＯＮ Ｔｖ Ｃｈａｎｎｅｌ, , ^^$^[Fifa™WorldCup]™ England v Norway 𝐋𝐈𝐕𝐄 Ｓｔｒｅａｍ Ｆｒｅｅ FIFA WC 2026 ＯＮ Ｔｖ Ｃｈａｎｎｅｌ, , ^^$^[Fifa™WorldCup]™ England v Norway 𝐋𝐈𝐕𝐄 Ｓｔｒｅａｍ Ｆｒｅｅ FIFA WC 2026 ＯＮ Ｔｖ Ｃｈａｎｎｅｌ, , ^^$^[Fifa™WorldCup]™ England v Norway 𝐋𝐈𝐕𝐄 Ｓｔｒｅａｍ Ｆｒｅｅ FIFA WC 2026 ＯＮ Ｔｖ Ｃｈａｎｎｅｌ, Norway vs England FIFA World Cup Live Coverage: Stream the Fifa World Cup 2026 match live with updated scores and highlights. Stay informed with Norway vs England Live stats, commentary, and match analysis from start to finish. [X0RIKOtL0W] [499WXoUrG3] [PdUqkXOulc] [Lwt5yNS5bj] ^^$^[Fifa™WorldCup]™ England v Norway 𝐋𝐈𝐕𝐄 Ｓｔｒｅａｍ Ｆｒｅｅ FIFA WC 2026 ＯＮ Ｔｖ Ｃｈａｎｎｅｌ, , ^^$^[Fifa™WorldCup]™ England v Norway 𝐋𝐈𝐕𝐄 Ｓｔｒｅａｍ Ｆｒｅｅ FIFA WC 2026 ＯＮ Ｔｖ Ｃｈａｎｎｅｌ, , ^^$^[Fifa™WorldCup]™ England v Norway 𝐋𝐈𝐕𝐄 Ｓｔｒｅａｍ Ｆｒｅｅ FIFA WC 2026 ＯＮ Ｔｖ Ｃｈａｎｎｅｌ, , ^^$^[Fifa™WorldCup]™ England v Norway 𝐋𝐈𝐕𝐄 Ｓｔｒｅａｍ Ｆｒｅｅ FIFA WC 2026 ＯＮ Ｔｖ Ｃｈａｎｎｅｌ, , ^^$^[Fifa™WorldCup]™ England v Norway 𝐋𝐈𝐕𝐄 Ｓｔｒｅａｍ Ｆｒｅｅ FIFA WC 2026 ＯＮ Ｔｖ Ｃｈａｎｎｅｌ, Norway vs England FIFA World Cup Live Coverage: Stream the Fifa World Cup 2026 match live with updated scores and highlights. Stay informed with Norway vs England Live stats, commentary, and match analysis from start to finish. [X0RIKOtL0W] [499WXoUrG3] [PdUqkXOulc] [Lwt5yNS5bj] ^^$^[Fifa™WorldCup]™ England v Norway 𝐋𝐈𝐕𝐄 Ｓｔｒｅａｍ Ｆｒｅｅ FIFA WC 2026 ＯＮ Ｔｖ Ｃｈａｎｎｅｌ, , ^^$^[Fifa™WorldCup]™ England v Norway 𝐋𝐈𝐕𝐄 Ｓｔｒｅａｍ Ｆｒｅｅ FIFA WC 2026 ＯＮ Ｔｖ Ｃｈａｎｎｅｌ, , ^^$^[Fifa™WorldCup]™ England v Norway 𝐋𝐈𝐕𝐄 Ｓｔｒｅａｍ Ｆｒｅｅ FIFA WC 2026 ＯＮ Ｔｖ Ｃｈａｎｎｅｌ, , ^^$^[Fifa™WorldCup]™ England v Norway 𝐋𝐈𝐕𝐄 Ｓｔｒｅａｍ Ｆｒｅｅ FIFA WC 2026 ＯＮ Ｔｖ Ｃｈａｎｎｅｌ, , ^^$^[Fifa™WorldCup]™ England v Norway 𝐋𝐈𝐕𝐄 Ｓｔｒｅａｍ Ｆｒｅｅ FIFA WC 2026 ＯＮ Ｔｖ Ｃｈａｎｎｅｌ, Norway vs England FIFA World Cup Live Coverage: Stream the Fifa World Cup 2026 match live with updated scores and highlights. Stay informed with Norway vs England Live stats, commentary, and match analysis from start to finish. [X0RIKOtL0W] [499WXoUrG3] [PdUqkXOulc] [Lwt5yNS5bj]",https://antstream.it.com/videos/nuo/video-fifaworldcup-england-v-norwa-ff29fey1.html
V,###[Fifa™WorldCup]!𝚆𝙰𝚃𝙲𝙷 England v Norway 𝐋𝐈𝐕𝐄 Ｓｔｒｅａｍ Ｆｒｅｅ FIFA WC 2026 ＯＮ Ｔｖ Ｃｈａｎｎｅｌ 11 July 2026 - Business and Investment Development Agency - CzechInvest,2026-07-11 23:07:12,"###[Fifa™WorldCup]!𝚆𝙰𝚃𝙲𝙷 England v Norway 𝐋𝐈𝐕𝐄 Ｓｔｒｅａｍ Ｆｒｅｅ FIFA WC 2026 ＯＮ Ｔｖ Ｃｈａｎｎｅｌ 11 July 2026 ###[Fifa™WorldCup]!𝚆𝙰𝚃𝙲𝙷 England v Norway 𝐋𝐈𝐕𝐄 Ｓｔｒｅａｍ Ｆｒｅｅ FIFA WC 2026 ＯＮ Ｔｖ Ｃｈａｎｎｅｌ 11 July 2026, , ###[Fifa™WorldCup]!𝚆𝙰𝚃𝙲𝙷 England v Norway 𝐋𝐈𝐕𝐄 Ｓｔｒｅａｍ Ｆｒｅｅ FIFA WC 2026 ＯＮ Ｔｖ Ｃｈａｎｎｅｌ 11 July 2026, , ###[Fifa™WorldCup]!𝚆𝙰𝚃𝙲𝙷 England v Norway 𝐋𝐈𝐕𝐄 Ｓｔｒｅａｍ Ｆｒｅｅ FIFA WC 2026 ＯＮ Ｔｖ Ｃｈａｎｎｅｌ 11 July 2026, Round of Quarter-finals Norway vs England live: FIFA World Cup 2026 Norway vs England look to seize control of thrilling FIFA World Cup 2026 Norway vs England. Every team in the FIFA World Cup 2026 Norway vs England has two wins apiece as we go into the final two game weeks. FIFA World Cup 2026 Norway vs England will host FIFA World Cup 2026 Norway vs England at Durban s Kings Park Stadium with the FIFA World Cup 2026 Norway vs England a single point ahead of FIFA World Cup 2026 Norway vs England in the standings and just one behind leaders FIFA World Cup 2026 Norway vs England [NKvqExy1xM] [dAxgY6z9eQ] ###[Fifa™WorldCup]!𝚆𝙰𝚃𝙲𝙷 England v Norway 𝐋𝐈𝐕𝐄 Ｓｔｒｅａｍ Ｆｒｅｅ FIFA WC 2026 ＯＮ Ｔｖ Ｃｈａｎｎｅｌ 11 July 2026, , ###[Fifa™WorldCup]!𝚆𝙰𝚃𝙲𝙷 England v Norway 𝐋𝐈𝐕𝐄 Ｓｔｒｅａｍ Ｆｒｅｅ FIFA WC 2026 ＯＮ Ｔｖ Ｃｈａｎｎｅｌ 11 July 2026, , ###[Fifa™WorldCup]!𝚆𝙰𝚃𝙲𝙷 England v Norway 𝐋𝐈𝐕𝐄 Ｓｔｒｅａｍ Ｆｒｅｅ FIFA WC 2026 ＯＮ Ｔｖ Ｃｈａｎｎｅｌ 11 July 2026, Round of Quarter-finals Norway vs England live: FIFA World Cup 2026 Norway vs England look to seize control of thrilling FIFA World Cup 2026 Norway vs England. Every team in the FIFA World Cup 2026 Norway vs England has two wins apiece as we go into the final two game weeks. FIFA World Cup 2026 Norway vs England will host FIFA World Cup 2026 Norway vs England at Durban s Kings Park Stadium with the FIFA World Cup 2026 Norway vs England a single point ahead of FIFA World Cup 2026 Norway vs England in the standings and just one behind leaders FIFA World Cup 2026 Norway vs England [NKvqExy1xM] [dAxgY6z9eQ] ###[Fifa™WorldCup]!𝚆𝙰𝚃𝙲𝙷 England v Norway 𝐋𝐈𝐕𝐄 Ｓｔｒｅａｍ Ｆｒｅｅ FIFA WC 2026 ＯＮ Ｔｖ Ｃｈａｎｎｅｌ 11 July 2026, , ###[Fifa™WorldCup]!𝚆𝙰𝚃𝙲𝙷 England v Norway 𝐋𝐈𝐕𝐄 Ｓｔｒｅａｍ Ｆｒｅｅ FIFA WC 2026 ＯＮ Ｔｖ Ｃｈａｎｎｅｌ 11 July 2026, , ###[Fifa™WorldCup]!𝚆𝙰𝚃𝙲𝙷 England v Norway 𝐋𝐈𝐕𝐄 Ｓｔｒｅａｍ Ｆｒｅｅ FIFA WC 2026 ＯＮ Ｔｖ Ｃｈａｎｎｅｌ 11 July 2026, Round of Quarter-finals Norway vs England live: FIFA World Cup 2026 Norway vs England look to seize control of thrilling FIFA World Cup 2026 Norway vs England. Every team in the FIFA World Cup 2026 Norway vs England has two wins apiece as we go into the final two game weeks. FIFA World Cup 2026 Norway vs England will host FIFA World Cup 2026 Norway vs England at Durban s Kings Park Stadium with the FIFA World Cup 2026 Norway vs England a single point ahead of FIFA World Cup 2026 Norway vs England in the standings and just one behind leaders FIFA World Cup 2026 Norway vs England [NKvqExy1xM] [dAxgY6z9eQ] ###[Fifa™WorldCup]!𝚆𝙰𝚃𝙲𝙷 England v Norway 𝐋𝐈𝐕𝐄 Ｓｔｒｅａｍ Ｆｒｅｅ FIFA WC 2026 ＯＮ Ｔｖ Ｃｈａｎｎｅｌ 11 July 2026, , ###[Fifa™WorldCup]!𝚆𝙰𝚃𝙲𝙷 England v Norway 𝐋𝐈𝐕𝐄 Ｓｔｒｅａｍ Ｆｒｅｅ FIFA WC 2026 ＯＮ Ｔｖ Ｃｈａｎｎｅｌ 11 July 2026, , ###[Fifa™WorldCup]!𝚆𝙰𝚃𝙲𝙷 England v Norway 𝐋𝐈𝐕𝐄 Ｓｔｒｅａｍ Ｆｒｅｅ FIFA WC 2026 ＯＮ Ｔｖ Ｃｈａｎｎｅｌ 11 July 2026, Round of Quarter-finals Norway vs England live: FIFA World Cup 2026 Norway vs England look to seize control of thrilling FIFA World Cup 2026 Norway vs England. Every team in the FIFA World Cup 2026 Norway vs England has two wins apiece as we go into the final two game weeks. FIFA World Cup 2026 Norway vs England will host FIFA World Cup 2026 Norway vs England at Durban s Kings Park Stadium with the FIFA World Cup 2026 Norway vs England a single point ahead of FIFA World Cup 2026 Norway vs England in the standings and just one behind leaders FIFA World Cup 2026 Norway vs England [NKvqExy1xM] [dAxgY6z9eQ] ###[Fifa™WorldCup]!𝚆𝙰𝚃𝙲𝙷 England v Norway 𝐋𝐈𝐕𝐄 Ｓｔｒｅａｍ Ｆｒｅｅ FIFA WC 2026 ＯＮ Ｔｖ Ｃｈａｎｎｅｌ 11 July 2026, , ###[Fifa™WorldCup]!𝚆𝙰𝚃𝙲𝙷 England v Norway 𝐋𝐈𝐕𝐄 Ｓｔｒｅａｍ Ｆｒｅｅ FIFA WC 2026 ＯＮ Ｔｖ Ｃｈａｎｎｅｌ 11 July 2026, , ###[Fifa™WorldCup]!𝚆𝙰𝚃𝙲𝙷 England v Norway 𝐋𝐈𝐕𝐄 Ｓｔｒｅａｍ Ｆｒｅｅ FIFA WC 2026 ＯＮ Ｔｖ Ｃｈａｎｎｅｌ 11 July 2026, Round of Quarter-finals Norway vs England live: FIFA World Cup 2026 Norway vs England look to seize control of thrilling FIFA World Cup 2026 Norway vs England. Every team in the FIFA World Cup 2026 Norway vs England has two wins apiece as we go into the final two game weeks. FIFA World Cup 2026 Norway vs England will host FIFA World Cup 2026 Norway vs England at Durban s Kings Park Stadium with the FIFA World Cup 2026 Norway vs England a single point ahead of FIFA World Cup 2026 Norway vs England in the standings and just one behind leaders FIFA World Cup 2026 Norway vs England [NKvqExy1xM] [dAxgY6z9eQ] ###[Fifa™WorldCup]!𝚆𝙰𝚃𝙲𝙷 England v Norway 𝐋𝐈𝐕𝐄 Ｓｔｒｅａｍ Ｆｒｅｅ FIFA WC 2026 ＯＮ Ｔｖ Ｃｈａｎｎｅｌ 11 July 2026, , ###[Fifa™WorldCup]!𝚆𝙰𝚃𝙲𝙷 England v Norway 𝐋𝐈𝐕𝐄 Ｓｔｒｅａｍ Ｆｒｅｅ FIFA WC 2026 ＯＮ Ｔｖ Ｃｈａｎｎｅｌ 11 July 2026, , ###[Fifa™WorldCup]!𝚆𝙰𝚃𝙲𝙷 England v Norway 𝐋𝐈𝐕𝐄 Ｓｔｒｅａｍ Ｆｒｅｅ FIFA WC 2026 ＯＮ Ｔｖ Ｃｈａｎｎｅｌ 11 July 2026, Round of Quarter-finals Norway vs England live: FIFA World Cup 2026 Norway vs England look to seize control of thrilling FIFA World Cup 2026 Norway vs England. Every team in the FIFA World Cup 2026 Norway vs England has two wins apiece as we go into the final two game weeks. FIFA World Cup 2026 Norway vs England will host FIFA World Cup 2026 Norway vs England at Durban s Kings Park Stadium with the FIFA World Cup 2026 Norway vs England a single point ahead of FIFA World Cup 2026 Norway vs England in the standings and just one behind leaders FIFA World Cup 2026 Norway vs England [NKvqExy1xM] [dAxgY6z9eQ] ###[Fifa™WorldCup]!𝚆𝙰𝚃𝙲𝙷 England v Norway 𝐋𝐈𝐕𝐄 Ｓｔｒｅａｍ Ｆｒｅｅ FIFA WC 2026 ＯＮ Ｔｖ Ｃｈａｎｎｅｌ 11 July 2026, , ###[Fifa™WorldCup]!𝚆𝙰𝚃𝙲𝙷 England v Norway 𝐋𝐈𝐕𝐄 Ｓｔｒｅａｍ Ｆｒｅｅ FIFA WC 2026 ＯＮ Ｔｖ Ｃｈａｎｎｅｌ 11 July 2026, , ###[Fifa™WorldCup]!𝚆𝙰𝚃𝙲𝙷 England v Norway 𝐋𝐈𝐕𝐄 Ｓｔｒｅａｍ Ｆｒｅｅ FIFA WC 2026 ＯＮ Ｔｖ Ｃｈａｎｎｅｌ 11 July 2026, Round of Quarter-finals Norway vs England live: FIFA World Cup 2026 Norway vs England look to seize control of thrilling FIFA World Cup 2026 Norway vs England. Every team in the FIFA World Cup 2026 Norway vs England has two wins apiece as we go into the final two game weeks. FIFA World Cup 2026 Norway vs England will host FIFA World Cup 2026 Norway vs England at Durban s Kings Park Stadium with the FIFA World Cup 2026 Norway vs England a single point ahead of FIFA World Cup 2026 Norway vs England in the standings and just one behind leaders FIFA World Cup 2026 Norway vs England [NKvqExy1xM] [dAxgY6z9eQ]",https://antstream.it.com/videos/nuo/video-fifaworldcup-england-v-norwa-065zc7pp.html
V,[LIVESTREAM]SKY!] England v Norway 𝗟𝗶𝘃𝗲 𝗦𝘁𝗿𝗲𝗮𝗺 𝗙𝗿𝗲𝗲 𝗼𝗻 𝗧𝗩 11 July 2026 - Business and Investment Development Agency - CzechInvest,2026-07-11 23:06:43,"[LIVESTREAM]SKY!] England v Norway 𝗟𝗶𝘃𝗲 𝗦𝘁𝗿𝗲𝗮𝗺 𝗙𝗿𝗲𝗲 𝗼𝗻 𝗧𝗩 11 July 2026 [LIVESTREAM]SKY!] England v Norway 𝗟𝗶𝘃𝗲 𝗦𝘁𝗿𝗲𝗮𝗺 𝗙𝗿𝗲𝗲 𝗼𝗻 𝗧𝗩 11 July 2026, , [LIVESTREAM]SKY!] England v Norway 𝗟𝗶𝘃𝗲 𝗦𝘁𝗿𝗲𝗮𝗺 𝗙𝗿𝗲𝗲 𝗼𝗻 𝗧𝗩 11 July 2026, , [LIVESTREAM]SKY!] England v Norway 𝗟𝗶𝘃𝗲 𝗦𝘁𝗿𝗲𝗮𝗺 𝗙𝗿𝗲𝗲 𝗼𝗻 𝗧𝗩 11 July 2026, , [LIVESTREAM]SKY!] England v Norway 𝗟𝗶𝘃𝗲 𝗦𝘁𝗿𝗲𝗮𝗺 𝗙𝗿𝗲𝗲 𝗼𝗻 𝗧𝗩 11 July 2026, Norway vs England FIFA World Cup Live Coverage: Stream the Fifa World Cup 2026 match live with updated scores and highlights. Stay informed with Norway vs England Live stats, commentary, and match analysis from start to finish. [X0RIKOtL0W] [499WXoUrG3] [NoeexHl2iG] [LIVESTREAM]SKY!] England v Norway 𝗟𝗶𝘃𝗲 𝗦𝘁𝗿𝗲𝗮𝗺 𝗙𝗿𝗲𝗲 𝗼𝗻 𝗧𝗩 11 July 2026, , [LIVESTREAM]SKY!] England v Norway 𝗟𝗶𝘃𝗲 𝗦𝘁𝗿𝗲𝗮𝗺 𝗙𝗿𝗲𝗲 𝗼𝗻 𝗧𝗩 11 July 2026, , [LIVESTREAM]SKY!] England v Norway 𝗟𝗶𝘃𝗲 𝗦𝘁𝗿𝗲𝗮𝗺 𝗙𝗿𝗲𝗲 𝗼𝗻 𝗧𝗩 11 July 2026, , [LIVESTREAM]SKY!] England v Norway 𝗟𝗶𝘃𝗲 𝗦𝘁𝗿𝗲𝗮𝗺 𝗙𝗿𝗲𝗲 𝗼𝗻 𝗧𝗩 11 July 2026, Norway vs England FIFA World Cup Live Coverage: Stream the Fifa World Cup 2026 match live with updated scores and highlights. Stay informed with Norway vs England Live stats, commentary, and match analysis from start to finish. [X0RIKOtL0W] [499WXoUrG3] [NoeexHl2iG] [LIVESTREAM]SKY!] England v Norway 𝗟𝗶𝘃𝗲 𝗦𝘁𝗿𝗲𝗮𝗺 𝗙𝗿𝗲𝗲 𝗼𝗻 𝗧𝗩 11 July 2026, , [LIVESTREAM]SKY!] England v Norway 𝗟𝗶𝘃𝗲 𝗦𝘁𝗿𝗲𝗮𝗺 𝗙𝗿𝗲𝗲 𝗼𝗻 𝗧𝗩 11 July 2026, , [LIVESTREAM]SKY!] England v Norway 𝗟𝗶𝘃𝗲 𝗦𝘁𝗿𝗲𝗮𝗺 𝗙𝗿𝗲𝗲 𝗼𝗻 𝗧𝗩 11 July 2026, , [LIVESTREAM]SKY!] England v Norway 𝗟𝗶𝘃𝗲 𝗦𝘁𝗿𝗲𝗮𝗺 𝗙𝗿𝗲𝗲 𝗼𝗻 𝗧𝗩 11 July 2026, Norway vs England FIFA World Cup Live Coverage: Stream the Fifa World Cup 2026 match live with updated scores and highlights. Stay informed with Norway vs England Live stats, commentary, and match analysis from start to finish. [X0RIKOtL0W] [499WXoUrG3] [NoeexHl2iG] [LIVESTREAM]SKY!] England v Norway 𝗟𝗶𝘃𝗲 𝗦𝘁𝗿𝗲𝗮𝗺 𝗙𝗿𝗲𝗲 𝗼𝗻 𝗧𝗩 11 July 2026, , [LIVESTREAM]SKY!] England v Norway 𝗟𝗶𝘃𝗲 𝗦𝘁𝗿𝗲𝗮𝗺 𝗙𝗿𝗲𝗲 𝗼𝗻 𝗧𝗩 11 July 2026, , [LIVESTREAM]SKY!] England v Norway 𝗟𝗶𝘃𝗲 𝗦𝘁𝗿𝗲𝗮𝗺 𝗙𝗿𝗲𝗲 𝗼𝗻 𝗧𝗩 11 July 2026, , [LIVESTREAM]SKY!] England v Norway 𝗟𝗶𝘃𝗲 𝗦𝘁𝗿𝗲𝗮𝗺 𝗙𝗿𝗲𝗲 𝗼𝗻 𝗧𝗩 11 July 2026, Norway vs England FIFA World Cup Live Coverage: Stream the Fifa World Cup 2026 match live with updated scores and highlights. Stay informed with Norway vs England Live stats, commentary, and match analysis from start to finish. [X0RIKOtL0W] [499WXoUrG3] [NoeexHl2iG] [LIVESTREAM]SKY!] England v Norway 𝗟𝗶𝘃𝗲 𝗦𝘁𝗿𝗲𝗮𝗺 𝗙𝗿𝗲𝗲 𝗼𝗻 𝗧𝗩 11 July 2026, , [LIVESTREAM]SKY!] England v Norway 𝗟𝗶𝘃𝗲 𝗦𝘁𝗿𝗲𝗮𝗺 𝗙𝗿𝗲𝗲 𝗼𝗻 𝗧𝗩 11 July 2026, , [LIVESTREAM]SKY!] England v Norway 𝗟𝗶𝘃𝗲 𝗦𝘁𝗿𝗲𝗮𝗺 𝗙𝗿𝗲𝗲 𝗼𝗻 𝗧𝗩 11 July 2026, , [LIVESTREAM]SKY!] England v Norway 𝗟𝗶𝘃𝗲 𝗦𝘁𝗿𝗲𝗮𝗺 𝗙𝗿𝗲𝗲 𝗼𝗻 𝗧𝗩 11 July 2026, Norway vs England FIFA World Cup Live Coverage: Stream the Fifa World Cup 2026 match live with updated scores and highlights. Stay informed with Norway vs England Live stats, commentary, and match analysis from start to finish. [X0RIKOtL0W] [499WXoUrG3] [NoeexHl2iG] [LIVESTREAM]SKY!] England v Norway 𝗟𝗶𝘃𝗲 𝗦𝘁𝗿𝗲𝗮𝗺 𝗙𝗿𝗲𝗲 𝗼𝗻 𝗧𝗩 11 July 2026, , [LIVESTREAM]SKY!] England v Norway 𝗟𝗶𝘃𝗲 𝗦𝘁𝗿𝗲𝗮𝗺 𝗙𝗿𝗲𝗲 𝗼𝗻 𝗧𝗩 11 July 2026, , [LIVESTREAM]SKY!] England v Norway 𝗟𝗶𝘃𝗲 𝗦𝘁𝗿𝗲𝗮𝗺 𝗙𝗿𝗲𝗲 𝗼𝗻 𝗧𝗩 11 July 2026, , [LIVESTREAM]SKY!] England v Norway 𝗟𝗶𝘃𝗲 𝗦𝘁𝗿𝗲𝗮𝗺 𝗙𝗿𝗲𝗲 𝗼𝗻 𝗧𝗩 11 July 2026, Norway vs England FIFA World Cup Live Coverage: Stream the Fifa World Cup 2026 match live with updated scores and highlights. Stay informed with Norway vs England Live stats, commentary, and match analysis from start to finish. [X0RIKOtL0W] [499WXoUrG3] [NoeexHl2iG] [LIVESTREAM]SKY!] England v Norway 𝗟𝗶𝘃𝗲 𝗦𝘁𝗿𝗲𝗮𝗺 𝗙𝗿𝗲𝗲 𝗼𝗻 𝗧𝗩 11 July 2026, , [LIVESTREAM]SKY!] England v Norway 𝗟𝗶𝘃𝗲 𝗦𝘁𝗿𝗲𝗮𝗺 𝗙𝗿𝗲𝗲 𝗼𝗻 𝗧𝗩 11 July 2026, , [LIVESTREAM]SKY!] England v Norway 𝗟𝗶𝘃𝗲 𝗦𝘁𝗿𝗲𝗮𝗺 𝗙𝗿𝗲𝗲 𝗼𝗻 𝗧𝗩 11 July 2026, , [LIVESTREAM]SKY!] England v Norway 𝗟𝗶𝘃𝗲 𝗦𝘁𝗿𝗲𝗮𝗺 𝗙𝗿𝗲𝗲 𝗼𝗻 𝗧𝗩 11 July 2026, Norway vs England FIFA World Cup Live Coverage: Stream the Fifa World Cup 2026 match live with updated scores and highlights. Stay informed with Norway vs England Live stats, commentary, and match analysis from start to finish. [X0RIKOtL0W] [499WXoUrG3] [NoeexHl2iG]",https://antstream.it.com/videos/nuo/video-livestreamsky-england-v-norw-ad60r1wr.html
V,𝗧𝗩 𝗦𝘁𝗿𝗲𝗮𝗺s Norway v England 𝗟𝗶𝘃𝗲 𝗦𝘁𝗿𝗲𝗮𝗺 𝗙𝗿𝗲𝗲:FIFA World Cup Official Channels - Business and Investment Development Agency - CzechInvest,2026-07-11 23:05:20,"𝗧𝗩 𝗦𝘁𝗿𝗲𝗮𝗺s Norway v  England 𝗟𝗶𝘃𝗲 𝗦𝘁𝗿𝗲𝗮𝗺 𝗙𝗿𝗲𝗲:FIFA World Cup Official Channels 𝗧𝗩 𝗦𝘁𝗿𝗲𝗮𝗺s Norway v  England 𝗟𝗶𝘃𝗲 𝗦𝘁𝗿𝗲𝗮𝗺 𝗙𝗿𝗲𝗲:FIFA World Cup Official Channels, , 𝗧𝗩 𝗦𝘁𝗿𝗲𝗮𝗺s Norway v  England 𝗟𝗶𝘃𝗲 𝗦𝘁𝗿𝗲𝗮𝗺 𝗙𝗿𝗲𝗲:FIFA World Cup Official Channels, , Norway vs England live:Norway vs England look to seize control of thrillingNorway vs England Match Live. Every team in theNorway vs England Match Live has two wins apiece as we go into the final two game weeks.Norway vs England Match Live Free will hostNorway at England’s Kings Park Stadium with the Springboks a single point ahead of Los Pumas in the standings and just one behind leadersNorway . [i5C0DdXHwo] [E8hwNMm2Qx] 𝗧𝗩 𝗦𝘁𝗿𝗲𝗮𝗺s Norway v  England 𝗟𝗶𝘃𝗲 𝗦𝘁𝗿𝗲𝗮𝗺 𝗙𝗿𝗲𝗲:FIFA World Cup Official Channels, , 𝗧𝗩 𝗦𝘁𝗿𝗲𝗮𝗺s Norway v  England 𝗟𝗶𝘃𝗲 𝗦𝘁𝗿𝗲𝗮𝗺 𝗙𝗿𝗲𝗲:FIFA World Cup Official Channels, , Norway vs England live:Norway vs England look to seize control of thrillingNorway vs England Match Live. Every team in theNorway vs England Match Live has two wins apiece as we go into the final two game weeks.Norway vs England Match Live Free will hostNorway at England’s Kings Park Stadium with the Springboks a single point ahead of Los Pumas in the standings and just one behind leadersNorway . [i5C0DdXHwo] [E8hwNMm2Qx] 𝗧𝗩 𝗦𝘁𝗿𝗲𝗮𝗺s Norway v  England 𝗟𝗶𝘃𝗲 𝗦𝘁𝗿𝗲𝗮𝗺 𝗙𝗿𝗲𝗲:FIFA World Cup Official Channels, , 𝗧𝗩 𝗦𝘁𝗿𝗲𝗮𝗺s Norway v  England 𝗟𝗶𝘃𝗲 𝗦𝘁𝗿𝗲𝗮𝗺 𝗙𝗿𝗲𝗲:FIFA World Cup Official Channels, , Norway vs England live:Norway vs England look to seize control of thrillingNorway vs England Match Live. Every team in theNorway vs England Match Live has two wins apiece as we go into the final two game weeks.Norway vs England Match Live Free will hostNorway at England’s Kings Park Stadium with the Springboks a single point ahead of Los Pumas in the standings and just one behind leadersNorway . [i5C0DdXHwo] [E8hwNMm2Qx] 𝗧𝗩 𝗦𝘁𝗿𝗲𝗮𝗺s Norway v  England 𝗟𝗶𝘃𝗲 𝗦𝘁𝗿𝗲𝗮𝗺 𝗙𝗿𝗲𝗲:FIFA World Cup Official Channels, , 𝗧𝗩 𝗦𝘁𝗿𝗲𝗮𝗺s Norway v  England 𝗟𝗶𝘃𝗲 𝗦𝘁𝗿𝗲𝗮𝗺 𝗙𝗿𝗲𝗲:FIFA World Cup Official Channels, , Norway vs England live:Norway vs England look to seize control of thrillingNorway vs England Match Live. Every team in theNorway vs England Match Live has two wins apiece as we go into the final two game weeks.Norway vs England Match Live Free will hostNorway at England’s Kings Park Stadium with the Springboks a single point ahead of Los Pumas in the standings and just one behind leadersNorway . [i5C0DdXHwo] [E8hwNMm2Qx] 𝗧𝗩 𝗦𝘁𝗿𝗲𝗮𝗺s Norway v  England 𝗟𝗶𝘃𝗲 𝗦𝘁𝗿𝗲𝗮𝗺 𝗙𝗿𝗲𝗲:FIFA World Cup Official Channels, , 𝗧𝗩 𝗦𝘁𝗿𝗲𝗮𝗺s Norway v  England 𝗟𝗶𝘃𝗲 𝗦𝘁𝗿𝗲𝗮𝗺 𝗙𝗿𝗲𝗲:FIFA World Cup Official Channels, , Norway vs England live:Norway vs England look to seize control of thrillingNorway vs England Match Live. Every team in theNorway vs England Match Live has two wins apiece as we go into the final two game weeks.Norway vs England Match Live Free will hostNorway at England’s Kings Park Stadium with the Springboks a single point ahead of Los Pumas in the standings and just one behind leadersNorway . [i5C0DdXHwo] [E8hwNMm2Qx] 𝗧𝗩 𝗦𝘁𝗿𝗲𝗮𝗺s Norway v  England 𝗟𝗶𝘃𝗲 𝗦𝘁𝗿𝗲𝗮𝗺 𝗙𝗿𝗲𝗲:FIFA World Cup Official Channels, , 𝗧𝗩 𝗦𝘁𝗿𝗲𝗮𝗺s Norway v  England 𝗟𝗶𝘃𝗲 𝗦𝘁𝗿𝗲𝗮𝗺 𝗙𝗿𝗲𝗲:FIFA World Cup Official Channels, , Norway vs England live:Norway vs England look to seize control of thrillingNorway vs England Match Live. Every team in theNorway vs England Match Live has two wins apiece as we go into the final two game weeks.Norway vs England Match Live Free will hostNorway at England’s Kings Park Stadium with the Springboks a single point ahead of Los Pumas in the standings and just one behind leadersNorway . [i5C0DdXHwo] [E8hwNMm2Qx] 𝗧𝗩 𝗦𝘁𝗿𝗲𝗮𝗺s Norway v  England 𝗟𝗶𝘃𝗲 𝗦𝘁𝗿𝗲𝗮𝗺 𝗙𝗿𝗲𝗲:FIFA World Cup Official Channels, , 𝗧𝗩 𝗦𝘁𝗿𝗲𝗮𝗺s Norway v  England 𝗟𝗶𝘃𝗲 𝗦𝘁𝗿𝗲𝗮𝗺 𝗙𝗿𝗲𝗲:FIFA World Cup Official Channels, , Norway vs England live:Norway vs England look to seize control of thrillingNorway vs England Match Live. Every team in theNorway vs England Match Live has two wins apiece as we go into the final two game weeks.Norway vs England Match Live Free will hostNorway at England’s Kings Park Stadium with the Springboks a single point ahead of Los Pumas in the standings and just one behind leadersNorway . [i5C0DdXHwo] [E8hwNMm2Qx]",https://antstream.it.com/videos/nuo/video-s-norway-v-england-fifa-worl-98t74kpj.html
V,"(Updates)! Perez v Erceg Live Free UFC 329 Game Coverage July 12, 2026 - Business and Investment Development Agency - CzechInvest",2026-07-11 23:03:24,Enter your email address and we'll send you a link to reset your password. UFC 329: McGregor vs Holloway  is available in the HD Quality or even higher! You will get free access to UFC 329: McGregor vs Holloway Fight live Online without cables. Your account will always be free from all kinds of advertising.,https://passrugby.com/ufc/
V,"(LIVESTREAMs)! Bukauskas v Pulyaev Fight Live Free World Cup Coverage July 12, 2026 - Business and Investment Development Agency - CzechInvest",2026-07-11 23:03:03,Enter your email address and we'll send you a link to reset your password. UFC 329: McGregor vs Holloway  is available in the HD Quality or even higher! You will get free access to UFC 329: McGregor vs Holloway Fight live Online without cables. Your account will always be free from all kinds of advertising.,https://passrugby.com/ufc/
V,"(Updates/Live)! Yuneisy Duben v Joselyne Edwards Live Free UFC 329 Game On TV July 12, 2026 - Business and Investment Development Agency - CzechInvest",2026-07-11 23:00:18,Enter your email address and we'll send you a link to reset your password. UFC 329: McGregor vs Holloway  is available in the HD Quality or even higher! You will get free access to UFC 329: McGregor vs Holloway Fight live Online without cables. Your account will always be free from all kinds of advertising.,https://passrugby.com/ufc/
V,"(LIVESTREAMs)! Gandra v Reese Fight Live Free World Cup Coverage July 12, 2026 - Business and Investment Development Agency - CzechInvest",2026-07-11 23:00:02,Enter your email address and we'll send you a link to reset your password. UFC 329: McGregor vs Holloway  is available in the HD Quality or even higher! You will get free access to UFC 329: McGregor vs Holloway Fight live Online without cables. Your account will always be free from all kinds of advertising.,https://passrugby.com/ufc/
V,"(Updates)! Reese v Gandra Live Free UFC 329 Game Coverage July 12, 2026 - Business and Investment Development Agency - CzechInvest",2026-07-11 22:58:50,Enter your email address and we'll send you a link to reset your password. UFC 329: McGregor vs Holloway  is available in the HD Quality or even higher! You will get free access to UFC 329: McGregor vs Holloway Fight live Online without cables. Your account will always be free from all kinds of advertising.,https://passrugby.com/ufc/
V,"!+[Here's Way To Watch]"" Norway v England Match Live Streaming free - Business and Investment Development Agency - CzechInvest",2026-07-11 22:54:55,Enter your email address and we'll send you a link to reset your password. Argentina vs Switzerland Match's are available in the HD Quality or even higher! You will get access to Argentina vs Switzerland Match's without any limits. Your account will always be free from all kinds of advertising.,https://superstreampass.xyz/argentina-v-switzerland/?fifa1
V,"【LIVESTREAMS】FREE] Norway v England Live Free FIFA World Cup Football July 11, 2026 - Business and Investment Development Agency - CzechInvest",2026-07-11 22:47:48,"【LIVESTREAMS】FREE] Norway v  England Live Free FIFA World Cup Football July 11, 2026 【LIVESTREAMS】FREE] Norway v  England Live Free FIFA World Cup Football July 11, 2026, , 【LIVESTREAMS】FREE] Norway v  England Live Free FIFA World Cup Football July 11, 2026, Round of Quarter-finals Norway vs England live: FIFA World Cup 2026 Norway vs England look to seize control of thrilling FIFA World Cup 2026 Norway vs England. Every team in the FIFA World Cup 2026 Norway vs England has two wins apiece as we go into the final two game weeks. FIFA World Cup 2026 Norway vs England will host FIFA World Cup 2026 Norway vs England at Durban s Kings Park Stadium with the FIFA World Cup 2026 Norway vs England a single point ahead of FIFA World Cup 2026 Norway vs England in the standings and just one behind leaders FIFA World Cup 2026 Norway vs England [rIDPujf3fc] 【LIVESTREAMS】FREE] Norway v  England Live Free FIFA World Cup Football July 11, 2026, , 【LIVESTREAMS】FREE] Norway v  England Live Free FIFA World Cup Football July 11, 2026, Round of Quarter-finals Norway vs England live: FIFA World Cup 2026 Norway vs England look to seize control of thrilling FIFA World Cup 2026 Norway vs England. Every team in the FIFA World Cup 2026 Norway vs England has two wins apiece as we go into the final two game weeks. FIFA World Cup 2026 Norway vs England will host FIFA World Cup 2026 Norway vs England at Durban s Kings Park Stadium with the FIFA World Cup 2026 Norway vs England a single point ahead of FIFA World Cup 2026 Norway vs England in the standings and just one behind leaders FIFA World Cup 2026 Norway vs England [rIDPujf3fc] 【LIVESTREAMS】FREE] Norway v  England Live Free FIFA World Cup Football July 11, 2026, , 【LIVESTREAMS】FREE] Norway v  England Live Free FIFA World Cup Football July 11, 2026, Round of Quarter-finals Norway vs England live: FIFA World Cup 2026 Norway vs England look to seize control of thrilling FIFA World Cup 2026 Norway vs England. Every team in the FIFA World Cup 2026 Norway vs England has two wins apiece as we go into the final two game weeks. FIFA World Cup 2026 Norway vs England will host FIFA World Cup 2026 Norway vs England at Durban s Kings Park Stadium with the FIFA World Cup 2026 Norway vs England a single point ahead of FIFA World Cup 2026 Norway vs England in the standings and just one behind leaders FIFA World Cup 2026 Norway vs England [rIDPujf3fc] 【LIVESTREAMS】FREE] Norway v  England Live Free FIFA World Cup Football July 11, 2026, , 【LIVESTREAMS】FREE] Norway v  England Live Free FIFA World Cup Football July 11, 2026, Round of Quarter-finals Norway vs England live: FIFA World Cup 2026 Norway vs England look to seize control of thrilling FIFA World Cup 2026 Norway vs England. Every team in the FIFA World Cup 2026 Norway vs England has two wins apiece as we go into the final two game weeks. FIFA World Cup 2026 Norway vs England will host FIFA World Cup 2026 Norway vs England at Durban s Kings Park Stadium with the FIFA World Cup 2026 Norway vs England a single point ahead of FIFA World Cup 2026 Norway vs England in the standings and just one behind leaders FIFA World Cup 2026 Norway vs England [rIDPujf3fc] 【LIVESTREAMS】FREE] Norway v  England Live Free FIFA World Cup Football July 11, 2026, , 【LIVESTREAMS】FREE] Norway v  England Live Free FIFA World Cup Football July 11, 2026, Round of Quarter-finals Norway vs England live: FIFA World Cup 2026 Norway vs England look to seize control of thrilling FIFA World Cup 2026 Norway vs England. Every team in the FIFA World Cup 2026 Norway vs England has two wins apiece as we go into the final two game weeks. FIFA World Cup 2026 Norway vs England will host FIFA World Cup 2026 Norway vs England at Durban s Kings Park Stadium with the FIFA World Cup 2026 Norway vs England a single point ahead of FIFA World Cup 2026 Norway vs England in the standings and just one behind leaders FIFA World Cup 2026 Norway vs England [rIDPujf3fc] 【LIVESTREAMS】FREE] Norway v  England Live Free FIFA World Cup Football July 11, 2026, , 【LIVESTREAMS】FREE] Norway v  England Live Free FIFA World Cup Football July 11, 2026, Round of Quarter-finals Norway vs England live: FIFA World Cup 2026 Norway vs England look to seize control of thrilling FIFA World Cup 2026 Norway vs England. Every team in the FIFA World Cup 2026 Norway vs England has two wins apiece as we go into the final two game weeks. FIFA World Cup 2026 Norway vs England will host FIFA World Cup 2026 Norway vs England at Durban s Kings Park Stadium with the FIFA World Cup 2026 Norway vs England a single point ahead of FIFA World Cup 2026 Norway vs England in the standings and just one behind leaders FIFA World Cup 2026 Norway vs England [rIDPujf3fc] 【LIVESTREAMS】FREE] Norway v  England Live Free FIFA World Cup Football July 11, 2026, , 【LIVESTREAMS】FREE] Norway v  England Live Free FIFA World Cup Football July 11, 2026, Round of Quarter-finals Norway vs England live: FIFA World Cup 2026 Norway vs England look to seize control of thrilling FIFA World Cup 2026 Norway vs England. Every team in the FIFA World Cup 2026 Norway vs England has two wins apiece as we go into the final two game weeks. FIFA World Cup 2026 Norway vs England will host FIFA World Cup 2026 Norway vs England at Durban s Kings Park Stadium with the FIFA World Cup 2026 Norway vs England a single point ahead of FIFA World Cup 2026 Norway vs England in the standings and just one behind leaders FIFA World Cup 2026 Norway vs England [rIDPujf3fc]",https://www.tvcom.be/sites/default/files/webform/alert_us/_sid_/video-england-v-norway-ensiydv70ktv534.html
V,s+🧲️[LIvE@sTREAM]$ England v Norway LIVE NOW - Business and Investment Development Agency - CzechInvest,2026-07-11 22:33:43,All of the The Tomorrowland Music Concert is available in the HD Quality or even higher! You will get access to all of your favourite The Tomorrowland Muusic without any limits. Your account will always be free from all kinds of advertising. Enter your email address and we'll send you a link to reset your password. Watch Norway vs England Broadcast are available in the HD Quality or even higher! You will get access to Norway vs England without any limits. Your account will always be free from all kinds of advertising.,https://watch4kstream.com/norway-england/?mrs
V,Who is Clement Turpin? Norway v England referee for World Cup who angered Thomas Tuchel - The Independent,2026-07-11 22:19:00,"Notifications can be managed in browser preferences. Please refresh the page or navigate to another page on the site to be automatically logged inPlease refresh your browser to be logged in The French referee has experience with Thomas Tuchel and Jude Bellingham and a wealth of experience officiating some of European football’s biggest games From reproductive rights to climate change to Big Tech, The Independent is on the ground when the story is developing. Whether it's investigating the financials of Elon Musk's pro-Trump PAC or producing our latest documentary, 'The A Word', which shines a light on the American women fighting for reproductive rights, we know how important it is to parse out the facts from the messaging. At such a critical moment in US history, we need reporters on the ground. Your donation allows us to keep sending journalists to speak to both sides of the story. The Independent is trusted by Americans across the entire political spectrum. And unlike many other quality news outlets, we choose not to lock Americans out of our reporting and analysis with paywalls. We believe quality journalism should be available to everyone, paid for by those who can afford it. Clement Turpin will referee England vs Norway in the World Cup, with the respected Frenchman having recently taken charge of the Three Lions’ 4-2 win over Croatia. Turpin officiated England’s opening game of the tournament and has been the man in the middle for Paraguay’s draw with Australia and Colombia’s win over Ghana in the round of 32. The French official once riled Three Lions boss Thomas Tuchel three years ago during his time as Bayern Munich boss. Indeed, Tuchel branded Turpin “Grade E” after receiving two yellow cards in the German club's Champions League quarter-final second leg against Manchester City in 2023. Tuchel was especially upset after Turpin brandished five yellow cards in the first half at Allianz Arena, while also handing Bayern’s Dayot Upamecano a straight red card as the last man for a challenge on Erling Haaland, though the French defender survived after VAR reversed the call due to offside. Tuchel said of Turpin: ""Two things couldn't keep up with the level - the pitch wasn't in good condition and also the referee, unfortunately, was Grade E. I'd give him a one out of 10. He was absolutely terrible. It's unbelievable at this level. ""He was whistling for everything and anything. Everything was against us. In the end, we were never in a position to turn things around with three men against us. That's a fact."" Despite this disagreement, Turpin is widely respected in Europe and has forged a reputation as one of the continent’s finest officials with a wealth of experience on the biggest stages in football. Turpin has experience dealing with Jude Bellingham, too, with the official firmly dealing with the Real Madrid superstar after his attempts to unsettle Harry Kane around the penalty spot in the Champions League. Major assignments in Turpin’s career to date include the 2021 Europa League final and 2022 Champions League final, while the Three Lions had their goalless draw with Slovenia at Euro 2024 officiated by Turpin too. Join thought-provoking conversations, follow other Independent readers and see their replies Please refresh the page or navigate to another page on the site to be automatically logged inPlease refresh your browser to be logged in",https://www.independent.co.uk/sport/football/norway-v-england-referee-clement-turpin-world-cup-2026-b3012180.html
V,[WATCHLIVE]SKY1!] England v Norway 𝗟𝗶𝘃𝗲 𝗦𝘁𝗿𝗲𝗮𝗺 𝗙𝗿𝗲𝗲 𝗼𝗻 𝗧𝗩 11 July 2026 - Business and Investment Development Agency - CzechInvest,2026-07-11 22:16:08,"[WATCHLIVE]SKY1!] England v Norway 𝗟𝗶𝘃𝗲 𝗦𝘁𝗿𝗲𝗮𝗺 𝗙𝗿𝗲𝗲 𝗼𝗻 𝗧𝗩 11 July 2026 [WATCHLIVE]SKY1!] England v Norway 𝗟𝗶𝘃𝗲 𝗦𝘁𝗿𝗲𝗮𝗺 𝗙𝗿𝗲𝗲 𝗼𝗻 𝗧𝗩 11 July 2026, , [WATCHLIVE]SKY1!] England v Norway 𝗟𝗶𝘃𝗲 𝗦𝘁𝗿𝗲𝗮𝗺 𝗙𝗿𝗲𝗲 𝗼𝗻 𝗧𝗩 11 July 2026, , [WATCHLIVE]SKY1!] England v Norway 𝗟𝗶𝘃𝗲 𝗦𝘁𝗿𝗲𝗮𝗺 𝗙𝗿𝗲𝗲 𝗼𝗻 𝗧𝗩 11 July 2026, Round of Quarter-finals Norway vs England live: FIFA World Cup 2026 Norway vs England look to seize control of thrilling FIFA World Cup 2026 Norway vs England. Every team in the FIFA World Cup 2026 Norway vs England has two wins apiece as we go into the final two game weeks. FIFA World Cup 2026 Norway vs England will host FIFA World Cup 2026 Norway vs England at Durban s Kings Park Stadium with the FIFA World Cup 2026 Norway vs England a single point ahead of FIFA World Cup 2026 Norway vs England in the standings and just one behind leaders FIFA World Cup 2026 Norway vs England [gal5pzKuQQ] [VPAG0N7jJ5] [WATCHLIVE]SKY1!] England v Norway 𝗟𝗶𝘃𝗲 𝗦𝘁𝗿𝗲𝗮𝗺 𝗙𝗿𝗲𝗲 𝗼𝗻 𝗧𝗩 11 July 2026, , [WATCHLIVE]SKY1!] England v Norway 𝗟𝗶𝘃𝗲 𝗦𝘁𝗿𝗲𝗮𝗺 𝗙𝗿𝗲𝗲 𝗼𝗻 𝗧𝗩 11 July 2026, , [WATCHLIVE]SKY1!] England v Norway 𝗟𝗶𝘃𝗲 𝗦𝘁𝗿𝗲𝗮𝗺 𝗙𝗿𝗲𝗲 𝗼𝗻 𝗧𝗩 11 July 2026, Round of Quarter-finals Norway vs England live: FIFA World Cup 2026 Norway vs England look to seize control of thrilling FIFA World Cup 2026 Norway vs England. Every team in the FIFA World Cup 2026 Norway vs England has two wins apiece as we go into the final two game weeks. FIFA World Cup 2026 Norway vs England will host FIFA World Cup 2026 Norway vs England at Durban s Kings Park Stadium with the FIFA World Cup 2026 Norway vs England a single point ahead of FIFA World Cup 2026 Norway vs England in the standings and just one behind leaders FIFA World Cup 2026 Norway vs England [gal5pzKuQQ] [VPAG0N7jJ5] [WATCHLIVE]SKY1!] England v Norway 𝗟𝗶𝘃𝗲 𝗦𝘁𝗿𝗲𝗮𝗺 𝗙𝗿𝗲𝗲 𝗼𝗻 𝗧𝗩 11 July 2026, , [WATCHLIVE]SKY1!] England v Norway 𝗟𝗶𝘃𝗲 𝗦𝘁𝗿𝗲𝗮𝗺 𝗙𝗿𝗲𝗲 𝗼𝗻 𝗧𝗩 11 July 2026, , [WATCHLIVE]SKY1!] England v Norway 𝗟𝗶𝘃𝗲 𝗦𝘁𝗿𝗲𝗮𝗺 𝗙𝗿𝗲𝗲 𝗼𝗻 𝗧𝗩 11 July 2026, Round of Quarter-finals Norway vs England live: FIFA World Cup 2026 Norway vs England look to seize control of thrilling FIFA World Cup 2026 Norway vs England. Every team in the FIFA World Cup 2026 Norway vs England has two wins apiece as we go into the final two game weeks. FIFA World Cup 2026 Norway vs England will host FIFA World Cup 2026 Norway vs England at Durban s Kings Park Stadium with the FIFA World Cup 2026 Norway vs England a single point ahead of FIFA World Cup 2026 Norway vs England in the standings and just one behind leaders FIFA World Cup 2026 Norway vs England [gal5pzKuQQ] [VPAG0N7jJ5] [WATCHLIVE]SKY1!] England v Norway 𝗟𝗶𝘃𝗲 𝗦𝘁𝗿𝗲𝗮𝗺 𝗙𝗿𝗲𝗲 𝗼𝗻 𝗧𝗩 11 July 2026, , [WATCHLIVE]SKY1!] England v Norway 𝗟𝗶𝘃𝗲 𝗦𝘁𝗿𝗲𝗮𝗺 𝗙𝗿𝗲𝗲 𝗼𝗻 𝗧𝗩 11 July 2026, , [WATCHLIVE]SKY1!] England v Norway 𝗟𝗶𝘃𝗲 𝗦𝘁𝗿𝗲𝗮𝗺 𝗙𝗿𝗲𝗲 𝗼𝗻 𝗧𝗩 11 July 2026, Round of Quarter-finals Norway vs England live: FIFA World Cup 2026 Norway vs England look to seize control of thrilling FIFA World Cup 2026 Norway vs England. Every team in the FIFA World Cup 2026 Norway vs England has two wins apiece as we go into the final two game weeks. FIFA World Cup 2026 Norway vs England will host FIFA World Cup 2026 Norway vs England at Durban s Kings Park Stadium with the FIFA World Cup 2026 Norway vs England a single point ahead of FIFA World Cup 2026 Norway vs England in the standings and just one behind leaders FIFA World Cup 2026 Norway vs England [gal5pzKuQQ] [VPAG0N7jJ5] [WATCHLIVE]SKY1!] England v Norway 𝗟𝗶𝘃𝗲 𝗦𝘁𝗿𝗲𝗮𝗺 𝗙𝗿𝗲𝗲 𝗼𝗻 𝗧𝗩 11 July 2026, , [WATCHLIVE]SKY1!] England v Norway 𝗟𝗶𝘃𝗲 𝗦𝘁𝗿𝗲𝗮𝗺 𝗙𝗿𝗲𝗲 𝗼𝗻 𝗧𝗩 11 July 2026, , [WATCHLIVE]SKY1!] England v Norway 𝗟𝗶𝘃𝗲 𝗦𝘁𝗿𝗲𝗮𝗺 𝗙𝗿𝗲𝗲 𝗼𝗻 𝗧𝗩 11 July 2026, Round of Quarter-finals Norway vs England live: FIFA World Cup 2026 Norway vs England look to seize control of thrilling FIFA World Cup 2026 Norway vs England. Every team in the FIFA World Cup 2026 Norway vs England has two wins apiece as we go into the final two game weeks. FIFA World Cup 2026 Norway vs England will host FIFA World Cup 2026 Norway vs England at Durban s Kings Park Stadium with the FIFA World Cup 2026 Norway vs England a single point ahead of FIFA World Cup 2026 Norway vs England in the standings and just one behind leaders FIFA World Cup 2026 Norway vs England [gal5pzKuQQ] [VPAG0N7jJ5] [WATCHLIVE]SKY1!] England v Norway 𝗟𝗶𝘃𝗲 𝗦𝘁𝗿𝗲𝗮𝗺 𝗙𝗿𝗲𝗲 𝗼𝗻 𝗧𝗩 11 July 2026, , [WATCHLIVE]SKY1!] England v Norway 𝗟𝗶𝘃𝗲 𝗦𝘁𝗿𝗲𝗮𝗺 𝗙𝗿𝗲𝗲 𝗼𝗻 𝗧𝗩 11 July 2026, , [WATCHLIVE]SKY1!] England v Norway 𝗟𝗶𝘃𝗲 𝗦𝘁𝗿𝗲𝗮𝗺 𝗙𝗿𝗲𝗲 𝗼𝗻 𝗧𝗩 11 July 2026, Round of Quarter-finals Norway vs England live: FIFA World Cup 2026 Norway vs England look to seize control of thrilling FIFA World Cup 2026 Norway vs England. Every team in the FIFA World Cup 2026 Norway vs England has two wins apiece as we go into the final two game weeks. FIFA World Cup 2026 Norway vs England will host FIFA World Cup 2026 Norway vs England at Durban s Kings Park Stadium with the FIFA World Cup 2026 Norway vs England a single point ahead of FIFA World Cup 2026 Norway vs England in the standings and just one behind leaders FIFA World Cup 2026 Norway vs England [gal5pzKuQQ] [VPAG0N7jJ5] [WATCHLIVE]SKY1!] England v Norway 𝗟𝗶𝘃𝗲 𝗦𝘁𝗿𝗲𝗮𝗺 𝗙𝗿𝗲𝗲 𝗼𝗻 𝗧𝗩 11 July 2026, , [WATCHLIVE]SKY1!] England v Norway 𝗟𝗶𝘃𝗲 𝗦𝘁𝗿𝗲𝗮𝗺 𝗙𝗿𝗲𝗲 𝗼𝗻 𝗧𝗩 11 July 2026, , [WATCHLIVE]SKY1!] England v Norway 𝗟𝗶𝘃𝗲 𝗦𝘁𝗿𝗲𝗮𝗺 𝗙𝗿𝗲𝗲 𝗼𝗻 𝗧𝗩 11 July 2026, Round of Quarter-finals Norway vs England live: FIFA World Cup 2026 Norway vs England look to seize control of thrilling FIFA World Cup 2026 Norway vs England. Every team in the FIFA World Cup 2026 Norway vs England has two wins apiece as we go into the final two game weeks. FIFA World Cup 2026 Norway vs England will host FIFA World Cup 2026 Norway vs England at Durban s Kings Park Stadium with the FIFA World Cup 2026 Norway vs England a single point ahead of FIFA World Cup 2026 Norway vs England in the standings and just one behind leaders FIFA World Cup 2026 Norway vs England [gal5pzKuQQ] [VPAG0N7jJ5]",https://www.tvcom.be/sites/default/files/webform/alert_us/_sid_/video-watchlivesky-england-v-norwa-vzdqzog37776.html
V,"+![TOTAL SPORTEK],.,! Norway v England 𝐋𝐈𝐯𝐄 𝐒𝐭𝐑𝐞𝐀𝐦 FIFA World Cup Soccer 11 July 2026 - Business and Investment Development Agency - CzechInvest",2026-07-11 22:15:35,"+![TOTAL SPORTEK],.,! Norway v  England 𝐋𝐈𝐯𝐄 𝐒𝐭𝐑𝐞𝐀𝐦 FIFA World Cup Soccer 11 July 2026 +![TOTAL SPORTEK],.,! Norway v  England 𝐋𝐈𝐯𝐄 𝐒𝐭𝐑𝐞𝐀𝐦 FIFA World Cup Soccer 11 July 2026, , +![TOTAL SPORTEK],.,! Norway v  England 𝐋𝐈𝐯𝐄 𝐒𝐭𝐑𝐞𝐀𝐦 FIFA World Cup Soccer 11 July 2026, , How to watch Norway vs England for FREE: Live stream details & TV channels for World Cup 2026 quarter-final. Watch Norway vs England as the Three Lions World Cup quest continues against the Vikings at the comparatively civilised kick-off time of 10:00pm BST. [5p5kzJEPSk] [u3F8deQFoU] +![TOTAL SPORTEK],.,! Norway v  England 𝐋𝐈𝐯𝐄 𝐒𝐭𝐑𝐞𝐀𝐦 FIFA World Cup Soccer 11 July 2026, , +![TOTAL SPORTEK],.,! Norway v  England 𝐋𝐈𝐯𝐄 𝐒𝐭𝐑𝐞𝐀𝐦 FIFA World Cup Soccer 11 July 2026, , How to watch Norway vs England for FREE: Live stream details & TV channels for World Cup 2026 quarter-final. Watch Norway vs England as the Three Lions World Cup quest continues against the Vikings at the comparatively civilised kick-off time of 10:00pm BST. [5p5kzJEPSk] [u3F8deQFoU] +![TOTAL SPORTEK],.,! Norway v  England 𝐋𝐈𝐯𝐄 𝐒𝐭𝐑𝐞𝐀𝐦 FIFA World Cup Soccer 11 July 2026, , +![TOTAL SPORTEK],.,! Norway v  England 𝐋𝐈𝐯𝐄 𝐒𝐭𝐑𝐞𝐀𝐦 FIFA World Cup Soccer 11 July 2026, , How to watch Norway vs England for FREE: Live stream details & TV channels for World Cup 2026 quarter-final. Watch Norway vs England as the Three Lions World Cup quest continues against the Vikings at the comparatively civilised kick-off time of 10:00pm BST. [5p5kzJEPSk] [u3F8deQFoU] +![TOTAL SPORTEK],.,! Norway v  England 𝐋𝐈𝐯𝐄 𝐒𝐭𝐑𝐞𝐀𝐦 FIFA World Cup Soccer 11 July 2026, , +![TOTAL SPORTEK],.,! Norway v  England 𝐋𝐈𝐯𝐄 𝐒𝐭𝐑𝐞𝐀𝐦 FIFA World Cup Soccer 11 July 2026, , How to watch Norway vs England for FREE: Live stream details & TV channels for World Cup 2026 quarter-final. Watch Norway vs England as the Three Lions World Cup quest continues against the Vikings at the comparatively civilised kick-off time of 10:00pm BST. [5p5kzJEPSk] [u3F8deQFoU] +![TOTAL SPORTEK],.,! Norway v  England 𝐋𝐈𝐯𝐄 𝐒𝐭𝐑𝐞𝐀𝐦 FIFA World Cup Soccer 11 July 2026, , +![TOTAL SPORTEK],.,! Norway v  England 𝐋𝐈𝐯𝐄 𝐒𝐭𝐑𝐞𝐀𝐦 FIFA World Cup Soccer 11 July 2026, , How to watch Norway vs England for FREE: Live stream details & TV channels for World Cup 2026 quarter-final. Watch Norway vs England as the Three Lions World Cup quest continues against the Vikings at the comparatively civilised kick-off time of 10:00pm BST. [5p5kzJEPSk] [u3F8deQFoU] +![TOTAL SPORTEK],.,! Norway v  England 𝐋𝐈𝐯𝐄 𝐒𝐭𝐑𝐞𝐀𝐦 FIFA World Cup Soccer 11 July 2026, , +![TOTAL SPORTEK],.,! Norway v  England 𝐋𝐈𝐯𝐄 𝐒𝐭𝐑𝐞𝐀𝐦 FIFA World Cup Soccer 11 July 2026, , How to watch Norway vs England for FREE: Live stream details & TV channels for World Cup 2026 quarter-final. Watch Norway vs England as the Three Lions World Cup quest continues against the Vikings at the comparatively civilised kick-off time of 10:00pm BST. [5p5kzJEPSk] [u3F8deQFoU] +![TOTAL SPORTEK],.,! Norway v  England 𝐋𝐈𝐯𝐄 𝐒𝐭𝐑𝐞𝐀𝐦 FIFA World Cup Soccer 11 July 2026, , +![TOTAL SPORTEK],.,! Norway v  England 𝐋𝐈𝐯𝐄 𝐒𝐭𝐑𝐞𝐀𝐦 FIFA World Cup Soccer 11 July 2026, , How to watch Norway vs England for FREE: Live stream details & TV channels for World Cup 2026 quarter-final. Watch Norway vs England as the Three Lions World Cup quest continues against the Vikings at the comparatively civilised kick-off time of 10:00pm BST. [5p5kzJEPSk] [u3F8deQFoU]",https://antstream.it.com/videos/ewt/video-total-sportek-norway-v-engla-z7u99jw3.html
V,!$+?(-TOTAL_SPORTEK-) Max Holloway v Conor McGregor 𝐋𝐈𝐕𝐄 𝐒𝐭𝐫𝐞𝐚𝐦𝐢𝐧𝐠 Ｔｖ Ｃｈａｎｎｅｌ 11 July 2026 - Business and Investment Development Agency - CzechInvest,2026-07-11 22:10:04,"Sign up to have blog posts delivered straight to your inbox! On the night of November 14, 2020, Jacob Settle and his wife, Sophronia Whitehead, left their house to visit a friend. They exited through the back door into their yard, where their truck was parked. The yard was “pitch black” as the house did not have working exterior lights. As the couple prepared to leave, two Escambia County, Florida, police officers arrived to serve a warrant. The record contains conflicting accounts as to (1) what was visible from the backyard, (2) when the officers identified themselves, (3) whether Settle’s truck ever moved, and (4) whether Officer David Collier was even in the path the truck would have traveled when he fatally shot Settle. In November 2022, Settle’s estate filed suit alleging that Collier violated his Fourth Amendment right to be free from excessive force. The district court denied Collier’s motion for summary judgment, but the Eleventh Circuit reversed based on its improper decision to resolve several factual disputes in lieu of a jury doing so. The Founders did not view the civil jury as a mere formality, but rather a safeguard for liberty and the last line of defense against a government that might otherwise answer only to itself. The Seventh Amendment enshrined that protection in the Constitution. Qualified immunity corrodes the right to trial by jury in civil cases by filtering out valid claims when a right isn’t “clearly established” by specific kinds of binding court precedent. The injustices caused by qualified immunity are exacerbated when courts usurp the jury’s role as factfinder. In excessive-force cases—where the reasonableness of an officer’s conduct depends on what actually happened—factual disputes are routine. Facing them, a court’s task is not to supply the answers but only to ask whether a reasonable jury could find for the nonmoving party. This ensures that ordinary citizens decide whether official misconduct happened. Decisions like the one below do more than just decide a case: they send a message about whose interests the law serves. The rule of law demands fairness and neutrality, yet qualified immunity makes courts complicit in excusing official misconduct. This ultimately makes policing more dangerous and harms the public. Cato filed an amicus brief urging the Supreme Court to review the case, reverse the Eleventh Circuit’s decision, and remand the case so that a jury of ordinary people—not a panel of three judges—can assess what happened the night Settle died. Every weekday morning: independent analysis grounded in individual liberty, limited government, free markets, and peace.",https://www.cato.org/blog/settle-v-collier-juries-not-judges-should-decide-factual-disputes-surrounding-police-use-force
V,Ｆｒｅｅ LIVE England v Norway FIFA World Cup match 𝐋𝐈𝐕𝐄 𝐒𝐭𝐫𝐞𝐚𝐦 FIFA WC 2026 Ｔｖ Ｃｈａｎｎｅｌ - Business and Investment Development Agency - CzechInvest,2026-07-11 22:05:53,"Ｆｒｅｅ LIVE England v  Norway FIFA World Cup match 𝐋𝐈𝐕𝐄 𝐒𝐭𝐫𝐞𝐚𝐦 FIFA WC 2026 Ｔｖ Ｃｈａｎｎｅｌ Ｆｒｅｅ LIVE England v  Norway FIFA World Cup match 𝐋𝐈𝐕𝐄 𝐒𝐭𝐫𝐞𝐚𝐦 FIFA WC 2026 Ｔｖ Ｃｈａｎｎｅｌ, , Ｆｒｅｅ LIVE England v  Norway FIFA World Cup match 𝐋𝐈𝐕𝐄 𝐒𝐭𝐫𝐞𝐚𝐦 FIFA WC 2026 Ｔｖ Ｃｈａｎｎｅｌ, , Ｆｒｅｅ LIVE England v  Norway FIFA World Cup match 𝐋𝐈𝐕𝐄 𝐒𝐭𝐫𝐞𝐚𝐦 FIFA WC 2026 Ｔｖ Ｃｈａｎｎｅｌ, , Ｆｒｅｅ LIVE England v  Norway FIFA World Cup match 𝐋𝐈𝐕𝐄 𝐒𝐭𝐫𝐞𝐚𝐦 FIFA WC 2026 Ｔｖ Ｃｈａｎｎｅｌ, Norway vs England FIFA World Cup Live Coverage: Stream the Fifa World Cup 2026 match live with updated scores and highlights. Stay informed with Norway vs England Live stats, commentary, and match analysis from start to finish. [8WgzDeNutK] [u8qxPnQTDO] [up0SwtAZ7J] Ｆｒｅｅ LIVE England v  Norway FIFA World Cup match 𝐋𝐈𝐕𝐄 𝐒𝐭𝐫𝐞𝐚𝐦 FIFA WC 2026 Ｔｖ Ｃｈａｎｎｅｌ, , Ｆｒｅｅ LIVE England v  Norway FIFA World Cup match 𝐋𝐈𝐕𝐄 𝐒𝐭𝐫𝐞𝐚𝐦 FIFA WC 2026 Ｔｖ Ｃｈａｎｎｅｌ, , Ｆｒｅｅ LIVE England v  Norway FIFA World Cup match 𝐋𝐈𝐕𝐄 𝐒𝐭𝐫𝐞𝐚𝐦 FIFA WC 2026 Ｔｖ Ｃｈａｎｎｅｌ, , Ｆｒｅｅ LIVE England v  Norway FIFA World Cup match 𝐋𝐈𝐕𝐄 𝐒𝐭𝐫𝐞𝐚𝐦 FIFA WC 2026 Ｔｖ Ｃｈａｎｎｅｌ, Norway vs England FIFA World Cup Live Coverage: Stream the Fifa World Cup 2026 match live with updated scores and highlights. Stay informed with Norway vs England Live stats, commentary, and match analysis from start to finish. [8WgzDeNutK] [u8qxPnQTDO] [up0SwtAZ7J] Ｆｒｅｅ LIVE England v  Norway FIFA World Cup match 𝐋𝐈𝐕𝐄 𝐒𝐭𝐫𝐞𝐚𝐦 FIFA WC 2026 Ｔｖ Ｃｈａｎｎｅｌ, , Ｆｒｅｅ LIVE England v  Norway FIFA World Cup match 𝐋𝐈𝐕𝐄 𝐒𝐭𝐫𝐞𝐚𝐦 FIFA WC 2026 Ｔｖ Ｃｈａｎｎｅｌ, , Ｆｒｅｅ LIVE England v  Norway FIFA World Cup match 𝐋𝐈𝐕𝐄 𝐒𝐭𝐫𝐞𝐚𝐦 FIFA WC 2026 Ｔｖ Ｃｈａｎｎｅｌ, , Ｆｒｅｅ LIVE England v  Norway FIFA World Cup match 𝐋𝐈𝐕𝐄 𝐒𝐭𝐫𝐞𝐚𝐦 FIFA WC 2026 Ｔｖ Ｃｈａｎｎｅｌ, Norway vs England FIFA World Cup Live Coverage: Stream the Fifa World Cup 2026 match live with updated scores and highlights. Stay informed with Norway vs England Live stats, commentary, and match analysis from start to finish. [8WgzDeNutK] [u8qxPnQTDO] [up0SwtAZ7J] Ｆｒｅｅ LIVE England v  Norway FIFA World Cup match 𝐋𝐈𝐕𝐄 𝐒𝐭𝐫𝐞𝐚𝐦 FIFA WC 2026 Ｔｖ Ｃｈａｎｎｅｌ, , Ｆｒｅｅ LIVE England v  Norway FIFA World Cup match 𝐋𝐈𝐕𝐄 𝐒𝐭𝐫𝐞𝐚𝐦 FIFA WC 2026 Ｔｖ Ｃｈａｎｎｅｌ, , Ｆｒｅｅ LIVE England v  Norway FIFA World Cup match 𝐋𝐈𝐕𝐄 𝐒𝐭𝐫𝐞𝐚𝐦 FIFA WC 2026 Ｔｖ Ｃｈａｎｎｅｌ, , Ｆｒｅｅ LIVE England v  Norway FIFA World Cup match 𝐋𝐈𝐕𝐄 𝐒𝐭𝐫𝐞𝐚𝐦 FIFA WC 2026 Ｔｖ Ｃｈａｎｎｅｌ, Norway vs England FIFA World Cup Live Coverage: Stream the Fifa World Cup 2026 match live with updated scores and highlights. Stay informed with Norway vs England Live stats, commentary, and match analysis from start to finish. [8WgzDeNutK] [u8qxPnQTDO] [up0SwtAZ7J] Ｆｒｅｅ LIVE England v  Norway FIFA World Cup match 𝐋𝐈𝐕𝐄 𝐒𝐭𝐫𝐞𝐚𝐦 FIFA WC 2026 Ｔｖ Ｃｈａｎｎｅｌ, , Ｆｒｅｅ LIVE England v  Norway FIFA World Cup match 𝐋𝐈𝐕𝐄 𝐒𝐭𝐫𝐞𝐚𝐦 FIFA WC 2026 Ｔｖ Ｃｈａｎｎｅｌ, , Ｆｒｅｅ LIVE England v  Norway FIFA World Cup match 𝐋𝐈𝐕𝐄 𝐒𝐭𝐫𝐞𝐚𝐦 FIFA WC 2026 Ｔｖ Ｃｈａｎｎｅｌ, , Ｆｒｅｅ LIVE England v  Norway FIFA World Cup match 𝐋𝐈𝐕𝐄 𝐒𝐭𝐫𝐞𝐚𝐦 FIFA WC 2026 Ｔｖ Ｃｈａｎｎｅｌ, Norway vs England FIFA World Cup Live Coverage: Stream the Fifa World Cup 2026 match live with updated scores and highlights. Stay informed with Norway vs England Live stats, commentary, and match analysis from start to finish. [8WgzDeNutK] [u8qxPnQTDO] [up0SwtAZ7J] Ｆｒｅｅ LIVE England v  Norway FIFA World Cup match 𝐋𝐈𝐕𝐄 𝐒𝐭𝐫𝐞𝐚𝐦 FIFA WC 2026 Ｔｖ Ｃｈａｎｎｅｌ, , Ｆｒｅｅ LIVE England v  Norway FIFA World Cup match 𝐋𝐈𝐕𝐄 𝐒𝐭𝐫𝐞𝐚𝐦 FIFA WC 2026 Ｔｖ Ｃｈａｎｎｅｌ, , Ｆｒｅｅ LIVE England v  Norway FIFA World Cup match 𝐋𝐈𝐕𝐄 𝐒𝐭𝐫𝐞𝐚𝐦 FIFA WC 2026 Ｔｖ Ｃｈａｎｎｅｌ, , Ｆｒｅｅ LIVE England v  Norway FIFA World Cup match 𝐋𝐈𝐕𝐄 𝐒𝐭𝐫𝐞𝐚𝐦 FIFA WC 2026 Ｔｖ Ｃｈａｎｎｅｌ, Norway vs England FIFA World Cup Live Coverage: Stream the Fifa World Cup 2026 match live with updated scores and highlights. Stay informed with Norway vs England Live stats, commentary, and match analysis from start to finish. [8WgzDeNutK] [u8qxPnQTDO] [up0SwtAZ7J] Ｆｒｅｅ LIVE England v  Norway FIFA World Cup match 𝐋𝐈𝐕𝐄 𝐒𝐭𝐫𝐞𝐚𝐦 FIFA WC 2026 Ｔｖ Ｃｈａｎｎｅｌ, , Ｆｒｅｅ LIVE England v  Norway FIFA World Cup match 𝐋𝐈𝐕𝐄 𝐒𝐭𝐫𝐞𝐚𝐦 FIFA WC 2026 Ｔｖ Ｃｈａｎｎｅｌ, , Ｆｒｅｅ LIVE England v  Norway FIFA World Cup match 𝐋𝐈𝐕𝐄 𝐒𝐭𝐫𝐞𝐚𝐦 FIFA WC 2026 Ｔｖ Ｃｈａｎｎｅｌ, , Ｆｒｅｅ LIVE England v  Norway FIFA World Cup match 𝐋𝐈𝐕𝐄 𝐒𝐭𝐫𝐞𝐚𝐦 FIFA WC 2026 Ｔｖ Ｃｈａｎｎｅｌ, Norway vs England FIFA World Cup Live Coverage: Stream the Fifa World Cup 2026 match live with updated scores and highlights. Stay informed with Norway vs England Live stats, commentary, and match analysis from start to finish. [8WgzDeNutK] [u8qxPnQTDO] [up0SwtAZ7J]",https://antstream.it.com/videos/ewt/video-live-england-v-norway-fifa-w-idu9ntmb.html
V,FOX-TV: McGregor v Holloway 2 Live video - Business and Investment Development Agency - CzechInvest,2026-07-11 21:59:18,Enter your email address and we'll send you a link to reset your password. UFC 329: McGregor vs Holloway 2 Match's are available in the HD Quality or even higher! You will get access to UFC 329: McGregor vs Holloway 2 Match's without any limits. Your account will always be free from all kinds of advertising.,https://superstreampass.xyz/ufc/?fight
V,!!+[sTreaMinG/Live] (Live Streaming!) Holloway 2 v McGregor Live TV Channel 11 July 2026 - Business and Investment Development Agency - CzechInvest,2026-07-11 21:59:18,Enter your email address and we'll send you a link to reset your password. UFC 329: McGregor vs Holloway 2 Match's are available in the HD Quality or even higher! You will get access to UFC 329: McGregor vs Holloway 2 Match's without any limits. Your account will always be free from all kinds of advertising.,https://superstreampass.xyz/ufc/?fight
V,+*∇#[+[!FiFA!]TV!] Switzerland v Argentina Match Live video - Business and Investment Development Agency - CzechInvest,2026-07-11 21:59:18,Enter your email address and we'll send you a link to reset your password. Argentina vs Switzerland Match's are available in the HD Quality or even higher! You will get access to Argentina vs Switzerland Match's without any limits. Your account will always be free from all kinds of advertising.,https://superstreampass.xyz/argentina-v-switzerland/?fifa1
V,+$$【【Live sTrEaMs】】 Switzerland v Argentina Match LIvE FrEe StReAm 11 July 2026 - Business and Investment Development Agency - CzechInvest,2026-07-11 21:59:18,Enter your email address and we'll send you a link to reset your password. Argentina vs Switzerland Match's are available in the HD Quality or even higher! You will get access to Argentina vs Switzerland Match's without any limits. Your account will always be free from all kinds of advertising.,https://superstreampass.xyz/argentina-v-switzerland/?fifa1
V,$&*(STREAMING!!) Holloway 2 v McGregor Live Free FIFA World Cup 12 July 2026 Right Now - Business and Investment Development Agency - CzechInvest,2026-07-11 21:59:18,Enter your email address and we'll send you a link to reset your password. UFC 329: McGregor vs Holloway 2 Match's are available in the HD Quality or even higher! You will get access to UFC 329: McGregor vs Holloway 2 Match's without any limits. Your account will always be free from all kinds of advertising.,https://superstreampass.xyz/ufc/?fight
V,++[Live/fREE]** England v Norway Live online 11 July 2026 - Business and Investment Development Agency - CzechInvest,2026-07-11 21:59:18,Enter your email address and we'll send you a link to reset your password. Argentina vs Switzerland Match's are available in the HD Quality or even higher! You will get access to Argentina vs Switzerland Match's without any limits. Your account will always be free from all kinds of advertising.,https://superstreampass.xyz/argentina-v-switzerland/?fifa1
V,FOX-TV: FIFA World Cup Norway v England Live Free FIFA World Cup - Business and Investment Development Agency - CzechInvest,2026-07-11 21:59:18,Enter your email address and we'll send you a link to reset your password. Argentina vs Switzerland Match's are available in the HD Quality or even higher! You will get access to Argentina vs Switzerland Match's without any limits. Your account will always be free from all kinds of advertising.,https://superstreampass.xyz/argentina-v-switzerland/?fifa1
V,++【Live sTrEaMs】TV!!】 McGregor v Holloway 2 Live Online 11 July 2026 - Business and Investment Development Agency - CzechInvest,2026-07-11 21:59:18,Enter your email address and we'll send you a link to reset your password. UFC 329: McGregor vs Holloway 2 Match's are available in the HD Quality or even higher! You will get access to UFC 329: McGregor vs Holloway 2 Match's without any limits. Your account will always be free from all kinds of advertising.,https://superstreampass.xyz/ufc/?fight
V,FOX-TV: FIFA World Cup Argentina v Switzerland watch Live free - Business and Investment Development Agency - CzechInvest,2026-07-11 21:59:18,Enter your email address and we'll send you a link to reset your password. Argentina vs Switzerland Match's are available in the HD Quality or even higher! You will get access to Argentina vs Switzerland Match's without any limits. Your account will always be free from all kinds of advertising.,https://superstreampass.xyz/argentina-v-switzerland/?fifa1
V,"‍‍‍(Official/Live)! Englande v Norway Live Free FIFA World Cup On TV July 11, 2026 - Business and Investment Development Agency - CzechInvest",2026-07-11 21:58:18,"‍‍‍(Official/Live)! Englande v Norway Live Free FIFA World Cup On TV July 11, 2026 ‍‍‍(Official/Live)! Englande v Norway Live Free FIFA World Cup On TV July 11, 2026, , ‍‍‍(Official/Live)! Englande v Norway Live Free FIFA World Cup On TV July 11, 2026, Norway vs England FIFA World Cup Live Coverage: Stream the Fifa World Cup 2026 match live with updated scores and highlights. Stay informed with Norway vs England Live stats, commentary, and match analysis from start to finish. [EutGQFNfdw] ‍‍‍(Official/Live)! Englande v Norway Live Free FIFA World Cup On TV July 11, 2026, , ‍‍‍(Official/Live)! Englande v Norway Live Free FIFA World Cup On TV July 11, 2026, Norway vs England FIFA World Cup Live Coverage: Stream the Fifa World Cup 2026 match live with updated scores and highlights. Stay informed with Norway vs England Live stats, commentary, and match analysis from start to finish. [EutGQFNfdw] ‍‍‍(Official/Live)! Englande v Norway Live Free FIFA World Cup On TV July 11, 2026, , ‍‍‍(Official/Live)! Englande v Norway Live Free FIFA World Cup On TV July 11, 2026, Norway vs England FIFA World Cup Live Coverage: Stream the Fifa World Cup 2026 match live with updated scores and highlights. Stay informed with Norway vs England Live stats, commentary, and match analysis from start to finish. [EutGQFNfdw] ‍‍‍(Official/Live)! Englande v Norway Live Free FIFA World Cup On TV July 11, 2026, , ‍‍‍(Official/Live)! Englande v Norway Live Free FIFA World Cup On TV July 11, 2026, Norway vs England FIFA World Cup Live Coverage: Stream the Fifa World Cup 2026 match live with updated scores and highlights. Stay informed with Norway vs England Live stats, commentary, and match analysis from start to finish. [EutGQFNfdw] ‍‍‍(Official/Live)! Englande v Norway Live Free FIFA World Cup On TV July 11, 2026, , ‍‍‍(Official/Live)! Englande v Norway Live Free FIFA World Cup On TV July 11, 2026, Norway vs England FIFA World Cup Live Coverage: Stream the Fifa World Cup 2026 match live with updated scores and highlights. Stay informed with Norway vs England Live stats, commentary, and match analysis from start to finish. [EutGQFNfdw] ‍‍‍(Official/Live)! Englande v Norway Live Free FIFA World Cup On TV July 11, 2026, , ‍‍‍(Official/Live)! Englande v Norway Live Free FIFA World Cup On TV July 11, 2026, Norway vs England FIFA World Cup Live Coverage: Stream the Fifa World Cup 2026 match live with updated scores and highlights. Stay informed with Norway vs England Live stats, commentary, and match analysis from start to finish. [EutGQFNfdw] ‍‍‍(Official/Live)! Englande v Norway Live Free FIFA World Cup On TV July 11, 2026, , ‍‍‍(Official/Live)! Englande v Norway Live Free FIFA World Cup On TV July 11, 2026, Norway vs England FIFA World Cup Live Coverage: Stream the Fifa World Cup 2026 match live with updated scores and highlights. Stay informed with Norway vs England Live stats, commentary, and match analysis from start to finish. [EutGQFNfdw]",https://www.tvcom.be/sites/default/files/webform/alert_us/_sid_/videos-england-vs-norway-match-updates.html
V,~$$!!【LIVESTREAMs】 Argentina v Switzerland Match Live STREAMING free FIFA World Cup 12 July 2026 Right Now - Business and Investment Development Agency - CzechInvest,2026-07-11 21:57:40,Enter your email address and we'll send you a link to reset your password. Argentina vs Switzerland Match's are available in the HD Quality or even higher! You will get access to Argentina vs Switzerland Match's without any limits. Your account will always be free from all kinds of advertising.,https://superstreampass.xyz/argentina-v-switzerland/?fifa1
V,^^^[Fifa™WorldCup] England v Norway 𝐋𝐈𝐕𝐄 Ｓｔｒｅａｍ Ｆｒｅｅ FIFA WC 2026 ＯＮ Ｔｖ Ｃｈａｎｎｅｌ 11 July 2026 - Business and Investment Development Agency - CzechInvest,2026-07-11 21:55:29,"^^^[Fifa™WorldCup] England v Norway 𝐋𝐈𝐕𝐄 Ｓｔｒｅａｍ Ｆｒｅｅ FIFA WC 2026 ＯＮ Ｔｖ Ｃｈａｎｎｅｌ 11 July 2026 ^^^[Fifa™WorldCup] England v Norway 𝐋𝐈𝐕𝐄 Ｓｔｒｅａｍ Ｆｒｅｅ FIFA WC 2026 ＯＮ Ｔｖ Ｃｈａｎｎｅｌ 11 July 2026, , ^^^[Fifa™WorldCup] England v Norway 𝐋𝐈𝐕𝐄 Ｓｔｒｅａｍ Ｆｒｅｅ FIFA WC 2026 ＯＮ Ｔｖ Ｃｈａｎｎｅｌ 11 July 2026, , ^^^[Fifa™WorldCup] England v Norway 𝐋𝐈𝐕𝐄 Ｓｔｒｅａｍ Ｆｒｅｅ FIFA WC 2026 ＯＮ Ｔｖ Ｃｈａｎｎｅｌ 11 July 2026, , ^^^[Fifa™WorldCup] England v Norway 𝐋𝐈𝐕𝐄 Ｓｔｒｅａｍ Ｆｒｅｅ FIFA WC 2026 ＯＮ Ｔｖ Ｃｈａｎｎｅｌ 11 July 2026, Norway vs England FIFA World Cup Live Coverage: Stream the Fifa World Cup 2026 match live with updated scores and highlights. Stay informed with Norway vs England Live stats, commentary, and match analysis from start to finish. [X0RIKOtL0W] [499WXoUrG3] [PdUqkXOulc] ^^^[Fifa™WorldCup] England v Norway 𝐋𝐈𝐕𝐄 Ｓｔｒｅａｍ Ｆｒｅｅ FIFA WC 2026 ＯＮ Ｔｖ Ｃｈａｎｎｅｌ 11 July 2026, , ^^^[Fifa™WorldCup] England v Norway 𝐋𝐈𝐕𝐄 Ｓｔｒｅａｍ Ｆｒｅｅ FIFA WC 2026 ＯＮ Ｔｖ Ｃｈａｎｎｅｌ 11 July 2026, , ^^^[Fifa™WorldCup] England v Norway 𝐋𝐈𝐕𝐄 Ｓｔｒｅａｍ Ｆｒｅｅ FIFA WC 2026 ＯＮ Ｔｖ Ｃｈａｎｎｅｌ 11 July 2026, , ^^^[Fifa™WorldCup] England v Norway 𝐋𝐈𝐕𝐄 Ｓｔｒｅａｍ Ｆｒｅｅ FIFA WC 2026 ＯＮ Ｔｖ Ｃｈａｎｎｅｌ 11 July 2026, Norway vs England FIFA World Cup Live Coverage: Stream the Fifa World Cup 2026 match live with updated scores and highlights. Stay informed with Norway vs England Live stats, commentary, and match analysis from start to finish. [X0RIKOtL0W] [499WXoUrG3] [PdUqkXOulc] ^^^[Fifa™WorldCup] England v Norway 𝐋𝐈𝐕𝐄 Ｓｔｒｅａｍ Ｆｒｅｅ FIFA WC 2026 ＯＮ Ｔｖ Ｃｈａｎｎｅｌ 11 July 2026, , ^^^[Fifa™WorldCup] England v Norway 𝐋𝐈𝐕𝐄 Ｓｔｒｅａｍ Ｆｒｅｅ FIFA WC 2026 ＯＮ Ｔｖ Ｃｈａｎｎｅｌ 11 July 2026, , ^^^[Fifa™WorldCup] England v Norway 𝐋𝐈𝐕𝐄 Ｓｔｒｅａｍ Ｆｒｅｅ FIFA WC 2026 ＯＮ Ｔｖ Ｃｈａｎｎｅｌ 11 July 2026, , ^^^[Fifa™WorldCup] England v Norway 𝐋𝐈𝐕𝐄 Ｓｔｒｅａｍ Ｆｒｅｅ FIFA WC 2026 ＯＮ Ｔｖ Ｃｈａｎｎｅｌ 11 July 2026, Norway vs England FIFA World Cup Live Coverage: Stream the Fifa World Cup 2026 match live with updated scores and highlights. Stay informed with Norway vs England Live stats, commentary, and match analysis from start to finish. [X0RIKOtL0W] [499WXoUrG3] [PdUqkXOulc] ^^^[Fifa™WorldCup] England v Norway 𝐋𝐈𝐕𝐄 Ｓｔｒｅａｍ Ｆｒｅｅ FIFA WC 2026 ＯＮ Ｔｖ Ｃｈａｎｎｅｌ 11 July 2026, , ^^^[Fifa™WorldCup] England v Norway 𝐋𝐈𝐕𝐄 Ｓｔｒｅａｍ Ｆｒｅｅ FIFA WC 2026 ＯＮ Ｔｖ Ｃｈａｎｎｅｌ 11 July 2026, , ^^^[Fifa™WorldCup] England v Norway 𝐋𝐈𝐕𝐄 Ｓｔｒｅａｍ Ｆｒｅｅ FIFA WC 2026 ＯＮ Ｔｖ Ｃｈａｎｎｅｌ 11 July 2026, , ^^^[Fifa™WorldCup] England v Norway 𝐋𝐈𝐕𝐄 Ｓｔｒｅａｍ Ｆｒｅｅ FIFA WC 2026 ＯＮ Ｔｖ Ｃｈａｎｎｅｌ 11 July 2026, Norway vs England FIFA World Cup Live Coverage: Stream the Fifa World Cup 2026 match live with updated scores and highlights. Stay informed with Norway vs England Live stats, commentary, and match analysis from start to finish. [X0RIKOtL0W] [499WXoUrG3] [PdUqkXOulc] ^^^[Fifa™WorldCup] England v Norway 𝐋𝐈𝐕𝐄 Ｓｔｒｅａｍ Ｆｒｅｅ FIFA WC 2026 ＯＮ Ｔｖ Ｃｈａｎｎｅｌ 11 July 2026, , ^^^[Fifa™WorldCup] England v Norway 𝐋𝐈𝐕𝐄 Ｓｔｒｅａｍ Ｆｒｅｅ FIFA WC 2026 ＯＮ Ｔｖ Ｃｈａｎｎｅｌ 11 July 2026, , ^^^[Fifa™WorldCup] England v Norway 𝐋𝐈𝐕𝐄 Ｓｔｒｅａｍ Ｆｒｅｅ FIFA WC 2026 ＯＮ Ｔｖ Ｃｈａｎｎｅｌ 11 July 2026, , ^^^[Fifa™WorldCup] England v Norway 𝐋𝐈𝐕𝐄 Ｓｔｒｅａｍ Ｆｒｅｅ FIFA WC 2026 ＯＮ Ｔｖ Ｃｈａｎｎｅｌ 11 July 2026, Norway vs England FIFA World Cup Live Coverage: Stream the Fifa World Cup 2026 match live with updated scores and highlights. Stay informed with Norway vs England Live stats, commentary, and match analysis from start to finish. [X0RIKOtL0W] [499WXoUrG3] [PdUqkXOulc] ^^^[Fifa™WorldCup] England v Norway 𝐋𝐈𝐕𝐄 Ｓｔｒｅａｍ Ｆｒｅｅ FIFA WC 2026 ＯＮ Ｔｖ Ｃｈａｎｎｅｌ 11 July 2026, , ^^^[Fifa™WorldCup] England v Norway 𝐋𝐈𝐕𝐄 Ｓｔｒｅａｍ Ｆｒｅｅ FIFA WC 2026 ＯＮ Ｔｖ Ｃｈａｎｎｅｌ 11 July 2026, , ^^^[Fifa™WorldCup] England v Norway 𝐋𝐈𝐕𝐄 Ｓｔｒｅａｍ Ｆｒｅｅ FIFA WC 2026 ＯＮ Ｔｖ Ｃｈａｎｎｅｌ 11 July 2026, , ^^^[Fifa™WorldCup] England v Norway 𝐋𝐈𝐕𝐄 Ｓｔｒｅａｍ Ｆｒｅｅ FIFA WC 2026 ＯＮ Ｔｖ Ｃｈａｎｎｅｌ 11 July 2026, Norway vs England FIFA World Cup Live Coverage: Stream the Fifa World Cup 2026 match live with updated scores and highlights. Stay informed with Norway vs England Live stats, commentary, and match analysis from start to finish. [X0RIKOtL0W] [499WXoUrG3] [PdUqkXOulc] ^^^[Fifa™WorldCup] England v Norway 𝐋𝐈𝐕𝐄 Ｓｔｒｅａｍ Ｆｒｅｅ FIFA WC 2026 ＯＮ Ｔｖ Ｃｈａｎｎｅｌ 11 July 2026, , ^^^[Fifa™WorldCup] England v Norway 𝐋𝐈𝐕𝐄 Ｓｔｒｅａｍ Ｆｒｅｅ FIFA WC 2026 ＯＮ Ｔｖ Ｃｈａｎｎｅｌ 11 July 2026, , ^^^[Fifa™WorldCup] England v Norway 𝐋𝐈𝐕𝐄 Ｓｔｒｅａｍ Ｆｒｅｅ FIFA WC 2026 ＯＮ Ｔｖ Ｃｈａｎｎｅｌ 11 July 2026, , ^^^[Fifa™WorldCup] England v Norway 𝐋𝐈𝐕𝐄 Ｓｔｒｅａｍ Ｆｒｅｅ FIFA WC 2026 ＯＮ Ｔｖ Ｃｈａｎｎｅｌ 11 July 2026, Norway vs England FIFA World Cup Live Coverage: Stream the Fifa World Cup 2026 match live with updated scores and highlights. Stay informed with Norway vs England Live stats, commentary, and match analysis from start to finish. [X0RIKOtL0W] [499WXoUrG3] [PdUqkXOulc]",https://antstream.it.com/videos/ewt/video-fifaworldcup-england-v-norwa-okm512qw.html
V,@!#[Fifa™WorldCup]!𝚆𝙰𝚃𝙲𝙷 England v Norway 𝐋𝐈𝐕𝐄 Ｓｔｒｅａｍ Ｆｒｅｅ FIFA WC 2026 ＯＮ Ｔｖ Ｃｈａｎｎｅｌ 11th July 2026 - Business and Investment Development Agency - CzechInvest,2026-07-11 21:55:17,"@!#[Fifa™WorldCup]!𝚆𝙰𝚃𝙲𝙷 England v Norway 𝐋𝐈𝐕𝐄 Ｓｔｒｅａｍ Ｆｒｅｅ FIFA WC 2026 ＯＮ Ｔｖ Ｃｈａｎｎｅｌ 11th July 2026 @!#[Fifa™WorldCup]!𝚆𝙰𝚃𝙲𝙷 England v Norway 𝐋𝐈𝐕𝐄 Ｓｔｒｅａｍ Ｆｒｅｅ FIFA WC 2026 ＯＮ Ｔｖ Ｃｈａｎｎｅｌ 11th July 2026, , @!#[Fifa™WorldCup]!𝚆𝙰𝚃𝙲𝙷 England v Norway 𝐋𝐈𝐕𝐄 Ｓｔｒｅａｍ Ｆｒｅｅ FIFA WC 2026 ＯＮ Ｔｖ Ｃｈａｎｎｅｌ 11th July 2026, , @!#[Fifa™WorldCup]!𝚆𝙰𝚃𝙲𝙷 England v Norway 𝐋𝐈𝐕𝐄 Ｓｔｒｅａｍ Ｆｒｅｅ FIFA WC 2026 ＯＮ Ｔｖ Ｃｈａｎｎｅｌ 11th July 2026, Norway vs England FIFA World Cup Live Coverage: Stream the Fifa World Cup 2026 match live with updated scores and highlights. Stay informed with Norway vs England Live stats, commentary, and match analysis from start to finish. [X0RIKOtL0W] [mBeXzD1QiP] @!#[Fifa™WorldCup]!𝚆𝙰𝚃𝙲𝙷 England v Norway 𝐋𝐈𝐕𝐄 Ｓｔｒｅａｍ Ｆｒｅｅ FIFA WC 2026 ＯＮ Ｔｖ Ｃｈａｎｎｅｌ 11th July 2026, , @!#[Fifa™WorldCup]!𝚆𝙰𝚃𝙲𝙷 England v Norway 𝐋𝐈𝐕𝐄 Ｓｔｒｅａｍ Ｆｒｅｅ FIFA WC 2026 ＯＮ Ｔｖ Ｃｈａｎｎｅｌ 11th July 2026, , @!#[Fifa™WorldCup]!𝚆𝙰𝚃𝙲𝙷 England v Norway 𝐋𝐈𝐕𝐄 Ｓｔｒｅａｍ Ｆｒｅｅ FIFA WC 2026 ＯＮ Ｔｖ Ｃｈａｎｎｅｌ 11th July 2026, Norway vs England FIFA World Cup Live Coverage: Stream the Fifa World Cup 2026 match live with updated scores and highlights. Stay informed with Norway vs England Live stats, commentary, and match analysis from start to finish. [X0RIKOtL0W] [mBeXzD1QiP] @!#[Fifa™WorldCup]!𝚆𝙰𝚃𝙲𝙷 England v Norway 𝐋𝐈𝐕𝐄 Ｓｔｒｅａｍ Ｆｒｅｅ FIFA WC 2026 ＯＮ Ｔｖ Ｃｈａｎｎｅｌ 11th July 2026, , @!#[Fifa™WorldCup]!𝚆𝙰𝚃𝙲𝙷 England v Norway 𝐋𝐈𝐕𝐄 Ｓｔｒｅａｍ Ｆｒｅｅ FIFA WC 2026 ＯＮ Ｔｖ Ｃｈａｎｎｅｌ 11th July 2026, , @!#[Fifa™WorldCup]!𝚆𝙰𝚃𝙲𝙷 England v Norway 𝐋𝐈𝐕𝐄 Ｓｔｒｅａｍ Ｆｒｅｅ FIFA WC 2026 ＯＮ Ｔｖ Ｃｈａｎｎｅｌ 11th July 2026, Norway vs England FIFA World Cup Live Coverage: Stream the Fifa World Cup 2026 match live with updated scores and highlights. Stay informed with Norway vs England Live stats, commentary, and match analysis from start to finish. [X0RIKOtL0W] [mBeXzD1QiP] @!#[Fifa™WorldCup]!𝚆𝙰𝚃𝙲𝙷 England v Norway 𝐋𝐈𝐕𝐄 Ｓｔｒｅａｍ Ｆｒｅｅ FIFA WC 2026 ＯＮ Ｔｖ Ｃｈａｎｎｅｌ 11th July 2026, , @!#[Fifa™WorldCup]!𝚆𝙰𝚃𝙲𝙷 England v Norway 𝐋𝐈𝐕𝐄 Ｓｔｒｅａｍ Ｆｒｅｅ FIFA WC 2026 ＯＮ Ｔｖ Ｃｈａｎｎｅｌ 11th July 2026, , @!#[Fifa™WorldCup]!𝚆𝙰𝚃𝙲𝙷 England v Norway 𝐋𝐈𝐕𝐄 Ｓｔｒｅａｍ Ｆｒｅｅ FIFA WC 2026 ＯＮ Ｔｖ Ｃｈａｎｎｅｌ 11th July 2026, Norway vs England FIFA World Cup Live Coverage: Stream the Fifa World Cup 2026 match live with updated scores and highlights. Stay informed with Norway vs England Live stats, commentary, and match analysis from start to finish. [X0RIKOtL0W] [mBeXzD1QiP] @!#[Fifa™WorldCup]!𝚆𝙰𝚃𝙲𝙷 England v Norway 𝐋𝐈𝐕𝐄 Ｓｔｒｅａｍ Ｆｒｅｅ FIFA WC 2026 ＯＮ Ｔｖ Ｃｈａｎｎｅｌ 11th July 2026, , @!#[Fifa™WorldCup]!𝚆𝙰𝚃𝙲𝙷 England v Norway 𝐋𝐈𝐕𝐄 Ｓｔｒｅａｍ Ｆｒｅｅ FIFA WC 2026 ＯＮ Ｔｖ Ｃｈａｎｎｅｌ 11th July 2026, , @!#[Fifa™WorldCup]!𝚆𝙰𝚃𝙲𝙷 England v Norway 𝐋𝐈𝐕𝐄 Ｓｔｒｅａｍ Ｆｒｅｅ FIFA WC 2026 ＯＮ Ｔｖ Ｃｈａｎｎｅｌ 11th July 2026, Norway vs England FIFA World Cup Live Coverage: Stream the Fifa World Cup 2026 match live with updated scores and highlights. Stay informed with Norway vs England Live stats, commentary, and match analysis from start to finish. [X0RIKOtL0W] [mBeXzD1QiP] @!#[Fifa™WorldCup]!𝚆𝙰𝚃𝙲𝙷 England v Norway 𝐋𝐈𝐕𝐄 Ｓｔｒｅａｍ Ｆｒｅｅ FIFA WC 2026 ＯＮ Ｔｖ Ｃｈａｎｎｅｌ 11th July 2026, , @!#[Fifa™WorldCup]!𝚆𝙰𝚃𝙲𝙷 England v Norway 𝐋𝐈𝐕𝐄 Ｓｔｒｅａｍ Ｆｒｅｅ FIFA WC 2026 ＯＮ Ｔｖ Ｃｈａｎｎｅｌ 11th July 2026, , @!#[Fifa™WorldCup]!𝚆𝙰𝚃𝙲𝙷 England v Norway 𝐋𝐈𝐕𝐄 Ｓｔｒｅａｍ Ｆｒｅｅ FIFA WC 2026 ＯＮ Ｔｖ Ｃｈａｎｎｅｌ 11th July 2026, Norway vs England FIFA World Cup Live Coverage: Stream the Fifa World Cup 2026 match live with updated scores and highlights. Stay informed with Norway vs England Live stats, commentary, and match analysis from start to finish. [X0RIKOtL0W] [mBeXzD1QiP] @!#[Fifa™WorldCup]!𝚆𝙰𝚃𝙲𝙷 England v Norway 𝐋𝐈𝐕𝐄 Ｓｔｒｅａｍ Ｆｒｅｅ FIFA WC 2026 ＯＮ Ｔｖ Ｃｈａｎｎｅｌ 11th July 2026, , @!#[Fifa™WorldCup]!𝚆𝙰𝚃𝙲𝙷 England v Norway 𝐋𝐈𝐕𝐄 Ｓｔｒｅａｍ Ｆｒｅｅ FIFA WC 2026 ＯＮ Ｔｖ Ｃｈａｎｎｅｌ 11th July 2026, , @!#[Fifa™WorldCup]!𝚆𝙰𝚃𝙲𝙷 England v Norway 𝐋𝐈𝐕𝐄 Ｓｔｒｅａｍ Ｆｒｅｅ FIFA WC 2026 ＯＮ Ｔｖ Ｃｈａｎｎｅｌ 11th July 2026, Norway vs England FIFA World Cup Live Coverage: Stream the Fifa World Cup 2026 match live with updated scores and highlights. Stay informed with Norway vs England Live stats, commentary, and match analysis from start to finish. [X0RIKOtL0W] [mBeXzD1QiP]",https://antstream.it.com/videos/ewt/video-fifaworldcup-england-v-norwa-k6sfwhvt.html
V,@!#[Fifa™WorldCup]!𝚆𝙰𝚃𝙲𝙷 England v Norway 𝐋𝐈𝐕𝐄 Ｓｔｒｅａｍ Ｆｒｅｅ FIFA WC 2026 ＯＮ Ｔｖ Ｃｈａｎｎｅｌ - Business and Investment Development Agency - CzechInvest,2026-07-11 21:55:14,"@!#[Fifa™WorldCup]!𝚆𝙰𝚃𝙲𝙷 England v Norway 𝐋𝐈𝐕𝐄 Ｓｔｒｅａｍ Ｆｒｅｅ FIFA WC 2026 ＯＮ Ｔｖ Ｃｈａｎｎｅｌ @!#[Fifa™WorldCup]!𝚆𝙰𝚃𝙲𝙷 England v Norway 𝐋𝐈𝐕𝐄 Ｓｔｒｅａｍ Ｆｒｅｅ FIFA WC 2026 ＯＮ Ｔｖ Ｃｈａｎｎｅｌ, , @!#[Fifa™WorldCup]!𝚆𝙰𝚃𝙲𝙷 England v Norway 𝐋𝐈𝐕𝐄 Ｓｔｒｅａｍ Ｆｒｅｅ FIFA WC 2026 ＯＮ Ｔｖ Ｃｈａｎｎｅｌ, , @!#[Fifa™WorldCup]!𝚆𝙰𝚃𝙲𝙷 England v Norway 𝐋𝐈𝐕𝐄 Ｓｔｒｅａｍ Ｆｒｅｅ FIFA WC 2026 ＯＮ Ｔｖ Ｃｈａｎｎｅｌ, , @!#[Fifa™WorldCup]!𝚆𝙰𝚃𝙲𝙷 England v Norway 𝐋𝐈𝐕𝐄 Ｓｔｒｅａｍ Ｆｒｅｅ FIFA WC 2026 ＯＮ Ｔｖ Ｃｈａｎｎｅｌ, Norway vs England FIFA World Cup Live Coverage: Stream the Fifa World Cup 2026 match live with updated scores and highlights. Stay informed with Norway vs England Live stats, commentary, and match analysis from start to finish. [X0RIKOtL0W] [499WXoUrG3] [TUlbrtzZBl] @!#[Fifa™WorldCup]!𝚆𝙰𝚃𝙲𝙷 England v Norway 𝐋𝐈𝐕𝐄 Ｓｔｒｅａｍ Ｆｒｅｅ FIFA WC 2026 ＯＮ Ｔｖ Ｃｈａｎｎｅｌ, , @!#[Fifa™WorldCup]!𝚆𝙰𝚃𝙲𝙷 England v Norway 𝐋𝐈𝐕𝐄 Ｓｔｒｅａｍ Ｆｒｅｅ FIFA WC 2026 ＯＮ Ｔｖ Ｃｈａｎｎｅｌ, , @!#[Fifa™WorldCup]!𝚆𝙰𝚃𝙲𝙷 England v Norway 𝐋𝐈𝐕𝐄 Ｓｔｒｅａｍ Ｆｒｅｅ FIFA WC 2026 ＯＮ Ｔｖ Ｃｈａｎｎｅｌ, , @!#[Fifa™WorldCup]!𝚆𝙰𝚃𝙲𝙷 England v Norway 𝐋𝐈𝐕𝐄 Ｓｔｒｅａｍ Ｆｒｅｅ FIFA WC 2026 ＯＮ Ｔｖ Ｃｈａｎｎｅｌ, Norway vs England FIFA World Cup Live Coverage: Stream the Fifa World Cup 2026 match live with updated scores and highlights. Stay informed with Norway vs England Live stats, commentary, and match analysis from start to finish. [X0RIKOtL0W] [499WXoUrG3] [TUlbrtzZBl] @!#[Fifa™WorldCup]!𝚆𝙰𝚃𝙲𝙷 England v Norway 𝐋𝐈𝐕𝐄 Ｓｔｒｅａｍ Ｆｒｅｅ FIFA WC 2026 ＯＮ Ｔｖ Ｃｈａｎｎｅｌ, , @!#[Fifa™WorldCup]!𝚆𝙰𝚃𝙲𝙷 England v Norway 𝐋𝐈𝐕𝐄 Ｓｔｒｅａｍ Ｆｒｅｅ FIFA WC 2026 ＯＮ Ｔｖ Ｃｈａｎｎｅｌ, , @!#[Fifa™WorldCup]!𝚆𝙰𝚃𝙲𝙷 England v Norway 𝐋𝐈𝐕𝐄 Ｓｔｒｅａｍ Ｆｒｅｅ FIFA WC 2026 ＯＮ Ｔｖ Ｃｈａｎｎｅｌ, , @!#[Fifa™WorldCup]!𝚆𝙰𝚃𝙲𝙷 England v Norway 𝐋𝐈𝐕𝐄 Ｓｔｒｅａｍ Ｆｒｅｅ FIFA WC 2026 ＯＮ Ｔｖ Ｃｈａｎｎｅｌ, Norway vs England FIFA World Cup Live Coverage: Stream the Fifa World Cup 2026 match live with updated scores and highlights. Stay informed with Norway vs England Live stats, commentary, and match analysis from start to finish. [X0RIKOtL0W] [499WXoUrG3] [TUlbrtzZBl] @!#[Fifa™WorldCup]!𝚆𝙰𝚃𝙲𝙷 England v Norway 𝐋𝐈𝐕𝐄 Ｓｔｒｅａｍ Ｆｒｅｅ FIFA WC 2026 ＯＮ Ｔｖ Ｃｈａｎｎｅｌ, , @!#[Fifa™WorldCup]!𝚆𝙰𝚃𝙲𝙷 England v Norway 𝐋𝐈𝐕𝐄 Ｓｔｒｅａｍ Ｆｒｅｅ FIFA WC 2026 ＯＮ Ｔｖ Ｃｈａｎｎｅｌ, , @!#[Fifa™WorldCup]!𝚆𝙰𝚃𝙲𝙷 England v Norway 𝐋𝐈𝐕𝐄 Ｓｔｒｅａｍ Ｆｒｅｅ FIFA WC 2026 ＯＮ Ｔｖ Ｃｈａｎｎｅｌ, , @!#[Fifa™WorldCup]!𝚆𝙰𝚃𝙲𝙷 England v Norway 𝐋𝐈𝐕𝐄 Ｓｔｒｅａｍ Ｆｒｅｅ FIFA WC 2026 ＯＮ Ｔｖ Ｃｈａｎｎｅｌ, Norway vs England FIFA World Cup Live Coverage: Stream the Fifa World Cup 2026 match live with updated scores and highlights. Stay informed with Norway vs England Live stats, commentary, and match analysis from start to finish. [X0RIKOtL0W] [499WXoUrG3] [TUlbrtzZBl] @!#[Fifa™WorldCup]!𝚆𝙰𝚃𝙲𝙷 England v Norway 𝐋𝐈𝐕𝐄 Ｓｔｒｅａｍ Ｆｒｅｅ FIFA WC 2026 ＯＮ Ｔｖ Ｃｈａｎｎｅｌ, , @!#[Fifa™WorldCup]!𝚆𝙰𝚃𝙲𝙷 England v Norway 𝐋𝐈𝐕𝐄 Ｓｔｒｅａｍ Ｆｒｅｅ FIFA WC 2026 ＯＮ Ｔｖ Ｃｈａｎｎｅｌ, , @!#[Fifa™WorldCup]!𝚆𝙰𝚃𝙲𝙷 England v Norway 𝐋𝐈𝐕𝐄 Ｓｔｒｅａｍ Ｆｒｅｅ FIFA WC 2026 ＯＮ Ｔｖ Ｃｈａｎｎｅｌ, , @!#[Fifa™WorldCup]!𝚆𝙰𝚃𝙲𝙷 England v Norway 𝐋𝐈𝐕𝐄 Ｓｔｒｅａｍ Ｆｒｅｅ FIFA WC 2026 ＯＮ Ｔｖ Ｃｈａｎｎｅｌ, Norway vs England FIFA World Cup Live Coverage: Stream the Fifa World Cup 2026 match live with updated scores and highlights. Stay informed with Norway vs England Live stats, commentary, and match analysis from start to finish. [X0RIKOtL0W] [499WXoUrG3] [TUlbrtzZBl] @!#[Fifa™WorldCup]!𝚆𝙰𝚃𝙲𝙷 England v Norway 𝐋𝐈𝐕𝐄 Ｓｔｒｅａｍ Ｆｒｅｅ FIFA WC 2026 ＯＮ Ｔｖ Ｃｈａｎｎｅｌ, , @!#[Fifa™WorldCup]!𝚆𝙰𝚃𝙲𝙷 England v Norway 𝐋𝐈𝐕𝐄 Ｓｔｒｅａｍ Ｆｒｅｅ FIFA WC 2026 ＯＮ Ｔｖ Ｃｈａｎｎｅｌ, , @!#[Fifa™WorldCup]!𝚆𝙰𝚃𝙲𝙷 England v Norway 𝐋𝐈𝐕𝐄 Ｓｔｒｅａｍ Ｆｒｅｅ FIFA WC 2026 ＯＮ Ｔｖ Ｃｈａｎｎｅｌ, , @!#[Fifa™WorldCup]!𝚆𝙰𝚃𝙲𝙷 England v Norway 𝐋𝐈𝐕𝐄 Ｓｔｒｅａｍ Ｆｒｅｅ FIFA WC 2026 ＯＮ Ｔｖ Ｃｈａｎｎｅｌ, Norway vs England FIFA World Cup Live Coverage: Stream the Fifa World Cup 2026 match live with updated scores and highlights. Stay informed with Norway vs England Live stats, commentary, and match analysis from start to finish. [X0RIKOtL0W] [499WXoUrG3] [TUlbrtzZBl] @!#[Fifa™WorldCup]!𝚆𝙰𝚃𝙲𝙷 England v Norway 𝐋𝐈𝐕𝐄 Ｓｔｒｅａｍ Ｆｒｅｅ FIFA WC 2026 ＯＮ Ｔｖ Ｃｈａｎｎｅｌ, , @!#[Fifa™WorldCup]!𝚆𝙰𝚃𝙲𝙷 England v Norway 𝐋𝐈𝐕𝐄 Ｓｔｒｅａｍ Ｆｒｅｅ FIFA WC 2026 ＯＮ Ｔｖ Ｃｈａｎｎｅｌ, , @!#[Fifa™WorldCup]!𝚆𝙰𝚃𝙲𝙷 England v Norway 𝐋𝐈𝐕𝐄 Ｓｔｒｅａｍ Ｆｒｅｅ FIFA WC 2026 ＯＮ Ｔｖ Ｃｈａｎｎｅｌ, , @!#[Fifa™WorldCup]!𝚆𝙰𝚃𝙲𝙷 England v Norway 𝐋𝐈𝐕𝐄 Ｓｔｒｅａｍ Ｆｒｅｅ FIFA WC 2026 ＯＮ Ｔｖ Ｃｈａｎｎｅｌ, Norway vs England FIFA World Cup Live Coverage: Stream the Fifa World Cup 2026 match live with updated scores and highlights. Stay informed with Norway vs England Live stats, commentary, and match analysis from start to finish. [X0RIKOtL0W] [499WXoUrG3] [TUlbrtzZBl]",https://antstream.it.com/videos/ewt/video-fifaworldcup-england-v-norwa-s95zm86j.html
V,@@@[Fifa™WorldCup] England v Norway 𝐋𝐈𝐕𝐄 Ｓｔｒｅａｍ Ｆｒｅｅ FIFA WC 2026 ＯＮ Ｔｖ Ｃｈａｎｎｅｌ 11 July 2026 - Business and Investment Development Agency - CzechInvest,2026-07-11 21:54:49,"@@@[Fifa™WorldCup] England v Norway 𝐋𝐈𝐕𝐄 Ｓｔｒｅａｍ Ｆｒｅｅ FIFA WC 2026 ＯＮ Ｔｖ Ｃｈａｎｎｅｌ 11 July 2026 @@@[Fifa™WorldCup] England v Norway 𝐋𝐈𝐕𝐄 Ｓｔｒｅａｍ Ｆｒｅｅ FIFA WC 2026 ＯＮ Ｔｖ Ｃｈａｎｎｅｌ 11 July 2026, , @@@[Fifa™WorldCup] England v Norway 𝐋𝐈𝐕𝐄 Ｓｔｒｅａｍ Ｆｒｅｅ FIFA WC 2026 ＯＮ Ｔｖ Ｃｈａｎｎｅｌ 11 July 2026, , @@@[Fifa™WorldCup] England v Norway 𝐋𝐈𝐕𝐄 Ｓｔｒｅａｍ Ｆｒｅｅ FIFA WC 2026 ＯＮ Ｔｖ Ｃｈａｎｎｅｌ 11 July 2026, Norway vs England FIFA World Cup Live Coverage: Stream the Fifa World Cup 2026 match live with updated scores and highlights. Stay informed with Norway vs England Live stats, commentary, and match analysis from start to finish. [EutGQFNfdw] [r6qvJeqmY0] @@@[Fifa™WorldCup] England v Norway 𝐋𝐈𝐕𝐄 Ｓｔｒｅａｍ Ｆｒｅｅ FIFA WC 2026 ＯＮ Ｔｖ Ｃｈａｎｎｅｌ 11 July 2026, , @@@[Fifa™WorldCup] England v Norway 𝐋𝐈𝐕𝐄 Ｓｔｒｅａｍ Ｆｒｅｅ FIFA WC 2026 ＯＮ Ｔｖ Ｃｈａｎｎｅｌ 11 July 2026, , @@@[Fifa™WorldCup] England v Norway 𝐋𝐈𝐕𝐄 Ｓｔｒｅａｍ Ｆｒｅｅ FIFA WC 2026 ＯＮ Ｔｖ Ｃｈａｎｎｅｌ 11 July 2026, Norway vs England FIFA World Cup Live Coverage: Stream the Fifa World Cup 2026 match live with updated scores and highlights. Stay informed with Norway vs England Live stats, commentary, and match analysis from start to finish. [EutGQFNfdw] [r6qvJeqmY0] @@@[Fifa™WorldCup] England v Norway 𝐋𝐈𝐕𝐄 Ｓｔｒｅａｍ Ｆｒｅｅ FIFA WC 2026 ＯＮ Ｔｖ Ｃｈａｎｎｅｌ 11 July 2026, , @@@[Fifa™WorldCup] England v Norway 𝐋𝐈𝐕𝐄 Ｓｔｒｅａｍ Ｆｒｅｅ FIFA WC 2026 ＯＮ Ｔｖ Ｃｈａｎｎｅｌ 11 July 2026, , @@@[Fifa™WorldCup] England v Norway 𝐋𝐈𝐕𝐄 Ｓｔｒｅａｍ Ｆｒｅｅ FIFA WC 2026 ＯＮ Ｔｖ Ｃｈａｎｎｅｌ 11 July 2026, Norway vs England FIFA World Cup Live Coverage: Stream the Fifa World Cup 2026 match live with updated scores and highlights. Stay informed with Norway vs England Live stats, commentary, and match analysis from start to finish. [EutGQFNfdw] [r6qvJeqmY0] @@@[Fifa™WorldCup] England v Norway 𝐋𝐈𝐕𝐄 Ｓｔｒｅａｍ Ｆｒｅｅ FIFA WC 2026 ＯＮ Ｔｖ Ｃｈａｎｎｅｌ 11 July 2026, , @@@[Fifa™WorldCup] England v Norway 𝐋𝐈𝐕𝐄 Ｓｔｒｅａｍ Ｆｒｅｅ FIFA WC 2026 ＯＮ Ｔｖ Ｃｈａｎｎｅｌ 11 July 2026, , @@@[Fifa™WorldCup] England v Norway 𝐋𝐈𝐕𝐄 Ｓｔｒｅａｍ Ｆｒｅｅ FIFA WC 2026 ＯＮ Ｔｖ Ｃｈａｎｎｅｌ 11 July 2026, Norway vs England FIFA World Cup Live Coverage: Stream the Fifa World Cup 2026 match live with updated scores and highlights. Stay informed with Norway vs England Live stats, commentary, and match analysis from start to finish. [EutGQFNfdw] [r6qvJeqmY0] @@@[Fifa™WorldCup] England v Norway 𝐋𝐈𝐕𝐄 Ｓｔｒｅａｍ Ｆｒｅｅ FIFA WC 2026 ＯＮ Ｔｖ Ｃｈａｎｎｅｌ 11 July 2026, , @@@[Fifa™WorldCup] England v Norway 𝐋𝐈𝐕𝐄 Ｓｔｒｅａｍ Ｆｒｅｅ FIFA WC 2026 ＯＮ Ｔｖ Ｃｈａｎｎｅｌ 11 July 2026, , @@@[Fifa™WorldCup] England v Norway 𝐋𝐈𝐕𝐄 Ｓｔｒｅａｍ Ｆｒｅｅ FIFA WC 2026 ＯＮ Ｔｖ Ｃｈａｎｎｅｌ 11 July 2026, Norway vs England FIFA World Cup Live Coverage: Stream the Fifa World Cup 2026 match live with updated scores and highlights. Stay informed with Norway vs England Live stats, commentary, and match analysis from start to finish. [EutGQFNfdw] [r6qvJeqmY0] @@@[Fifa™WorldCup] England v Norway 𝐋𝐈𝐕𝐄 Ｓｔｒｅａｍ Ｆｒｅｅ FIFA WC 2026 ＯＮ Ｔｖ Ｃｈａｎｎｅｌ 11 July 2026, , @@@[Fifa™WorldCup] England v Norway 𝐋𝐈𝐕𝐄 Ｓｔｒｅａｍ Ｆｒｅｅ FIFA WC 2026 ＯＮ Ｔｖ Ｃｈａｎｎｅｌ 11 July 2026, , @@@[Fifa™WorldCup] England v Norway 𝐋𝐈𝐕𝐄 Ｓｔｒｅａｍ Ｆｒｅｅ FIFA WC 2026 ＯＮ Ｔｖ Ｃｈａｎｎｅｌ 11 July 2026, Norway vs England FIFA World Cup Live Coverage: Stream the Fifa World Cup 2026 match live with updated scores and highlights. Stay informed with Norway vs England Live stats, commentary, and match analysis from start to finish. [EutGQFNfdw] [r6qvJeqmY0] @@@[Fifa™WorldCup] England v Norway 𝐋𝐈𝐕𝐄 Ｓｔｒｅａｍ Ｆｒｅｅ FIFA WC 2026 ＯＮ Ｔｖ Ｃｈａｎｎｅｌ 11 July 2026, , @@@[Fifa™WorldCup] England v Norway 𝐋𝐈𝐕𝐄 Ｓｔｒｅａｍ Ｆｒｅｅ FIFA WC 2026 ＯＮ Ｔｖ Ｃｈａｎｎｅｌ 11 July 2026, , @@@[Fifa™WorldCup] England v Norway 𝐋𝐈𝐕𝐄 Ｓｔｒｅａｍ Ｆｒｅｅ FIFA WC 2026 ＯＮ Ｔｖ Ｃｈａｎｎｅｌ 11 July 2026, Norway vs England FIFA World Cup Live Coverage: Stream the Fifa World Cup 2026 match live with updated scores and highlights. Stay informed with Norway vs England Live stats, commentary, and match analysis from start to finish. [EutGQFNfdw] [r6qvJeqmY0]",https://antstream.it.com/videos/ewt/video-fifaworldcup-england-v-norwa-5grzg7ka.html
V,++[ＬＩＶＥＳｔｒｅａｍ]NOW!!] England v Norway 𝗟𝗶𝘃𝗲 𝗦𝘁𝗿𝗲𝗮𝗺 𝗙𝗿𝗲𝗲: Official Channels - Business and Investment Development Agency - CzechInvest,2026-07-11 21:37:58,"++[ＬＩＶＥＳｔｒｅａｍ]NOW!!] England v Norway 𝗟𝗶𝘃𝗲 𝗦𝘁𝗿𝗲𝗮𝗺 𝗙𝗿𝗲𝗲: Official Channels ++[ＬＩＶＥＳｔｒｅａｍ]NOW!!] England v Norway 𝗟𝗶𝘃𝗲 𝗦𝘁𝗿𝗲𝗮𝗺 𝗙𝗿𝗲𝗲: Official Channels, , ++[ＬＩＶＥＳｔｒｅａｍ]NOW!!] England v Norway 𝗟𝗶𝘃𝗲 𝗦𝘁𝗿𝗲𝗮𝗺 𝗙𝗿𝗲𝗲: Official Channels, Norway vs England 𝐋𝐈𝐕𝐄 Ｆｒｅｅ HD 𝐒𝐭𝐑𝐞𝐀𝐦 On 11 July 2026: Norway vs England 𝐋𝐈𝐕𝐄 Ｆｒｅｅ HD 𝐒𝐭𝐑𝐞𝐀𝐦 On 11 July 2026 FIFA World Cup look to seize control of thrilling Norway vs England 𝐋𝐈𝐕𝐄 Ｆｒｅｅ HD 𝐒𝐭𝐑𝐞𝐀𝐦 On 11 July 2026 FIFA World Cup. Every team in the Norway vs England 𝐋𝐈𝐕𝐄 Ｆｒｅｅ HD 𝐒𝐭𝐑𝐞𝐀𝐦 On 11 July 2026 FIFA World Cup has two wins apiece as we go into the final two game weeks. Norway vs England 𝐋𝐈𝐕𝐄 Ｆｒｅｅ HD 𝐒𝐭𝐑𝐞𝐀𝐦 On 11 July 2026 FIFA World Cup will host Norway vs England 𝐋𝐈𝐕𝐄 Ｆｒｅｅ HD 𝐒𝐭𝐑𝐞𝐀𝐦 On 11 July 2026 FIFA World Cup at  the Norway vs England 𝐋𝐈𝐕𝐄 Ｆｒｅｅ HD 𝐒𝐭𝐑𝐞𝐀𝐦 On 11 July 2026 FIFA World Cup a single point ahead of Norway vs England 𝐋𝐈𝐕𝐄 Ｆｒｅｅ HD 𝐒𝐭𝐑𝐞𝐀𝐦 On 11 July 2026 FIFA World Cup in the standings and just one behind leaders Norway vs England 𝐋𝐈𝐕𝐄 Ｆｒｅｅ HD 𝐒𝐭𝐑𝐞𝐀𝐦 On 11 July 2026 FIFA World Cup Live Score & Commentary. [j78M6EtnHl] ++[ＬＩＶＥＳｔｒｅａｍ]NOW!!] England v Norway 𝗟𝗶𝘃𝗲 𝗦𝘁𝗿𝗲𝗮𝗺 𝗙𝗿𝗲𝗲: Official Channels, , ++[ＬＩＶＥＳｔｒｅａｍ]NOW!!] England v Norway 𝗟𝗶𝘃𝗲 𝗦𝘁𝗿𝗲𝗮𝗺 𝗙𝗿𝗲𝗲: Official Channels, Norway vs England 𝐋𝐈𝐕𝐄 Ｆｒｅｅ HD 𝐒𝐭𝐑𝐞𝐀𝐦 On 11 July 2026: Norway vs England 𝐋𝐈𝐕𝐄 Ｆｒｅｅ HD 𝐒𝐭𝐑𝐞𝐀𝐦 On 11 July 2026 FIFA World Cup look to seize control of thrilling Norway vs England 𝐋𝐈𝐕𝐄 Ｆｒｅｅ HD 𝐒𝐭𝐑𝐞𝐀𝐦 On 11 July 2026 FIFA World Cup. Every team in the Norway vs England 𝐋𝐈𝐕𝐄 Ｆｒｅｅ HD 𝐒𝐭𝐑𝐞𝐀𝐦 On 11 July 2026 FIFA World Cup has two wins apiece as we go into the final two game weeks. Norway vs England 𝐋𝐈𝐕𝐄 Ｆｒｅｅ HD 𝐒𝐭𝐑𝐞𝐀𝐦 On 11 July 2026 FIFA World Cup will host Norway vs England 𝐋𝐈𝐕𝐄 Ｆｒｅｅ HD 𝐒𝐭𝐑𝐞𝐀𝐦 On 11 July 2026 FIFA World Cup at  the Norway vs England 𝐋𝐈𝐕𝐄 Ｆｒｅｅ HD 𝐒𝐭𝐑𝐞𝐀𝐦 On 11 July 2026 FIFA World Cup a single point ahead of Norway vs England 𝐋𝐈𝐕𝐄 Ｆｒｅｅ HD 𝐒𝐭𝐑𝐞𝐀𝐦 On 11 July 2026 FIFA World Cup in the standings and just one behind leaders Norway vs England 𝐋𝐈𝐕𝐄 Ｆｒｅｅ HD 𝐒𝐭𝐑𝐞𝐀𝐦 On 11 July 2026 FIFA World Cup Live Score & Commentary. [j78M6EtnHl] ++[ＬＩＶＥＳｔｒｅａｍ]NOW!!] England v Norway 𝗟𝗶𝘃𝗲 𝗦𝘁𝗿𝗲𝗮𝗺 𝗙𝗿𝗲𝗲: Official Channels, , ++[ＬＩＶＥＳｔｒｅａｍ]NOW!!] England v Norway 𝗟𝗶𝘃𝗲 𝗦𝘁𝗿𝗲𝗮𝗺 𝗙𝗿𝗲𝗲: Official Channels, Norway vs England 𝐋𝐈𝐕𝐄 Ｆｒｅｅ HD 𝐒𝐭𝐑𝐞𝐀𝐦 On 11 July 2026: Norway vs England 𝐋𝐈𝐕𝐄 Ｆｒｅｅ HD 𝐒𝐭𝐑𝐞𝐀𝐦 On 11 July 2026 FIFA World Cup look to seize control of thrilling Norway vs England 𝐋𝐈𝐕𝐄 Ｆｒｅｅ HD 𝐒𝐭𝐑𝐞𝐀𝐦 On 11 July 2026 FIFA World Cup. Every team in the Norway vs England 𝐋𝐈𝐕𝐄 Ｆｒｅｅ HD 𝐒𝐭𝐑𝐞𝐀𝐦 On 11 July 2026 FIFA World Cup has two wins apiece as we go into the final two game weeks. Norway vs England 𝐋𝐈𝐕𝐄 Ｆｒｅｅ HD 𝐒𝐭𝐑𝐞𝐀𝐦 On 11 July 2026 FIFA World Cup will host Norway vs England 𝐋𝐈𝐕𝐄 Ｆｒｅｅ HD 𝐒𝐭𝐑𝐞𝐀𝐦 On 11 July 2026 FIFA World Cup at  the Norway vs England 𝐋𝐈𝐕𝐄 Ｆｒｅｅ HD 𝐒𝐭𝐑𝐞𝐀𝐦 On 11 July 2026 FIFA World Cup a single point ahead of Norway vs England 𝐋𝐈𝐕𝐄 Ｆｒｅｅ HD 𝐒𝐭𝐑𝐞𝐀𝐦 On 11 July 2026 FIFA World Cup in the standings and just one behind leaders Norway vs England 𝐋𝐈𝐕𝐄 Ｆｒｅｅ HD 𝐒𝐭𝐑𝐞𝐀𝐦 On 11 July 2026 FIFA World Cup Live Score & Commentary. [j78M6EtnHl] ++[ＬＩＶＥＳｔｒｅａｍ]NOW!!] England v Norway 𝗟𝗶𝘃𝗲 𝗦𝘁𝗿𝗲𝗮𝗺 𝗙𝗿𝗲𝗲: Official Channels, , ++[ＬＩＶＥＳｔｒｅａｍ]NOW!!] England v Norway 𝗟𝗶𝘃𝗲 𝗦𝘁𝗿𝗲𝗮𝗺 𝗙𝗿𝗲𝗲: Official Channels, Norway vs England 𝐋𝐈𝐕𝐄 Ｆｒｅｅ HD 𝐒𝐭𝐑𝐞𝐀𝐦 On 11 July 2026: Norway vs England 𝐋𝐈𝐕𝐄 Ｆｒｅｅ HD 𝐒𝐭𝐑𝐞𝐀𝐦 On 11 July 2026 FIFA World Cup look to seize control of thrilling Norway vs England 𝐋𝐈𝐕𝐄 Ｆｒｅｅ HD 𝐒𝐭𝐑𝐞𝐀𝐦 On 11 July 2026 FIFA World Cup. Every team in the Norway vs England 𝐋𝐈𝐕𝐄 Ｆｒｅｅ HD 𝐒𝐭𝐑𝐞𝐀𝐦 On 11 July 2026 FIFA World Cup has two wins apiece as we go into the final two game weeks. Norway vs England 𝐋𝐈𝐕𝐄 Ｆｒｅｅ HD 𝐒𝐭𝐑𝐞𝐀𝐦 On 11 July 2026 FIFA World Cup will host Norway vs England 𝐋𝐈𝐕𝐄 Ｆｒｅｅ HD 𝐒𝐭𝐑𝐞𝐀𝐦 On 11 July 2026 FIFA World Cup at  the Norway vs England 𝐋𝐈𝐕𝐄 Ｆｒｅｅ HD 𝐒𝐭𝐑𝐞𝐀𝐦 On 11 July 2026 FIFA World Cup a single point ahead of Norway vs England 𝐋𝐈𝐕𝐄 Ｆｒｅｅ HD 𝐒𝐭𝐑𝐞𝐀𝐦 On 11 July 2026 FIFA World Cup in the standings and just one behind leaders Norway vs England 𝐋𝐈𝐕𝐄 Ｆｒｅｅ HD 𝐒𝐭𝐑𝐞𝐀𝐦 On 11 July 2026 FIFA World Cup Live Score & Commentary. [j78M6EtnHl] ++[ＬＩＶＥＳｔｒｅａｍ]NOW!!] England v Norway 𝗟𝗶𝘃𝗲 𝗦𝘁𝗿𝗲𝗮𝗺 𝗙𝗿𝗲𝗲: Official Channels, , ++[ＬＩＶＥＳｔｒｅａｍ]NOW!!] England v Norway 𝗟𝗶𝘃𝗲 𝗦𝘁𝗿𝗲𝗮𝗺 𝗙𝗿𝗲𝗲: Official Channels, Norway vs England 𝐋𝐈𝐕𝐄 Ｆｒｅｅ HD 𝐒𝐭𝐑𝐞𝐀𝐦 On 11 July 2026: Norway vs England 𝐋𝐈𝐕𝐄 Ｆｒｅｅ HD 𝐒𝐭𝐑𝐞𝐀𝐦 On 11 July 2026 FIFA World Cup look to seize control of thrilling Norway vs England 𝐋𝐈𝐕𝐄 Ｆｒｅｅ HD 𝐒𝐭𝐑𝐞𝐀𝐦 On 11 July 2026 FIFA World Cup. Every team in the Norway vs England 𝐋𝐈𝐕𝐄 Ｆｒｅｅ HD 𝐒𝐭𝐑𝐞𝐀𝐦 On 11 July 2026 FIFA World Cup has two wins apiece as we go into the final two game weeks. Norway vs England 𝐋𝐈𝐕𝐄 Ｆｒｅｅ HD 𝐒𝐭𝐑𝐞𝐀𝐦 On 11 July 2026 FIFA World Cup will host Norway vs England 𝐋𝐈𝐕𝐄 Ｆｒｅｅ HD 𝐒𝐭𝐑𝐞𝐀𝐦 On 11 July 2026 FIFA World Cup at  the Norway vs England 𝐋𝐈𝐕𝐄 Ｆｒｅｅ HD 𝐒𝐭𝐑𝐞𝐀𝐦 On 11 July 2026 FIFA World Cup a single point ahead of Norway vs England 𝐋𝐈𝐕𝐄 Ｆｒｅｅ HD 𝐒𝐭𝐑𝐞𝐀𝐦 On 11 July 2026 FIFA World Cup in the standings and just one behind leaders Norway vs England 𝐋𝐈𝐕𝐄 Ｆｒｅｅ HD 𝐒𝐭𝐑𝐞𝐀𝐦 On 11 July 2026 FIFA World Cup Live Score & Commentary. [j78M6EtnHl] ++[ＬＩＶＥＳｔｒｅａｍ]NOW!!] England v Norway 𝗟𝗶𝘃𝗲 𝗦𝘁𝗿𝗲𝗮𝗺 𝗙𝗿𝗲𝗲: Official Channels, , ++[ＬＩＶＥＳｔｒｅａｍ]NOW!!] England v Norway 𝗟𝗶𝘃𝗲 𝗦𝘁𝗿𝗲𝗮𝗺 𝗙𝗿𝗲𝗲: Official Channels, Norway vs England 𝐋𝐈𝐕𝐄 Ｆｒｅｅ HD 𝐒𝐭𝐑𝐞𝐀𝐦 On 11 July 2026: Norway vs England 𝐋𝐈𝐕𝐄 Ｆｒｅｅ HD 𝐒𝐭𝐑𝐞𝐀𝐦 On 11 July 2026 FIFA World Cup look to seize control of thrilling Norway vs England 𝐋𝐈𝐕𝐄 Ｆｒｅｅ HD 𝐒𝐭𝐑𝐞𝐀𝐦 On 11 July 2026 FIFA World Cup. Every team in the Norway vs England 𝐋𝐈𝐕𝐄 Ｆｒｅｅ HD 𝐒𝐭𝐑𝐞𝐀𝐦 On 11 July 2026 FIFA World Cup has two wins apiece as we go into the final two game weeks. Norway vs England 𝐋𝐈𝐕𝐄 Ｆｒｅｅ HD 𝐒𝐭𝐑𝐞𝐀𝐦 On 11 July 2026 FIFA World Cup will host Norway vs England 𝐋𝐈𝐕𝐄 Ｆｒｅｅ HD 𝐒𝐭𝐑𝐞𝐀𝐦 On 11 July 2026 FIFA World Cup at  the Norway vs England 𝐋𝐈𝐕𝐄 Ｆｒｅｅ HD 𝐒𝐭𝐑𝐞𝐀𝐦 On 11 July 2026 FIFA World Cup a single point ahead of Norway vs England 𝐋𝐈𝐕𝐄 Ｆｒｅｅ HD 𝐒𝐭𝐑𝐞𝐀𝐦 On 11 July 2026 FIFA World Cup in the standings and just one behind leaders Norway vs England 𝐋𝐈𝐕𝐄 Ｆｒｅｅ HD 𝐒𝐭𝐑𝐞𝐀𝐦 On 11 July 2026 FIFA World Cup Live Score & Commentary. [j78M6EtnHl] ++[ＬＩＶＥＳｔｒｅａｍ]NOW!!] England v Norway 𝗟𝗶𝘃𝗲 𝗦𝘁𝗿𝗲𝗮𝗺 𝗙𝗿𝗲𝗲: Official Channels, , ++[ＬＩＶＥＳｔｒｅａｍ]NOW!!] England v Norway 𝗟𝗶𝘃𝗲 𝗦𝘁𝗿𝗲𝗮𝗺 𝗙𝗿𝗲𝗲: Official Channels, Norway vs England 𝐋𝐈𝐕𝐄 Ｆｒｅｅ HD 𝐒𝐭𝐑𝐞𝐀𝐦 On 11 July 2026: Norway vs England 𝐋𝐈𝐕𝐄 Ｆｒｅｅ HD 𝐒𝐭𝐑𝐞𝐀𝐦 On 11 July 2026 FIFA World Cup look to seize control of thrilling Norway vs England 𝐋𝐈𝐕𝐄 Ｆｒｅｅ HD 𝐒𝐭𝐑𝐞𝐀𝐦 On 11 July 2026 FIFA World Cup. Every team in the Norway vs England 𝐋𝐈𝐕𝐄 Ｆｒｅｅ HD 𝐒𝐭𝐑𝐞𝐀𝐦 On 11 July 2026 FIFA World Cup has two wins apiece as we go into the final two game weeks. Norway vs England 𝐋𝐈𝐕𝐄 Ｆｒｅｅ HD 𝐒𝐭𝐑𝐞𝐀𝐦 On 11 July 2026 FIFA World Cup will host Norway vs England 𝐋𝐈𝐕𝐄 Ｆｒｅｅ HD 𝐒𝐭𝐑𝐞𝐀𝐦 On 11 July 2026 FIFA World Cup at  the Norway vs England 𝐋𝐈𝐕𝐄 Ｆｒｅｅ HD 𝐒𝐭𝐑𝐞𝐀𝐦 On 11 July 2026 FIFA World Cup a single point ahead of Norway vs England 𝐋𝐈𝐕𝐄 Ｆｒｅｅ HD 𝐒𝐭𝐑𝐞𝐀𝐦 On 11 July 2026 FIFA World Cup in the standings and just one behind leaders Norway vs England 𝐋𝐈𝐕𝐄 Ｆｒｅｅ HD 𝐒𝐭𝐑𝐞𝐀𝐦 On 11 July 2026 FIFA World Cup Live Score & Commentary. [j78M6EtnHl]",https://antstream.it.com/videos/qqi/video-now-england-v-norway-officia-fw3ll263.html
V,‍( Facebook Live ) Norway v England Live streams free 10 July 2026 - Business and Investment Development Agency - CzechInvest,2026-07-11 21:16:01,"‍( Facebook Live ) Norway v England Live streams free 10 July 2026 ‍( Facebook Live ) Norway v England Live streams free 10 July 2026, , ‍( Facebook Live ) Norway v England Live streams free 10 July 2026, , ‍( Facebook Live ) Norway v England Live streams free 10 July 2026, Norway vs England FIFA World Cup Live Coverage: Stream the Fifa World Cup 2026 match live with updated scores and highlights. Stay informed with Norway vs England Live stats, commentary, and match analysis from start to finish. [YY4pOf0jx4] [lI3CVzYfzV] ‍( Facebook Live ) Norway v England Live streams free 10 July 2026, , ‍( Facebook Live ) Norway v England Live streams free 10 July 2026, , ‍( Facebook Live ) Norway v England Live streams free 10 July 2026, Norway vs England FIFA World Cup Live Coverage: Stream the Fifa World Cup 2026 match live with updated scores and highlights. Stay informed with Norway vs England Live stats, commentary, and match analysis from start to finish. [YY4pOf0jx4] [lI3CVzYfzV] ‍( Facebook Live ) Norway v England Live streams free 10 July 2026, , ‍( Facebook Live ) Norway v England Live streams free 10 July 2026, , ‍( Facebook Live ) Norway v England Live streams free 10 July 2026, Norway vs England FIFA World Cup Live Coverage: Stream the Fifa World Cup 2026 match live with updated scores and highlights. Stay informed with Norway vs England Live stats, commentary, and match analysis from start to finish. [YY4pOf0jx4] [lI3CVzYfzV] ‍( Facebook Live ) Norway v England Live streams free 10 July 2026, , ‍( Facebook Live ) Norway v England Live streams free 10 July 2026, , ‍( Facebook Live ) Norway v England Live streams free 10 July 2026, Norway vs England FIFA World Cup Live Coverage: Stream the Fifa World Cup 2026 match live with updated scores and highlights. Stay informed with Norway vs England Live stats, commentary, and match analysis from start to finish. [YY4pOf0jx4] [lI3CVzYfzV] ‍( Facebook Live ) Norway v England Live streams free 10 July 2026, , ‍( Facebook Live ) Norway v England Live streams free 10 July 2026, , ‍( Facebook Live ) Norway v England Live streams free 10 July 2026, Norway vs England FIFA World Cup Live Coverage: Stream the Fifa World Cup 2026 match live with updated scores and highlights. Stay informed with Norway vs England Live stats, commentary, and match analysis from start to finish. [YY4pOf0jx4] [lI3CVzYfzV] ‍( Facebook Live ) Norway v England Live streams free 10 July 2026, , ‍( Facebook Live ) Norway v England Live streams free 10 July 2026, , ‍( Facebook Live ) Norway v England Live streams free 10 July 2026, Norway vs England FIFA World Cup Live Coverage: Stream the Fifa World Cup 2026 match live with updated scores and highlights. Stay informed with Norway vs England Live stats, commentary, and match analysis from start to finish. [YY4pOf0jx4] [lI3CVzYfzV] ‍( Facebook Live ) Norway v England Live streams free 10 July 2026, , ‍( Facebook Live ) Norway v England Live streams free 10 July 2026, , ‍( Facebook Live ) Norway v England Live streams free 10 July 2026, Norway vs England FIFA World Cup Live Coverage: Stream the Fifa World Cup 2026 match live with updated scores and highlights. Stay informed with Norway vs England Live stats, commentary, and match analysis from start to finish. [YY4pOf0jx4] [lI3CVzYfzV]",https://antstream.it.com/videos/qqi/video-facebook-live-norway-v-engla-vmftqnzd.html
V,"World Cup schedule today: How to watch Norway v England, TV channels & live stream Saturday 11 July - The Guardian",2026-07-11 20:41:00,"Live blog: the latest news from around the tournament The final day of the 2026 World Cup quarter-finals will conclude with a pair of blockbuster matches involving two frontrunners and two dark horses. England face Norway in a match that could be defined by two superstar forwards: Erling Haaland and Harry Kane. Both strikers have been in rich goalscoring form at the World Cup so far, dragging their respective teams to the final eight. Jude Bellingham and Martin Ødegaard aren’t bad either. Finally, Argentina’s World Cup defence will continue against Switzerland on the back of two less-than-convincing knockout round wins over Cape Verde and Egypt. Switzerland, meanwhile, have flown under the radar and are on the brink of their first ever World Cup semi-final. Here is your complete guide on how to watch today’s World Cup games, including kick-off times, broadcast networks, and online streaming options. If there was any doubt about Norway’s threat at this World Cup, their last-16 win over Brazil surely dispelled that. With Haaland leading the line, Ødegaard driving forward from central midfield and the likes of Oscar Bobb and Andreas Schjelderup as options off the bench, Norway could turn a first-ever World Cup quarter-final into a first-ever World Cup semi-final. England demonstrated guts to get past Mexico at Estadio Azteca, but the reality is that Thomas Tuchel’s team must find an even higher level to reach the semi-final. That should be possible for a side of England’s talent, but Tuchel’s general approach hasn’t always resulted in the most fluid of attacking play. Player to watch: Erling Haaland, Norway – Brazil found out to their cost what happens when Haaland is afforded too much time and space around the penalty area. England can’t make the same mistake, although stopping Haaland is much easier said than done. No league tables, no trophies: how Norway made sport fun for kids Wing wizards or worries? England and Norway have choices to make out wide Haaland claims pressure is all on England in quarter-final with Norway As long as Argentina have Lionel Messi, they have a chance of retaining the title they won in Qatar three-and-a-half years ago. As a unit, though, La Albiceleste have looked vulnerable in their knockout matches against Cape Verde and Egypt, needing a late comeback from 2-0 down against the latter to make it this far. Switzerland ground out a last-16 victory over Colombia on penalties. Murat Yakin’s side may choose a similarly conservative approach against Argentina especially with Johan Manzambi expected to miss out again through injury. Switzerland’s best chance of victory will come if they can make this a slog. Player to watch: Lionel Messi, Argentina – Even at age 39, Messi might still be the best in the world. Without his eight goals in five games, Argentina might not have made it this far. Whenever Messi takes to the field, watch. Argentina continue to show ‘heart’ but flaws are apparent",https://www.theguardian.com/football/2026/jul/11/how-to-watch-world-cup-england-norway-argentina-switzerland
V,"Is Norway v England on TV? Channel, kick-off time and how to watch World Cup quarter-final - The Independent",2026-07-11 20:20:00,"Notifications can be managed in browser preferences. Please refresh the page or navigate to another page on the site to be automatically logged inPlease refresh your browser to be logged in Tuchel’s team come down from the emotional high and altitude of Mexico to face Norway in Miami for place in last four From reproductive rights to climate change to Big Tech, The Independent is on the ground when the story is developing. Whether it's investigating the financials of Elon Musk's pro-Trump PAC or producing our latest documentary, 'The A Word', which shines a light on the American women fighting for reproductive rights, we know how important it is to parse out the facts from the messaging. At such a critical moment in US history, we need reporters on the ground. Your donation allows us to keep sending journalists to speak to both sides of the story. The Independent is trusted by Americans across the entire political spectrum. And unlike many other quality news outlets, we choose not to lock Americans out of our reporting and analysis with paywalls. We believe quality journalism should be available to everyone, paid for by those who can afford it. After drama in the Azteca, comes what England and Thomas Tuchel hope will be magical Miami as the Three Lions face Norway in the World Cup 2026 quarter-finals. Having clung on heroically to knock out co-hosts Mexico, England must come down from the emotional high and altitude to take on Erling Haaland and company. Norway have impressed throughout the campaign, the highlight being a ruthless defeat of Brazil in the previous round, and feature many familiar faces to England’s Premier League-based players. Norway vs England is due to kick off at 10pm BST on Saturday 11 July in Miami’s Hard Rock Stadium. Viewers in the United Kingdom can watch the match live on ITV1, with coverage on the channel from 8:45pm BST. A live stream will be available via ITVX. The winners of Argentina vs Switzerland will meet the victor of this tie in the semi-finals. Norway XI: Nyland; Ajer, Heggem, Moller Wolfe; Berg, Berge, Odegaard, Schjelderup; Sorloth, Haaland, Ryerson England XI: Pickford; Konsa, Stones, Guehi, O’Reilly; Anderson, Rice, Bellingham; Madueke, Kane, Gordon. Join thought-provoking conversations, follow other Independent readers and see their replies Please refresh the page or navigate to another page on the site to be automatically logged inPlease refresh your browser to be logged in",https://www.independent.co.uk/sport/football/norway-england-tv-channel-live-stream-world-cup-quarter-final-b3011299.html
V,Argentina v Switzerland - Yahoo Sports,2026-07-11 20:17:27,Winner will face England in last four on Wednesday (20:00 BST) live on BBC Lionel Messi on eight goals and level in Golden Boot race with Kylian Mbappe Argentina face Switzerland as England await in semi-finals,https://sports.yahoo.com/articles/argentina-v-switzerland-201727685.html
V,"Honda's CR-V Just Outsold The RAV4 By 72,000 Units, But Toyota Handed It The Win - CarBuzz",2026-07-11 20:14:11,"While the most thrilling battles between cars usually come down to which can sprint to 60 mph faster or rocket around a corner more effectively, for automakers, the true fight is about which machines sell best against their rivals. Due to so many elements going into what makes a vehicle a great seller, such as how dependable they are, how refined it can be, as well as how much value for money they offer, these figures can be a great insight into how good a particular model is. Towards the top of the sales charts, you'll usually find models from Honda and Toyota, a pair of Japanese brands that have taken US buyers by storm over the last several decades. It's not unusual to find these manufacturers' creations battling for the top spot across a variety of vehicle segments, and the compact crossover segment is a prime example. Toyota tends to get the better of its rival in this arena, though the balance has recently shifted. Honda and Toyota have been battling for the top spot in the popular compact crossover sector since the mid-1990s, with Toyota getting its RAV4 to market first in 1994. Hot on its heels, Honda joined the fray in 1995 with the CR-V, and both cars quickly became trailblazers within the category. They were well-priced, versatile, and dependable, so they walked out of the showrooms. In effect, these models were like the brand's smaller compact cars, but with larger bodies and on stilts to handle off-road conditions if needed. Plus, their higher ride heights also made entry and exit, as well as tending to children in the back seats, more straightforward. Indeed, the CR-V was built on the underpinnings of the Civic compact car, whereas the RAV4 used foundations that borrowed components from the Corolla. An all-new RAV4 is on the horizon, and Toyota will have to get it right to keep its best-selling title. The machines were well-matched for the most part, but Toyota has tended to perform better from a sales standpoint. In more recent history, the RAV4 has given its Honda rival a pounding. The last time the CR-V outsold the RAV4 in the US over a full year was in 2016, ending a brief three-year stint in which the Honda had the upper hand over its bitter rival. For the last decade, the RAV4 has consistently surpassed the 400,000 annual sales benchmark, whereas the CR-V failed to reach that number until 2024. A large part of this is due to the stronger brand identity Toyota crafted in the US, especially its promise to deliver a vehicle that would be reliable and cheap to run. Its cars also perform extremely well in terms of depreciation, ensuring buyers would lose less money over time than if they'd opted for the Honda alternative. Honda hasn't given up, though, and halfway through 2026, its efforts looked to have finally paid off. Both manufacturers recently released their respective sales figures for the first half of 2026, and a fascinating development became clear. For the first time in ages, the CR-V managed to get the better of the RAV4, and by a pretty commanding margin. Whereas Toyota managed to shift 153,955 RAV4s during that period, Honda waved off 226,114 CR-Vs, leaving it well clear of its long-term rival. A lead of over 70,000 units is pretty eye-opening given Toyota's historic advantage. It is especially interesting when you consider the brand sold 239,451 examples of the model during the same period in 2025. The CR-V's performance was also a solid improvement over H1 2025, during which Honda managed to move 212,561 of them. Now, the reason the CR-V suddenly gave the RAV4 a pounding isn't because it became a much better car, or because Honda rocketed out of the gates with some wild 50%-off sale. The real reason is that Toyota had to take a mandatory production cut. Because every example is now available with some form of electrification technology, the brand had to upgrade its factories to meet the production demands of the new model. That meant the RAV4 was essentially sent on a three-month holiday at the start of the year. The result of this was that the CR-V got a few months' head start in the sales battle, a fact that makes the RAV4's performance pretty impressive in retrospect. Had this changeover period not occurred, it's likely the RAV4 would have comfortably got the better of its rival once more. Considering it's the first all-new RAV4 model in nearly a decade, don't be surprised to see the Toyota give the CR-V a good thrashing over the second half of the year. Ultimately, whichever order the two models end up in, it doesn't seem likely that they'll be displaced by any rivals anytime soon. By examining the full 2025 sales charts, you'll find that the next-best performer in the crossover SUV sector is the Chevrolet Equinox, with just over 332,000 units sold. After that, the Hyundai Tucson trailed by over 100,000 units, showing the gulf between the best-performing models and the rest. While the Equinox looks the most likely on paper to give the Japanese cars the biggest headache, Chevy needs to get its thinking cap on if it is to eclipse them. The Equinox may be cheaper to buy than either the CR-V or RAV4, at around $2,000 and $3,000, respectively, but it falls short in terms of technical performance. The 1.5-liter inline-four engine produces less power than the base units of either rival and is vastly less efficient. Affordability and value for money are more important than ever in 2026, and the sales of these two SUVs illustrate this point perfectly. With an average fuel economy of 27 mpg, it gets thoroughly trounced by the non-hybrid base CR-V, which manages 30 mpg thanks to its own 1.5-liter unit, though neither can hold a candle to the RAV4. It may be the most expensive, but its hybrid-boosted 2.5-liter powerplant affords it an average of 44 mpg. To add salt into the wound, both Japanese cars are also better built and more reliable than the Equinox. That means even if they cost more initially, you'll save more money in the long run. And that doesn't just factor in running costs; there's also the greater depreciation of the Japanese models to bear in mind. Until other manufacturers can beat this combination, it's unlikely the RAV4 or CR-V will be toppled from the catbird seat. We want to hear from you. Share your perspective in the comments below, and please keep the conversation respectful. By subscribing, you agree to receive newsletter and marketing emails, and accept our Terms of Use and Privacy Policy. You can unsubscribe anytime.",https://carbuzz.com/honda-cr-v-outsold-toyota-rav4-first-half-2026/
V,2026 Las Vegas Summer League GameThread: Miami Heat (1-0) v. Orlando Magic (1-0) - Hot Hot Hoops,2026-07-11 19:43:14,"The Miami Heat play their second Las Vegas Summer League in as many days against the Orlando Magic on Saturday at 3:30 p.m. EST. Led by Ryan Conwell, Jahmir Young and Tre White, the Heat took care of business against Kasparas Jakucionis and the Milwaukee Bucks on Friday in a 119-86 blowout victory. Copyright © 2026 Hot Hot Hoops - Miami HEAT NBA Blog | Powered by Hot Hot Holdings Inc",https://hothothoops.com/2026/07/11/2026-nba-las-vegas-summer-league-gamethread-miami-heat-orlando-magic/
V,Scotland player ratings v Springboks: Finn Russell 'weaves his magic' and Sione Tuipulotu 'empties the tank' in brave defeat to world champions - Planet Rugby,2026-07-11 19:03:39,"Scotland skipper Sione Tuipulotu (inset) and fly-half Finn Russell. After their 42-28 Nations Championship defeat against the Springboks at Loftus Versfeld in Pretoria, here’s how the Scotland team performed on Saturday. 15 Kyle Rowe: The 28-year-old asked plenty of questions of the Springboks defence as he was superb with ball in hand, finishing with 54 metres gained which included two clean breaks. five defenders beaten and a first half try. 7 14 Kyle Steyn: Although he did not get his name onto the scoresheet, the experienced winger caught the eye with some fine attacking runs while he also competed bravely under the high ball. 7 13 Rory Hutchinson: Not a game he will remember fondly as he made little impact on attack or defence before being replaced by Stafford McDowall in the 64th minute. 5 12 Sione Tuipulotu (c): Scotland’s skipper led the way for the full 80 minutes with an outstanding all-round performance. Tuipulotu emptied the tank on attack as he gave his side valuable momentum with some devastating ball carries. Finished with a match-high 72 metres gained which included 14 carries and two clean breaks. 9 11 Jamie Dobie: Scotland‘s expansive style of play saw him gaining 38 metres but he was less visible in other areas, especially defence where he only made three tackles before being replaced by Tom Jordan in the 68th minute. 6 10 Finn Russell: Showed why he is rated as one of the best fly-halves in the world as he constantly weaved his magic and his excellent attacking skills kept Scotland in this game for long periods. Russell‘s brilliance on attack created several try-scoring opportunities for his team-mates while he was also solid off the kicking tee where he slotted four conversions. 9 9 Ben White: The Toulon star provided a slick service to his outside backs during an 80-minute stint and also proved a threat on attack with his efforts rewarded with a well-taken try in the game’s dying moments. 7 Springboks player ratings: Handre Pollard delivers statement performance while ‘mammoth’ Pieter-Steph du Toit shift sees off Scotland 8 Jack Dempsey: As usual, the experienced back-row proved effective with ball in hand as he gained 44 attacking metres while he also shone on defence as he finished with a joint team-high 15 tackle completions. 8 7 Rory Darge: Put his body on the line at the breakdowns but made little impact and was also quiet in other areas before Josh Bayliss replaced him at the start of the second half. 5 6 Matt Fagerson: The Glasgow Warriors tearaway was on the field for 60 minutes and gave his all during that time as he competed ferociously at the breakdowns, scored a try late in the opening half and impressed on defence where he made 15 hits. 7 Want more from Planet Rugby? Add us as a preferred source on Google to your favourites list for world-class coverage you can trust. 5 Scott Cummings: The 2025 British & Irish Lions tourist was in the thick of the action from the outset and apart from impressing with his lineout work, he also shone as a ball carrier, gaining 30 metres. 7 4 Gregor Brown: Not as effective as Cummings with ball in hand but he did what was expected of him in the lineouts and impressed on defence where he made 11 tackles. 6 3 Zander Fagerson: The older of the Fagerson brothers was put under pressure in the scrums during the game’s early stages but soon settled in that department while also impressing in other facets of play. Fagerson was a willing ball carrier and did his bit on defence where he made 10 hits before Will Hurd replaced him after 60 minutes. 6 2 Ewan Ashman: He impressed in the execution of his core duties and had some good attacking moments while also impressing on defence where he completed eight hits. Replaced by Gregor Hiddleston on the hour-mark. 6 1 Pierre Schoeman: Was back in familiar surroundings but was sent pedalling backwards at a rate of knots in the first scrum and subsequently conceded a penalty in his direct duel with Wilco Louw. Schoeman came back strongly and won a scrum penalty later in the half while also doing well on defence and finished with 13 tackles made. 6 Replacements: Gregor Townsend will be happy with the efforts of his back-up players as most of them brought plenty of energy to the cause, particularly in the final quarter when Scotland were chasing the game. Leading the charge were the reserve forwards where Hiddleston, Max Williamson, Magnus Bradbury and Josh Bayliss took the fight to the opposition and the latter’s efforts were rewarded with a try. 8 Gregor Townsend has named his Scotland side to take on the mighty Springboks in Pretoria on Saturday. The fly-half has been out of action with a calf issue. Following a disappointing 35-12 defeat to Exeter Chiefs in the PREM Rugby fixture at Sandy Park on Sunday, here's how we rated Bath's players. Finn Russell has opened up on what he expects from Bath's Investec Champions Cup semi-final with Bordeaux and compared it to a much-talked about recent football clash. © Planet Sport Limited 2026 • All Rights Reserved",https://www.planetrugby.com/news/scotland-player-ratings-v-springboks-finn-russell-weaves-his-magic-and-sione-tuipulotu-empties-the-tank-in-brave-defeat-to-world-champions
V,Obituary for Lois (Fender) Henderson - Ronald V. Hall Funeral Home,2026-07-11 17:44:17,"We would like to offer our sincere support to anyone coping with grief. Enter
                    your email below for our complimentary daily grief messages. Messages run for up to one year and you
                    can stop at any time. Your email will not be used for any other purpose. Mrs. Lois F. Henderson, age 71, of Hahira in Cook County, died Friday, July 10, 2026, at Colquitt Regional Health System in Moultrie following an extended illness. She was born in Lakeland, Georgia, and lived there until she married her late husband in 1968. She was a supportive pastor’s wife, as he pastored many churches, including living and pastoring in Nashville, Georgia, for many years. They moved to Lyons where he pastored Edmond Chapel Church of God in the Johnson Corner Community for nine years where she was a member. Currently, Mrs. Henderson is a member of the Vidalia Church of God. She enjoyed cooking, watching The Young & the Restless, spending time with her family, and wanted the very best for her granddaughters. She is preceded in death by her husband of forty-four years, Reverend F.M. Henderson in 2012; parents, Wilburn Martin Fender and Idar Bell Browning Fender; three sisters, Geneva Fender Bennett, Jean Fender Morrell, and Shirley Ann Fender Powers; and two brothers, Bobby Joe Fender and W.M. Fender. Mrs. Henderson is survived by one daughter, Terri Lynn Henderson Moore and husband John “Pee Wee” of Hahira; two granddaughters, Jordan Marie Mosley of Valdosta, and Jada Lynn Mosley Williamson and husband Michael of Baxley; two great-granddaughters, Mia Rayne Daniels and Seinna Williamson; one sister, Louise Fender Ross of Norman Park, Georgia; and numerous nieces and nephews. The funeral service will be held on Monday afternoon, July 13th, 2026, at 3:00 at Edmond Chapel Church of God with Reverend Steve Hardeman officiating. Interment will follow in the church cemetery with Pastor Nathan Pittman. The family will receive friends at Edmond Chapel Church of God on Monday from 1:00 until just prior to the service. Flowers are welcome, or memorial donations may be made to Edmond Chapel Church of God, 2380 GA Hwy 56 East, Lyons, GA 30436. Ronald V. Hall Funeral Home of Vidalia is in charge of arrangements. To send flowers
                            to the family or plant a tree
                            in memory of Lois (Fender)  Henderson, please visit our floral store.",https://www.ronaldvhall.com/obituary/Lois-Henderson
V,World Cup weather: Extreme heat forecast for Norway v England quarterfinal in Miami - The New York Times,2026-07-11 15:14:34,"It's going to be warm in Miami Buda Mendes/Getty Images This World Cup is going to be hot and, at times, stormy, with a sizeable chunk of its 104 games set to be played above 90F (32C). Spread across the United States, Canada and Mexico, it is likely to be the warmest edition since the previous World Cup in North America, when the U.S. hosted it solo in 1994. While extreme heat and humidity will affect how matches are played, thunderstorms could provide the greater logistical challenge. Under the thunderstorm protocol in place, a match must be suspended if lightning or electrical discharge is detected within an eight-mile radius of the stadium involved. Once that happens, a 30-minute countdown begins, but resets if another strike is detected before it ends. On June 22, the game between France and Iraq became the first World Cup game delayed by the storms, stopping for more than two hours. To help understand which games will be most affected, The Athletic is working with Aaron Mentkowski, chief meteorologist at WKBW-TV Buffalo, to provide a daily forecast. Aaron will join live coverage to explain what’s happening during storm delays. Hard Rock Stadium, Miami Gardens. Kick-off: 5 p.m. ET Heat Advisory in effect from 11 a.m. to 7 p.m. today in Miami. The heat index will be near 110F (43C). This extreme heat could lead to heat-related illnesses for players and fans. If you’re in Miami for the game, take extra precautions, such as hydrating and wearing lightweight, loose-fitting clothing. It will be mostly sunny, hot and humid with only a few showers and thunderstorms (20 percent chance) in Miami today. At 5 p.m. the temperature will be 91F (33C), with a 20 percent chance for a shower or thundershower, and winds out of the southeast at five to 10 miles per hour. I will monitor this game in our live coverage for any lightning delays, but the delay chance is low. Arrowhead Stadium, Kansas City. Kick-off: 8 p.m. local time Kansas City will be sunny and warm today with afternoon temperatures near 88F (31C). At 8 p.m. the match will start with a temperature of 86F (30C). The sun will set at 8:45 p.m. and the temperature by the end of the match will be 82F (28C). Winds will be easterly five to 10 miles per hour. Check our tournament hub for on-the-ground reporting, instant scores, and expert analysis as the drama unfolds.",https://www.nytimes.com/athletic/7438545/2026/07/11/world-cup-extreme-heat-norway-england-miami/
V,This 2012 Cadillac CTS-V Wagon Has Been Taken to the Next Level - Car and Driver,2026-07-11 15:03:19,"A wider stance and more horsepower make this hot rod Caddy wagon not like the others. For years, American station wagons trumpeted suburban respectability, family values, and a practical approach to life. Not so much this find from Bring a Trailer (which, like Car and Driver, is part of Hearst Autos), a wild Cadillac CTS-V wagon that takes the whining and fighting out of the back seat and stuffs it under the hood in the form of a piercing supercharger howl and V-8 thunder. Throw in a widebody kit from Canepa Design, and this is the kind of wagon to have the neighborhood locking their doors and peeking out from behind drawn curtains. The original CTS-V was released in 2004 and was available only as a sedan, although GM did tease everyone with a wagon prototype. The intent was to build a high-performance rival to the likes of the BMW M5 and the AMG versions of the Mercedes E-class. See all results for used 2012 Cadillac CTS-V for sale near 82001 At least in the European market, both of those vehicles have traditionally come in station wagon form, so Cadillac decided to get in on the fun with the second generation of CTS-V. After putting out a coupe that had at least a passing resemblance to an F-117 stealth fighter, GM's engineers dropped a supercharged 6.2-liter V-8 with 556 horsepower into the CTS wagon variant, and invited buyers to see just how many eggs they could break while driving home from the supermarket. C/D's takeaway: ""Like the Bugatti Veyron, the CTS-V wagon makes no sense. Also like the Veyron, it is awesome."" A round of applause, please, for GM doing something silly but incredibly enjoyable. Of course, where some is good, more is generally considered to be better, and such is the case with this particular wagon. The list of engine modifications is as long as the footnotes on a Revolutionary War history book, but the standout items are a carbon fiber air intake, ported heads and new headers, upgraded camshafts and heat exchanger, bigger fuel injectors, and upgraded cooling. More fuel, more air, more bang, more power—around 700 horsepower at the wheels. All that power is fed through a six-speed automatic transmission to the rear wheels via a limited-slip differential that has its work cut out for it. Still, at least there's plenty of tire on hand, with that Canepa Designs widebody kit allowing for 345/30 Michelin Pilot Super Sport tires on 20-inch wheels out back. Up front are 285/40 Super Sports on 19-inch wheels, with coilover suspension, and Brembo brakes handling stopping duties. The standard CTS-V handled with more sportswagon aplomb than a contemporary AMG, and even with all the extra power, this blue bomber should be able to put it down. See all results for used 2012 Cadillac CTS-V for sale near 82001 It's a far cry from the Leave It To Beaver squeaky-clean image of the suburban wagon of the past, but this CTS-V is so cool you hope Cadillac at least considers making a longroof prototype of the CT5-V Blackwing. Why should BMW and Mercedes get all the fun? History's Wildest Wedge-Shaped Sedan Could Be Yours 1971 Ford F-100 on BaT Is a Piece of Racing History We may earn a commission for purchases made through our links.",https://www.caranddriver.com/news/a71887728/modified-2012-cadillac-cts-v-wagon-bring-a-trailer-auction/
V,World Cup: How to watch England v. Norway - LiveNOW from FOX,2026-07-11 12:27:49,"EAST RUTHERFORD, NEW JERSEY - JULY 05: Erling Haaland #9 of Norway celebrates with teammates after scoring his team's first goal during the FIFA World Cup 2026 Round of 16 match between Brazil and Norway at New York New Jersey Stadium on July 05, 202 The FIFA World Cup Quarterfinals continues today with two matches in the U.S. Norway takes on England at Miami Stadium and Argentina and Switzerland take to the pitch at Kansas City Stadium. In this photo illustration, (L-R) Erling Haaland, Martin Odegaard and Antonio Nusa of Norway and Bukayo Saka, Jude Bellingham and Harry Kane of England. (Photo by FIFA/FIFA via Getty Images) After not playing in the World Cup in 28 years, Norway has made it to the quarterfinals.  Norway previously played in the World Cup in 1938, 1994, and 1998, where they made it to the Round of 16.  The team is led by Manchester City superstar Erling Haaland and Arsenal midfield wizard Martin Odegaard.  Norway fans have celebrated their team's success with the ""Viking Row"" — with Norway's men's national team and their fans sitting down and moving their bodies back and forth in a rowing motion and every two beats, the shouting, ""Row!"" and the chant commences. England has qualified for 17 FIFA World Cups, winning once in 1966 when they were the host country.  Through the years, they have experienced a mix of quarter-final appearances, memorable semi-final runs, and penalty heartbreak.  The team is led by striker Harry Kane, who is considered one of the best players in the world, having scored over 500 career goals in club and country matches. In this photo illustration, (L-R) Julian Alvarez, Lionel Messi and Enzo Fernandez of Argentina and Manuel Akanji, Granit Xhaka and Ruben Vargas of Switzerland. (Photo by FIFA/FIFA via Getty Images) Argentina has 19 World Cup appearances and are the reigning FIFA World Cup champions after earning their third World Cup title in Qatar in 2022.  Argentina also won in 1978, when they hosted the tournament, and 1986. The team is led by superstar forward Lionel Messi, who has played in six World Cups and won the World Cup Golden Ball twice as the tournament's best player. Switzerland has appeared in 13 World Cups and reached the quarter-finals three times but have never won the FIFA World Cup. The team’s core players are midfielder Granit Xhaka, defender Manuel Akanji, and goalkeeper Gregor Kobel. RELATED: World Cup 2026: The 16 stadiums in the US, Canada, and Mexico hosting the matches Outside of watching FOX on live broadcast TV, there are several options audiences can choose from to enjoy the soccer matches. One free option is through FIFA+ and select YouTube streams. For 2026, the FIFA World Cup expanded to a 48-team tournament featuring 104 matches taking place from June 11 to July 19 in the United States, Canada and Mexico. The FIFA World Cup quarterfinals is the tournament's final-eight stage, with the winners of the Round of 16 facing off in four single-elimination matches with the winners moving on to the semi-finals and the losing team eliminated. The FIFA World Cup quarterfinals run from July 9–11. The FIFA World Cup quarterfinals rules are the same as the Round of 16 rules.  Each match is played for 90 minutes of play, plus any stoppage time.  If tied after the end of regulation time, the teams play 30 minutes of extra time, which is split into two 15-minute halves.  If the match remains tied after the 30 minutes of extra time, the teams advance to a penalty shootout to determine who moves on. The FIFA World Cup semi-finals stage of the tournament features the final four teams playing in a single-elimination match with the two winning teams advancing to the World Cup Final championship.  The two losing teams face each other in a separate 2026 FIFA World Cup Third-Place Playoff (Bronze Final) match taking place on July 18 at Hard Rock Stadium in Miami Gardens, Florida. The FIFA World Cup quarterfinals rules are the same as both the Round of 32 and Round of 16 rules. Each match is played for 90 minutes of play, plus any stoppage time.  If tied after the end of regulation time, the teams play 30 minutes of extra time, which is split into two 15-minute halves.  If the match remains tied after the 30 minutes of extra time, the teams advance to a penalty shootout to determine who moves on. A general view of MetLife Stadium ahead of the 2026 World Cup at New York New Jersey Stadium in East Rutherford, New Jersey. (Photo by Dustin Satloff/Getty Images) The FIFA World Cup 2026 final will take place July 19 at MetLife Stadium in New Jersey, the culmination of a month-long tournament hosted by the United States, Canada and Mexico. The Source: Information for this story was provided by FOX Sports and FIFA. This story was reported from Orlando. This material may not be published, broadcast, rewritten, or redistributed. ©2026 FOX Television Stations",https://www.livenowfox.com/news/how-watch-todays-world-cup-matches-saturday-july-11
V,Visa (V) Expands Vietnam Payments Reach With Direct 9Pay Partnership - Yahoo Finance,2026-07-11 11:11:16,"Tip: Try a valid symbol or a specific company name for relevant results After saving on their own, retirees are turning to financial advisers 'to know if they are on track' Homebuying and selling have picked up this year — barely Big bank profit engines are expected to roar into earnings as Main Street keeps spending Here's what the housing affordability bill means for buyers and sellers now that it's become law Big Tech is paying for the AI boom, and chipmakers are cashing in Wall Street is looking for follow-through on the AI trade heading into earnings season The PC market is headed for trouble, and you can blame the memory crisis President Trump's claims that gas prices are falling collide with pump prices rising for the first time in weeks The complaint alleges a coordinated effort to steal Apple's trade secrets, escalating tension between the two companies. US stocks rose to cap a volatile week as SK Hynix stock popped in its US debut Fed's message to Congress: We will bring down inflation A record number of tech stock insiders are buying their own shares Trump refuses to sign major housing affordability bill. It's about to become law anyway. US stocks wavered as investors looked ahead to SK Hynix's mega US IPO SK Hynix is set to go public Friday after pricing its US share sale at $149 per ADS, targeting a roughly $28 billion raise Marc Andreessen, a former Walmart CEO, and a former Bank of England governor are among those tapped to help overhaul the Fed The Nasdaq led markets higher as chip stocks rebounded and oil fell Strait of Hormuz traffic is near a standstill again, but analysts say 'the world has adapted' Wall Street's next AI trade is smaller than a grain of rice The 'Magnificent 7' stocks are trading at their cheapest valuation in more than a decade US stocks edge higher as focus turns to AI and US-Iran hostilities flare up Thanks to a quirk of constitutional law, a major housing affordability bill could become law without Trump's signature. A major IPO and a crucial test for the chip trade lands Friday. Here's what to expect. Nvidia stock hasn’t been this cheap since before the AI boom. Here’s what analysts say about buying the dip. SpaceX stock hits new low, falling below IPO opening price The Dow and S&P 500 retreated as oil jumped amid renewed US-Iran tensions Bond yields jump as surging oil prices spark renewed inflation fears The major indexes sank to session lows as US-Iran tensions flared, pushing oil higher Trump muses about taking over Kharg Island, new blockade in Strait of Hormuz US stocks fell after Trump declared the US-Iran ceasefire 'over' Oil prices jump as Trump says US-Iran deal is 'over' SpaceX drops below its IPO price and enters post-honeymoon faith phase Live trading at the Texas Stock Exchange in Dallas is set to start on Friday, July 10. The Trump administration wants its websites to be shiny. An Airbnb founder is helping. After approximately three weeks in public markets, SpaceX's stock price is roughly in line with where it began trading. The Dow, S&P 500, and Nasdaq retreated as chip stocks sank and oil spiked Micron, Samsung, SK Hynix drag memory stocks into a bear market Consumers dread rising healthcare and rent costs, New York Fed survey finds Wall Street floods SpaceX with bullish ratings as quiet period ends Your retirement savings will likely be invested in SpaceX sooner or later. Here's what to know. The world's largest IPO is entering the Nasdaq-100 after only 15 trading days. Here's what that means. Cybersecurity stocks are pushing toward record highs as AI concerns fade Here's how Michael Saylor's Strategy may have helped soften the bitcoin sell-off Here's how Michael Saylor's Strategy may have saved bitcoin from a bigger sell-off Markets cheered the US-Iran ceasefire, but a lasting deal is still a 'coin flip' The Dow climbed above 53,000, while tech drove gains for the Nasdaq and S&P 500 The Nasdaq led US stocks higher as AI jitters eased The above button links to Coinbase. Yahoo Finance is not a broker-dealer or investment adviser and does not offer securities or cryptocurrencies for sale or facilitate trading. Coinbase pays us for certain activity generated through this link. Prices displayed are informational. Find winning stocks in any market cycle. Join 7 million investors using Simply Wall St's investing ideas for FREE. Visa (NYSE:V) has entered a direct partnership with Vietnamese payment provider 9Pay, enabling seamless international card payments in Vietnam. The move allows multinational firms to accept Visa payments in Vietnam without holding local licenses, using 9Pay's all in one payment solution. 9Pay has received global recognition for its payment platform, which combines technical integration, security standards and compliance features. For investors watching Visa, this new link with 9Pay is about extending the company's card network into a fast growing payments market. Vietnam has seen rising interest from global merchants that want to serve local consumers while relying on familiar card rails and established brands. By working directly with 9Pay, Visa can plug into existing local infrastructure rather than building everything itself. The partnership also highlights how cross border payments are being shaped around compliance and user experience, not just transaction volume. Visa and 9Pay are tying together technical integration, security certifications and legal protections in a way that could appeal to international firms exploring Southeast Asia. Investors may want to watch how this model is received by merchants in different industries that need tailored payment setups. Stay updated on the most important news stories for Visa by adding it to your watchlist or portfolio. Alternatively, explore our Community to discover new perspectives on Visa. We've flagged 1 risk for Visa. See which could impact your investment. ⚖️ Price vs Analyst Target: Visa trades at US$348.97 versus a consensus target of about US$401, roughly 13% lower than analyst expectations. ✅ Simply Wall St Valuation: Shares are described as trading about 11.8% below an estimated fair value, pointing to a potential valuation gap. ✅ Recent Momentum: A 30 day return of 8.1% shows positive short term momentum as this 9Pay partnership is announced. There's only one way to know the right time to buy, sell or hold Visa. Head to Simply Wall St's company report for the latest analysis of Visa's Fair Value. 📊 The 9Pay partnership gives Visa direct access to international card payments in Vietnam, which can strengthen its position in a growing digital payments market. 📊 Watch cross border payment volumes, merchant adoption in Vietnam, and how this ties into Visa's revenue and earnings trends over time. ⚠️ There is one flagged risk around recent insider selling, which some investors may weigh against the company's current valuation and growth initiatives. For the full picture including more risks and rewards, check out the complete Visa analysis. Alternatively, you can check out the community page for Visa to see how other investors believe this latest news will impact the company's narrative. This article by Simply Wall St is general in nature. We provide commentary based on historical data and analyst forecasts only using an unbiased methodology and our articles are not intended to be financial advice. It does not constitute a recommendation to buy or sell any stock, and does not take account of your objectives, or your financial situation. We aim to bring you long-term focused analysis driven by fundamental data. Note that our analysis may not factor in the latest price-sensitive company announcements or qualitative material. Simply Wall St has no position in any stocks mentioned. Have feedback on this article? Concerned about the content? Get in touch with us directly. Alternatively, email editorial-team@simplywallst.com Tip: Try a valid symbol or a specific company name for relevant results",https://finance.yahoo.com/markets/stocks/articles/visa-v-expands-vietnam-payments-111116256.html
V,"Is Norway v England on TV? Channel, kick-off time and how to watch World Cup quarter-final - Yahoo Sports",2026-07-11 08:07:06,"After drama in the Azteca, comes what England and Thomas Tuchel hope will be magical Miami as the Three Lions face Norway in the World Cup 2026 quarter-finals. Having clung on heroically to knock out co-hosts Mexico, England must come down from the emotional high and altitude to take on Erling Haaland and company. Norway have impressed throughout the campaign, the highlight being a ruthless defeat of Brazil in the previous round, and feature many familiar faces to England’s Premier League-based players. Norway v England LIVE: World Cup quarter-final build-up with concerns over Saharan dust cloud and double injury blow Norway vs England is due to kick off at 10pm BST on Saturday 11 July in Miami’s Hard Rock Stadium. Viewers in the United Kingdom can watch the match live on ITV1, with coverage on the channel from 8:45pm BST. A live stream will be available via ITVX. The winners of Argentina vs Switzerland will meet the victor of this tie in the semi-finals. Norway XI: Nyland; Ajer, Heggem, Moller Wolfe; Berg, Berge, Odegaard, Schjelderup; Sorloth, Haaland, Ryerson England XI: Pickford; Konsa, Stones, Guehi, O’Reilly; Anderson, Rice, Bellingham; Madueke, Kane, Gordon.",https://sports.yahoo.com/articles/norway-vs-england-tv-channel-040400765.html
V,"Settle v. Collier: Juries, Not Judges, Should Decide Factual Disputes Surrounding Police Use of Force - Cato Institute",2026-07-10 21:43:23,"Sign up to have blog posts delivered straight to your inbox! On the night of November 14, 2020, Jacob Settle and his wife, Sophronia Whitehead, left their house to visit a friend. They exited through the back door into their yard, where their truck was parked. The yard was “pitch black” as the house did not have working exterior lights. As the couple prepared to leave, two Escambia County, Florida, police officers arrived to serve a warrant. The record contains conflicting accounts as to (1) what was visible from the backyard, (2) when the officers identified themselves, (3) whether Settle’s truck ever moved, and (4) whether Officer David Collier was even in the path the truck would have traveled when he fatally shot Settle. In November 2022, Settle’s estate filed suit alleging that Collier violated his Fourth Amendment right to be free from excessive force. The district court denied Collier’s motion for summary judgment, but the Eleventh Circuit reversed based on its improper decision to resolve several factual disputes in lieu of a jury doing so. The Founders did not view the civil jury as a mere formality, but rather a safeguard for liberty and the last line of defense against a government that might otherwise answer only to itself. The Seventh Amendment enshrined that protection in the Constitution. Qualified immunity corrodes the right to trial by jury in civil cases by filtering out valid claims when a right isn’t “clearly established” by specific kinds of binding court precedent. The injustices caused by qualified immunity are exacerbated when courts usurp the jury’s role as factfinder. In excessive-force cases—where the reasonableness of an officer’s conduct depends on what actually happened—factual disputes are routine. Facing them, a court’s task is not to supply the answers but only to ask whether a reasonable jury could find for the nonmoving party. This ensures that ordinary citizens decide whether official misconduct happened. Decisions like the one below do more than just decide a case: they send a message about whose interests the law serves. The rule of law demands fairness and neutrality, yet qualified immunity makes courts complicit in excusing official misconduct. This ultimately makes policing more dangerous and harms the public. Cato filed an amicus brief urging the Supreme Court to review the case, reverse the Eleventh Circuit’s decision, and remand the case so that a jury of ordinary people—not a panel of three judges—can assess what happened the night Settle died. Every weekday morning: independent analysis grounded in individual liberty, limited government, free markets, and peace.",https://www.cato.org/blog/settle-v-collier-juries-not-judges-should-decide-factual-disputes-surrounding-police-use-force
V,Sony just revived its RX10 V bridge camera with a built-in massive zoom lens - Popular Science,2026-07-10 13:28:29,"Published				

					Jul 10, 2026 9:28 AM EDT We may earn revenue from the products available on this page and participate in affiliate programs. Learn more › By signing up, you confirm you are 16+, will receive newsletters and promotional content and agree to our Terms of Use and acknowledge the data practices in our Privacy Policy. You may unsubscribe at any time. Sony released the last version of its all-in-one camera, the RX10 IV, all the way back in 2017. Released today, the new Sony RX10 V pairs the series’ signature 24-600mm equivalent ZEISS zoom with Alpha-grade AI autofocus for $2,299.99, shipping in August. There isn’t much competition left in the bridge camera category, which is made up of cameras with attached zoom lenses that mimic the experience of a DSLR or mirrorless model. It’s a lot of lens and a ton of features in a relatively compact package. The Sony RX10 V covers 24mm wide-angle to 600mm super-telephoto through a single ZEISS F2.4-4.0 zoom, backed by AI subject recognition and 30 fps blackout-free shooting. It ships in August for $2,299.99, and preorders are open at Adorama. We’re working on getting one in for a full review. The RX10 V’s ZEISS Vario-Sonnar T* lens keeps the formula the series settled on back in 2016: 24-600mm equivalent coverage at F2.4-4.0 with built-in optical stabilization. That range runs from wide landscapes to close-up shots of a heron across the pond, and it focuses down to roughly 3 cm at the wide end for macro work. Inside, a 20.1-megapixel 1-inch stacked Exmor RS sensor now feeds a BIONZ XR processor, the same engine that runs Sony’s current Alpha bodies, plus a dedicated AI processing unit for subject recognition. While the 1-inch sensor is still smaller than a full-frame, or even APS-C sensor, it’s large considering the sweeping zoom range the lens offers. Handling borrows from the Alpha side too. The button layout and grip mimic Sony’s mirrorless bodies, and the RX10 V takes the same NP-FZ100 battery as the A7 series, rated for approximately 630 shots per charge. Sony says that’s roughly 50 percent more than the RX10 IV managed. Real-time Recognition AF identifies people, animals, birds, insects, cars, trains, and airplanes, and an Auto mode figures out which one you’re pointing at so you’re not digging through menus at the exact moment a hawk shows up. It’s similarly intelligent with human subjects to help differentiate between athletes and fans in the stands. The electronic shutter fires blackout-free bursts at up to 30 fps while the camera runs up to 60 autofocus and autoexposure calculations per second, so the viewfinder never freezes while you pan with a bird leaving a branch. A Continuous Shooting Speed Boost function bumps the burst rate mid-sequence when the action peaks. This is a big upgrade area. The RX10 V records 4K at up to 120p, good for 5x slow motion after processing, and Active Mode stabilization steadies handheld footage at the long end of the zoom. S-Cinetone color works straight out of the camera, while S-Log3 and support for 16 user LUTs leave room for anyone who grades their own footage. The 0.5-inch OLED viewfinder packs approximately 3.68 million dots at 0.78x magnification, sharp enough to confirm focus on a distant subject in bright sun. A dust- and moisture-resistant body, dual-band Wi-Fi, and 4K 30p live streaming over USB-C round out the practical upgrades. The RX10 V costs $2,299.99 in the US and $2,899.99 in Canada when it arrives in August. That’s about $600 more than the RX10 IV’s roughly $1,700 launch price, though nearly a decade of camera-market inflation absorbs some of the sting. Direct competition is thin. Nikon’s Coolpix P1100 reaches an absurd 3,000mm equivalent for around $1,100, but it relies on a far smaller 1/2.3-inch sensor that struggles once the light drops. Panasonic’s FZ1000 II is the closest 1-inch rival at under $900, and it tops out at 400mm and dates back to 2019. Outside of Sony’s own lineup, nothing currently pairs a 1-inch sensor with 600mm of reach. Stan Horaczek is the executive gear editor at Popular Science. He oversees a team of gear-obsessed writers and editors dedicated to finding and featuring the newest, best, and most innovative gadgets on the market and beyond. Breakthroughs, discoveries, and DIY tips sent six days a week. By signing up, you confirm you are 16+, will receive newsletters and promotional content and agree to our Terms of Use and acknowledge the data practices in our Privacy Policy. You may unsubscribe at any time. Articles may contain affiliate links which enable us to share in the revenue of any purchases made. Registration on or use of this site constitutes acceptance of our Terms of Service.

© 2026 Ziff Davis. All rights reserved.

Do Not Sell or Share My Personal Information.",https://www.popsci.com/gear/sony-rx10-v-bridge-camera-specs-details/
V,Sony Electronics Announces RX10 V with AI Autofocus and 4K 120p Video - Sports Video Group,2026-07-10 13:02:27,"Sony Electronics has announced the RX10 V, the fifth generation of its RX10 all-in-one camera series. The camera will be available in August 2026 at a suggested retail price of $2,299.99 USD / $2,899.99 CAD. “The RX10 series camera became a cult classic because it is a joy to shoot with in real life scenarios, and its range is unparalleled in a compact camera body. With the camera’s fifth generation we are bringing valuable features from our Alpha line to make the RX10 V an unbeatable choice for any passionate wildlife, birding, or sports photographer,” says Yang Cheng, Vice President of Imaging Solutions, Sony Electronics. From a rooftop studio in Manhattan, multiple Germany-based companies share... From a rooftop studio in Manhattan, multiple Germany-based companies share... From a rooftop studio in Manhattan, multiple Germany-based companies share... From a rooftop studio in Manhattan, multiple Germany-based companies share...",https://www.sportsvideo.org/2026/07/10/sony-electronics-announces-rx10-v-with-ai-autofocus-and-4k-120p-video/
