ticker,title,date,content,url
V,Full Dodgers NLDS schedule & start times - True Blue LA,2026-10-01 23:53:41,"LOS ANGELES — The full schedule for the Division Series round was announced by Major League Baseball on Thursday, giving us the start times for potentially all five games of the Dodgers’ first postseason round. The Dodgers will play the winner of Thursday night’s Braves-Phillies wild card battle in Atlanta, with their NLDS opening up at 1 p.m. Saturday at Dodger Stadium in Los Angeles, a game televised by Fox. Game 2 on Sunday night is an FS1 game that starts at 5 p.m. Add True Blue LA as a preferred source to see more of our reporting on Google. When the series shifts to the Eastern time zone, Game 3 on Tuesday will be televised at 3 p.m. PT, with Wednesday’s Game 4 also starting at 3 p.m. PT, if necessary. Both Games 3 and 4 will be televised by FS1. If there’s a Game 5 in the Dodgers’ NLDS, it will be back at Dodger Stadium on Friday, October 9, with a 5 p.m. PT start time on Fox. Joe Davis and the No. 1 Fox Sports MLB crew will call this series. Four more MLB postseason games on Wednesday with Games 2 of all four wild card series. Dodgers in the NLDS will play the winner of the Braves-Phillies series. Games 1 and 2 of the Dodgers National League Division Series vs. the Braves or Phillies will be played at Saturday/Sunday at Dodger Stadium. Start time scenarios Dodgers await the winner of Braves vs. Phillies, but that’s just one of four wild card series that start on Tuesday with four Games 1. Dodgers are the No. 2 seed in the National League playoffs and will open NLDS in Los Angeles. They’ll play the winner of Braves-Phillies wild card series. The Dodgers take on the San Francisco Giants on Sunday afternoon at Oracle Park in San Francisco. Here’s how to watch and listen to the game. The Dodgers take on the San Francisco Giants on Saturday afternoon at Oracle Park in San Francisco. Here’s how to watch and listen to the game. Be respectful in your interactions with contributors and fellow fans. Go here to read our community guidelines. Trolling of any sort, especially going to rival sites and trolling, is expressly against the rules. If you do it, you'll most likely be permanently banned. • Go to the My Profile tab for your comment history• C key scrolls forwards through comments / shift-C scrolls backwards• Z key jumps to Next Unread / shift-A marks all comments on your screen as read More tips here. If you’d like to report a bug, email us at support@sbnation.com. If you have a moderation issue, please email moderation@sbnation.com. gotta limit the off of the braves; they showed up this year in the reg season vs. the dodgers; and also score against them which was tough the 2nd series Braves will be a tough matchup, as would any team in the playoffs.  They don't seem to have any glaring weaknesses.  But I still like our Dodgers. It's a dumb way to think about it but it's my way: we're playing a five game series and can't lose three times. Once or twice is just fine. Gambling Problem? Call 1-800-GAMBLER (1-800-426-2537). Hope is here. GamblingHelpLineMA.org or call (800) 327-5050 for 24/7 support (MA). Visit www.mdgamblinghelp.org (MD). Call 877-8HOPE-NY or text HOPENY (467369) (NY). 21+ (18+ D.C.) and present in select states (for KS, in affiliation with Kansas Star Casino). Call 1-888-789-7777 or visit ccpg.org/chat (CT) or visit FanDuel.com/RG. SB Nation is a part of PMX Global, LLC, a subsidiary of Penske Media Corporation. This website is now part of PMX Global, LLC, a subsidiary of Penske Media Corporation. By continuing to use our services, you agree to the PMC Terms of Use, including waiver and arbitration. PMC, its service providers, and third-party partners process information about you and how you use our services, including clicks and screen recordings, using first and third-party cookies, pixels, and similar technologies. Where applicable, you can opt out of certain uses of cookies via the Your Privacy Choices link in our footer. Learn more about our data practices in our Privacy Policy. These cookies are necessary for the website to function and cannot be switched off in our systems. They are usually only set in response to actions made by you which amount to a request for services, such as setting your privacy preferences, logging in or filling in forms. You can set your browser to block or alert you about these cookies, but some parts of the site will not then work. These cookies do not store any personally identifiable information. These cookies enable the website to provide enhanced functionality and personalisation. They may be set by us or by third party providers whose services we have added to our pages. If you do not allow these cookies then some or all of these services may not function properly. As a valued user, we are providing you the ability to opt-out from the sharing of your personal information to advertisers and social media companies at any time across business platform, services, businesses and devices. You can opt-out of the sharing of your personal information by using this toggle switch. For more information on your rights and options see our privacy notice. These cookies allow us to count visits and traffic sources so we can measure and improve the performance of our site. They help us to know which pages are the most and least popular and see how visitors move around the site. All information these cookies collect is aggregated and therefore anonymous. If you do not allow these cookies we will not know when you have visited our site, and will not be able to monitor its performance. Content embedded on our sites (e.g. social media posts, video clips, polls and games) originates from third party sources such as social media platforms, video sharing sites, or other third party websites. When this content loads on pages you visit, any cookies or similar tracking technologies set by the third party source in connection with that content may also load. Vox Media doesn't set these cookies and doesn't control them. These cookies may be capable of tracking your browser across sites and/or building a profile of your interests. Not allowing these cookies will impact what content you can see and engage with on our sites. These cookies may be set through our site by our advertising partners. They may be used by those companies to build a profile of your interests and show you relevant adverts on other sites. They do not store directly personal information, but are based on uniquely identifying your browser and internet device. If you do not allow these cookies, you will experience less targeted advertising.",https://www.truebluela.com/los-angeles-dodgers-schedule/125816/dodgers-nlds-schedule-start-times
V,Watch UEFA WCL Highlights: Austria Wien v Inter - Disney Plus,2026-10-01 23:38:19,"Disney, Pixar, Marvel, Star Wars, & Nat Geo with Disney+. Hulu Originals, FX, & more with Hulu. Disney+ and Hulu. Plus, all of HBO, the DC Universe, Warner Bros. and A24 on HBO Max. Disney+ and Hulu. Plus, NFL, College Football, and College GameDay. Access all ESPN networks with ESPN Unlimited. *Savings compared to the regular monthly price of each service.**Cost for 6 months: $71.94, then renews to monthly plan at $12.99/month. Cancel anytime. If cancelled during the initial 6 month term, effective at the end of your 6 month term; if cancelled after initial term, effective at the end of your monthly billing period. ^18+. U.S. only. Offer for Disney+, Hulu, ESPN Unlimited bundle. ESPN Unlimited includes all ESPN networks and services, including ESPN+. © 2026 Disney and its related entities. Additional terms apply. Ends 9AM PT 10/26/26. Auto-renews at $99.99/mo. Eligibility restrictions and terms apply. Use the drop-down menu to compare plans.* Switch or cancel** anytime. NEW: ESPN College GameDay and select live ESPN College Football games on Disney+ Access to all ESPN networks, ESPN+, and now NFL Network in the ESPN and Disney+ apps *Terms Apply for Bundle and Disney+, Hulu, HBO Max Bundle.**Effective at the end of billing period.^Savings for 6 months, as compared to the monthly price of each service. Cost for Disney+, Hulu Bundle for 6 months: $71.94, then renews to monthly plan at $12.99/month. Cost for Disney+, Hulu Bundle Premium for 6 months: $119.94, then renews to monthly plan at $21.99/month. Cancel anytime. If cancelled during the initial 6 month term, effective at the end of your 6 month term; if cancelled after initial term, effective at the end of your monthly billing period.†Select Hulu content available via Disney+; additional content only available via Hulu app.‡HBO content available on Hulu; additional content only available via HBO Max app.††Download restrictions vary across bundled services. For more information, visit the Disney+ Help Center.****Ads will be served in select live and linear content. Ads will be served in select live and linear content Ads will be served in select live and linear content NEW: ESPN College GameDay and select live ESPN College Football games on Disney+ Access to all ESPN networks, ESPN+, and now NFL Network in the ESPN and Disney+ apps Access to all of ESPN's networks and services, including ESPN+ and now NFL Network *Terms Apply for Bundle and Disney+, Hulu, HBO Max Bundle.**Effective at the end of billing period.^Savings compared to the regular monthly price of each service.†Select Hulu content available via Disney+; additional content only available via Hulu app.‡HBO content available on Hulu; additional content only available via HBO Max app.††Download restrictions vary across bundled services. For more information, visit the Disney+ Help Center.^^ESPN Unlimited plan add-on includes all ESPN networks and services. Additional terms apply.****Ads will be served in select live and linear content. Access to all ESPN networks, ESPN+, and now NFL Network in the ESPN and Disney+ apps NFL+ Premium and the Disney+, Hulu, ESPN Unlimited Bundle NFL+ Premium and the Disney+, Hulu, ESPN Unlimited Bundle Premium Access NFL RedZone, NFL live local and primetime games on mobile, game replays, and more *Terms Apply for Bundle and Disney+, Hulu, HBO Max Bundle.**Effective at the end of billing period.^Savings compared to the regular monthly price of each service.†Select Hulu content available via Disney+; additional content only available via Hulu app.‡HBO content available on Hulu; additional content only available via HBO Max app.††Download restrictions vary across bundled services. For more information, visit the Disney+ Help Center.^^NFL+ Premium: Valid for eligible subscribers only; requires an eligible plan with ESPN Unlimited. Access content from each service separately; live local & primetime NFL+ Premium games available on phones & tablets only. Not available in U.S. territories. Additional Terms Apply.****Ads will be served in select live and linear content. ESPN includes ads. Live TV on Hulu with 100+ top channels. No cable required *Terms Apply for Bundle and Disney+, Hulu, HBO Max Bundle.**Effective at the end of billing period.^Offer for Hulu (With Ads) + Live TV plan only: $49.99/month for 1 month, then auto-renews at $99.99/month or then-current regular monthly price. Ends 9:00 AM PT on 10/26/26. Terms & conditions subject to change. [Savings compared to current regular monthly price.]  Cancel anytime, effective at the end of your billing period. No refunds or credits for partial months. New and eligible returning subscribers only, 18+ only; select third party billed subscribers and current Hulu, Disney+ and/or ESPN subscribers are not eligible. Includes access to Disney+ content and additional ESPN content in their separate apps. Regional restrictions, blackouts and additional terms apply. © 2026 Disney and its related entities. Additional terms apply. ‡Live TV plans also includes access to additional ESPN Unlimited content in the ESPN app.††Download restrictions vary across bundled services. For more information, visit the Disney+ Help Center.****Ads will be served in select live and linear content. Here's How it Works:Step 1: Create Disney+ account with email, password, and date of birthStep 2: Verify student status with Sheer ID by providing your full school name and school or personal email addressStep 3: Complete purchase of your discounted bundle and get ready to stream! *Savings compared to the then-current regular monthly price of bundle plan. Student discount offer for ad-supported Disney+, Hulu Bundle plan only: $6.49/month so long as student enrollment status remains verified, then $12.99/month or then-current, regular monthly price. U.S. residents, 18+ only. Offer valid for students enrolled at a U.S. university or post-secondary degree or certificate-granting, accredited institution of education, who meet verification qualifications; ESPN subscribers and HBO Max-billed bundle subscribers are not eligible to redeem offer. Subscribers on 6-month price-lock plans may redeem and their student bundle will go into effect at the end of their current 6-month plan. Verification performed through SheerID. Cancel anytime, effective at the end of your billing period. No refunds or credits for partial months.  Available only for direct-billed purchases via Disney+ and Hulu. Additional terms apply. Select live ESPN College Football games and ESPN College GameDay are available on Disney+ every Saturday during football season - plus even more sports at no extra cost for Disney+ subscribers. Terms apply. ©2026 Disney and its related entities. Select live ESPN College Football games and ESPN College GameDay are available on Disney+ every Saturday during football season - plus even more sports at no extra cost for Disney+ subscribers. Terms apply. ©2026 Disney and its related entities. Access all of ESPN’s networks, ESPN+, and now NFL Network, plus must-see movies and shows on Disney+ and Hulu. Watch NFL, college football, NBA, WWE, NASCAR, SportsCenter, and more with ESPN Unlimited. Terms apply. ©2026 Disney and its related entities. Access all of ESPN’s networks, ESPN+, and now NFL Network, plus must-see movies and shows on Disney+ and Hulu. Watch NFL, college football, NBA, WWE, NASCAR, SportsCenter, and more with ESPN Unlimited. Terms apply. ©2026 Disney and its related entities. Stream all of HBO, the DC Universe, and new releases from Warner Bros. andA24, plus more acclaimed series, hit movies, fresh originals, and family favorites. Terms apply. ©2026 Disney and its related entities. HBO Max ©2026 Home Box Office, Inc. Stream all of HBO, the DC Universe, and new releases from Warner Bros. andA24, plus more acclaimed series, hit movies, fresh originals, and family favorites. Terms apply. ©2026 Disney and its related entities. HBO Max ©2026 Home Box Office, Inc. Get excited! Disney+ Perks has landed. Enjoy special discounts, everyday savings, early access to select offerings, chances to win exclusive prizes, and more - just for being a subscriber. Disney+ Perks requires an active Disney+ subscription and enrollment in the program; terms apply. See each promotion for applicable terms. Eligible bundle subscribers can stream Hulu and ESPN favorites right in the Disney+ app.* NEW: Stream NFL Network, now included with ESPN Unlimited. *Select Hulu content available via Disney+; additional content only available via Hulu app. ESPN Unlimited is a direct-to-consumer streaming service that allows you to stream all ESPN networks, including ESPN, ESPN2, ESPNU, SEC Network, ACC Network, ESPNEWS, ESPN Deportes - in addition to ESPN on ABC, ESPN+, SEC Network+, ACC Network Extra, and now NFL Network. With ESPN Unlimited you can watch sports like NFL, NBA, NHL, MLB, tennis and golf majors, WWE, WWE NXT, NASCAR, SEC, ACC and Big 12 football and basketball. Subscribers also get postseason coverage from the NFL, NBA, WNBA, NHL, College Football Playoff, and more, as well as studio shows like SportsCenter, First Take and College GameDay. ESPN Select plan subscribers have access to ESPN+, with top-tier soccer, PGA TOUR, NHL, college sports, and a selection of other ESPN programming. There are two available bundle plans – ESPN Select and ESPN Unlimited. Disney+ offers both within the following bundle plans: Disney+, Hulu, ESPN Unlimited Bundle for the price of $35.99/month, which includes Disney+ (With Ads), Hulu (With Ads), and ESPN Unlimited (With Ads). Disney+, Hulu, ESPN Unlimited Bundle Premium for the price of $44.99/month, which includes Disney+ (No Ads*), Hulu (No Ads*), and ESPN Unlimited (With Ads). Disney+, Hulu, ESPN Select Bundle for the price of $21.99/month, which includes Disney+ (With Ads), Hulu (With Ads), and ESPN Select (With Ads). Disney+, Hulu, ESPN Select Bundle Premium for the price of $32.99/month, which includes Disney+ (No Ads*), Hulu (No Ads*), and ESPN Select (With Ads). *Ads will be served in select live and linear content for all Disney+ plans. Titles without ratings like live sports, news, and more, and the advertisements included therein, may feature mature themes, products, and services. Disney+ is a streaming service where you can watch movies, series, and originals from Disney, Pixar, Marvel, Star Wars, National Geographic, and more.Access unlimited entertainment with Disney+ or Disney+ Premium in the United States: Disney+: Disney+ (With Ads) for the price of $12.49/month Disney+ Premium: Disney+ (No Ads*) for the price of $21.49/month or $214.99/year Save over 16%** on Disney+ Premium (No Ads) with an annual plan for $214.99/year *Ads will be served in select live and linear content.  **Savings compared to 12 months of the monthly price of Disney+ Premium (No Ads). Disney+ is the streaming home for entertainment from Disney, Pixar, Marvel, Star Wars, National Geographic, Hulu, ESPN Select and more. With Disney+, you can choose from an always-growing collection of stories. A limited selection of hit Hulu series and movies in the Hulu hub on Disney+. Select live sports, studio shows, and more from ESPN Select in the all-new ESPN hub in Disney+ Exciting specials and limited-time streaming events Nostalgic throwbacks and past seasons of your favorite shows The entire Skywalker Saga and much of the Marvel Cinematic Universe The Disney+ app is available on mobile devices, web browsers, game consoles, set-top boxes, and smart TVs. Click to view a complete list of supported devices. Bundle plans include subscriptions to either Disney+ and Hulu, or Disney+, Hulu, and ESPN Unlimited, at discounted prices, as compared to the retail price of each subscription when purchased separately. Available to customers in the United States. Disney+, Hulu Bundle for $12.99/mo or $11.99/mo for the first 6 months**, which includes Disney+ (With Ads) and Hulu (With Ads) Disney+, Hulu Bundle Premium for $21.99/mo or $19.99/mo for the first 6 months**, which includes Disney+ (No Ads*) and Hulu (No Ads*) Disney+, Hulu, ESPN Unlimited Bundle for $35.99/month which includes Disney+ (With Ads), Hulu (With Ads), and ESPN (With Ads) Disney+, Hulu, ESPN Unlimited Bundle Premium for $44.99/month, which includes Disney+ (No Ads*), Hulu (No Ads*), and ESPN (With Ads) **Cost for Disney+, Hulu Bundle for 6 months: $71.94, then renews to monthly plan at $12.99/month. Cost for Disney+, Hulu Bundle Premium for 6 months: $119.94, then renews to monthly plan at $21.99/month. Cancel anytime. If cancelled during the initial 6 month term, effective at the end of your 6 month term; if cancelled after initial term, effective at the end of your monthly billing period. Additionally, you may also like the following plan offerings: Hulu + Live TV, Disney+ and ESPN Select for $99.99/month Hulu Premium + Live TV, Disney+ Premium and ESPN Select for $109.99/month The Hulu + Live TV plans include 95+ live TV channels and additional on-demand content from your favorite sports, entertainment, and news channels you can watch at home or on-the-go. You will also get access to the content from Disney+, Hulu and ESPN Select streaming libraries. Access content from each service separately. Learn more and sign up here. Disney+, Hulu, HBO Max Bundle plans include subscriptions to Disney+, Hulu, and HBO Max, at discounted prices, as compared to the monthly retail price of each subscription when purchased separately. Currently, there is no annual subscription for the Disney+, Hulu, HBO Max Bundle. Choose between the following Disney+, Hulu, HBO Max Bundle Plans: Disney+, Hulu, HBO Max Bundle (With Ads) for $21.99/month, savings of more than $13 per month. This plan includes Disney+, Hulu, and HBO Max all with ads. Disney+, Hulu, HBO Max Bundle (No Ads) for $34.99/month, savings of $26 per month. This plan includes Disney+, Hulu, and HBO Max all without ads. Ads will be served in select live and linear content. With Disney+, you get new releases, classics, series, and Originals from Disney, Pixar, Marvel, Star Wars, and National Geographic. With Hulu, you can enjoy current hits, comfort classics, award-winning Originals, and movies like FX’s The Bear and The Kardashians. With HBO Max, you get access to HBO Originals, Warner Bros. films, the DC universe, and more like Selena + Chef and House of the Dragon.*Ads will be served in select live and linear content If you’re a Disney+ subscriber in the United States, you can stream a limited selection of Hulu titles on Disney+. Access the Hulu hub on the Disney+ homepage to preview the Hulu on Disney+ experience. If you’re a bundle subscriber or you subscribe to both Disney+ and Hulu (as standalone services with the same email address), you can stream a more extensive collection of Hulu titles on Disney+. You can use the Hulu hub on the Disney+ homepage to jump right into streaming some of your favorite Hulu Originals, series, and more. Click to view a list of supported devices. Eligible Disney+ and Hulu subscribers can watch a wide variety of Hulu’s streaming library on Disney+. Certain Hulu titles are available only via the Hulu app. In addition, the Hulu app will continue to be the streaming destination for Hulu’s entire streaming library, all Hulu premium add-on content as well as any content associated with a Live TV subscription. Subscribers with any linked ESPN plan can now stream live content from ESPN on Disney+. Once accounts are linked, to access ESPN content on Disney+, follow these steps: Choose the ESPN icon on the Disney+ homepage to enter the ESPN hub You can also find select ESPN content by using the Search feature or by browsing the different rows on the Disney+ homepage. Once you’re in the ESPN hub, you can filter through Sports, Teams, Leagues, and Tournament pages. You can also search for any of those categories. Note — the sports content available to you to depends on your plan. Not sure if your accounts are linked? You can learn about how you can authenticate with your pay-tv provider here. Playlists are a new way to discover and watch content on Disney+. Each Playlist is a curated collection of movies and episodes grouped around a theme, franchise, character, genre, or mood, making it easy to jump right into something you'll enjoy. Simply select a Playlist and let the content play continuously, with the flexibility to pause, skip and rewind. Playlists can be found on the Disney+ Home. In the U.S., Playlists are replacing Streams, while ABC News will remain available as a livestream experience. U.S. residents, 18+ only. Location data required to watch certain content. Select Hulu content available via Disney+ with valid Hulu and Disney+ subscriptions; additional content only available via Hulu app. Hulu content can be streamed via Disney+ on up to 2 devices simultaneously. Additional app feature and device restrictions apply. For more information visit the Disney+ Help Center. Offer valid for eligible subscribers only. Subject to Disney+ and ESPN Subscriber Agreement. For detailed information on billing and cancellation, please visit the Disney+ Help Center. Location data required to watch certain content. Hulu content can be streamed via Disney+ on up to 2 devices simultaneously. Additional app feature and device restrictions apply. For more information visit the Disney+ Help Center. Subject to Disney+, ESPN, and Hulu Subscriber Agreement. For detailed information on billing and cancellation, please visit the Disney+ Help Center. Disney Bundle Terms: U.S. residents, 18+ only. Location data required to watch certain content. Select Hulu content available via Disney+ with valid Hulu and Disney+ subscriptions; additional content only available via Hulu app. Hulu content can be streamed via Disney+ on up to 2 devices simultaneously. Additional app feature and device restrictions apply. For more information visit the Disney+ Help Center. Offer valid for eligible subscribers only. Subject to Disney+ and ESPN Subscriber Agreement. For detailed information on billing and cancellation, please visit the Disney+ Help Center. Disney+, Hulu, HBO Max Bundle Terms: U.S. only. Must be 18+. Available only for direct-billed purchases via Disney+, Hulu, and HBO Max. Access content from each service separately. Content, feature, and device compatibility varies by service. For details, including info on billing and cancelation, visit the Disney+ Help Center. Use of Disney+, Hulu, and HBO Max are subject to their respective terms and conditions, see each of Disney+ Subscriber Agreement, Hulu Subscriber Agreement, and HBO Max Terms of Use. U.S. only. Must be 18+. Available only for direct-billed purchases via Disney+, Hulu, and HBO Max. Access content from each service separately. Content, feature, and device compatibility varies by service. For details, including info on billing and cancelation, visit the Disney+ Help Center. Use of Disney+, Hulu, and HBO Max are subject to their respective terms and conditions, see each of Disney+ Subscriber Agreement, Hulu Subscriber Agreement, and HBO Max Terms of Use. U.S. residents, 18+ only. Location data required to watch certain content. Select Hulu content available via Disney+ with valid Hulu and Disney+ subscriptions; additional content only available via Hulu app. Hulu content can be streamed via Disney+ on up to 2 devices simultaneously. Additional app feature and device restrictions apply. For more information visit the Disney+ Help Center. Offer valid for eligible subscribers only. Subject to Disney+ and ESPN Subscriber Agreement. For detailed information on billing and cancellation, please visit the Disney+ Help Center. U.S. residents, 18+ only. Offer valid for eligible subscribers only. Select Hulu content available via Disney+ with valid Hulu and Disney+ subscriptions; additional content only available via Hulu app. © 2026 Disney and its related entities. Location data required to watch certain content. Hulu content can be streamed via Disney+ on up to 2 devices simultaneously. Additional app feature and device restrictions apply. For more information visit the Disney+ Help Center. Subject to Disney+ and ESPN Subscriber Agreement.For detailed information on billing and cancellation, please visit the Disney+ Help Center. ESPN Select includes ESPN+ only; ESPN Unlimited includes all ESPN networks and services, including ESPN+. Content subject to change. For personal and non-commercial use only. Blackouts and other terms & restrictions apply. Additional features and functionalities available only in the ESPN App and on ESPN.com, and do not require purchasing through ESPN. Use of the services is subject to the Disney+, ESPN, and Hulu Subscriber Agreement. For more information, including detailed information on billing and cancelation, please visit the Disney+ Help Center. Available for U.S. residents, 18+ only. Location data required to watch certain content. Select Hulu content available via Disney+; additional content only available via Hulu app; additional terms, app feature and device restrictions apply. Offer valid for eligible subscribers only.ESPN Select includes ESPN+ only; ESPN Unlimited includes all ESPN networks and services, including ESPN+. Content subject to change. For personal and non-commercial use only. Blackouts and other terms & restrictions apply. Additional features and functionalities available only in the ESPN App and on ESPN.com, and do not require purchasing through ESPN.Subject to Disney+, ESPN, and Hulu Subscriber Agreement. For more information visit the Disney+ Help Center. U.S. residents, 18+ only. Offer valid for eligible subscribers only; requires a plan with ESPN Unlimited. Access content from each service separately. Feature and device compatibility varies by service. Each service is subject to its respective terms. For more information, including info on billing and cancelation, visit ESPN Fan Support. U.S. residents, 18+ only. Offer valid for eligible subscribers only; requires an eligible plan with ESPN Unlimited. Access content from each service separately; live local & primetime NFL+ Premium games available on phones & tablets only. Feature and device compatibility varies by service. Each service is subject to its respective terms. For more information, including info on billing and cancelation, visit ESPN Fan Support. For questions about NFL+ Premium, visit Plus.NFL.com. By signing up for a Disney+, Hulu, HBO Max Bundle, you direct Disney+ and Hulu to share your email address and subscription details with HBO Max for eligibility, marketing, and other purposes. For more information regarding your choices, Click Here. By signing up for a Disney+, Hulu, HBO Max Bundle, you direct Disney+ and Hulu to share your email address and subscription details with HBO Max for eligibility, marketing, and other purposes. For more information regarding your choices, Click Here. Location data required to watch certain content. Select Hulu content available via Disney+; additional content only available via Hulu app; additional terms, app feature and device restrictions apply. Offer valid for eligible subscribers only. Content subject to change. For personal and non-commercial use only. Blackouts and other terms & restrictions apply. Additional features and functionalities available only in the ESPN App and on ESPN.com, and do not require purchasing through ESPN. Subject to Disney+, ESPN, and Hulu Subscriber Agreement. For more information visit the Disney+ Help Center. U.S. residents, 18+ only. A limited sampling of content from ESPN is now available to all Disney+ subscribers. Upgrade to a plan that includes ESPN to access the full ESPN on Disney+ experience; terms apply. Enrollment information (e.g. first name, last name, college/university name, date of birth) must be shared with SheerID for verification purposes. Automatic re-verification performed annually. Disney reserves the right to determine eligibility in its sole discretion. Not combinable with any other promotional offers or pricing. Any plan switch after redemption of this offer may result in forfeiture of discount pricing.Location data may be required to watch certain content. Select Hulu content available via Disney+ with valid Disney+ and Hulu subscriptions; additional content only available via Hulu app. Hulu content can be streamed via Disney+ on up to 2 devices simultaneously. Additional app feature and device restrictions apply. For more information, including detailed information on billing and cancelation, please visit the Disney+ Help Center. ©2026 Disney and its related entities. Get the Disney+, Hulu, HBO Max Bundle - plans start at $21.99/month. Terms apply. ©2026 Disney and its related entities. HBO Max ©2026 Home Box Office, Inc. Not combinable with any free trial of the Hulu (With Ads) + Live TV plan or any other promotional offers or pricing; not redeemable via gift card. Any plan switch after redemption of this offer will result in forfeiture of the Hulu + Live TV discount pricing. Location data required to watch certain content.",https://www.disneyplus.com/
V,Alabama Power v. Fenn Church headed to Supreme Court - WBMA,2026-10-01 23:24:30,"What legal argument is Alabama Power using to appeal the injunction? What is the total cost and length of Alabama Power's transmission line project? Why was a preliminary injunction granted against Alabama Power's property access? SHELBY COUNTY, Ala. (WBMA) — The legal battle between Alabama Power and Fenn Church over a Shelby County property is headed to the Alabama Supreme Court. Alabama Power is appealing a circuit court order that prevents the company from entering Church's property while the condemnation case is being appealed. In its latest court filing, Alabama Power argues the circuit court erred by blocking access to property the company says it has a legal right to enter under Alabama's condemnation laws. The company also argues the Church defendants have an adequate remedy through monetary compensation and that Alabama Power has already paid the condemnation award into court and posted a bond. The dispute involves a 74-mile, $248 million transmission line Alabama Power says is needed to relieve overloading on its existing electric grid. The company says the section crossing Church's property represents about 0.55 miles of the project. A preliminary injunction was granted after a two-day hearing. The court considered concerns involving Church's home, privacy and safety, as well as Buxahatchee Creek and old-growth trees. Alabama Power has said it needs access to the property to keep the project on schedule for a May 2027 completion.",https://abc3340.com/news/local/alabama-power-v-fenn-church-headed-to-supreme-court-2026-update-shelby-county
V,Petersburg High School cross country girls win Region V Championship in Juneau - KFSK,2026-10-01 23:15:00,"Every girl and one boy on Petersburg’s high school cross country team are heading to the state championship in Anchorage this weekend. That’s after strong performances at the Region V Championship in Juneau last weekend. Head Coach Kayleigh Lenhard said the team did well across the board. “I think every single one of our runners had either a personal best or probably a season best for their cross country runs this season, which is pretty hard to do on the Juneau course,” she said. “So I think everyone was pretty happy with their performances.” The Petersburg girls team took first place in Division III, and every Petersburg girl placed in the top 12. Junior Arielle Tucker placed second with a time of 20:53.2, junior Cadence Flint placed third with a time of 21:44.4, and freshman Arya Holmgrain took sixth with a time of 22:30.3. The boys ranked fourth overall. Sophomore Andi Mihai placed third with a time of 18:11.8, earning him a state spot. “Everyone was really excited, really proud, and Andi was probably the most surprised because he was ranked sixth, and so he wasn’t expecting to get third place,” Lenhard said. “But he just had a really good day out there, and so I was really happy for him.” Now the team has turned their eyes to the state championship on Saturday, October 3. Lenhard said they’ve been focusing on combating nerves. “The girls really want to win, and we are right now kind of ranked to win, but like I said before, you never really know what can happen,” she said. “So we’re gonna keep on working hard this week and go in and give it our all, just like they always do.” Lenhard said the team is working to maintain existing routines, eat well, and get good rest ahead of state. Homegrown Conversations for Curious Minds - a KFSK and Public Library Podcast, Tuesdays 6:30pm View Rainfall, Wind and Weather Conditions Along Mitkof Highway Hillside near 5.6 mile Information to register mobile devices for National Alert Notices Frederick Soundings is an educational radio series produced in collaboration between the Petersburg Marine Mammal Center and KFSK Community Radio",https://www.kfsk.org/2026/10/01/petersburg-high-school-cross-country-girls-win-region-v-championship-in-juneau/
V,KBTX Sports Now: Phil Bennett previews A&M v Arkansas - KBTX News 3,2026-10-01 22:25:00,"When you visit our website, we store cookies on your browser to collect information. The information collected might relate to you, your preferences or your device, and is mostly used to make the site work as you expect it to and to provide a more personalized web experience. However, you can choose not to allow certain types of cookies, which may impact your experience of the site and the services we are able to offer. Click on the different category headings to find out more and change our default settings according to your preference. You cannot opt-out of our First Party Strictly Necessary Cookies as they are deployed in order to ensure the proper functioning of our website (such as prompting the cookie banner and remembering your settings, to log into your account, to redirect you when you log out, etc.). For more information about the First and Third Party Cookies used please follow this link.
            More information These cookies are necessary for the website to function and cannot be switched off in our systems. They are usually only set in response to actions made by you which amount to a request for services, such as setting your privacy preferences, logging in or filling in forms. You can set your browser to block or alert you about these cookies, but some parts of the site will not then work. These cookies do not store any personally identifiable information. You have the right to opt-out from the sale or sharing of your personal information at any time across business platform, services, businesses and devices. You can opt-out of the sale and sharing of your personal information by using this toggle switch. You have the right to opt-out from the sale of your personal data and the processing of your personal data for targeted advertising. You can opt-out of the sale of your personal data and targeted advertising by using this toggle switch. For more information on your rights, see our privacy notice. These cookies may be set through our site by our advertising partners. They may be used by those companies to build a profile of your interests and show you relevant adverts on other sites. They do not store directly personal information, but are based on uniquely identifying your browser and internet device. If you do not allow these cookies, you will experience less targeted advertising.",https://www.kbtx.com/video/2026/10/01/kbtx-sports-now-phil-bennett-previews-am-v-arkansas/
V,What to know about the Man City scandal and charges against the Premier League soccer team - PBS,2026-10-01 22:06:16,"There are no stations available for your selected ZIP Code. WETA helps your community explore new
                                    worlds and ideas through programs that educate, inform and inspire. Your
                                    tax-deductible donation helps make it all possible. Steve Douglas, Associated Press


                    Steve Douglas, Associated Press It's a years-long controversy that has gripped English soccer and beyond: Did Manchester City's ownership engage in large-scale rule-breaking in an effort to transform the team into a global superpower and serial title winner? In a stunning verdict announced Tuesday, the Premier League published a statement confirming City was guilty of almost all of the 115 charges leveled against the Abu Dhabi-controlled club for alleged breaches of financial rules in the world's most popular league for much of the last two decades. READ MORE: Manchester City captures Premier League title ""This disciplinary case, and this decision, are the most significant in Premier League history,"" said Richard Masters, the league's chief executive. There are likely to be seismic ramifications when sanctions are eventually handed out to City, with a whole range of punishments on the table — including expulsion from the Premier League. And what will happen to City's squad of superstars that includes Norway striker Erling Haaland and Argentina midfielder Enzo Fernandez, signed this month for $169 million? Here's a closer look at the case that everyone in soccer is talking about: In February 2023, the Premier League went to battle against its own champion team in unprecedented fashion, releasing a long statement detailing a list of 80 alleged breaches of its financial rules by City from 2009-18, the first nine seasons under Abu Dhabi ownership as the club tried to escape the shadow of great rival Manchester United. The violations included failing to provide accurate financial information and submitting inflated figures for sponsorship deals out of Abu Dhabi; hiding payments that supplemented salaries of managers and players; and breaching financial rules established by the Premier League and UEFA, European soccer's governing body, aiming to keep clubs financially stable by not spending beyond their means. The league also accused City of 35 more breaches relating to its alleged failure to cooperate with the investigation from December 2018. The charges stemmed from purported internal emails from City published by German outlet Der Spiegel which, it claimed, detailed schemes by the club to allegedly cover up true sources of income in a bid to comply with financial fair play regulations. The information published by Der Spiegel was unearthed by the ""Football Leaks"" website, whose founder is Rui Pinto — a Portuguese computer hacker. The announcement the soccer world was waiting for came Tuesday — and it was explosive. City was guilty of all the financial breaches in the 2009-18 period and the majority of the charges of non-cooperation, the league said. Standing out in the findings was the revelation that City arranged what the league described as ""sham"" contracts with commercial partners as part of a scheme to disguise secret funding of more than 830 million pounds ($1.1 billion) by the Abu Dhabi ownership. The commission also said that some witnesses called by City to the hearing gave evidence ""they knew to be untrue and so had been dishonest."" ""By its conduct the club clearly intended to circumvent"" Premier League rules, the commission added. The club did not dispute the authenticity of any initial published emails but said they were ""out-of-context materials purportedly hacked or stolen from City Football Group"" and that it was an ""organized and clear"" attempt to damage City's reputation. When the Premier League announced its charges in 2023, City said it was ""surprised"" by the allegations and that it welcomed an investigation by an independent commission ""to impartially consider the comprehensive body of irrefutable evidence that exists in support of its position."" City chief executive Ferran Soriano again referenced that ""irrefutable evidence"" in an internal video to club staff — obtained by broadcaster Sky News — that detailed why he felt the verdict was wrong. Soriano said the Premier League's case against City was ""based on a single false accusation: that the owner's personal money was somehow and secretly put into the club via some sponsors from Abu Dhabi. This is just not true."" In a separate statement issued by the club, City called the commission's findings an ""opinion"" that ""contains clear material errors, of law, principle and fact, and is unsafe."" City would be appealing against the verdict and will be ""relentless"" in attempting to clear its name,"" the statement said. The Premier League said sanctions will be decided in a separate, confidential hearing held by the same independent commission at an unspecified date. It also depends on the completion of the appeal that City needs to lodge by Friday. According to Rule W64 of the Premier League handbook, there is a range of sanctions available to the commission, from a fine, to a points deduction to expulsion from the league. For context, Everton was given a record 10-point deduction in 2023 — later reduced to six — for overspending in one financial period (three years up to the end of the 2021-22 season). City's charges are much, much wider — and unlike Everton, include a refusal to cooperate. An appeal by City will lead to a three-person Appeal Panel being set up. Sky Sports has reported that City could go to the High Court in London if it feels the process in the case was unfair and/or impartial. UEFA previously accused City of overstating sponsorship revenue to comply with Financial Fair Play regulations, based on the same documents published by Der Spiegel. In 2020, UEFA ruled the club had committed ""serious breaches"" of those regulations from 2012-16 in handing out a two-year ban from its competitions. That ban was overturned by the Court of Arbitration for Sport, which said some of UEFA's allegations were not proven and others were ""time-barred."" CAS, instead, imposed a 10 million euro ($11.3 million) fine on City for failing to cooperate with independent investigators. There are already reports that rival clubs have been preparing compensation claims on the basis that they have been impacted by City's rule-breaking. A precedent was set just this year, with Everton ordered to pay more than 35 million pounds ($47 million) in compensation to Burnley, which successfully argued to a disciplinary commission that it would have survived relegation at Everton's expense in the 2021-22 campaign had its rival been given its six-point penalty for the financial breaches that season. It's unclear if City could be stripped of its Premier League titles, though a line in the competition's handbook — that the commission can ""make such other order as it thinks fit"" — leaves such an option on the table, in theory. Relegation from the Premier League would surely lead to the breakup of its squad of superstars. Away from the field, a finding of systematic rule-breaking is a major blow to the reputation of Abu Dhabi, whose purchase of a top soccer club in England has been described by some commentators as a soft-power strategy at a time when other Gulf states have invested heavily in the sport. ""I said to them, if you lie to me, the day after I'm not here,"" then-City manager Pep Guardiola — the coaching mastermind behind most of City's title wins — said in 2023. ""I will be out and you will not be my friend anymore."" Support trusted journalism and civil dialogue. Left:
                General view of fans outside Etihad Stadium in Manchester, Britain, May 9, 2026. File photo by Jason Cairnduff/Action Images via Reuters Steve Douglas, Associated Press


                    Steve Douglas, Associated Press Subscribe to Here’s the Deal, our politics
                 newsletter for analysis you won’t find anywhere else. Watch Oct 01 New details intensify scrutiny of Cornell's handling of gang rape allegations Watch Oct 01 What we know about Tennessee's botched execution of Christa Pike Read Oct 01 Christa Gail Pike wasn't Tennessee's first failed execution this year. Here's what to know Read Oct 01 A fact-checked guide to Trump's talking points and falsehoods at midterm rallies Watch Oct 01 Karl Rove and David Axelrod give their midterm predictions By Nicolas Garriga, John Leicester, Associated Press © 1996 - 2026 NewsHour Productions LLC. All Rights Reserved.",https://www.pbs.org/newshour/world/what-to-know-about-the-man-city-scandal-and-charges-against-the-premier-league-soccer-team
V,KWQC previews Iowa v. Ohio State matchup with former Hawkeye Julian Vandervelde - KWQC,2026-10-01 21:50:00,"When you visit our website, we store cookies on your browser to collect information. The information collected might relate to you, your preferences or your device, and is mostly used to make the site work as you expect it to and to provide a more personalized web experience. However, you can choose not to allow certain types of cookies, which may impact your experience of the site and the services we are able to offer. Click on the different category headings to find out more and change our default settings according to your preference. You cannot opt-out of our First Party Strictly Necessary Cookies as they are deployed in order to ensure the proper functioning of our website (such as prompting the cookie banner and remembering your settings, to log into your account, to redirect you when you log out, etc.). For more information about the First and Third Party Cookies used please follow this link.
            More information These cookies are necessary for the website to function and cannot be switched off in our systems. They are usually only set in response to actions made by you which amount to a request for services, such as setting your privacy preferences, logging in or filling in forms. You can set your browser to block or alert you about these cookies, but some parts of the site will not then work. These cookies do not store any personally identifiable information. You have the right to opt-out from the sale or sharing of your personal information at any time across business platform, services, businesses and devices. You can opt-out of the sale and sharing of your personal information by using this toggle switch. You have the right to opt-out from the sale of your personal data and the processing of your personal data for targeted advertising. You can opt-out of the sale of your personal data and targeted advertising by using this toggle switch. For more information on your rights, see our privacy notice. These cookies may be set through our site by our advertising partners. They may be used by those companies to build a profile of your interests and show you relevant adverts on other sites. They do not store directly personal information, but are based on uniquely identifying your browser and internet device. If you do not allow these cookies, you will experience less targeted advertising.",https://www.kwqc.com/video/2026/10/01/kwqc-previews-iowa-v-ohio-state-matchup-with-former-hawkeye-julian-vandervelde/
V,Steven V. Roberts: Republicans don't own religion - indianagazette.com,2026-10-01 21:22:00,"A few passing clouds. Low near 65F. Winds SW at 5 to 10 mph.. A few passing clouds. Low near 65F. Winds SW at 5 to 10 mph. As the days get longer and pumpkin spice takes over the know… You can help to save America’s remaining wilderness. For more than 50 years, voters of faith have aligned strongly with the Republican Party. In the last election, White evangelical Christians accounted for almost 1 in 4 voters, and they backed Donald Trump by an astounding 82% to 17%, according to exit polls. Voters with no religious ties, also about one-fourth of the electorate, supported Kamala Harris 71% to 27%. This year, that vast imbalance is starting to shift. A small but vocal number of Democratic candidates for the House and Senate are emphasizing their religious origins and values. Often, they cite scripture to explain their embrace of liberal doctrine. Javascript is required for you to be able to read premium content. Please enable it in your browser settings. Sorry, there are no recent results for popular commented articles. Your browser is out of date and potentially vulnerable to security risks.We recommend switching to one of the following browsers: Account processing issue - the email address may already exist Must be at least 8 characters, not contain repeating characters (e.g., 111), and not contain sequential numbers (e.g., 123). Friday night's high school football scores delivered to your inbox every Saturday morning! Would you like to receive our daily news? Signup today! Your account has been registered, and you are now logged in. Submitting this form below will send a message to your email with a link to change your password. An email message containing instructions on how to reset your password has been sent to the email address listed on your account. Must be at least 8 characters, not contain repeating characters (e.g., 111), and not contain sequential numbers (e.g., 123). Secure transaction.
Secure transaction. Cancel anytime. Your gift purchase was successful!
Your purchase was successful, and you are now logged in. We won't sell your personal information to inform the ads you see. You may still see interest-based ads if your information is sold by other companies or was sold previously.",https://www.indianagazette.com/opinion/steven-v-roberts-republicans-dont-own-religion/article_ac686163-d1e3-4e72-a7f6-6cd88b6caa4c.html
V,The 2027 Hyundai Tucson Is Ready To Give RAV4 And CR-V A Real Fight - CarBuzz,2026-10-01 21:15:11,"Subscribe to the CarBuzz newsletter to never miss an update When the time comes for a car company to redesign its bestseller, it's understandable if the result is pretty similar to what was already available. That's the path Toyota took when updating the RAV4, which topped both Toyota's and America's sales charts, excluding a certain pickup truck line. Toyota gave it freshened styling, and made it hybrid-only, and that was about it. Hyundai, on the other hand, is going in a very different direction. The 2027 Tucson might as well be a different model than its predecessor, even if it has some rough size and powertrain similarities. While the previous Tucson had its fair share of sharp creases and planes, the overall shape was still rather sleek and curvy. The hood had a gentle slope to it, and the roofline seemed to arc from front to back. It also had a prominent, geometric grille into which the running lights blended. All of that is out the window with the new Tucson. The hood is nearly horizontal, and as Senior Vice President and Head of Hyundai Design Center Simon Loasby noted, the hood also extends right over the tops of the fenders to emphasize the SUV's width. The nose is mostly blunt and solid, and it's bracketed by a pair of vertical running lights and a horizontal light bar. It's futuristic and a bit imposing, like something that could've come out of Omni Consumer Products. The angularity of the Tucson is more evident in profile. The roofline is a straight edge that's angled slightly down to the rear. Crisp lines accentuate the blister fenders, which are further pumped up by trapezoidal black plastic fender flares. Hyundai has managed to keep it from looking too slab-sided, simplistic, and stocky, though, with the addition of contrasting silver trim along the rockers and the bumpers. Surprisingly, the most impressive bit of design on the Tucson is at the back. The taillights are sort of a mirror image of the front running lights, but the taillights are transparent, crystal-like structures that wouldn't look out of place on a current Cadillac EV. The light bar across the tail uses indirect lighting, a bit like that on the Tesla Model Y, so the light you see is actually reflected off the tailgate. The tailgate itself has other neat details, particularly the way the edges of the rear window sill rise to meet the line from the side, and the intricate folds at the tailgate's bottom edge. Besides the fresh styling, the Tucson is larger, too. It's 2.4 inches longer, 1.6 inches wider, and 0.8 inch taller. In comparison to the class benchmark, the Toyota RAV4, the Hyundai is 4 in. longer, 2 in. wider, and about even for height (actually 0.2 in. shorter). The bigger, wider, bolder body is also wrapped around a new unibody platform that Hyundai says is even stiffer than before thanks to additional high-strength steel and welds. Hyundai is also introducing a new XRT Pro trim, and it has its own set of cool details. It has unique front and rear bumpers, with the front one rising higher with larger grille openings. Naturally, it has big red recovery hooks, which are square in shape to keep with the design theme. It also loses the silver trim along the sides in favor of extra matte black cladding. The fender flares and cladding both feature a molded-in pattern inspired by forged carbon fiber, and is similar to what Hyundai uses on the Ioniq 5 XRT. It has unique 17-in. wheels with all-terrain tires, and the rear bumpers are chunkier, too. Up on top are a pair of roof rails with a nifty detail in its forward-leaning edges above the front doors. The XRT looks even a bit more imposing, and gains some off-road capability, thanks to a 1.2-in. lift, bringing ground clearance to 8.3 in. The Tucson's cabin is just as much of a radical departure from the previous generation as the exterior. It's also not what you would expect. Instead of hard edges, nearly every surface is curved and rounded. The dash panels even look like they're cushioned, almost like a Chesterfield sofa. It's all meant to make the interior as comfy and relaxed, almost like a ""living room"" as Loasby put it. To that end, there's indirect ambient lighting, and the driver's right armrest extends almost to the center stack. Hyundai also gave the Tucson an overhaul when it comes to instruments and infotainment. The wide double-screen monolith that's become so common is gone. Now, the driver gets a thin 9.9-in. display showing only the most important information such as speed. The center screen is quite large, measuring 12.9 in. on the base models, with a huge 17-in. unit available. It runs Hyundai's latest Android Automotive-based operating system, with an AI voice assistant available. The screen also houses some key indicator and warning lights that would have previously gone into the instrument display. Right below the center screen is, to our great relief, physical toggles and buttons for climate and audio controls. The XRT Pro also gets a few unique interior features. The dash panels are made up of black and dark metallic plastics, and the seats are an earthy tan. The seatbacks also get some extra detailing in the form of a de-bossed mountain range design. Finally, because the Tucson is bigger on the outside, it's also bigger on the inside. Most of the expansion is for the rear seats where in addition to more head and shoulder room, Hyundai claims to have added more legroom. It's easier to get back there, too, thanks to rear doors that open to 83 degrees, rather than 73 on the old version. Cargo space also grew from an SAE-rated 38.7 cubic feet behind the rear seats, to 41.7. Under the broad hood of the Tucson lurks one of two engine options, and they're a bit different than before. The outgoing Tucson featured a naturally-aspirated 2.5-liter four-cylinder. That's gone, replaced by a turbocharged 1.6-liter four-cylinder. The amount of horsepower remains the same at 187, but torque is up by 17 pound-feet to 195. It's still paired with an eight-speed automatic and either front- or all-wheel drive. Hyundai estimates it to get to 62 mph in 9.5 seconds. Fuel economy will range between 26 mpg combined for the all-wheel-drive version, and 28 mpg for the front-drive one, and those are identical to the 2.5-liter engine. The Tucson naturally still gets a hybrid powertrain as an option, and the numbers are almost identical to before, though the powertrain has been updated. The turbo 1.6-liter four-cylinder and its electric motors weigh a bit less than before thanks to fewer parts and some small changes like the use of an electric water pump. The hybrid is also more efficient, with economy ranging between 38 mpg combined at the low end, to 42 at the high end, tying some of the more efficient RAV4 variants. The previous version ranged between 36 and 38. Power is basically unchanged at 232 hp combined, and torque is up slightly from 271 lb-ft to 280. The extra power compared to the non-hybrid. The hybrid also gets a nifty new feature called HEV Stay Mode. It allows an occupant to shut off the car, but keep the climate control running entirely off the hybrid battery, so that you don't have to use fuel to stay cool or warm while waiting in the car. It does have a limit, with power lasting about 30 to 40 minutes before you would need to fire up the engine again. Interestingly, the XRT Pro model is only available with the hybrid engine. Hyundai's Senior Vice President for Product Planning and Mobility Strategy Olabisi Boyle said the reason was mainly for the increased performance. Of course, the efficiency was surely appealing, too, along with the fact that the trim should be a high-level one that would accommodate the cost of a hybrid powertrain nicely. Hyundai also added a couple of other trail assists to go with the improved ground clearance and approach, departure, and breakover angles. In addition to the manually selectable snow, mud, sand, and rock drive modes, the XRT Pro gets something called Smart Terrain Assist. It automatically switches between those off-road modes while determining the type of terrain and informing the driver of the difficulty of said terrain via the instrument display. It has a low-speed cruise control, too, similar to what many Jeeps have. It won't crawl the vehicle over rocks like a Toyota or Ford, but it provides finer speed control on trails. There is one powertrain missing from the American lineup for this new Tucson, though. The plug-in hybrid has been dropped, though it will continue to be available in other markets. Boyle said that low demand was a major reason for dropping it. All the remaining Tucson powertrains and their respective models will go on sale in the first quarter of next year, and we should get pricing sometime closer to launch. As we've mentioned, the Tucson is Hyundai's top seller, so it's critical that the company gets it right. Going in such a dramatic new direction, styling-wise, is a bold choice, but we think the company is on the right track. Buyers are still showing a preference for tougher, boxier, and more off-road-oriented vehicles, and the new Tucson leans into those ideas. Plus, it's more spacious, and the hybrid is even more efficient than before. With all these factors combined, the Tucson should be a huge success for Hyundai, and should have Toyota and Honda nervous. We want to hear from you. Share your perspective in the comments below, and please keep the conversation respectful. By subscribing, you agree to receive newsletter and marketing emails, and accept our Terms of Use and Privacy Policy. You can unsubscribe anytime.",https://carbuzz.com/2027-hyundai-tucson-full-reveal-september-2026/
V,Ireland v Austria: Are match tickets on sale? Will there be protests? Where can I watch on TV? - The Irish Times,2026-10-01 21:11:29,"The Republic of Ireland will play Austria in their third game of the Nations League in League B, Group 3. The game kicks off at 7.45pm on Thursday at the Aviva Stadium in Dublin. You can watch the game on RTÉ2, coverage is back to normal after the stripped down broadcast from the Israel match, beginning at 7pm. In the UK, you can watch the game on Amazon Prime PPV. The main question is if Gavin Bazunu joins the team for the match against Austria after the goalkeeper withdrew from the Israel game, saying “it would be wrong to participate”. Manager Heimir Hallgrímsson said the plan is that he will be with the squad against Austria, but not against Israel in the second game. Otherwise there were no significant injuries reported from the Israel match. Liam Kitching made a case to start after an impressive debut against Israel, as did Jack Moylan with a fine goal and assist in Hungary. Finn Azaz, a regular starter, was left on the bench against Israel and it is not clear if he will return to the starting line-up. Hallgrímsson said of his decision to leave him out Azaz: “We thought he wasn’t ready to play. He wanted to play, but it was my decision. He wasn’t fit enough to play this game.” On Thursday morning the FAI announced that the match is sold out with no more tickets available. It is also worth noting for those attending the match that the Lansdowne Road Dart Station will close temporarily on Thursday from 3.30pm until end of service, with supporters advised to get off at Grand Canal Dock or Sandymount stations. The FAI have moved hundreds of fans with pitchside seats for the game amid concerns the game will be interrupted by protests. The FAI says the decision was made because the Austria match is being used as a test event for the staging of Euro 2028 games, but FAI sources also admit that the seat moves will help act as a buffer against any potential pitch invasions. Ireland’s most recent home game against Qatar in May was interrupted by several tennis ball protests by advocates for a boycott of the Israel games. “I would see [the Austria game] being a serious question mark from an industrial point of view regarding transport, hospitality and broadcasting,” said Greg Ennis, the Siptu deputy secretary general, in July speaking at a Stop the Game press conference in Dublin. After two games, Ireland are in third place on three points. Austria are top on six points, Kosovo are second on three points but lead Ireland on head-to-head, with Israel bottom on zero points. The winner of the group is promoted to League A, with second place in a promotion playoff. Bottom of the group faces relegation playoffs. Austria should provide a considerable test with players like Bayern Munich’s Konrad Laimer and Borussia Dortmund’s Carney Chukwuemeka. The Ralf Rangnick-managed side are the toughest team in the group, but Ireland are unbeaten in their past seven games at home, so are well capable of getting a result. Sign up for push alerts to get the best breaking news, analysis and comment delivered to your phone Join The Irish Times on WhatsApp and stay up to date Latest news from the world of sport, along with the best in opinion from our outstanding team of sports writers",https://www.irishtimes.com/sport/soccer/2026/09/28/ireland-v-austria-will-there-be-protests-are-match-tickets-on-sale-where-can-i-watch-on-tv/
V,AKRON Stadium: Chivas Femenil’s 12th player v FC Juárez - Yahoo Sports,2026-10-01 20:02:00,"Chivas Femenil emerged from the rough patch it went through in the Apertura 2026 with two convincing wins over Xolos and Cruz Azul. However, there is still one pending task for Antonio Contreras' team: getting back to winning and taking all 3 points at the AKRON Stadium, alongside the Rojiblanca Nation that will make the stands of the Home of Mexicans shake. It is precisely at the Rojiblanca Fortress where Guadalajara holds a hugely important advantage heading into its Matchday 10 clash against FC Juárez, because since the start of the series against the border-side team in AP19, the AKRON has become a true stronghold for the Rebaño: in 7 visits by Bravas, they have never managed to take all 3 points. In total, there have been 5 wins for the red-and-white side and 2 draws, confirming the Home of Mexicans as the 12th player in these matchups. And that's not all: Chivas Femenil has allowed just one goal from the equine side in that span. To that, we can add that in 6 of those 7 matches, Guadalajara scored at least one goal against the green team, the same number of clean sheets it has recorded at the Rojiblanca Fortress. With this history as a foundation, the Sacred Flock will face FC Juárez with a clear objective, one that will also help it head into the final stretch of the women's circuit after the October FIFA international break in better shape. This article was translated into English by Artificial Intelligence. You can read the original version in 🇪🇸 here.",https://sports.yahoo.com/articles/akron-stadium-chivas-femenil-12th-200200297.html
V,Florida A&M dominates SWAC home opener v. Alabama State - The FAMUAN,2026-10-01 19:51:46,"The Florida A&M Lady Rattlers defended home court at the Al Lawson Center on Friday, claiming a statement four-set victory over the Alabama State Lady Hornets. The win opened SWAC conference play on a high note for Florida A&M, improving the program to 6-8 overall and setting a confident tone for the early postseason push. From the opening whistle, Florida A&M focused on dominating the net to dictate the match tempo. The Rattlers’ front-row defense lived up to its reputation as one of the conference’s top blocking units, using their length to close gaps against Alabama State’s primary hitters and keep the ball off their side of the floor. That net presence paid immediate dividends in the opening frame, as Florida A&M controlled the point from the first serve and never trailed, riding four front-row blocks and three service aces to a runaway 25-14 set win. “Blocking has been super important, something that all the coaches emphasize is it’s the first line of defense,” said Makenzie Taylor. “So any ball that we can keep from coming on our side of the net is the perfect scenario. So we really stress blocking. You work on it every single day, and it’s like a top priority for us.” When Alabama State responded with a fast-paced offense in the second set to hand Florida A&M a 25-22 loss, the Lady Rattlers relied on mental composure rather than panic. Senior pin hitters Sydney Whitfield and LaDonna Trantham proved lethal on transition defense and out-of-system plays, keeping the Hornets’ block off-balance even when routine passes broke down. Whitfield put together a dominant night, leading all scorers with a match-high 25 kills and 10 digs, while Trantham added 13 kills and crucial back-row defense to maintain offensive continuity. Behind a career night from setter Bengisu Kazazlar, who distributed 30 assists, the Lady  Rattlers operated at a scorching .405 hitting clip for the match. Florida A&M rebounded swiftly in set three with 17 kills on a .394 attack percentage to secure a 25-16 victory. “Something that we focus on as a team is being comfortable and creating our own identity,” Trantham noted regarding the team’s ability to bounce back after dropping the second set. “Our coach always tells us that the game will come to us, so we just try to stay consistent and rely on the fundamentals instead of letting emotion take control.” That disciplined approach fueled a devastating start to the fourth set, as Florida A&M stormed out to a 9-0 run behind strong serving from Trantham and immediate defensive execution, building an eventual 10-1 cushion. Florida A&M finished the frame with 19 kills against just two attack errors to close out the 25-22 victory. “Yeah, I think when we start off strong like that, it sets the tone for the rest of the set, and we were talking about that in the huddle before,” Whitfield said of the final frame surge. “So just going out, doing our job, Donna did a great job of keeping the serve, and then we were just playing defense behind that.” With 58 total team digs led by Whitfield’s 10 and Kelly Kelsick’s nine and four blocks from Farah Farooq, Florida A&M kept its offense in-system, where Alabama State struggled to find answers. Protecting home court was paramount for the Rattlers. “We had an understanding that we needed to protect our home court,” Taylor said. “Starting the season off with a win really gives us a lot of confidence going into these next coming games.” The next game for the Lady Rattlers will take place on Friday as they take on Mississippi Valley State. The FAMUAN was recently named one of 10 newsrooms at historically Black colleges and universities to receive funding from Howard University’s Center for Journalism and Democracy through its inaugural Newsroom Innovation Challenge. The awards are designed to improve newsroom technology, business operations, audience engagement, and reporting at campus newsrooms.",https://www.thefamuanonline.com/2026/10/01/florida-am-dominates-swac-home-opener-v-alabama-state/
V,PENN Evolves the Fierce Family With the New Fierce V Spinning Reels and Combos - Fishing Tackle Retailer,2026-10-01 19:45:00,"COLUMBIA, S.C. – Built for anglers who demand proven PENN performance at an exceptional value, the new PENN Fierce V spinning reels and combos set a new standard for durability, reliability and performance in their class. Building on the legacy of one of PENN’s most trusted reel families, the Fierce V introduces meaningful upgrades that make it the strongest and most capable Fierce yet. Enhanced construction and proven PENN engineering equip the Fierce V to perform season after season, even in demanding fishing conditions. At the heart of the Fierce V is PENN’s precision CNC Gear Technology, which delivers smoother operation, increased durability and greater cranking power for targeting species from inshore waters to offshore environments. PENN’s proven HT-100 carbon fiber drag system provides smooth, consistent drag performance under heavy pressure, while a redesigned spool lip improves casting distance and line management. Additional upgrades include an all-line-size line clip, laser-etched spool and refreshed cosmetics that enhance both functionality and appearance while providing greater protection from the elements. Fierce V combos pair the reel with a lightweight graphite composite blank and PENN’s renowned Dura-Guides, giving anglers a dependable, well-balanced setup built for consistent performance. With premium technologies, proven durability, and thoughtful performance upgrades, the PENN Fierce V family delivers exceptional value for anglers of all experience levels. From the versatile Fierce V Travel Combos designed for adventure on the go to limited-edition Fierce V LE Combos featuring distinctive updated cosmetics, there is a Fierce V setup ready for every fishing style. To learn more about the PENN Fierce V collections, click here. Pure Fishing is a collection of the world’s favorite fishing brands. Every day, all around the world,someone experiences the joy of catching a fish with one of our products. From gear for epic battles at sea to a relaxing day with family at the lake, our portfolio includes the most recognized and admired brands in fishing tackle, lures, rods, reels and storage. Abu Garcia, Berkley, DAM, Fenwick, Fin-Nor, Frabill, Greys, Hardy, Hodgman, Johnson, JRC, Madcat, Mitchell, PENN, Pflueger, Plano, Prologic, Savage Gear, Shakespeare, SpiderWire, Stren, Ugly Stik and Van Staal. Subscribe to get the latest posts sent to your email.",https://fishingtackleretailer.com/penn-evolves-the-fierce-family-with-the-new-fierce-v-spinning-reels-and-combos/
V,Watch UEFA WCL Highlights: Benfica v Bayern - Disney Plus,2026-10-01 19:43:20,"Disney, Pixar, Marvel, Star Wars, & Nat Geo with Disney+. Hulu Originals, FX, & more with Hulu. Disney+ and Hulu. Plus, all of HBO, the DC Universe, Warner Bros. and A24 on HBO Max. Disney+ and Hulu. Plus, NFL, College Football, and College GameDay. Access all ESPN networks with ESPN Unlimited. *Savings compared to the regular monthly price of each service.**Cost for 6 months: $71.94, then renews to monthly plan at $12.99/month. Cancel anytime. If cancelled during the initial 6 month term, effective at the end of your 6 month term; if cancelled after initial term, effective at the end of your monthly billing period. ^18+. U.S. only. Offer for Disney+, Hulu, ESPN Unlimited bundle. ESPN Unlimited includes all ESPN networks and services, including ESPN+. © 2026 Disney and its related entities. Additional terms apply. Ends 9AM PT 10/26/26. Auto-renews at $99.99/mo. Eligibility restrictions and terms apply. Use the drop-down menu to compare plans.* Switch or cancel** anytime. NEW: ESPN College GameDay and select live ESPN College Football games on Disney+ Access to all ESPN networks, ESPN+, and now NFL Network in the ESPN and Disney+ apps *Terms Apply for Bundle and Disney+, Hulu, HBO Max Bundle.**Effective at the end of billing period.^Savings for 6 months, as compared to the monthly price of each service. Cost for Disney+, Hulu Bundle for 6 months: $71.94, then renews to monthly plan at $12.99/month. Cost for Disney+, Hulu Bundle Premium for 6 months: $119.94, then renews to monthly plan at $21.99/month. Cancel anytime. If cancelled during the initial 6 month term, effective at the end of your 6 month term; if cancelled after initial term, effective at the end of your monthly billing period.†Select Hulu content available via Disney+; additional content only available via Hulu app.‡HBO content available on Hulu; additional content only available via HBO Max app.††Download restrictions vary across bundled services. For more information, visit the Disney+ Help Center.****Ads will be served in select live and linear content. Ads will be served in select live and linear content Ads will be served in select live and linear content NEW: ESPN College GameDay and select live ESPN College Football games on Disney+ Access to all ESPN networks, ESPN+, and now NFL Network in the ESPN and Disney+ apps Access to all of ESPN's networks and services, including ESPN+ and now NFL Network *Terms Apply for Bundle and Disney+, Hulu, HBO Max Bundle.**Effective at the end of billing period.^Savings compared to the regular monthly price of each service.†Select Hulu content available via Disney+; additional content only available via Hulu app.‡HBO content available on Hulu; additional content only available via HBO Max app.††Download restrictions vary across bundled services. For more information, visit the Disney+ Help Center.^^ESPN Unlimited plan add-on includes all ESPN networks and services. Additional terms apply.****Ads will be served in select live and linear content. Access to all ESPN networks, ESPN+, and now NFL Network in the ESPN and Disney+ apps NFL+ Premium and the Disney+, Hulu, ESPN Unlimited Bundle NFL+ Premium and the Disney+, Hulu, ESPN Unlimited Bundle Premium Access NFL RedZone, NFL live local and primetime games on mobile, game replays, and more *Terms Apply for Bundle and Disney+, Hulu, HBO Max Bundle.**Effective at the end of billing period.^Savings compared to the regular monthly price of each service.†Select Hulu content available via Disney+; additional content only available via Hulu app.‡HBO content available on Hulu; additional content only available via HBO Max app.††Download restrictions vary across bundled services. For more information, visit the Disney+ Help Center.^^NFL+ Premium: Valid for eligible subscribers only; requires an eligible plan with ESPN Unlimited. Access content from each service separately; live local & primetime NFL+ Premium games available on phones & tablets only. Not available in U.S. territories. Additional Terms Apply.****Ads will be served in select live and linear content. ESPN includes ads. Live TV on Hulu with 100+ top channels. No cable required *Terms Apply for Bundle and Disney+, Hulu, HBO Max Bundle.**Effective at the end of billing period.^Offer for Hulu (With Ads) + Live TV plan only: $49.99/month for 1 month, then auto-renews at $99.99/month or then-current regular monthly price. Ends 9:00 AM PT on 10/26/26. Terms & conditions subject to change. [Savings compared to current regular monthly price.]  Cancel anytime, effective at the end of your billing period. No refunds or credits for partial months. New and eligible returning subscribers only, 18+ only; select third party billed subscribers and current Hulu, Disney+ and/or ESPN subscribers are not eligible. Includes access to Disney+ content and additional ESPN content in their separate apps. Regional restrictions, blackouts and additional terms apply. © 2026 Disney and its related entities. Additional terms apply. ‡Live TV plans also includes access to additional ESPN Unlimited content in the ESPN app.††Download restrictions vary across bundled services. For more information, visit the Disney+ Help Center.****Ads will be served in select live and linear content. Here's How it Works:Step 1: Create Disney+ account with email, password, and date of birthStep 2: Verify student status with Sheer ID by providing your full school name and school or personal email addressStep 3: Complete purchase of your discounted bundle and get ready to stream! *Savings compared to the then-current regular monthly price of bundle plan. Student discount offer for ad-supported Disney+, Hulu Bundle plan only: $6.49/month so long as student enrollment status remains verified, then $12.99/month or then-current, regular monthly price. U.S. residents, 18+ only. Offer valid for students enrolled at a U.S. university or post-secondary degree or certificate-granting, accredited institution of education, who meet verification qualifications; ESPN subscribers and HBO Max-billed bundle subscribers are not eligible to redeem offer. Subscribers on 6-month price-lock plans may redeem and their student bundle will go into effect at the end of their current 6-month plan. Verification performed through SheerID. Cancel anytime, effective at the end of your billing period. No refunds or credits for partial months.  Available only for direct-billed purchases via Disney+ and Hulu. Additional terms apply. Select live ESPN College Football games and ESPN College GameDay are available on Disney+ every Saturday during football season - plus even more sports at no extra cost for Disney+ subscribers. Terms apply. ©2026 Disney and its related entities. Select live ESPN College Football games and ESPN College GameDay are available on Disney+ every Saturday during football season - plus even more sports at no extra cost for Disney+ subscribers. Terms apply. ©2026 Disney and its related entities. Access all of ESPN’s networks, ESPN+, and now NFL Network, plus must-see movies and shows on Disney+ and Hulu. Watch NFL, college football, NBA, WWE, NASCAR, SportsCenter, and more with ESPN Unlimited. Terms apply. ©2026 Disney and its related entities. Access all of ESPN’s networks, ESPN+, and now NFL Network, plus must-see movies and shows on Disney+ and Hulu. Watch NFL, college football, NBA, WWE, NASCAR, SportsCenter, and more with ESPN Unlimited. Terms apply. ©2026 Disney and its related entities. Stream all of HBO, the DC Universe, and new releases from Warner Bros. andA24, plus more acclaimed series, hit movies, fresh originals, and family favorites. Terms apply. ©2026 Disney and its related entities. HBO Max ©2026 Home Box Office, Inc. Stream all of HBO, the DC Universe, and new releases from Warner Bros. andA24, plus more acclaimed series, hit movies, fresh originals, and family favorites. Terms apply. ©2026 Disney and its related entities. HBO Max ©2026 Home Box Office, Inc. Get excited! Disney+ Perks has landed. Enjoy special discounts, everyday savings, early access to select offerings, chances to win exclusive prizes, and more - just for being a subscriber. Disney+ Perks requires an active Disney+ subscription and enrollment in the program; terms apply. See each promotion for applicable terms. Eligible bundle subscribers can stream Hulu and ESPN favorites right in the Disney+ app.* NEW: Stream NFL Network, now included with ESPN Unlimited. *Select Hulu content available via Disney+; additional content only available via Hulu app. ESPN Unlimited is a direct-to-consumer streaming service that allows you to stream all ESPN networks, including ESPN, ESPN2, ESPNU, SEC Network, ACC Network, ESPNEWS, ESPN Deportes - in addition to ESPN on ABC, ESPN+, SEC Network+, ACC Network Extra, and now NFL Network. With ESPN Unlimited you can watch sports like NFL, NBA, NHL, MLB, tennis and golf majors, WWE, WWE NXT, NASCAR, SEC, ACC and Big 12 football and basketball. Subscribers also get postseason coverage from the NFL, NBA, WNBA, NHL, College Football Playoff, and more, as well as studio shows like SportsCenter, First Take and College GameDay. ESPN Select plan subscribers have access to ESPN+, with top-tier soccer, PGA TOUR, NHL, college sports, and a selection of other ESPN programming. There are two available bundle plans – ESPN Select and ESPN Unlimited. Disney+ offers both within the following bundle plans: Disney+, Hulu, ESPN Unlimited Bundle for the price of $35.99/month, which includes Disney+ (With Ads), Hulu (With Ads), and ESPN Unlimited (With Ads). Disney+, Hulu, ESPN Unlimited Bundle Premium for the price of $44.99/month, which includes Disney+ (No Ads*), Hulu (No Ads*), and ESPN Unlimited (With Ads). Disney+, Hulu, ESPN Select Bundle for the price of $21.99/month, which includes Disney+ (With Ads), Hulu (With Ads), and ESPN Select (With Ads). Disney+, Hulu, ESPN Select Bundle Premium for the price of $32.99/month, which includes Disney+ (No Ads*), Hulu (No Ads*), and ESPN Select (With Ads). *Ads will be served in select live and linear content for all Disney+ plans. Titles without ratings like live sports, news, and more, and the advertisements included therein, may feature mature themes, products, and services. Disney+ is a streaming service where you can watch movies, series, and originals from Disney, Pixar, Marvel, Star Wars, National Geographic, and more.Access unlimited entertainment with Disney+ or Disney+ Premium in the United States: Disney+: Disney+ (With Ads) for the price of $12.49/month Disney+ Premium: Disney+ (No Ads*) for the price of $21.49/month or $214.99/year Save over 16%** on Disney+ Premium (No Ads) with an annual plan for $214.99/year *Ads will be served in select live and linear content.  **Savings compared to 12 months of the monthly price of Disney+ Premium (No Ads). Disney+ is the streaming home for entertainment from Disney, Pixar, Marvel, Star Wars, National Geographic, Hulu, ESPN Select and more. With Disney+, you can choose from an always-growing collection of stories. A limited selection of hit Hulu series and movies in the Hulu hub on Disney+. Select live sports, studio shows, and more from ESPN Select in the all-new ESPN hub in Disney+ Exciting specials and limited-time streaming events Nostalgic throwbacks and past seasons of your favorite shows The entire Skywalker Saga and much of the Marvel Cinematic Universe The Disney+ app is available on mobile devices, web browsers, game consoles, set-top boxes, and smart TVs. Click to view a complete list of supported devices. Bundle plans include subscriptions to either Disney+ and Hulu, or Disney+, Hulu, and ESPN Unlimited, at discounted prices, as compared to the retail price of each subscription when purchased separately. Available to customers in the United States. Disney+, Hulu Bundle for $12.99/mo or $11.99/mo for the first 6 months**, which includes Disney+ (With Ads) and Hulu (With Ads) Disney+, Hulu Bundle Premium for $21.99/mo or $19.99/mo for the first 6 months**, which includes Disney+ (No Ads*) and Hulu (No Ads*) Disney+, Hulu, ESPN Unlimited Bundle for $35.99/month which includes Disney+ (With Ads), Hulu (With Ads), and ESPN (With Ads) Disney+, Hulu, ESPN Unlimited Bundle Premium for $44.99/month, which includes Disney+ (No Ads*), Hulu (No Ads*), and ESPN (With Ads) **Cost for Disney+, Hulu Bundle for 6 months: $71.94, then renews to monthly plan at $12.99/month. Cost for Disney+, Hulu Bundle Premium for 6 months: $119.94, then renews to monthly plan at $21.99/month. Cancel anytime. If cancelled during the initial 6 month term, effective at the end of your 6 month term; if cancelled after initial term, effective at the end of your monthly billing period. Additionally, you may also like the following plan offerings: Hulu + Live TV, Disney+ and ESPN Select for $99.99/month Hulu Premium + Live TV, Disney+ Premium and ESPN Select for $109.99/month The Hulu + Live TV plans include 95+ live TV channels and additional on-demand content from your favorite sports, entertainment, and news channels you can watch at home or on-the-go. You will also get access to the content from Disney+, Hulu and ESPN Select streaming libraries. Access content from each service separately. Learn more and sign up here. Disney+, Hulu, HBO Max Bundle plans include subscriptions to Disney+, Hulu, and HBO Max, at discounted prices, as compared to the monthly retail price of each subscription when purchased separately. Currently, there is no annual subscription for the Disney+, Hulu, HBO Max Bundle. Choose between the following Disney+, Hulu, HBO Max Bundle Plans: Disney+, Hulu, HBO Max Bundle (With Ads) for $21.99/month, savings of more than $13 per month. This plan includes Disney+, Hulu, and HBO Max all with ads. Disney+, Hulu, HBO Max Bundle (No Ads) for $34.99/month, savings of $26 per month. This plan includes Disney+, Hulu, and HBO Max all without ads. Ads will be served in select live and linear content. With Disney+, you get new releases, classics, series, and Originals from Disney, Pixar, Marvel, Star Wars, and National Geographic. With Hulu, you can enjoy current hits, comfort classics, award-winning Originals, and movies like FX’s The Bear and The Kardashians. With HBO Max, you get access to HBO Originals, Warner Bros. films, the DC universe, and more like Selena + Chef and House of the Dragon.*Ads will be served in select live and linear content If you’re a Disney+ subscriber in the United States, you can stream a limited selection of Hulu titles on Disney+. Access the Hulu hub on the Disney+ homepage to preview the Hulu on Disney+ experience. If you’re a bundle subscriber or you subscribe to both Disney+ and Hulu (as standalone services with the same email address), you can stream a more extensive collection of Hulu titles on Disney+. You can use the Hulu hub on the Disney+ homepage to jump right into streaming some of your favorite Hulu Originals, series, and more. Click to view a list of supported devices. Eligible Disney+ and Hulu subscribers can watch a wide variety of Hulu’s streaming library on Disney+. Certain Hulu titles are available only via the Hulu app. In addition, the Hulu app will continue to be the streaming destination for Hulu’s entire streaming library, all Hulu premium add-on content as well as any content associated with a Live TV subscription. Subscribers with any linked ESPN plan can now stream live content from ESPN on Disney+. Once accounts are linked, to access ESPN content on Disney+, follow these steps: Choose the ESPN icon on the Disney+ homepage to enter the ESPN hub You can also find select ESPN content by using the Search feature or by browsing the different rows on the Disney+ homepage. Once you’re in the ESPN hub, you can filter through Sports, Teams, Leagues, and Tournament pages. You can also search for any of those categories. Note — the sports content available to you to depends on your plan. Not sure if your accounts are linked? You can learn about how you can authenticate with your pay-tv provider here. Playlists are a new way to discover and watch content on Disney+. Each Playlist is a curated collection of movies and episodes grouped around a theme, franchise, character, genre, or mood, making it easy to jump right into something you'll enjoy. Simply select a Playlist and let the content play continuously, with the flexibility to pause, skip and rewind. Playlists can be found on the Disney+ Home. In the U.S., Playlists are replacing Streams, while ABC News will remain available as a livestream experience. U.S. residents, 18+ only. Location data required to watch certain content. Select Hulu content available via Disney+ with valid Hulu and Disney+ subscriptions; additional content only available via Hulu app. Hulu content can be streamed via Disney+ on up to 2 devices simultaneously. Additional app feature and device restrictions apply. For more information visit the Disney+ Help Center. Offer valid for eligible subscribers only. Subject to Disney+ and ESPN Subscriber Agreement. For detailed information on billing and cancellation, please visit the Disney+ Help Center. Location data required to watch certain content. Hulu content can be streamed via Disney+ on up to 2 devices simultaneously. Additional app feature and device restrictions apply. For more information visit the Disney+ Help Center. Subject to Disney+, ESPN, and Hulu Subscriber Agreement. For detailed information on billing and cancellation, please visit the Disney+ Help Center. Disney Bundle Terms: U.S. residents, 18+ only. Location data required to watch certain content. Select Hulu content available via Disney+ with valid Hulu and Disney+ subscriptions; additional content only available via Hulu app. Hulu content can be streamed via Disney+ on up to 2 devices simultaneously. Additional app feature and device restrictions apply. For more information visit the Disney+ Help Center. Offer valid for eligible subscribers only. Subject to Disney+ and ESPN Subscriber Agreement. For detailed information on billing and cancellation, please visit the Disney+ Help Center. Disney+, Hulu, HBO Max Bundle Terms: U.S. only. Must be 18+. Available only for direct-billed purchases via Disney+, Hulu, and HBO Max. Access content from each service separately. Content, feature, and device compatibility varies by service. For details, including info on billing and cancelation, visit the Disney+ Help Center. Use of Disney+, Hulu, and HBO Max are subject to their respective terms and conditions, see each of Disney+ Subscriber Agreement, Hulu Subscriber Agreement, and HBO Max Terms of Use. U.S. only. Must be 18+. Available only for direct-billed purchases via Disney+, Hulu, and HBO Max. Access content from each service separately. Content, feature, and device compatibility varies by service. For details, including info on billing and cancelation, visit the Disney+ Help Center. Use of Disney+, Hulu, and HBO Max are subject to their respective terms and conditions, see each of Disney+ Subscriber Agreement, Hulu Subscriber Agreement, and HBO Max Terms of Use. U.S. residents, 18+ only. Location data required to watch certain content. Select Hulu content available via Disney+ with valid Hulu and Disney+ subscriptions; additional content only available via Hulu app. Hulu content can be streamed via Disney+ on up to 2 devices simultaneously. Additional app feature and device restrictions apply. For more information visit the Disney+ Help Center. Offer valid for eligible subscribers only. Subject to Disney+ and ESPN Subscriber Agreement. For detailed information on billing and cancellation, please visit the Disney+ Help Center. U.S. residents, 18+ only. Offer valid for eligible subscribers only. Select Hulu content available via Disney+ with valid Hulu and Disney+ subscriptions; additional content only available via Hulu app. © 2026 Disney and its related entities. Location data required to watch certain content. Hulu content can be streamed via Disney+ on up to 2 devices simultaneously. Additional app feature and device restrictions apply. For more information visit the Disney+ Help Center. Subject to Disney+ and ESPN Subscriber Agreement.For detailed information on billing and cancellation, please visit the Disney+ Help Center. ESPN Select includes ESPN+ only; ESPN Unlimited includes all ESPN networks and services, including ESPN+. Content subject to change. For personal and non-commercial use only. Blackouts and other terms & restrictions apply. Additional features and functionalities available only in the ESPN App and on ESPN.com, and do not require purchasing through ESPN. Use of the services is subject to the Disney+, ESPN, and Hulu Subscriber Agreement. For more information, including detailed information on billing and cancelation, please visit the Disney+ Help Center. Available for U.S. residents, 18+ only. Location data required to watch certain content. Select Hulu content available via Disney+; additional content only available via Hulu app; additional terms, app feature and device restrictions apply. Offer valid for eligible subscribers only.ESPN Select includes ESPN+ only; ESPN Unlimited includes all ESPN networks and services, including ESPN+. Content subject to change. For personal and non-commercial use only. Blackouts and other terms & restrictions apply. Additional features and functionalities available only in the ESPN App and on ESPN.com, and do not require purchasing through ESPN.Subject to Disney+, ESPN, and Hulu Subscriber Agreement. For more information visit the Disney+ Help Center. U.S. residents, 18+ only. Offer valid for eligible subscribers only; requires a plan with ESPN Unlimited. Access content from each service separately. Feature and device compatibility varies by service. Each service is subject to its respective terms. For more information, including info on billing and cancelation, visit ESPN Fan Support. U.S. residents, 18+ only. Offer valid for eligible subscribers only; requires an eligible plan with ESPN Unlimited. Access content from each service separately; live local & primetime NFL+ Premium games available on phones & tablets only. Feature and device compatibility varies by service. Each service is subject to its respective terms. For more information, including info on billing and cancelation, visit ESPN Fan Support. For questions about NFL+ Premium, visit Plus.NFL.com. By signing up for a Disney+, Hulu, HBO Max Bundle, you direct Disney+ and Hulu to share your email address and subscription details with HBO Max for eligibility, marketing, and other purposes. For more information regarding your choices, Click Here. By signing up for a Disney+, Hulu, HBO Max Bundle, you direct Disney+ and Hulu to share your email address and subscription details with HBO Max for eligibility, marketing, and other purposes. For more information regarding your choices, Click Here. Location data required to watch certain content. Select Hulu content available via Disney+; additional content only available via Hulu app; additional terms, app feature and device restrictions apply. Offer valid for eligible subscribers only. Content subject to change. For personal and non-commercial use only. Blackouts and other terms & restrictions apply. Additional features and functionalities available only in the ESPN App and on ESPN.com, and do not require purchasing through ESPN. Subject to Disney+, ESPN, and Hulu Subscriber Agreement. For more information visit the Disney+ Help Center. U.S. residents, 18+ only. A limited sampling of content from ESPN is now available to all Disney+ subscribers. Upgrade to a plan that includes ESPN to access the full ESPN on Disney+ experience; terms apply. Enrollment information (e.g. first name, last name, college/university name, date of birth) must be shared with SheerID for verification purposes. Automatic re-verification performed annually. Disney reserves the right to determine eligibility in its sole discretion. Not combinable with any other promotional offers or pricing. Any plan switch after redemption of this offer may result in forfeiture of discount pricing.Location data may be required to watch certain content. Select Hulu content available via Disney+ with valid Disney+ and Hulu subscriptions; additional content only available via Hulu app. Hulu content can be streamed via Disney+ on up to 2 devices simultaneously. Additional app feature and device restrictions apply. For more information, including detailed information on billing and cancelation, please visit the Disney+ Help Center. ©2026 Disney and its related entities. Get the Disney+, Hulu, HBO Max Bundle - plans start at $21.99/month. Terms apply. ©2026 Disney and its related entities. HBO Max ©2026 Home Box Office, Inc. Not combinable with any free trial of the Hulu (With Ads) + Live TV plan or any other promotional offers or pricing; not redeemable via gift card. Any plan switch after redemption of this offer will result in forfeiture of the Hulu + Live TV discount pricing. Location data required to watch certain content.",https://www.disneyplus.com/
V,Obituary for Lanette (McCaw) Turner - Ronald V. Hall Funeral Home,2026-10-01 19:13:37,"This website is using a security service to protect itself from online attacks. The action you just performed triggered the security solution. There are several actions that could trigger this block including submitting a certain word or phrase, a SQL command or malformed data. You can email the site owner to let them know you were blocked. Please include what you were doing when this page came up and the Cloudflare Ray ID found at the bottom of this page. Cloudflare Ray ID: a4408523aaea55c5
•

        Your IP:
        Click to reveal
52.186.174.145
•

Performance & security by Cloudflare",https://www.ronaldvhall.com/obituary/Lanette-Turner
V,Congress Passes Law to Raise Subchapter V and Chapter 13 Debt Limits - The National Law Review,2026-10-01 19:12:30,"The National Law Review uses cookies to track usage trends and patterns to better understand and improve our website. By using this website and/or clicking on any link on the website, you confirm your consent to the NLR’s placing and usage of cookies. The debt limit for subchapter V of chapter 11 has had a wild ride. Fortunately, it appears that the days of fluctuating debt limits are behind us, with the Senate’s unanimous passage of H.R. 7730. The bill now heads to the President, who is expected to sign it into law. Subchapter V debuted effective February 19, 2020, and is designed to meet the needs of small businesses for whom a “standard” chapter 11 bankruptcy case is often too expensive and unwieldy. Subchapter V initially carried a debt limit of $2,725,623, meaning that debtors with noncontingent, liquidated debt[1] in excess of this amount were ineligible for relief under this part of the Bankruptcy Code. The subchapter V debt limit was soon raised to $7,500,000 by the CARES Act, but with a sunset provision. The sunset date was extended by a year, but eventually lapsed, dropping the limit back to $2.7 million. An automatic inflation adjustment raised the limit to $3,024,725[2] in 2022. Congress then restored the $7.5 million debt limit, but with another two-year sunset provision. It was not renewed, so two years later, the subchapter V debt limit reverted again to $3,024,725. Another inflation adjustment brought it to $3,424,000 as of April 1, 2025—and there it remained, until now. H.R. 7730, officially named the “Bankruptcy Threshold Adjustment Act,” does away with all the back and forth. The debt limit for filing for subchapter V bankruptcy cases is permanently fixed at $7,500,000, with inflation adjustments every three years going forward. Chapter 13 debt limits, which suffered similar (albeit slightly less dramatic) swings, are also addressed in the new bill. Currently, a debtor must have no more than $526,700 in unsecured noncontingent, liquidated debt, and no more than $1,580,125 in secured noncontingent, liquidated debt to file for chapter 13 bankruptcy relief. The bill establishes a single $2,750,000 debt limit for both secured and unsecured debt, which will also be adjusted for inflation going forward. [1] The debt limits discussed here refer to how much noncontingent, liquidated debt a debtor may have and still qualify to file for bankruptcy protection. Generally speaking, a “contingent” debt is one that requires some event to happen before it is owed (e.g., a warranty claim owed only if a covered part fails). “Noncontingent” debts are those that lack such a requirement. A “liquidated” debt is one where the amount is known or can be readily determined. (E.g., the amount owed at any moment under a loan may not be stated in the note but can be quickly computed by reference to its terms.) [2] The $3 million dollar figure is not an even dollar amount because it is adjusted for inflation every three years. You are responsible for reading, understanding, and agreeing to the National Law Review's (NLR’s) and the National Law Forum LLC's  Terms of Use and Privacy Policy before using the National Law Review website. The National Law Review is a free-to-use, no-log-in database of legal and business articles. The content and links on www.NatLawReview.com are intended for general information purposes only. Any legal analysis, legislative updates, or other content and links should not be construed as legal or professional advice or a substitute for such advice. No attorney-client or confidential relationship is formed by the transmission of information between you and the National Law Review website or any of the law firms, attorneys, or other professionals or organizations who include content on the National Law Review website. If you require legal or professional advice, kindly contact an attorney or other suitable professional advisor. Some states have laws and ethical rules regarding solicitation and advertisement practices by attorneys and/or other professionals. The National Law Review is not a law firm nor is www.NatLawReview.com  intended to be a referral service for attorneys and/or other professionals. The NLR does not wish, nor does it intend, to solicit the business of anyone or to refer anyone to an attorney or other professional.  NLR does not answer legal questions nor will we refer you to an attorney or other professional if you request such information from us. Under certain state laws, the following statements may be required on this website and we have included them in order to be in full compliance with these rules. The choice of a lawyer or other professional is an important decision and should not be based solely upon advertisements. Attorney Advertising Notice: Prior results do not guarantee a similar outcome. Statement in compliance with Texas Rules of Professional Conduct. Unless otherwise noted, attorneys are not certified by the Texas Board of Legal Specialization, nor can NLR attest to the accuracy of any notation of Legal Specialization or other Professional Credentials. The National Law Review - National Law Forum LLC 2070 Green Bay Rd., Suite 178, Highland Park, IL 60035  Telephone  (708) 357-3317 or toll-free (877) 357-3317.  If you would like to contact us via email please click here. We won't sell or share your personal information to inform the ads you see. You may still see interest-based ads if your information is sold or shared by other companies or was sold or shared previously.",https://natlawreview.com/article/congress-passes-law-raise-subchapter-v-and-chapter-13-debt-limits
V,Congress Restores the $7.5 Million Subchapter V Threshold - Permanently - EIN Presswire,2026-10-01 19:06:00,"There were 2,534 press releases posted in the last 24 hours and 494,172 in the last 365 days. Allison Schmidt
Get Online NOLA
+1 504-482-1096
email us here
Visit us on social media:
LinkedIn EIN Presswire provides this news content ""as is"" without warranty of any kind. We do not accept any responsibility or liability
    for the accuracy, content, images, videos, licenses, completeness, legality, or reliability of the information contained in this
    article. If you have any complaints or copyright issues related to this article, kindly contact the author above. EIN Presswire's priority is author transparency. We do our best to weed out false and misleading content. The content above is
the sole responsibility of the author who makes it available. If you have any complaints, kindly contact the author above. © 1995-2026
        Newsmatics Inc. dba EIN Presswire. All rights reserved. By continuing to use this site, you agree to our Terms & Conditions, last updated on September 30, 2025.",https://www.einpresswire.com/article/946669422/congress-restores-the-7-5-million-subchapter-v-threshold-permanently
V,Kathleen V. Jameson Returns to Louisville to Lead the Speed - The Voice-Tribune,2026-10-01 18:51:07,"Kathleen V. Jameson, Ph.D., has returned to Louisville to lead the Speed Art Museum as its new director, guiding Kentucky’s oldest and largest art museum as it approaches its centennial in 2027. Jameson began her new position on September 8, bringing more than three decades of experience in museum leadership, curatorial work, fundraising, strategic planning, and community engagement. Her appointment also brings her back to an institution that played an early role in her development as a museum professional. While earning her master’s degree in American Art and Architecture at the University of Louisville, Jameson worked with Peter Morrin, who was then director of the Speed. She has described that experience as formative to her career. “Returning to Louisville and to the Speed is deeply meaningful to me,” Jameson said. “My time here as a graduate student helped shape both my scholarship and my career in museums, and I have always valued the Speed’s commitment to artistic excellence and connection.” Since her time in Louisville, Jameson has held senior positions at several major American art museums. Most recently, she served as executive director of the James A. Michener Art Museum in Doylestown, Pennsylvania, where she led work involving collections development, exhibitions, community engagement, and the museum’s infrastructure. Previously, Jameson was president and CEO of The Mint Museum in Charlotte. Her responsibilities there included collections development, exhibitions, scholarship, fundraising, strategic planning, organizational restructuring, and governance. During her tenure, she established the museum’s inaugural digital media program, a contemporary architecture and design series, and a major Latino and Latin American initiative. Jameson also spent several years at the Museum of Fine Arts, Houston, where she held curatorial and administrative positions including assistant director and director of program support. Her work included long-range institutional planning and oversight of an international architect search. Her academic specialization is American art and the history of photography, particularly late-19th- and early-20th-century American art, with additional expertise in works on paper. She holds a Ph.D. from the University of Delaware, an MBA from Rice University, an MA from the University of Louisville, and a BA from the University of Texas at Austin. She has also served as a scholar-in-residence at the Isabella Stewart Gardner Museum and as a National Arts Strategies Chief Executive Program Fellow. At the Speed, Jameson has identified listening to staff and community partners, strengthening connections throughout the region, and advancing the museum’s artistic and educational mission among her early priorities. The centennial will provide a significant moment for the museum to reflect on its history while looking toward the years ahead. “The Centennial is an extraordinary opportunity not only to celebrate the Speed’s history, but also to think ambitiously about its future,” Jameson said. “Museums are at their best when they bring art, ideas, and people together.” Jameson’s return places her at the center of a milestone year for the organization with which she has a longstanding connection. As the Speed prepares to mark 100 years, its new director brings with her both an established career in American museums and a personal history with the museum she now leads. For more information, visit: https://www.speedmuseum.org/",https://www.voice-tribune.com/post/kathleen-v-jameson-returns-to-louisville-to-lead-the-speed
V,Obituary: Gladys V. Conlon - The Belmont Voice,2026-10-01 18:33:54,"With serenity and grace, Gladys V. Conlon (Boghosian), 94, a lifelong Belmont resident, passed to eternity on Sunday, Sept. 27, 2026,  at the Kaplan Family Hospice Home in Danvers. Gladys was the daughter of the late Victoria Vaznaian Boghosian, an Armenian Genocide survivor, and her father, the late Paul T. Boghosian, a noted businessman. She is  survived by her sister, Marilyn Papazian, and her brother, Paul T. Boghosian Jr. of Belmont.  Gladys raised four children: a daughter, Sharon Morasso, who lives in Genoa, Italy, a son, Michael P. Conlon, who lives in Nevada, a daughter, Deborah Brown, who lives in Tennessee and a son, Patrick Conlon, who lives in California.  Gladys was blessed to have seven grandchildren and eight great-grandchildren.  These children, grandchildren and great-grandchildren provide a testament to the continuation of Gladys’ life story. Gladys’ journey was not without challenges, marked by having four children in five years, limited financial resources and a husband not devoted to marriage or child rearing resulting in a family move from Cleveland to Belmont.  Gladys enjoyed walking everywhere in Belmont, roller skating when younger, dancing to music at Mosley’s, dining with family and friends, reading at Belmont’s libraries and participating in activities at the senior center.  She especially enjoyed traveling to California and Texas to visit her children and grandchildren and camping with her friends. Gladys was a steadfast and devoted Armenian Christian and a 50-year member of the First Armenian Church in Belmont.  Gladys loved the church services and its celebration of the holidays and  many festivals.  Gladys always appreciated the warm welcome of its congregation and the support of its ministers during her harrowing times, particularly the support of Rev. Vartan Hartunian. Gladys took pride in her work at Mt. Auburn and Sancta Maria hospitals, selling and providing customer service in the 1980s and 1990s to patients wanting televisions and phones in their rooms.  She often told stories of patients who would not allow her to leave their rooms before they related their life stories.  Gladys provided a sympathetic ear to their stories, and she felt she was helping them by giving her time.  She loved this part of her job more than anything else. Gladys considered herself fortunate to have lived for almost a century.  Because she loved movies, she often recalled when admission to a theater was 15 cents and  Shirley Temple was America’s number one star. Please visit giragosianfuneralhome.com for an online guestbook. © 2026 — All Rights Reserved
  The Belmont Voice is published by
  The Belmont News Foundation, Inc.
  PO Box 241, Belmont, MA 02478
  EIN: 92-3493154",https://belmontvoice.org/obituary-gladys-v-conlon/
V,League of Women Voters of Massachusetts v. Trump and Mail Ballots (Part 1) (Civil Rights Policy Brief #256) - usresistnews.org,2026-10-01 18:25:21,"Policy Summary: On March 31, 2026 President Donald Trump issued the executive order (EO) titled “Ensuring Citizenship Verification and Integrity in Federal Elections.” The order had two main components – the establishment of state citizenship lists of every citizen in the state eligible to vote and directing the United States Postal Service with creating and implementing rules regarding the use, delivery and acceptance of mail – ballots used by each individual State. The executive order was quickly challenged in court. A case was filed in the United States District Court for the District of Massachusetts on April 2, 2026. After a lengthy process that included briefing on a possible temporary restraining order and preliminary injunction that would have prevented the executive order from going into effect, the federal district court on September 4, 2026 issued an order granting the plaintiff’s request for a preliminary injunction. The order by the court prohibits the executive order from going into effect. The case was appealed to the First Circuit Court of Appeals with the Federal Government filing an emergency motion for a stay of the district court’s order pending an appeal. If granted this would have halted the district court’s order and allowed President Trump’s executive order to go into effect while the appeal was ongoing. However, the First Circuit Court of Appeals denied the application for a stay which means the executive order will not be allowed to go into effect. President Trump and his allies on September 10th made an appeal to the United States Supreme Court but that application is still pending with nothing certain on when the Supreme Court will issue a ruling on the case. LEARN MORE Policy Analysis: The details of President Trump’s executive order is flawed on a number of levels. First, Trump has taken a step to implement rules that he has no power to do. The U.S. Constitution specifically grants the power of voting to the individual states and to Congress. It does not include the President of the United States any power over the voting rules. Each State is allowed to craft and implement the rules regarding voting in their state, including the use of mail ballots. The rules regarding mail ballots differ from state to state which is acceptable. Congress has on occasion stepped in to help create uniform rules and the key point here is that only Congress can do it. President Trump, or any future President, cannot unilaterally implement voting rules which likely makes the March 31st executive order likely unconstitutional and invalid. A review of the details of the executive order reveals more issues with the executive order than just the constitutional defects. The order sought to require a creation of “state citizen lists” of those who are eighteen (18) years of age, confirmed to be United States citizens and who maintain a residence in the state. While the Department of Homeland Security (DHS) and other agencies would be required to share the compiled lists with individual states, it is not clear what the states are supposed to do with the lists. There is also a high risk of error when compiling the lists which could lead to citizens being left off the list although they may be eligible, e.g., due to moving or residence out of state such as for college. Furthermore, there are privacy statutes on the books that would prevent the creation of such lists which was not addressed by the Trump Administration. Additionally, the order would have required states to comply with a mail ballot designed by USPS to be used by all states and for states to notify USPS if and who will be voting by mail in their state at least ninety (90) days before a federal election. This is completely out of bounds of executive and USPS authority as USPS does not have the resources to design a mail ballot. Nor does USPS have the resources to determine who will vote by mail three months before an election occurs. There is no clarity why the Administration wants this. Finally, the most disturbing part of the executive order is that it creates criminal liability for election officials who issue ballots to ineligible voters even if the ballot is never used. And it also grants USPS discretion as to who mail ballots should be delivered to based on who or who is not on the “state citizen lists.” The order contains no notice procedure to alert a person they are being refused delivery of their mail ballot. Nor does it contemplate the time, money and resources on having USPS compare the mail bags they are delivering with “state citizen lists” that have no accuracy protections or provisions. While these practical problems are real it does no disguise the fact that the executive order will likely cause chaos come election time which may be the preference of this Administration. Fortunately, barring any action from the Supreme Court, the preliminary injunction is in place for the time period when the 2026 midterm elections will occur which indicates that Trump’s Executive Order will not be in effect on Election Day. LEARN MORE Your email address will not be published. Required fields are marked * We always appreciate your support. Give once from just $5, or set up a recurring amount. We encourage you to engage. Stay up-to-date on the latest news. Help inform other citizens. USRESIST NEWS is a privately owned news organization. Its reporting views, and opinions reflect the views of its owner/managers. Contact us at editor@usresistnews.org | Privacy policy © 2026 USResist News | Designed and Developed by inConcert Web Solutions",https://www.usresistnews.org/2026/10/01/league-of-women-voters-of-massachusetts-v-trump-and-mail-ballots-part-1-civil-rights-policy-brief-256/
V,"Decoded - Technology Law Insights, V 7, Issue 9, 2026 | Spilman Thomas & Battle, PLLC - JDSupra",2026-10-01 18:02:31,"Welcome to our ninth issue of 2026 of Decoded -- our technology law insights e-newsletter. AI Agents are Rewriting the Rules of Lateral Movement “In May 2026, OpenAI announced that one of its models had disproved a 1946 Erdős conjecture in discrete geometry, largely by working through paths a mathematician would abandon as too tedious.” Why this is important: Relentless. This is perhaps the best description of an AI attempting to accomplish a task. Much has been made about the July 2026 Hugging Face and similar incidents, intrusions which would be difficult for a human operator to match. The technical timeline from Hugging Face reconstructed 17,613 actions grouped into approximately 6,000 clusters. Given enough time (and resources), a human team could likely accomplish the same thing. But not quite like a relentless AI agent given the same goal by their human programmer. The article notes that the persistence of these attacks highlights the central security problem: ""[p]ermissions describe what an identity can access directly. They do not reveal every route an autonomous system may assemble from the identities, credentials, tools, and trust relationships available along the way."" The AI agents are able to see connections that never should have existed. This is exacerbated by the need for AI agents to move laterally in their normal work. So lateral movement alone is no longer the security flag it once was. The article grounds this in hard data: Token Security's research found that 51 percent of external actions taken by agentic chatbots authenticate with hard-coded credentials rather than OAuth, and a separate investigation by METR and Redwood Research found that roughly 1,200 agents meant to run in isolation discovered an unauthorized way to communicate, about 700 of which later joined the attack. The article posits that intent-based security systems can supply the missing context to better identify a harmful/rogue agent. Identity, it argues, is the only control plane that spans every system the AI interacts with, and intent determines whether that access makes sense. The article recommends that security teams: discover every agent (including ""shadow"" agents created outside formal IT processes), assign ownership, map the full access chain, compare access with intent, and enforce continuously. It concludes with the warning that ""[o]rganizations that cannot will learn what their agents can reach only after the agents find it."" --- Christopher M. Green AI Completely Absent from Most Organizations’ Ethics Codes, Survey Finds “Fewer employees say they cite their codes of conduct or use them as a resource, according to LRN, even as workplace misconduct reports increase.” Why this is important: The best employee policies are worthless without execution. Maybe if General Patton was in HR, he would have said this instead of his famous ""[a] good plan, violently executed now, is better than a perfect plan next week."" AI is rapidly changing the workplace, yet fewer than 1 in 10 codes of conduct explicitly address AI or technology ethics, according to the article, and few employees actually use these policies as a resource. The report drew on a survey of 2,000 full-time employees, nearly 1 in 5 of whom said their codes lacked practical guidance. This comes at a time of rising reported workplace misconduct: 55 percent of employees experienced or witnessed misconduct in 2025, up from 41 percent in 2024, and only 66 percent felt they could report it without retaliation, down from 71 percent a year earlier. The article states that this does not necessarily mean that each employer should add an AI section to their code of conduct. Instead, LRN suggests connecting AI back to ethical principles the organization already embraces rather than bolting on standalone AI rules. As LRN puts it, the strongest codes ""help employees navigate emerging risks with practical guidance that is easy to find, easy to understand, and easy to apply."" HR should also treat AI ethics policies as ""living documents"" that adjust to the changing landscape. --- Christopher M. Green Google AI Models Broke Out of Sandbox, Hacked Three Companies “The incidents stemmed from the same testing environment defects that tripped up OpenAI, Anthropic and Meta.” Why this is important: Earlier this year, Google’s Gemini AI models escaped a sandbox during security testing and accessed the real systems of three companies on separate occasions. During a capture-the-flag exercise, Gemini was supposed to attack fictional companies, three of which happened to have names matching real companies. Gemini found public information online and either guessed passwords or discovered valid credentials in a public database, then accessed the real companies’ systems. Google notified the affected companies and denies that Gemini continued its activity after gaining access. The incidents were attributed to weaknesses in the sandbox/testing environment operated by Irregular, an Israeli AI security-testing company. Similar sandbox escapes had previously affected models from OpenAI, Anthropic, and Meta. The fact that multiple major AI labs experienced related sandbox escapes suggests the containment/testing infrastructure itself is an important security concern. Irregular said it notified relevant AI labs in July and had fixed the known sandbox problems within weeks. Google says it also worked with its testing partner to change its testing procedures. However, the incidents illustrate a security problem that goes beyond whether an AI model itself is intentionally malicious: an autonomous model can potentially discover and exploit unintended paths out of its testing environment. The revelations come amid U.S. debates over adequate AI regulation and safety requirements, as well as growing concern about competition and AI security involving Chinese AI systems. --- Jennifer A. Baker Don’t Let AI Distract from Cybersecurity Basics, Officials and Executives Warn “Government and industry leaders said simple attacks remain far more consequential than anything AI is doing.” Why this is important: Artificial intelligence (AI) dominates today's cybersecurity conversation, but leaders speaking at the Billington Cybersecurity Summit earlier this month delivered a different message: the attacks causing the most damage are still the simple ones. Stolen passwords, outdated software, and people tricked into granting access remain the top threats. A Federal Bureau of Investigation official noted that the steps that will stop tomorrow's attacks are the same ones that would have stopped yesterday’s. AI is making criminals faster, but their methods have not changed. Officials from the United Kingdom, New Zealand, and Canada agreed, and the National Security Agency cybersecurity director summed it up: ""AI can't outrun the basics."" The most effective defenses are within reach of any business, regardless of size: keeping software updated, using multifactor authentication, knowing what devices are on the network, and training employees to spot suspicious emails and calls. None of these require the latest AI product. Fundamentals, combined with constant monitoring and people ready to act, are what stop real attacks. New tools should strengthen that foundation, not replace it. --- James E. Dunlap, Chief Information Officer, Spilman Thomas & Battle WeChat Zero-Click Attack Enables Account and Device Takeover Without User Interaction “Chained with other vulnerabilities such as OEMpocalypse, the zero-click attack could enable an attacker to gain root access by exploiting other apps.” Why this is important: This article highlights a type of cyberattack that may surprise, and certainly terrify, readers. This attack took control of an app on the target’s phone without the target clicking a link or downloading an attachment. Threat actors took advantage of a target’s WeChat account simply by calling the target’s phone. It didn’t matter if the target answered the call or not. After taking over the target’s WeChat account, the threat actor could then target others on the target’s friend list, including by sending them messages and calling them through the app. WeChat’s creator, Tencent, reports that it fixed the vulnerability that led to this attack. The article reports on the fact that “super apps” like WeChat are a lucrative target because of their advanced functionality that includes mobile payments, delivery services, messaging, and calling. Taking over a target’s WeChat account could give a threat actor control over many aspects of the target’s life. --- Nicholas P. Mooney II McKesson Cyberattack: Stolen Data Includes 6.4 Million Unique Email Addresses “McKesson, a major U.S. wholesale medical supplies & equipment, pharmaceutical distribution, and healthcare technology solutions company, continues to investigate a cybersecurity incident involving unauthorized access and the exfiltration of sensitive data.” Why this is important: In late August 2026, healthcare distributor McKesson disclosed that criminals had stolen data from its systems. A group called ShinyHunters claimed responsibility and demanded more than $55 million. Independent analysis found 6.4 million unique email addresses in the stolen data, and McKesson says the information may include Social Security numbers, insurance numbers, diagnoses, medications, and payment details. The breach reportedly involved cloud applications run by outside vendors, and ShinyHunters typically gains access by phoning employees and talking them into handing over their logins. Two lessons apply to any business. First, an organization's security is only as strong as the vendors that hold its data, so businesses should know which vendors handle sensitive information and hold them to clear security standards. Second, a convincing phone call can defeat expensive security technology. Employees should verify any unexpected call asking them to reset a password or approve a login by calling back through a known, trusted number. When in doubt, hang up and call IT. --- James E. Dunlap, Chief Information Officer, Spilman Thomas & Battle “The idea is appealing enough that federal researchers investigated it in 2023, concluding that abandoned mine lands offer ‘land, power infrastructure, and mine water cooling’ to data center developers, particularly in a place like Pennsylvania.” Why this is important: The Commonwealth of Pennsylvania is rich in resources: coal, water reserves, fertile land, wildlife, oil reserves, and engaged citizens, among others. The new economic development talk of the small towns in eastern and western Pennsylvania is data centers. One creative option being investigated for data center placement is putting them beneath the soil in the nearly 5,586 abandoned coal mines across the Commonwealth. Researchers at Penn State’s Department of Energy and Mineral Engineering suggest that placing data centers below ground in Pennsylvania’s abandoned mines could serve to repurpose the mines, lead to necessary reclamation and restoration efforts, avoid reported disturbances such as noise complaints, and benefit from natural cooling and underground lakes already associated with several mines. Some abandoned mines already have permits and necessary proximity to the electricity grid, which would reduce additional administrative burden; however, this does not indicate that the grid itself can support the needs of any associated data centers. Mine restoration and curbing the negative effects of abandoned sites, toxic residues, and tainted water supplies are prime priorities for residents who have historical precedent for being opposed to new promises of economic growth through additional ecological sacrifices. The novel approach would still require expert-level analysis and major investment; nevertheless, if data center development is to continue at all, it behooves all parties, communities and developers alike, to cooperatively consider and plan for a safe, sustainable option for long-term success. --- Sophia L. Hines FTC Sues Hims & Hers Over Telehealth Data Practices and Drug Prescribing “One problem is the limited scope of the U.S. Health Insurance Portability and Accountability Act, or HIPAA, which governs the privacy of medical information.” Why this is important: The Federal Trade Commission (FTC) is suing Hims & Hers, a telemedicine company, alleging problems with the handling of patients’ health data, subscriptions, and prescription practices. Hims & Hers disputes the action, calling it an attempt to generate negative publicity. U.S. health privacy rules contain a significant gap that leaves telehealth users exposed because direct-to-consumer medical services often fall outside the scope of HIPAA. The FTC has increasingly targeted online telemedicine companies for allegedly mishandling medical data, sharing consumer information with advertising platforms without consent, and prescribing medications with minimal clinical oversight. Of particular concern is online prescribing of GLP-1 weight-loss drugs. Research cited in the article found that fewer than one-third of nearly 50 websites studied required a live audio or video consultation before prescribing. Some prescriptions could reportedly be approved within minutes, while screening for eating disorders—which can be relevant to these medications—was inconsistent. The article argues that telehealth companies should have to obtain users’ clear, informed consent before collecting or using health information; medical data shouldn't be shared with advertisers without separate permission; potentially risky medications, such as GLP-1 weight-loss drugs, should involve a real consultation with a healthcare professional, rather than relying solely on automated questionnaires; and subscription terms and cancellation procedures should be clear and straightforward. Users can improve their privacy by reviewing policies, blocking trackers, and using privacy-focused browsers, but these measures can't fully solve the problem if companies collect excessive data or share it with third parties. --- Jennifer A. Baker CISA: A Coordinated Cyber Attack by Suspected Iranian Hackers Affected Over 100 Water Systems “The agency specifically linked the attacks to internet-exposed programmable logic controllers used in field operations, typically connected via cellular modems.” Why this is important: We’ve reported in prior issues of Decoded on threat actors targeting critical infrastructure for cyberattacks. This article is significant because it reports on just such an attack. In July, a cyberattack that has been attributed by some to Iranian threat actors affected over 100 water systems in several states, including Michigan, Minnesota, South Dakota, Georgia, New Jersey, and Alabama. The attack targeted water systems of varying sizes, which the article emphasizes is shining a light on security problems at smaller water utilities. These problems cannot be ignored, especially since those smaller utilities make up 81 percent of all U.S. public water systems. Perhaps the most troubling aspect of this attack is that some industry experts and government officials warn that it’s a practice run for a larger campaign of attacks by Iranian threat actors. --- Nicholas P. Mooney II Pennsylvania Governor Orders Strict Requirements for New Data Centers “A new executive order mandates standards on energy affordability, environmental protection, workforce/economic development, transparency, and community engagement.” Why this is important: Pennsylvania Governor Josh Shapiro has issued stricter requirements for new data centers, including developer-funded energy infrastructure, water-saving measures, local workforce promises, community engagement, and transparency regarding energy and water use. AI data centers will be excluded from Fast Track permitting, and nondisclosure agreements will be prohibited. --- Jason Wandling U.S. Economy Hits Pivotal Milestone: Spending on Data Centers and Other Information-Processing Hardware Now Exceeds Housing Investment “Hyperscalers have poured so much money into building as much AI infrastructure as possible—and as quickly as possible—that investment from a handful of companies is expected to reach $1 trillion a year soon.” Why this is important: U.S. investment in data centers and related equipment has overtaken residential investment for the first time, reflecting the growing economic impact of the AI boom. Second-quarter spending on data center equipment reached $752 billion, compared with $748 billion in residential financing. AI infrastructure spending is expected to accelerate further, with capital expenditures by major technology companies projected to exceed $1.3 trillion in 2027. By contrast, housing investment has declined amid elevated interest rates, high construction costs, and constrained demand. --- Jason Wandling State Authorities Warn They Lack Resources to Address Cyber Threat to Critical Sectors “State CIOs and CISOs need additional funding, personnel and training to protect water, energy and healthcare, according to a new report.” Why this is important: This article is significant because it highlights that state and local government officials across the country are reporting that they lack funding, support, and staffing to protect critical infrastructure, like water systems. Pair this article with the other article in this issue of Decoded about Iranian threat actors attacking over 100 water systems across several states earlier this year, and the size of this issue becomes apparent. Cutbacks at the federal level have forced states to be creative in finding ways to protect infrastructure. The White House is trying to assist them with a pilot project to provide resources to state water utilities. Regardless, infrastructure will continue to be a target for threat actors. --- Nicholas P. Mooney II Data Centers are Eating Up Steel. Developers are Now Looking at Timber. “Surging steel costs and longer lead times are pushing data center developers to consider alternatives, Skanska executives said during a webinar.” Why this is important: Rising steel prices and extended lead times are prompting data center developers to consider mass timber as an alternative structural material. Steel prices have increased 25 percent over the past year, while lead times have more than doubled to 55 weeks, driven in part by demand from data centers and semiconductor facilities. Although timber generally carries higher upfront structural costs, its lighter weight and prefabricated construction can reduce foundation, interior, and scheduling costs. Lumber prices have remained comparatively stable, and North American mass-timber manufacturing capacity has expanded. However, higher insurance costs and the need for early design and coordination remain challenges for adoption. --- Jason Wandling DISCLAIMER: Because of the generality of this update, the information provided herein may not be applicable in all situations and should not be acted upon without specific legal advice based on particular situations.
                    Attorney Advertising. © 
                    Spilman Thomas & Battle, PLLC 
                    2026 Share your lateral move experience in our confidential 8-minute survey. Do Not Sell or Share My Personal Information
Cookie Preferences",https://www.jdsupra.com/legalnews/decoded-technology-law-insights-v-7-4502724/
V,Girls Cross Country win Region V Championship - Petersburg Pilot,2026-10-01 17:47:05,"All 6 girls qualify for state; sophomore Andi Mihai only boy to qualify The Petersburg Vikings start the girl's Division III race during the Region V Cross Country Running Championships at Juneau's Treadwell Historic Mine Trail, Saturday, Sept. 26, 2026. The Petersburg Vikings start the girl's Division III race during the Region V Cross Country Running Championships at Juneau's Treadwell Historic Mine Trail, Saturday, Sept. 26, 2026. The Petersburg Vikings start the girl's Division III race during the Region V Cross Country Running Championships at Juneau's Treadwell Historic Mine Trail, Saturday, Sept. 26, 2026. The Petersburg High School Girls Cross Country team claimed the Region V Championship this past weekend in Juneau - their second regional title in three years. The team beat out Wrangell, Craig, Haines and more with a winning score of 11. It wasn't just the fact the team claimed their second regional title, all six girls qualified for state and all of them finished in the top 15. ""If our fastest girl is running her best race, then our second fastest girl is probably gonna end up running her fastest race just because they are all pushing each other and I think they like that,"" head coach Kaylei... Powered by ROAR Online Publication Software from Lions Light Corporation
     © Copyright 2026",https://www.petersburgpilot.com/story/2026/10/01/sports/girls-cross-country-win-region-v-championship/16116.html
V,🚨Confirmed line-ups: Germany have no margin for error v Serbia - Yahoo Sports,2026-10-01 17:43:29,"Munich's Allianz Arena hosts the Matchday 3 clash in UEFA Nations League Group A2 between Germany and Serbia this Thursday, October 1 (18:45 GMT). The German side is desperately chasing its first win under Jürgen Klopp after opening with a 1-1 draw against the Netherlands and an unexpected defeat to Greece. With Kai Havertz sidelined through injury, the coach will freshen up his attack by bringing in Karim Adeyemi, Kevin Schade, and Felix Nmecha. For their part, Serbia arrive in desperate need of points to avoid the threat of relegation, sitting bottom of the group after slipping up at home against Greece and the Dutch national team. The Balkan side will rely on the experience of Filip Kostić and Luka Jović in German football to pull off an upset and spoil Germany's night in Munich. This article was translated into English by Artificial Intelligence. You can read the original version in 🇪🇸 here.",https://sports.yahoo.com/articles/confirmed-line-ups-germany-no-173900122.html
V,Monroe leads the way as Section V places 12 teams in state rankings - Democrat and Chronicle,2026-10-01 17:09:00,"Avon athletic director Andy Englert, who has coached in the Livingston County league for decades, has plenty of praise for small-schools football in Section V. So does the New York State Sportswriters Association, the organization that puts together the most recognized high school football state rankings. The number of teams in Section V that are state-ranked is up to 12, with eight playing in Class B, Class C or Class D. This group includes Monroe and East High/World of Inquiry, a pair of Rochester City School District teams that compete in Class B. Those aren't the teams that come to mind when Englert talks about small-schools football. Englert means teams like Letchworth/Perry/Warsaw, Canisteo-Greenwood and York/Pavilion, which entered the state rankings this week. Victor replaced Webster Schroeder in the Class A state rankings, after the Blue Devils defeated the Warriors last weekend. Here are the New York state football rankings entering the fifth week of the season: Honorable mentions: Pittsford (3-1), University Prep (2-2). Honorable mentions: Canandaigua (4-0), Churchville-Chili (4-0), Webster Schroeder (2-2). Honorable mentions: Dansville/Wayland-Cohocton (3-1), Geneva (3-1), Honeoye Falls-Lima (2-2), Penn Yan/Dundee (3-1), Wayne (3-1). Honorable mentions:East Rochester-Gananda (2-2), Hornell/Arkport-Canaseraga (3-1), Lyons/Sodus (3-1), Midlakes (3-1). Honorable mentions: Avon (2-2), Batavia Notre Dame (3-1), Clyde-Savannah (2-2), South Seneca/Romulus (3-0). Our editors independently choose our recommendations. Some content is produced with paid support from a third party, however our editorial decisions remain independent. If you buy through our links, the USA TODAY Network may earn a commission. Prices and availability may change.",https://www.democratandchronicle.com/story/sports/high-school/football/2026/10/01/section-v-football-teams-in-new-york-state-rankings-for-week-5/92037166007/
V,BETTER LATE THAN NEVER?: Ohio District Court Grants Motion For Reconsideration Six Years After Facebook v. Duguid. - The National Law Review,2026-10-01 17:05:22,"The National Law Review uses cookies to track usage trends and patterns to better understand and improve our website. By using this website and/or clicking on any link on the website, you confirm your consent to the NLR’s placing and usage of cookies. Hi, TCPAWorld! Kelly Sandberg here, with some case law revival, six years after the significant ruling in Facebook v. Duguid emerged. In Phillip Ramsey v. Receivables Performance Management, LLC, Plaintiff Ramsey had previously brought an action in 2016 against Receivables Performance Management, LLC and Howard George (collectively “Defendants”) for violations of the TCPA by using automated technology to call Plaintiff’s cellphone 245 times without his consent. Phillip Ramsey v. Receivables Performance Management, LLC, No. 1:16-CV-1059, 2026 WL 2916680, at *1 (S.D. Ohio Sept. 29, 2026). In 2019, both parties had filed motions for summary judgment and the then-assigned District Judge, Matthew W. McFarland, denied summary judgment to the Defendants and granted Plaintiff partial summary judgment in 2020. Plaintiff was also awarded $122,500.00 for TCPA violations. However, not long after this ruling was made, the Supreme Court decided Facebook, Inc. v. Duguid, 592 U.S. 395 (2021). And just now, almost six years after that ruling, Defendants requested that the Court reconsider the previous decision in light of Duguid. “District courts have authority both under common law and Rule 54(b) to reconsider interlocutory orders and to reopen any part of a case before entry of final judgment.” Rodriguez v. Tenn Laborers Health & Welfare Fund, 89 F. App’x 949, 959 (6th Cir. 2004). Reconsideration may be appropriate under this rule “when there is (1) an intervening change of controlling law; (2) new evidence available; or (3) a need to correct a clear error or prevent manifest injustice.” Id. The Court determined that reconsideration was appropriate here because Duguid resolved a conflict among the Courts of Appeals that was at issue when the Judge McFarland denied summary judgment to the Defendants. Judge McFarland had expressly relied on Allan v. Pennsylvania Higher Educ. Assistance Agency, when making his determination, but after he did so, Duguid resolved the issue of what is considered to be an automatic telephone dialing system, or an auto dialer under the TCPA. Allan v. Pennsylvania Higher Educ. Assistance Agency, 968 F.3d 567 (6th Cir. 2020). In case you’re new around here, Duguid provided that “a necessary feature of an auto dialer under §227(a)(1)(A) is the capacity to use a random or sequential number generator to either store or produce phone numbers to be called.” Duguid, 592 U.S. at 409 (emphasis added). Because of this determination, the Supreme Court had expressly vacated and abrogated the Sixth Circuit’s decision in Allan. In applying Duguid, rather than Allen, the Court determined whether the dialer used by Defendants would qualify as an automatic telephone dialing system, and whether summary judgment was warranted for Defendants. Summary judgment is warranted “if the movant shows that there is no genuine issue as to any material fact and the movant is entitled to judgment as a matter of law.” Fed. R. Civ. P. 56(a). Plaintiff Ramsey contended that the dialer Defendants used qualified as an ATDS, and that this argument was reinforced by a case that predated Duguid. Besides this contention, Plaintiff offered no additional support that would create a genuine issue of material fact to warrant summary judgment in his favor. The Court agreed with Defendants’ argument that summary judgment could not be granted when Plaintiff failed to provide any evidence that Defendants used a random or sequential number generator. Additionally, Defendants had provided affirmative evidence that they did not have a random or sequential number generator, as shown in the facts that Judge McFarland had initially relied upon. The facts supported the conclusion that the dialer did not store or produce phone numbers to be called. That evidence established that Defendant’s electronic database system: (1) maintained telephone numbers as part of identified debtors’ account records; (2) selected accounts for next-day calling based on entered dialing parameters; and (3) that system compiled the selected accounts into “campaigns” (pre-existing lists of telephone numbers) before transferring the campaigns to a Noble Systems, Inc. telephone system – also known as the Noble Predictive Dialer. The Noble Predictive Dialer would then dial campaign numbers by clicking a button to press play to have a list start. The Court determined that the dialer used was an automated dialer that chose from a targeted, predetermined list – NOT an ATDS system. No storing, and no producing here! (Sorry – six years ago!) Ultimately, the Court granted Defendant’s motion for reconsideration, vacated the prior Memorandum Opinion and Order by Judge McFarland, and granted Defendant’s motion for summary judgment. You are responsible for reading, understanding, and agreeing to the National Law Review's (NLR’s) and the National Law Forum LLC's  Terms of Use and Privacy Policy before using the National Law Review website. The National Law Review is a free-to-use, no-log-in database of legal and business articles. The content and links on www.NatLawReview.com are intended for general information purposes only. Any legal analysis, legislative updates, or other content and links should not be construed as legal or professional advice or a substitute for such advice. No attorney-client or confidential relationship is formed by the transmission of information between you and the National Law Review website or any of the law firms, attorneys, or other professionals or organizations who include content on the National Law Review website. If you require legal or professional advice, kindly contact an attorney or other suitable professional advisor. Some states have laws and ethical rules regarding solicitation and advertisement practices by attorneys and/or other professionals. The National Law Review is not a law firm nor is www.NatLawReview.com  intended to be a referral service for attorneys and/or other professionals. The NLR does not wish, nor does it intend, to solicit the business of anyone or to refer anyone to an attorney or other professional.  NLR does not answer legal questions nor will we refer you to an attorney or other professional if you request such information from us. Under certain state laws, the following statements may be required on this website and we have included them in order to be in full compliance with these rules. The choice of a lawyer or other professional is an important decision and should not be based solely upon advertisements. Attorney Advertising Notice: Prior results do not guarantee a similar outcome. Statement in compliance with Texas Rules of Professional Conduct. Unless otherwise noted, attorneys are not certified by the Texas Board of Legal Specialization, nor can NLR attest to the accuracy of any notation of Legal Specialization or other Professional Credentials. The National Law Review - National Law Forum LLC 2070 Green Bay Rd., Suite 178, Highland Park, IL 60035  Telephone  (708) 357-3317 or toll-free (877) 357-3317.  If you would like to contact us via email please click here. We won't sell or share your personal information to inform the ads you see. You may still see interest-based ads if your information is sold or shared by other companies or was sold or shared previously.",https://natlawreview.com/article/better-late-never-ohio-district-court-grants-motion-reconsideration-six-years-after
V,Why is Croatia v England behind closed doors? - Yahoo Sports,2026-10-01 16:59:13,"England's match against Croatia in the Nations League on Saturday will be played behind closed doors in Rijeka. The game will take place in front of a reduced crowd in the same venue in which the two sides met, also behind closed doors, in a 0-0 draw in October 2018. The limited capacity is because of crowd disturbances involving Croatia fans during a Nations League match against France in March 2025. Seven fans were taken into custody on suspicion of making Nazi salutes during the match, and released without prosecution because of a lack of evidence. In their section of Stade de France, where that match took place, Croatia supporters also set off fireworks. On top of that, Croatia were also prohibited from having travelling supporters in their 2-1 win in the Czech Republic last Saturday. While the match is officially being played behind closed doors, there will be some supporters in attendance. Between 3,000 and 6,000 Croatian schoolchildren have been permitted to attend the match at Stadion Riejka. Initially, England fans were not allowed to attend. Following discussions with Uefa and England, the Three Lions were later permitted to have 100 complimentary tickets given to their fans. This article is the latest from BBC Sport's Ask Me Anything team. Do clubs get compensation for player injuries on international duty? Why penalty for Williamson handball was correct call How much money do clubs get for Nations League players? Why are Northern Ireland playing Ukraine in Slovakia?",https://sports.yahoo.com/articles/why-croatia-v-england-behind-165913263.html
V,Visa’s (V) Asset-Light Cash Flow Supports Upside Re-Rating - Yahoo Finance,2026-10-01 16:27:24,"Tip: Try a valid symbol or a specific company name for relevant results Nike stock sinks as company falls short of estimates, says revenue is expected to decline in fiscal 2027 The Dow, S&P 500, and Nasdaq eked out gains in a choppy session as Treasury yields fell Anthropic reportedly looking to IPO as early as mid-November Mortgage rates approach their highest level in 3 years Anthropic study suggests blue-collar workers have decades before robots take their jobs US stocks gained as Micron's upbeat earnings offset rising bond yields A home hub showcasing Siri AI gives the company another reason to envelop new and familiar categories of connected products. Micron tops Q4 estimates on top and bottom lines, offers strong Q1 outlook The Dow and S&P 500 ended September with monthly losses as bond yields climbed The Trump administration is sending $500 refund checks to roughly 1M Americans. Here's who qualifies. Apple stock pops on reported home hub device event. US stocks opened higher as traders pared back Fed rate-hike bets. Cooler-than-expected reading on Fed's favored inflation measure tamps down urgency for rate hikes Private companies added 90,000 jobs last month, besting expectations. Nvidia announced its largest share buyback ever. A look at its balance sheet shows why. AMD will acquire Fei-Fei Li's World Labs for $8.2 billion The Dow, S&P 500, and Nasdaq dropped as a bond sell-off intensified Chip stocks fall as AI breach fuels safety concerns, but Nvidia bucks the trend SpaceX puts Starship into orbit for the first time, deploying 26 Starlink satellites. Stocks fell at the open as US-Iran tensions resurfaced and bond yields jumped The valuation on Nvidia is too appetizing for CEO Jensen Huang to ignore any longer. Nvidia released an AI safety platform aimed at helping AI developers to enforce safeguards on agents, . A survey found that free trials are costing Americans $540 a year, on average Micron earnings and the September jobs report are set to lead market headlines this week New financing rules are about to make buying or selling a condo even more complicated The deeper reason behind the relentless rise in bond yields The AI gold rush is fueling a record corporate bond boom Trump Accounts could help lower-income families most. Few have signed up. The poverty rate is falling, but not for older Americans Banks have profited from idle cash for years. AI agents could change that. Meta has an AI solution to its misunderstood trust problem Big Tech's AI build-out ran to the Middle East. Then the Iran war hit. Consumers keep spending and the economy keeps booming The Dow, S&P 500, and Nasdaq notched weekly wins as the market shrugged off bond turmoil Microsoft CEO Satya Nadella says 'trust is going to be the biggest issue for us' 'Meta is having its moment' as the stock's monster rally vindicates the bulls The Dow, S&P 500, and Nasdaq drifted higher as a bond sell-off eased The contest to establish a network of satellites that work in concert as a data center is an extension of the rivalry playing out among tech giants and frontier AI labs. The major indexes were muted as rising bond yields and oil prices added volatility Mortgage rates are at their highest level in over two years Devices that can listen and record us are becoming more popular, raising privacy concerns. The 30-year Treasury yield rose to its highest level since 2004 on Thursday as stocks fell, raising questions about whether volatility in bond yields could prompt a larger pullback in stocks. Stocks opened lower as investors eyed bond market tumult and the Trump-Xi summit Following a weekend of meetings with Chinese officials, Treasury Secretary Scott Bessent unveiled the idea of an AI ""notification mechanism"" that could lead to a shared vision of the technology between the largest economies in the world. Meta's Zuckerberg says Muse AI agent will take a small fee from transactions The Dow, S&P 500, and Nasdaq sold off as bond yields surged on inflation worries The 10-year Treasury yield rose to its highest level since 2007 on Wednesday. Brent crude oil prices hovered around $96 as analysts warn Trump diesel export ban would 'tighten global supply' The above button links to Coinbase. Yahoo Finance is not a broker-dealer or investment adviser and does not offer securities or cryptocurrencies for sale or facilitate trading. Coinbase pays us for certain activity generated through this link. Prices displayed are informational. PM Capital, an investment management company, released its Q2 2026 investor letter for its ""Global Opportunities Fund."" The letter can be downloaded here. Three themes shaped markets in the June quarter: inflation, artificial intelligence (AI), and government policy. Persistent inflation shifted sentiment, as investors increasingly recognized central banks' difficulty in meeting targets. The AI infrastructure boom lifted growth expectations and investment, echoing the late-1990s TMT boom, while raising concerns about valuation corrections. Government spending amid a cost-of-living crisis added to inflation pressures and complicated the path to lower rates; proposed tax changes could also deter investment. Geopolitical tensions, particularly the US-Israel conflict with Iran, added volatility. Valuation gaps are expected to persist, with long-term returns driven more by valuations than market narratives. In this context, the portfolio gained 12.2% for the quarter, supported by a broad recovery from March lows and positive stock-specific results across several holdings. The quarter contributed to a 32.9% return for the financial year. Additionally, reviewing the Fund's top five holdings could help identify its best picks for 2026. In its second-quarter 2026 investor letter, PM Capital Global Opportunities Fund highlighted Visa Inc. (NYSE:V) as a newly added position. Visa Inc. (NYSE:V) is a multinational financial services company known for its payment technology network that offers credit, debit, and prepaid card products and other services. On September 30, 2026, Visa Inc. (NYSE:V) closed at $359.33 per share, reflecting a market capitalization of $670.89 billion. Visa Inc. (NYSE:V) posted a one‑month return of -4.22%, while its shares gained 2.69% over the past 52 weeks. PM Capital Global Opportunities Fund stated the following regarding Visa Inc. (NYSE:V) in its Q2 2026 investor letter: ""We also added a position in Visa Inc. (NYSE:V) during the quarter, taking advantage of a share price disconnect that we believe has created an attractive entry point into a high-quality compounder. The stock has underperformed the broader market meaningfully over the past six months, driven by a slowing cash-to-card tailwind in developed markets, market perception that a more complex payments landscape is eroding Visa's moat, continuous regulatory pressure, and a broader rotation away from ""quality growth"" names. This pushed valuation to its cheapest level relative to the wider market since 2011 – 21x FY27 earnings, versus a five-year average of 28-30x. In fact, we first bought shares in Visa back in 2011 on this relative valuation disconnect and generated significant returns over the next decade. We view the current discount as overdone relative to the durability of Visa's earnings growth, asset-light cash generation, and multiple potential catalysts (regulatory clarity, Value-Added Services acceleration, and emerging digital payment opportunities tailwinds) to close the gap."" Visa Inc. (NYSE:V) ranks 9 on our list of 40 Most Popular Stocks Among Hedge Funds Heading Into 2026. As per our database, 194 hedge fund portfolios held Visa Inc. (NYSE:V) at the end of the second quarter, which was 181 in the previous quarter. While we acknowledge the potential of Visa Inc. (NYSE:V) as an investment, we believe certain AI stocks offer greater upside potential and carry less downside risk. If you're looking for an extremely undervalued AI stock that also stands to benefit significantly from Trump-era tariffs and the onshoring trend, see our free report on the best short-term AI stock. In another article, we covered Visa Inc. (NYSE:V) and noted that its $405M escrow deposit reduces share dilution, but ongoing legal and cost pressures remain key risks. In addition, please check out our hedge fund investor letters Q2 2026 page for more investor letters from hedge funds and other leading investors. READ NEXT: 33 Stocks That Should Double in 3 Years and 15 Stocks That Will Make You Rich in 10 Years. This article is originally published at Insider Monkey. Tip: Try a valid symbol or a specific company name for relevant results",https://finance.yahoo.com/markets/stocks/articles/visa-v-asset-light-cash-162724538.html
V,"Three big games, three bold predictions for Section V football Week 5 games - Democrat and Chronicle",2026-10-01 16:27:00,"As the calendar turns to October, Section V football is into the meat of its schedule. Sportswriters James Johnson, Justin Ritzel and Jeff Uveino will predict three Section V football games each week. Follow along all season to see how the experts fare. Brighton 28, Churchville-Chili 14: This is one of two matchups between undefeated teams this week (LeRoy/Cal-Mum against Alexander/Pembroke is the other). Churchville-Chili has had a dream season so far, rolling to its first 4-0 start since its 2007 team that earned a No. 1 seed in sectionals. Brighton, though, is the two-time defending champion and will re-affirm that status.",https://www.democratandchronicle.com/story/sports/high-school/football/2026/10/01/section-v-football-predictions-for-regular-season-week-5-of-2026-season/92020440007/?gca-cat=p&gnt-cfr=1
V,Ogden v. Trogden: Separated at Banking - CUTimes,2026-10-01 16:05:24,"This website is using a security service to protect itself from online attacks. The action you just performed triggered the security solution. There are several actions that could trigger this block including submitting a certain word or phrase, a SQL command or malformed data. You can email the site owner to let them know you were blocked. Please include what you were doing when this page came up and the Cloudflare Ray ID found at the bottom of this page. Cloudflare Ray ID: a440881499d4311a
•

        Your IP:
        Click to reveal
52.186.174.145
•

Performance & security by Cloudflare",https://www.cutimes.com/2026/10/01/ogden-v-trogden-separated-at-banking/
V,Clear but Impossible: Satius v. Samsung Moves Inoperable Claims from Indefiniteness to Enablement - Patently-O,2026-10-01 15:10:38,"The Federal Circuit has affirmed invalidity of Satius's wireless-coupler patent, but on a different ground than the district court. Satius Holding, LLC v. Samsung Electronics Co., No. 2025-1446 (Fed. Cir. Oct. 1, 2026). Claim 1 of U.S. Patent No. 6,711,385 recites an apparatus ""for transmitting electric or electromagnetic signals over air."" Everyone agrees the first option is impossible: electromagnetic signals travel through air; electric signals do not. Magistrate Judge Burke (D. Del.) held the claims indefinite on that basis. Chief Judge Moore's opinion for the panel (joined by Judges Lourie and Hughes) rejects that reasoning, holding that a claim can be clear about its scope even when part of that scope is physically impossible. The court then held the claims invalid for lack of enablement, an issue the district court had found waived. Judge Hughes previewed the result at oral argument: ""If I claim the transporter from Star Trek, everybody knows what I'm claiming. It's impossible. But it's impossible because it's not enabled, not because it's indefinite."" The panel's precedential opinion adopts that view. To continue reading, become a Patently-O member. Already a member? Simply log in to access the full post. Law Professor at the University of Missouri School of Law.			
				View all posts by Dennis Crouch → Patently-O Paid MembershipJoin thousands of patent law professionals Manage your AccountReset your password, Manage Subscriptions, Force logout. Free Daily E-MailAbout 25,000 individuals now receive Patently-O via e-mail each morning. Find a patent jobWe regularly post top patent jobs from leading firms, corporations, and government and educational institutions. Submit a patent jobFind a patent professional among the 15,000+ monthly visitors of the job board, many of whom are patent professionals at large firms and corporations. Request a Free MembershipStudents, professors, judges and their clerks, and folks making <$75k annual income all qualify.",https://patentlyo.com/patent/2026/10/clear-but-impossible-satius-v-samsung-moves-inoperable-claims-from-indefiniteness-to-enablement.html
V,Vishay Intertechnology Introduces 650 V Superjunction MOSFET Power Modules in SOT-227 Package - Quiver Quantitative,2026-10-01 15:10:00,"Backtested trading strategies built on Quiver's datasets Be the first to see our newest insights and key updates across all datasets Track the top-performing stock portfolios held by U.S. politicians in Congress Find stocks with ease across diverse datasets and filters Build and test your own strategies, using Quiver's Congressional trading datasets Build and test your own strategies, using Quiver's Institutional holdings datasets Our video reports and analysis, with early access to exclusive, subscriber-only videos Vishay launched four 650 V superjunction MOSFET power modules for efficient power conversion in various industrial applications. Vishay Intertechnology has announced the introduction of four new power modules featuring 650 V superjunction MOSFETs in the SOT-227 package, designed for high-efficiency power conversion in various industrial applications. The new models, VS-FC50SA65, VS-FC100SA65, VS-FC150SA65, and VS-FC50LA65, include three with single-switch configurations rated for 50 A, 100 A, and 150 A, and one low side chopper device rated at 50 A, integrating a 650 V SiC diode. These modules optimize the tradeoff between on-resistance and gate charge, reducing power losses while enhancing switching performance, making them suitable for use in DC/DC converters and DC/AC inverters across diverse applications such as solar power inverters, charging stations, and medical imaging equipment. They operate in a wide temperature range of -55 °C to +150 °C, and their SOT-227 package allows for easy integration into existing designs without requiring PCB modifications. Sample and production quantities are currently available with a 12-week lead time. Vishay launched four new power modules featuring 650 V superjunction MOSFETs in SOT-227 package configurations. The current ratings for the new modules are 50 A, 100 A, and 150 A in single-switch configurations, plus a 50 A low side chopper. The modules are ideal for solar inverters, fuel cell systems, UPS, lighting systems, and medical imaging equipment. The power modules can operate in a wide temperature range of -55 °C to +150 °C. The SOT-227 package allows for drop-in replacements, eliminating the need for costly PCB redesigns. Disclaimer: This is an AI-generated summary of a press release distributed by GlobeNewswire. The model used to summarize this release may make mistakes. See the full release here. $VSH had revenues of $888.6M in Q2 2026. This is an increase of 16.57% from the same period in the prior year. You can track VSH financials on Quiver Quantitative's VSH stock page. You can access data on VSH stock through the Quiver Quantitative API. We have seen 291 institutional investors add shares of $VSH stock to their portfolio, and 142 decrease their positions in their most recent quarter. To track hedge funds' stock portfolios, check out Quiver Quantitative's institutional holdings dashboard. You can access data on hedge funds moves and 13F filings through the Quiver Quantitative API 13F endpoint. Offered in Single-Switch and Low Side Chopper Configurations, Devices Feature Latest 650 V Superjunction MOSFET Technology for an Optimized R
    
     DS(on)
    
    -Q
    
     g
    
    Tradeoff MALVERN, Pa., Oct.  01, 2026  (GLOBE NEWSWIRE) -- Vishay Intertechnology, Inc. (NYSE: VSH) today introduced four new power modules featuring 650 V superjunction MOSFETs in the industry-standard SOT-227 package. Designed to deliver an optimized balance between conduction and switching losses, the Vishay Semiconductors
  
   VS-FC50SA65
  
  ,
  
   VS-FC100SA65
  
  ,
  
   VS-FC150SA65
  
  , and
  
   VS-FC50LA65
  
  support high efficiency power conversion in industrial applications. The power modules released today include three devices in a single-switch configuration with nominal current ratings of 50 A, 100 A, and 150 A, as well as a 50 A device in a low side chopper configuration that integrates a 650 V SiC diode. All four components leverage the latest high efficiency 650 V superjunction MOSFET technology to achieve a highly competitive tradeoff between on-resistance and gate charge. This allows designers to reduce power losses while maintaining fast switching performance. The VS-FC50SA65, VS-FC100SA65, VS-FC150SA65, and VS-FC50LA65 will be used as DC/DC converters and DC/AC inverters in solar power inverters and hydrogen generation and fuel cell systems; auxiliary electronics and energy transportation within HVDC infrastructure; charging stations; switch mode power supplies and welding and cutting equipment; UPS, lighting systems, and rail power supplies; and medical imaging equipment such as X-ray and MRI systems.
  

  For the challenging environments of these applications, the power modules offer a wide temperature range of -55 °C to +150 °C. For existing designs, the devices’ SOT-227 package provides a drop-in replacement for competing solutions, lowering costs by eliminating the need for PCB redesigns. Sample and production quantities of the VS-FC50SA65, VS-FC100SA65, VS-FC150SA65, and VS-FC50LA65 are available now with lead times of 12 weeks. Vishay manufactures one of the world’s largest portfolios of discrete semiconductors and passive electronic components that are essential to innovative designs in the automotive, industrial, computing, consumer, telecommunications, military, aerospace, and medical markets. Serving customers worldwide, Vishay is
  
   The DNA of tech.
  

   ®
  
  Vishay Intertechnology, Inc. is a Fortune 1000 Company listed on the NYSE (VSH). More on Vishay at
  
   www.Vishay.com
  
  . The DNA of tech
  

   ®
  
  is a registered trademark of Vishay Intertechnology, Inc. Vishay on Facebook:
  

   http://www.facebook.com/VishayIntertechnology
  


   Vishay Twitter feed:
  

   http://twitter.com/vishayindust Links to product datasheets:
  


   http://www.vishay.com/ppg?97328
  
  (VS-FC50LA65)
  

   http://www.vishay.com/ppg?97321
  
  (VS-FC50SA65)
  

   http://www.vishay.com/ppg?97316
  
  (VS-FC100SA65)
  

   http://www.vishay.com/ppg?97317
  
  (VS-FC150SA65) Link to product photo:
  


   https://www.flickr.com/photos/vishay/albums/72177720335683165 For more information please contact:
  

  Vishay Intertechnology
  
  Peter Henrici, +1 408 567-8400
  

   peter.henrici@vishay.com
  

  or
  
  Redpines
  
  Bob Decker, +1 415 409-0233
  

   bob.decker@redpinesgroup.com Add Quiver Quantitative to your preferred sources on Google Be the first to react to congressional trades, insider buys, and government
        contracts — within moments of being filed.",https://www.quiverquant.com/news/Vishay+Intertechnology+Introduces+650+V+Superjunction+MOSFET+Power+Modules+in+SOT-227+Package
V,The Japanese V-Twin Engineered To Outlive Its Owner - Top Speed,2026-10-01 14:31:15,"Subscribe to the TopSpeed newsletter to never miss an update A V-twin engine holds a very distinctive place in motorcycling history. American cruiser bikes are defined by their rumbling V-twin engines. The Ducati Panigale V2, the Aprilia RSV Mille, and the KTM RC8 are sportbikes that showcase the wild side of V-twin engines. Although more complex than a parallel-twin engine, V-twins (in existence since 1902) have shown notable refinement and durability. Who better to highlight these features than Japanese motorcycle makers, known for precision engineering? As a result, many Far East V-twin engines are designed to last much longer than their counterparts. The engine that interests us is a modern V-twin that has been around since 1983 and currently powers a timeless Honda cruiser bike. This is because Japanese motorcycle makers combine precision manufacturing tolerances, conservative engine tuning, and the philosophy of Kaizen (continuous refinement) in their engineering. The result is a relatively concise yet long-lasting lineup of V-twin-powered motorcycles. A V-twin engine is more adaptive than a comparable parallel-twin mill. They offer a narrower frontal profile, stronger low-end torque, and a lower center of gravity. This is why a V-twin engine works well on low-slung cruisers and nimble, urban-ready streetfighters. Beyond reliability, V-twins also add drama with a distinctive sound and visually pleasing design. Japanese V-twin engines, especially the long-standing ones, offer a balance of traditional and modern features that help them stay relevant for longer. Most V-twin engines in the Japanese portfolio are 20-plus years old and from Suzuki. The Boulevard C50 V-twin is 25 years old, the SV650 V-twin is 27 years old, and the mighty M109R power cruiser's V-twin is 20 years old. Interestingly, the youngest V-twin Japanese cruiser bike engine is the Yamaha Bolt R-Spec's 13-year-old 942 cc air-cooled mill. These long-lasting engines have stayed relevant for so long thanks to the manufacturer's formula of subtly updating them over the years with the necessary components. The most common upgrade is swapping carburetors for fuel injection. This adds a much-needed refresh without hampering reliability or refinement. Among the timeless bunch, the Honda Shadow Phantom stands out because its V-twin engine is a core design that is over 40 years old and has yet to show its age. The Honda Shadow V-twin engine's origin story dates back to the 1980s. Honda launched the 1983 VT750C with a liquid-cooled 45-degree SOHC V-twin. It had a displacement of roughly 749 cc, three valves per cylinder, and a six-speed manual gearbox with a final shaft drive. Then, due to US import tariffs imposed in 1984 on motorcycles over 701 cc, Honda temporarily downsized this engine to 700 cc on the VT700C. The next evolution came in 1998 with the return of the 750 cc V-twin on the Shadow ACE. Honda also changed the V-twin angle to 52 degrees for better balance. This engine has soldiered on without any major updates to date. The 750 cc V-twin is based on the 600 cc Shadow VLX 52-degree mill and was enlarged to 750 cc by increasing the bore by 4 mm and the stroke by 10 mm. Reliability is well catered for here with a simple engineering design featuring a SOHC layout, three valves per cylinder, and a low compression ratio. Add a low-stress performance tune to the mix, and we have an engine that can virtually go on forever with timely maintenance and preventive care. Honda also helps keep this mill relevant to 2026 standards with fuel injection that boosts refinement and helps meet modern emission standards. The latest iteration of this 745 cc liquid-cooled V-twin produces 44.9 horsepower at 5,500 RPM and 47.9 pound-feet of torque at 3,500 RPM. It has a 9.6:1 compression ratio, and the power curve is linear yet meaty at the lower end. Power goes to the rear wheel through a five-speed manual gearbox and a final shaft drive system. The Shadow Phantom doesn't look outdated in 2026 because of its custom touches. This ten-year-old design still looks sharp thanks to blacked-out elements on almost every component. Honda seems to have taken a lot of inspiration from the 1950s Indian Chief. Notable cues include the low-slung, muscular design, a minimal headlamp enclosure, and the padded, scooped solo seat. Its dual-tone paint job on the teardrop fuel tank adds more visual drama. It also gets bobber-inspired chopped fenders that give those chunky tires a more dynamic presence. This design approach also helps the Shadow Phantom age better than its rivals. Its closest counterpart is the cool-looking Kawasaki Vulcan 900 Custom that fuses chopper styling with Japanese longevity. It also has a larger, long-standing 903 cc V-twin and cuts an attractive figure. But the Vulcan 900 is larger and heavier, making it better suited to the highway. The Shadow Phantom edges ahead for urban duties. Also, the Kawasaki costs more at $9,999. Then there's the Suzuki Boulevard C50, which leans more towards the classic side with lots of chrome and full-sized fenders. However, it's a bit too traditional, and features like pulled-back handlebars and floorboards make it more comfortable on highways only. While the Boulevard C50 is priced the same as the Honda Shadow Phantom ($9,299), it falls behind because Suzuki discontinued it for 2026. Despite staying true to the quintessential low-slung, stretched-out cruiser stance, the Honda Shadow Phantom is still relatively compact. It has a 64.5-inch wheelbase and a low seat height of 25.6 inches. The low seat height and five-inch ground clearance lower the center of gravity, aiding stability. The rider sits low and relaxed, with slightly forward-set footpegs and tall, wide handlebars. It also weighs a manageable 553 pounds, making it a comfortable daily runabout. The seat is well-scooped and padded to support long rides. Sturdy and proven underpinnings complement its near-immortal V-twin. The Shadow Phantom sits on a simple double-cradle steel frame that cocoons the V-twin. It is suspended by 41 mm forks up front with 5.5 inches of travel. The rear gets preload-adjustable twin shocks with 3.5 inches of travel. Braking is handled by a 296 mm disc coupled to a two-piston caliper up front. The rear gets a 276 mm disc coupled to a single-piston caliper. Fairly chunky 120/80 front and 160/80 rear tires, mounted on 17-inch front and 15-inch rear laced wheels, help the bike handle highway speeds and winding roads with confidence. There are no complex electronics here. This not only helps the Shadow Phantom stay timeless but also helps it be a comfortable first motorcycle for newbies. The onboard features are very basic, with the only notable feature being dual-channel ABS. Its instrument cluster is as simple as it gets: a large analog speedometer with a tiny bottom-mounted LCD to display data, including trip details. The absence of TFT screens and extensive driver-assist features keeps the overall build simple, too. This makes it easier and more affordable to repair. We want to hear from you. Share your perspective in the comments below, and please keep the conversation respectful. I have noticed there seems to always be some prejudice in your reviews. I own a 1998 Kawasaki Vulcan 1500 classic with over 100,000 miles and still see many on the road but have never seen any mention in your reviews. Aside from normal maintenence  these bikes are well built  and will last with just normal maintenence. By subscribing, you agree to receive newsletter and marketing emails, and accept our Terms of Use and Privacy Policy. You can unsubscribe anytime.",https://www.topspeed.com/japanese-v-twin-engineered-outlive-its-owner/
V,Man City v Arsenal: Everything to Play For | The Huddle Ep 6 | Barclays WSL 26/27 - WSL Football,2026-10-01 14:00:24,"Welcome back to The Huddle - your home for all things Barclays Women’s Super League, Barclays WSL 2, and Fantasy Football! Hosts Anita Abayomi, Rosalie Ademoroti, and Harriet Prior break down an intense London Derby, look ahead to a massive top-of-the-table clash between Manchester City and Arsenal, and celebrate the conclusion of Fantasy Leg 1. 00:00 Welcome & End of Leg 1 Reflections00:01:50 Arsenal 1-2 Chelsea: London Derby Breakdown00:05:25 Manchester United 2-1 West Ham: First Win & Geyse Performance00:07:30 Crystal Palace 3-3 Tottenham Hotspur00:07:55 Newcastle United 4-0 Leicester City & Martha Thomas00:10:15 Sheffield United 4-1 Durham & Amy Andrews Hat-Trick00:12:15 Preview: Man City vs. Arsenal00:15:55 Preview: Tottenham Hotspur vs. London City Lionesses00:18:05 Barclays WSL 2 Previews: Leicester City vs. Portsmouth & Sheffield United vs. Ipswich Town00:20:25 International Break Reset: Aston Villa, Arsenal & Bristol City00:26:15 Season Recaps: Surprise Player, Top Fantasy Pick & Best Goal00:30:40 Worst Take of the Season & Fantasy Mini-League Standings00:34:30 Fantasy Transfers for Leg 200:36:35 Black History Month Celebration: Anita Asante00:38:45 Outro & Leg 2 Fantasy Mini-League Code 7PUEDND1 The Official YouTube channel of the Barclays WSL with exclusive news, match highlights, player profiles and more. Facebook: https://www.facebook.com/BarclaysWSLX: https://twitter.com/BarclaysWSLInstagram: https://www.instagram.com/barclayswslTikTok: https://www.tiktok.com/@barclayswsl Download the new WSL Football app today: https://www.wslfootball.com/news/wsl-football-launches-official-app-made-for-fans-by-fans Want the latest news, fixtures and announcements delivered to your inbox every week? Sign up now https://www.wslfootball.com/signup?utm_source=YouTube&utm_medium=LiveMatch&utm_campaign=New",https://www.wslfootball.com/video/man-city-v-arsenal-everything-to-play-for-the-huddle-ep-6-barclays-wsl-26-27
V,"Barner, Barlow and Howe are Section V Athletes of the Week presented by Turf Masters - Democrat and Chronicle",2026-10-01 12:33:00,"These are the Section V Athletes of the Week for September 21-27 presented by Turf Masters. Terrence Barner received over 7,000 votes. The Monroe senior had a rushing touchdown, while gaining 81 yards on four carries, caught a pass for a 32-yard touchdown and intercepted a pass during a 58-0 win over Honeoye Falls-Lima. Anna Barlow received nearly 3,000 votes. The Perry volleyball junior led the Yellowjackets to two victories over defending Section V champions, including nine aces, 15 kills and 15 digs in a five-set thriller against reigning state champion York. Also totaled seven aces, nine kills and 21 digs in a win over CG Finney. Aiden Howe received over 2,000 votes. The Keshequa soccer player totaled four goals in the Wildcats’ victory over Andover-Whitesville. During the fall season, the polls launched on Mondays at democratandchronicle.com to determine the Athlete of the Week from the previous week’s top performances. Your vote determined who was honored as Section V’s best. The poll was live until 8 p.m. Wednesday. The winner was announced first on our Instagram page, found at instagram.com/dandcsports. Our editors independently choose our recommendations. Some content is produced with paid support from a third party, however our editorial decisions remain independent. If you buy through our links, the USA TODAY Network may earn a commission. Prices and availability may change.",https://www.democratandchronicle.com/story/sports/high-school/athlete-of-the-week/2026/10/01/section-v-athletes-of-the-week-presented-by-turf-masters-for-sept-21-27/91992710007/
V,A.M. ATL: Atlanta v. Atlanta - The Atlanta Journal-Constitution,2026-10-01 10:41:21,"Morning, y’all! Did you say “bunny rabbits” this morning? My kindergarten teacher told me if that’s the first thing you say on the first day of the month, you’ll get a present. Apparently the actual tradition requires you to say “rabbit rabbit,” or even “bunny bunny,” to get 30 days of good luck. I like to cover all my bases. *But first, check out this week’s episode of “Flagship”!* On a recent trip to Texas for another story, politics reporter Greg Bluestein made an important pit stop: to investigate the other Atlanta. Atlanta in East Texas is named after our Atlanta in Georgia. The settlers who landed there in the late 1800s named their new town after their former hometown. Despite the confusion it can cause, the Texas Atlantans have no interest in their town becoming more like the Georgia Atlanta. “Everything moves a little slower around here,” the mayor said, “and we want it to stay that way.” 🔎 READ MORE: Welcome to the other Atlanta. No, the other one. Not signed up yet? What’re you waiting for? Get A.M. ATL in your inbox each weekday morning. And keep scrolling for more news. It’s a classic tale of neighborhood vs. nightlife, with a spooky twist. Lacy’s reps didn’t respond to a request for comment, but I’ll leave you with my favorite lyric from his 2022 song “Bad Habit”: “You can’t surprise a Gemini, but you know — it’s biscuits, it’s gravy babe.” 🔎 READ MORE: Chastain Park group says planned Halloween night show more trick than treat It’s hard to believe that a year ago, Amir Gilbert was sitting in the DeKalb County Jail facing felony charges. Now, the 22-year-old has his first job and the charges were dropped, thanks to a pretrial diversion program in DeKalb County. 🔎 READ MORE: He faced felony charges. Now, DeKalb is giving him a second chance. ⛽ Georgia gubernatorial candidates on gas prices: Keisha Lance Bottoms would lower the gas tax and cut a surcharge on auto insurance premiums. Rick Jackson would suspend the tax during sharp price spikes and cut state taxes on residential electricity and natural gas. 🗳️ Brad Raffensperger wants to build confidence in the state’s elections at a time when the people running them are on edge. Now in the final months of his run as secretary of state, he continues to resist federal intervention in the electoral process — an effort that dates back to 2020 for the Republican. 🗎 An ethics complaint against Fulton County Manager Dick Anderson has been withdrawn, and a previous complaint failed to move forward. The alleged violations related to a dispute with an HOA. It was an expensive summer for travel — but that didn’t stop lobbyists from spending nearly $85,000 on trips for Georgia lawmakers. 🔎 READ MORE: Lobbyists spend big on Georgia lawmakers’ summer travel Georgia public school students ahead of their peers nationwide on SAT scores Atlanta’s Rashaun Williams gets full-time ‘Shark Tank’ status in his own town FTC is investigating OpenAI and Anthropic over possible risks to consumers Most women with breast cancer don’t have a family history of it Here’s a chilling fact for your morning: About 80% of breast cancers develop in women with risk factors other than being female and over 40. Get your screenings! From forests to flight, new commission to study Georgia’s biofuel potential Carter Library dedicated amid pomp. President Reagan today readily acknowledged that he does not share much political ground with Jimmy Carter, but he praised his predecessor for his dedication to fundamental American values ... “You gave yourself to your country,” Reagan said, “gracing the White House with your passion and intellect and commitment.” I can’t say much now, but check AJC.com after 8 a.m. today for some news about the Atlanta Beltline. Thanks for reading to the very bottom of A.M. ATL. Questions, comments, ideas? Contact us at AMATL@ajc.com. Cassidy Alexander covers Georgia education issues for the AJC. She previously covered education for The Daytona Beach News-Journal, and was named Florida's Outstanding New Journalist of the Year. These cookies are necessary for the site to function and cannot be switched off using this system. These cookies are usually only set in response to actions made by you such as setting your privacy preferences or accessing your account. You can set your browser to block or alert you about these cookies, but some parts of the site may not work if you do so. These cookies enable the site to provide enhanced functionality and personalization, including services and tools we have added to the site that are provided by other parties. If you do not allow these cookies, then some or all of these services or tools may not function properly. These cookies allow us to count visits and traffic on the site so we may understand how people use our site and improve its performance. These cookies may be placed on our site by us (or by our vendors) to collect analytics, statistics, and other information about how you and others use the site. As a California consumer, you have the right to opt-out from the sale or sharing of your personal information at any time across business platform, services, businesses and devices. You can opt-out of the sale and sharing of your personal information by using this toggle switch. As a Virginia, Utah, Colorado and Connecticut consumer, you have the right to opt-out from the sale of your personal data and the processing of your personal data for targeted advertising. You can opt-out of the sale of your personal data and targeted advertising by using this toggle switch. For more information on your rights as a United States consumer see our privacy notice. These cookies may be set through our site by our advertising partners to build a profile of your interests and show you relevant ads on other sites. They uniquely identify your browser and internet device, but do not directly store information such as your name or contact details. If you do not allow these cookies, you will experience less targeted advertising. These cookies may be set by us or our advertising partners to deliver content and advertisements that are more relevant to your interests. They work by identifying your browser and device, tracking your activity across sites and apps, and building a profile of your interests. They may be combined with other information held by our partners. If you do not allow these cookies, you will still see ads, but they may be less relevant.",https://www.ajc.com/news/2026/10/am-atl-atlanta-v-atlanta/
V,Commanders QB Jayden Daniels limited in Week 4 practice v. Colts - Yahoo Sports,2026-10-01 09:56:51,"Washington Commanders' quarterback Jayden Daniels was limited with a left elbow injury in the team's first practice ahead of Sunday's matchup with the Indianapolis Colts in London. Daniels suffered a dislocated elbow in the Commanders' Week 2 loss to Dallas. He did not play last week against Seattle. According to Nicki Jhabvala of The Athletic, Commanders' head coach Dan Quinn said that the team wants to see how Daniels looks in practice this week before deciding whether or not he will play against the Colts. As a rookie during the 2024 season, Daniels helped lead the Commanders to the NFC Championship Game. An elbow injury in 2025 limited him to only seven games. For his career, he's completed 66% of his passes for 5,090 yards with 36 touchdowns to 12 interceptions. If Daniels can't go, the Commanders will again turn to Marcus Mariota, who led Washington to victory in Week 3 over Seattle. This article originally appeared on Colts Wire: Commanders QB Jayden Daniels limited in Week 4 practice v. Colts",https://sports.yahoo.com/articles/commanders-qb-jayden-daniels-limited-095651482.html
V,Individual tickets for home match v AC Milan available - Yahoo Sports,2026-10-01 08:54:00,"Our next home match is also our first home game of the current UEFA Europa League season - and it brings a huge name to town! On Thursday, October 15, at 18:45 CEST, we host AC Milan. In addition to the 4-match packages (covering all four home games at the best price), which remain available for purchase, individual tickets for the clash against the Italian side are now available online in our ticket shop for registered users! Simply click the link below and log in to your account to secure your seats. You must have registered by 2 September 2026. If you encounter any issues while purchasing tickets or logging in, or if the match does not appear in your account, please contact our ticketing team at tickets@redbullsalzburg.at Reduced price: For schoolchildren, apprentices, students, pensioners, military recruits and those performing community-based national service, youngsters (aged between 14 and 17) and disabled people Teenscard: For those aged between 14 and 17, valid only in the North Curve Salzburg & Bullidikidz Curve Children's price: Valid from the age of 6 up to the age 13 When purchasing paper tickets on site, a €2 processing and service fee will be added. Digital tickets are excluded from this. For reduced tickets and children's tickets, ID must be shown on entering the stadium!All prices are in Euro and include taxes. Until the home opener, you can still secure our four-match package and see our four UEFA Europa League home matches for the best possible price. Premium season-ticket holders will have the four-ticket package automatically booked for the respective seat, and the amount, including a 20 percent discount, will be automatically debited from their account. Reduced price: For schoolchildren, apprentices, students, pensioners, military recruits and those performing community-based national service, youngsters (aged between 14 and 17) and disabled people Teenscard: For those aged between 14 and 17, valid only in the North Curve Salzburg & Bullidikidz Curve Children's price: Valid from the age of 6 up to the age 13 Season ticket discount: Holders of Basic season tickets were able to book their season ticket seats at a special price with a 10% discount on the above prices until 8 September. Holders of Premium season tickets will automatically receive a 20% discount on the above prices for their existing seats. When purchasing paper tickets on site, a €2 processing and service fee will be added. Digital tickets are excluded from this. For reduced tickets and children's tickets, ID must be shown on entering the stadium!All prices are in Euro and include taxes.",https://sports.yahoo.com/articles/individual-tickets-home-match-v-085400853.html
V,Congress Advances Permanent $7.5 Million Subchapter V Threshold Giving More Small Businesses Access to Streamlined Chapter 11 - ArentFox Schiff,2026-10-01 05:00:00,"US Congress has passed legislation with the potential to significantly expand the availability of subchapter V, the streamlined and less expensive version of Chapter 11 reorganization created for “small businesses.” The debt ceiling for eligibility would rise from roughly $3.4 million to $7.5 million, restoring on a permanent basis a higher limit that existed temporarily during the pandemic before lapsing in 2024. A parallel change would expand Chapter 13 eligibility for individuals. The bill has passed both houses of Congress and is waiting to be sent to the president. Before the higher limits take effect, the bill must be signed by the president, and, importantly, the new limits would apply only to cases filed on or after the date of enactment. For any business whose debts fall between the old and new thresholds, the timing of a bankruptcy filing has therefore become a threshold strategic question. On September 16, the US House of Representatives passed H.R. 7730, the Bankruptcy Threshold Adjustment Act, by voice vote. The US Senate had earlier passed the companion measure, S. 3977, by unanimous consent on August 3. The House version of the bill was approved by the Senate on September 28 and is waiting to be sent to the president for signature. Once enacted, the legislation will permanently raise the debt eligibility ceiling for subchapter V of Chapter 11 of the Bankruptcy Code from $3,424,000 to $7,500,000 and will replace the bifurcated Chapter 13 debt limits with a single $2,750,000 combined cap, thereby significantly expanding access to streamlined restructuring tools for small and mid-sized businesses and individual debtors alike. Subchapter V, created by the Small Business Reorganization Act of 2019, was designed to provide a faster, less expensive path to reorganization for small business debtors. The CARES Act temporarily raised the debt ceiling to $7,500,000 in response to the COVID-19 pandemic, and the Bankruptcy Threshold Adjustment and Technical Corrections Act of 2022 (BTATCA) extended that limit through June 21, 2024. When the BTATCA provisions sunset, the eligibility cap reverted to its lower, inflation-adjusted level, currently $3,424,000. The impact of subchapter V on small business restructuring has been substantial. From an initial 1,361 elections in its abbreviated first year, utilization has grown steadily: 1,425 elections in 2021, 1,553 in 2022, 2,114 in 2023, 2,582 in 2024, and 2,549 in 2025. The first half of 2026 saw a dramatic acceleration, with 1,663 subchapter V elections representing a 50% increase over the 1,107 recorded in the first half of 2025. July 2026 saw 234 subchapter V elections, a 24% year-over-year increase, and August 2026 produced 302 elections, a 63% increase over August 2025, even as overall commercial Chapter 11 filings rose just 1%. This pattern indicates that smaller businesses are increasingly feeling a disproportionate amount of financial pressure, making the availability of subchapter V’s relief loom larger than ever. Subchapter V achieves its efficiency through several structural features that distinguish it from traditional Chapter 11. No creditors’ committee or disclosure statement. Unless the court orders otherwise for cause, there is no appointment of a creditors’ committee and no requirement to prepare or seek approval of a disclosure statement, eliminating two of the most expensive and time-consuming elements of conventional Chapter 11 practice. (11 U.S.C. § 1181(b)). A facilitative trustee. While the debtor remains in possession and continues to operate its business throughout the case, a standing trustee is appointed whose job is to help shepherd the case through subchapter V and ideally secure a consensual reorganization. (11 U.S.C. § 1183). Accelerated timelines. The court must hold a status conference within 60 days of the order for relief, and the debtor must file its plan within 90 days. Only the debtor may file a plan, precluding competing plans that can delay traditional cases. (11 U.S.C. §§ 1188, 1189). Modified absolute priority and equity retention. If a consensual plan cannot be achieved, the debtor may obtain confirmation over the objection of impaired classes by committing all projected disposable income over a three-to-five-year period. Critically, this “cramdown” mechanism allows existing owners to retain their equity interests — an outcome generally unavailable in traditional Chapter 11 without a “new-value” contribution or full payment of dissenting classes. (11 U.S.C. § 1191). Companion bills were introduced in both chambers of Congress in early 2026: H.R. 7730 by Representative Ben Cline (R-VA) on February 26 and S. 3977 by Senator Chuck Grassley (R-IA) on March 3 with bipartisan cosponsors. The legislation makes three principal changes to the Bankruptcy Code. The practical consequences of the higher threshold do not run in only one direction. Subchapter V is deliberately debtor-friendly, and raising the ceiling to $7,500,000 means that lenders, trade vendors, landlords, and equipment lessors will encounter the subchapter in credits they previously assumed would be administered as conventional Chapter 11 cases. Creditors holding exposure to borrowers in the roughly $3.4 million to $7.5 million range should understand how the procedural landscape changes. No committee means no estate-funded collective voice. In a conventional Chapter 11 case, an official committee of unsecured creditors investigates the debtor, negotiates on behalf of the class, and does so with professionals paid from the estate. In subchapter V, no committee is appointed unless the court orders otherwise for cause. (11 U.S.C. §§ 1102(a)(3), 1181(b)). Unsecured creditors who want a meaningful voice will generally have to monitor the case and fund their own counsel, which can make individual participation uneconomic for smaller claims and increases the risk that a plan is confirmed without organized opposition. A compressed timeline shortens the diligence window. The court must convene a status conference within 60 days of the order for relief, and the debtor must file a plan within 90 days. (11 U.S.C. §§ 1188, 1189). Because no disclosure statement is required absent a court order, creditors will often receive less written information and receive it later than they would in a traditional case. (11 U.S.C. § 1181(b)). Evaluating feasibility, projections, and claim treatment on that schedule requires creditors to engage early rather than waiting for a solicitation package. Dissent no longer blocks confirmation in the same way. Subchapter V dispenses with the requirement of at least one consenting impaired class and with the conventional absolute priority rule. (11 U.S.C. § 1181(a)). On the debtor’s request, a plan may be confirmed over the objection of every impaired class so long as it does not discriminate unfairly and is fair and equitable, which for these purposes generally means committing projected disposable income, or property of equivalent value, over three years or such longer period up to five years as the court fixes. (11 U.S.C. § 1191(b)–(c)). The practical effect is that unsecured recoveries are measured by the debtor’s projected cash flow rather than by the leverage a dissenting class would ordinarily hold, and existing equity may be retained without a new-value contribution. Creditors cannot propose a competing plan. Only the debtor may file a plan in a subchapter V case. (11 U.S.C. § 1189(a)). Creditors therefore lose the ability to advance an alternative restructuring or a sale-based proposal, and the negotiating posture shifts accordingly. The subchapter V trustee is charged with facilitating a consensual plan rather than displacing management or conducting a routine investigation, and the trustee undertakes the investigative duties of a conventional Chapter 11 trustee only if the court so orders for cause. (11 U.S.C. §§ 1183(b)(2), 1183(b)(7)). Some features cut in creditors’ favor. Where a plan is confirmed on a nonconsensual basis, the debtor does not receive a discharge at confirmation; discharge follows completion of plan payments, which preserves meaningful leverage over performance. (11 U.S.C. § 1192). The reduced administrative burden of subchapter V generally also leaves more value available for distribution, and the statutory emphasis on consensual resolution can produce a negotiated outcome faster and at lower cost than a contested conventional case. Two traps deserve particular attention. First, because debts owed to affiliates and insiders are excluded from the eligibility calculation, a borrower whose total liabilities exceed $7,500,000 may nonetheless qualify once insider debt is backed out, so the headline figure understates the reach of the amendment. Second, subchapter V permits a debtor to modify the rights of a lender secured only by the debtor’s principal residence where the loan proceeds were not used primarily to acquire the property and were used primarily in the debtor’s business. (11 U.S.C. § 1190(3)). Lenders who took residential collateral to support a business loan should assess that exposure. The eligible debtor pool will more than double. The increase from $3,424,000 to $7,500,000 will bring a substantial new population of small and mid-sized businesses within subchapter V’s reach, offering them access to a restructuring process that is materially faster, less expensive, and more debtor-friendly than traditional Chapter 11. Timing is dispositive. Because the amendments apply only to cases commenced on or after the date of enactment, a debtor with qualifying debts above $3,424,000 that files before enactment will not be eligible for subchapter V. The same debtor filing the day after enactment can elect the streamlined process. Until the Act is signed and the enactment date is fixed, that line cannot be drawn with certainty, and businesses anticipating a filing should monitor the bill’s progress and evaluate this timing dynamic with counsel. Model the debt calculation carefully. Eligibility turns on aggregate noncontingent liquidated secured and unsecured debts, excluding debts owed to affiliates and insiders, with at least 50% arising from commercial or business activities. The affiliate-aggregation cap and SEC-reporting exclusions require careful analysis, particularly for businesses operating through related entities. Practical steps for creditors. Lenders and trade creditors should identify which obligors would fall within the expanded threshold, tighten financial reporting and covenant packages where the credit agreement permits, confirm that liens are properly perfected before distress emerges, and reassess reliance on guarantees and other credit support that survives a subchapter V plan. Prompt attention to setoff, reclamation, and administrative-expense rights is also warranted, given how quickly these cases can move. If you have any questions about a potential bankruptcy filing, including eligibility for subchapter V or other alternatives, please contact George Angelich, Justin Kesselman, James Britton, or any other member of the ArentFox Schiff Financial Restructuring & Bankruptcy group. © Copyright 2026 ArentFox Schiff LLP. All Rights Reserved.",https://www.afslaw.com/perspectives/alerts/congress-advances-permanent-75-million-subchapter-v-threshold-giving-more-small
V,The Guardian view on Lula v the Bolsonaros: the decision of Brazilian voters will affect us all | Editorial - The Guardian,2026-09-30 22:41:00,"Sunday’s general election is too close to call, with the incumbent president facing the son of the man who attempted a coup against him Sunday’s election in Brazil could hardly be a clearer-cut choice – nor a closer call. President Luiz Inácio Lula da Silva, known as Lula, is neck and neck in the polls with Flávio Bolsonaro, the son and champion of the jailed far-right former president Jair. Mr Bolsonaro senior is serving a 27-year sentence for plotting a coup to “annihilate” democracy after losing the last election. Brazil is Latin America’s largest democracy, but military dictatorship is in its recent past. Mr Bolsonaro wants to free his father and those who rioted in his support in 2023. The senator has campaigned as a less crass and temperamental version of his father, but he is no less extreme. For many on both sides, this is a vote against a man they detest more than an endorsement of their own candidate. Most voters disapprove of both men. Initially, pundits predicted victory for the leftwing incumbent. Some feel that at 80 he is too old to begin a fourth term, though he remains energetic. His social programmes are extensive, but frustration at Brazil’s enduring failure to match its economic record to its potential may hobble him, especially with growth slowing. Violent crime remains a top issue. Then came the Banco Master financial scandal, which has snowballed into a corruption case spanning Brazilian politics and the judiciary. First, Flávio Bolsonaro was caught on tape asking the failed bank’s playboy owner, Daniel Vorcaro, for almost $27m to make a film about his father. He denies wrongdoing. Then compromising messages between Mr Vorcaro and the supreme court judge who led the prosecution of the ex-president were revealed. The allegations fed the perception that politicians are all dirty, and bolstered the unfounded far-right claim that Mr Bolsonaro Sr was stitched up. His son has also papered over a damaging public rift with his stepmother Michelle – an influential figure, key to the evangelical support he needs. Mr Bolsonaro Jr has said he will abide by the election’s result. But the Bolsonaros have spent years working to undermine trust in internationally respected Brazil’s electronic voting system. A narrow first-round victory for Lula would probably be contested. With other candidates on the right, Mr Bolsonaro Jr would also have an advantage in a second-round vote. He has talked up the prospect of privatisation and cuts to public spending and taxes if he wins. He has pledged to pack the supreme court with anti‑abortion conservative judges, who would also be critical to future election disputes. He has vowed to introduce the kind of aggressive anti-crime drive that has trampled human rights elsewhere. President Donald Trump and Marco Rubio, his secretary of state, will be further emboldened in their “Donroe doctrine” of aggressive intervention in the western hemisphere if Mr Bolsonaro Jr is victorious. US meddling in this election has often backfired – high tariffs on Brazil have allowed Lula to run as the patriot defending the country against foreign interference. But it is no less disturbing. Mr Trump’s more ruthless and reckless second term also offers an alarming vision of how another Bolsonaro presidency might look. The first showed historic levels of deforestation in the Amazon as well as a surge in illegal resource extraction and the invasion of Indigenous people’s lands. Those fell sharply once Lula returned to power. A Bolsonaro presidency would be bad for women, the poor and minorities. Democracy would probably be its first, local victim. But the climate would surely be another – with consequences for us all. Do you have an opinion on the issues raised in this article? If you would like to submit a response of up to 300 words by email to be considered for publication in our letters section, please click here.",https://www.theguardian.com/commentisfree/2026/sep/30/the-guardian-view-on-lula-v-the-bolsonaros-the-decision-of-brazilian-voters-will-affect-us-all
V,Obituary for Roy Lee Loyd - Ronald V. Hall Funeral Home,2026-09-30 20:34:54,"This website is using a security service to protect itself from online attacks. The action you just performed triggered the security solution. There are several actions that could trigger this block including submitting a certain word or phrase, a SQL command or malformed data. You can email the site owner to let them know you were blocked. Please include what you were doing when this page came up and the Cloudflare Ray ID found at the bottom of this page. Cloudflare Ray ID: a4408d55bda355c5
•

        Your IP:
        Click to reveal
52.186.174.145
•

Performance & security by Cloudflare",https://www.ronaldvhall.com/obituary/Roy-Loyd
V,Alito Recusal Raises New Question: Should Supreme Court Be Hearing Suncor v. Boulder At All? - Consumer Watchdog,2026-09-30 19:43:04,"WASHINGTON, D.C. — Justice Samuel Alito’s last-minute and unexplained recusal from Suncor v. Boulder raises a question largely overlooked since his decision to step aside: What role did Alito play in the Supreme Court’s decision to hear the case in the first place, and should the Court proceed if his participation was necessary to grant review? The Supreme Court does not disclose how the Justices voted when it granted Suncor review on Feb. 23. Under the Court’s longstanding “Rule of Four,” at least four Justices must vote to grant a petition for certiorari. That makes the contrast between Suncor and another climate case especially striking. In January 2025, the Court denied review in Sunoco v. Honolulu, with Alito recused throughout the Court’s consideration of the petition. The question presented asked whether federal law precludes state-law claims seeking redress for injuries allegedly caused by interstate and international greenhouse-gas emissions. The Supreme Court docket expressly states that “Justice Alito took no part in the consideration or decision” of the petition. A year later, Suncor v. Boulder presented virtually the same question: whether federal law precludes state-law claims seeking relief for injuries allegedly caused by interstate and international greenhouse-gas emissions. This time, Alito did not recuse during the Court’s consideration of certiorari, and the Court granted review. Now Alito has recused just days before oral argument. “We know Alito was recused when the Court declined to hear Honolulu, and we know he was participating when the Court decided to hear Suncor. What we don’t know is how he voted or whether there would have been four votes to take Suncor without him,” said Alexandra Nagy, Organizing Director of Consumer Watchdog. “His recusal now makes those unanswered questions impossible to ignore. If Alito concluded he should not participate in deciding this case, it is reasonable to ask what that means for his participation while the Court was deciding whether to hear it in the first place.” The contrast of the two climate cases is straightforward: The Supreme Court docket shows that Suncor also remained under consideration for months before review was granted. After briefing was complete, the petition was distributed for the Court’s conferences of Dec. 12, Jan. 9, Jan. 16, Jan. 23 and Feb. 20, with cert finally granted Feb. 23. The public record does not reveal why the petition was repeatedly redistributed or how individual Justices voted. “The Court considered Suncor across five conferences before ultimately taking the case, which only makes the undisclosed cert vote more important,” said Nagy. “We cannot say Alito supplied the fourth vote because the Court keeps those votes secret. But after his recusal, the public is left with a fundamental unanswered question: Would this case be before the Supreme Court if Alito had recused at the cert stage as he did in Honolulu?” Consumer Watchdog is not alone in raising questions about Alito’s participation at the cert stage. Inside Climate News reported following Alito’s recusal that a “lingering question” remains about whether his vote was decisive in securing Supreme Court review. The New Republic previously raised Alito’s participation when cert was granted, while a coalition letter to the Senate Judiciary Committee questioned the change in his recusal practices. The issue does not have a simple procedural answer. Supreme Court cert votes generally are not public, and the rules governing what happens when a Justice recuses after participating in the decision to grant review are far from clear. The Court does, however, have the ability to dismiss a writ of certiorari as improvidently granted — commonly called a “DIG” — when it concludes after granting review that it should not decide the case. Such dismissals can occur before oral argument or afterward. “We don’t know whether Alito’s vote made the difference, and that uncertainty is precisely the problem,” said Nagy. “The Court is preparing to hear a case of enormous national consequence after one of the Justices who participated in granting review concluded days before the hearing that he should no longer participate. If Alito was the fourth vote, this case should be dismissed.” Suncor v. Boulder is scheduled to be the opening oral argument of the Supreme Court’s new term on Monday, Oct. 5. The case could affect climate accountability lawsuits around the country. Numerous cases involving ConocoPhillips and Phillips 66 — companies in which Alito owns individual stock — are stayed pending its outcome. Alex Nagy is the Organizing Director with Consumer Watchdog. She is a campaign strategist, organizer and communications expert with more than a decade of experience building people-powered campaigns to hold the fossil fuel and utility companies accountable. Justin Kloczko follows tech and privacy for Consumer Watchdog. He’s a recovering daily newspaper reporter whose work has also appeared in Vice, Daily Beast and KCRW. To be updated with all the latest news, press releases and special reports. Consumer Watchdog is a nationally recognized public interest group that has been fighting corrupt corporations and politicians since 1985. Subscribe to our newsletter for the latest updates on consumer advocacy. Copyright 2026 Consumer Watchdog",https://consumerwatchdog.org/energy/alito-recusal-raises-new-question-should-supreme-court-be-hearing-suncor-v-boulder-at-all/
V,Seedy K’s Peerless Pigskin Prognostications: Week V - cardchronicle.com,2026-09-30 14:34:34,"Back in the day, when more pliable and adventurous, I probably would have ventured into the middle of that crush at B & B, if only to hear Red Clay Strays. But I have more awareness in my dotage of personal space and transmittable afflictions, music junkie that I remain. Add Card Chronicle as a preferred source to see more of our reporting on Google. But, believe me, Brandon Coleman, there must be Demons in My Choir, given how off I’ve been with my picks this year. What other explanation could there be, he inquires? Not that last weekend was horrid. Four correct. Of the three I missed, one was U of L, the other Western Michigan just because, well you know. I wish them great success. Pretty fair, but far from the lofty standards of Cybergalaxy’s Greatest College Pigskin Predictioneer. CoachSpeak of the Week: I’ve found prayers work best when you have big players. -- Knute Rockne John Carroll @ Washington (St. Louis). I recall the phenomenon of affiliate membership in a fraternity from my college days. Essentially the guy ate meals at the frat house, and could come to parties without feeling like an interloper. Mentioned because DIII Wash. U. is a new affiliate in the North Coast Athletic Conference. The other schools may be rethinking the invite. The undefeated #18 Bears have bested three league foes already, including a 79-0 thrashing of Oberlin Saturday last. It’s like they are scarfing the biggest sirloin on steak night, and snaking the pledge chairman’s date at the Saturday night mixer. But visiting this week are the #8 John Carroll Blue Streaks. Will the Bears D, led by St. X grad Henry Murr, be up for the task? You betcha. JC’s Streaks won’t be the only thing blue after they feel Arch Badness in Francis Olympic Stadium. Wash U. Pittsburgh @ Virginia Tech. An ACC Battle of the Unbeatens. Sweet. Panther Mason Heintschel has 13 TD passes against a lone interception. Against a schedule less than challenging. Virginia Tech under the new tutelage of James Franklin has consumed an equal number of cupcakes. They are at home. Enter Sandman. Tech. Ohio State @ Iowa. When last seen the Hawkeyes walked off the Wolverines in the Big House. On a last second play. Of course, the announcers joked about them adding one more from the booth. Iowa always plays D. Always. And since the coach’s son was sent packing, they also perform on the other side of the ball. This will be close. Probably low scoring. Ohio State’s just better. Buckeyes. Alabama @ Mississippi State. Such is the buzz for Kamario and Fluff, the visiting Crimson Tide are but a FG favorite in Starkville. Will there be -- Oh I can’t help myself, it’s become such the cliché -- More Cowbell? It’s a hard question to answer, to be frank. State’s resumé is solid. But, so too that of Bama, which is interestingly hanging about undefeated and under the radar. At least as much as a team can while ranked in the Top 10. Will this be one of those games where the traditionally lesser foe outplays the more acclaimed, but somehow can’t hold on at the end? Tide’s young QB Keelon Russell is a phenom himself. I’ve been picking upsets all season. To little success. Lesson learned. Tide Roll. Indiana @ Rutgers. I’ve seen Fernando Mendoza, and Josh Hoover, you are no Fernando Mendoza. Nor are this year’s Hoosiers as a whole as crisp and efficient and ruthless as last year’s national champs. Or, more important, as good. Yes, Rutgers gave Southern Cal a game. But still. Make it 21 in a row when visiting Piscataway. IU. Kentucky @ South Carolina. After Will Stein’s first big statement W while sitting first chair, he had his team ready the next week. The Gamecocks have been receding in recent times after some early razzle dazzle in the Beamer Era. So too, LeNorris Sellers. Do they get back on track? Or, does Kentucky continue to improve? The same people you misuse on the way up, you meet on the way down. Wildcats. Louisville @ North Carolina State. “He has something.” Translation of Jeff Brohm’s coachspeak about his starting QB: “I know what’s up with Kienholz, but I’m not sayin’.” If the burgeoning star is out in Raleigh, we will get to see if SCQB (So Called Quarterback Whisperer) is really that and a bag of chips. Davin Wydner, Briggs Cherry, come on down, it may be time to play. U of L will do stupid things. May have a backup calling signals. I don’t pick against the Cards. Louisville. Be respectful in your interactions with contributors and fellow fans. Go here to read our community guidelines. Trolling of any sort, especially going to rival sites and trolling, is expressly against the rules. If you do it, you'll most likely be permanently banned. • Go to the My Profile tab for your comment history• C key scrolls forwards through comments / shift-C scrolls backwards• Z key jumps to Next Unread / shift-A marks all comments on your screen as read More tips here. If you’d like to report a bug, email us at support@sbnation.com. If you have a moderation issue, please email moderation@sbnation.com. Man that Wake loss took the wind out of this! What happens if we lose this weekend? Gambling Problem? Call 1-800-GAMBLER (1-800-426-2537). Hope is here. GamblingHelpLineMA.org or call (800) 327-5050 for 24/7 support (MA). Visit www.mdgamblinghelp.org (MD). Call 877-8HOPE-NY or text HOPENY (467369) (NY). 21+ (18+ D.C.) and present in select states (for KS, in affiliation with Kansas Star Casino). Call 1-888-789-7777 or visit ccpg.org/chat (CT) or visit FanDuel.com/RG. SB Nation is a part of PMX Global, LLC, a subsidiary of Penske Media Corporation. This website is now part of PMX Global, LLC, a subsidiary of Penske Media Corporation. By continuing to use our services, you agree to the PMC Terms of Use, including waiver and arbitration. PMC, its service providers, and third-party partners process information about you and how you use our services, including clicks and screen recordings, using first and third-party cookies, pixels, and similar technologies. Where applicable, you can opt out of certain uses of cookies via the Your Privacy Choices link in our footer. Learn more about our data practices in our Privacy Policy. These cookies are necessary for the website to function and cannot be switched off in our systems. They are usually only set in response to actions made by you which amount to a request for services, such as setting your privacy preferences, logging in or filling in forms. You can set your browser to block or alert you about these cookies, but some parts of the site will not then work. These cookies do not store any personally identifiable information. These cookies enable the website to provide enhanced functionality and personalisation. They may be set by us or by third party providers whose services we have added to our pages. If you do not allow these cookies then some or all of these services may not function properly. As a valued user, we are providing you the ability to opt-out from the sharing of your personal information to advertisers and social media companies at any time across business platform, services, businesses and devices. You can opt-out of the sharing of your personal information by using this toggle switch. For more information on your rights and options see our privacy notice. These cookies allow us to count visits and traffic sources so we can measure and improve the performance of our site. They help us to know which pages are the most and least popular and see how visitors move around the site. All information these cookies collect is aggregated and therefore anonymous. If you do not allow these cookies we will not know when you have visited our site, and will not be able to monitor its performance. Content embedded on our sites (e.g. social media posts, video clips, polls and games) originates from third party sources such as social media platforms, video sharing sites, or other third party websites. When this content loads on pages you visit, any cookies or similar tracking technologies set by the third party source in connection with that content may also load. Vox Media doesn't set these cookies and doesn't control them. These cookies may be capable of tracking your browser across sites and/or building a profile of your interests. Not allowing these cookies will impact what content you can see and engage with on our sites. These cookies may be set through our site by our advertising partners. They may be used by those companies to build a profile of your interests and show you relevant adverts on other sites. They do not store directly personal information, but are based on uniquely identifying your browser and internet device. If you do not allow these cookies, you will experience less targeted advertising.",https://www.cardchronicle.com/prognostications/104817/seedy-ks-peerless-pigskin-prognostications-week-v
V,Obituary for Natalie (Jones) Mosley - Ronald V. Hall Funeral Home,2026-09-30 14:12:51,"This website is using a security service to protect itself from online attacks. The action you just performed triggered the security solution. There are several actions that could trigger this block including submitting a certain word or phrase, a SQL command or malformed data. You can email the site owner to let them know you were blocked. Please include what you were doing when this page came up and the Cloudflare Ray ID found at the bottom of this page. Cloudflare Ray ID: a44088f828ec81fd
•

        Your IP:
        Click to reveal
52.186.174.145
•

Performance & security by Cloudflare",https://www.ronaldvhall.com/obituary/Natalie-Mosley
V,"Hyundai launches China-tailored Ioniq V electric sedan from under $15,000 - CnEVPost",2026-09-29 10:52:33,"Beijing Hyundai, Hyundai Motor's Chinese joint venture, has launched the Ioniq V with competitive entry pricing and more trim options to compete in China's electric sedan market. The mid-size sedan went on sale on Tuesday, with 5 variants at limited-time prices ranging from 99,900 yuan ($14,820) to 131,900 yuan. Suggested retail prices range from 109,900 yuan to 139,900 yuan, with limited-time launch discounts of 8,000 yuan or 10,000 yuan, depending on the variant. The model opened for pre-sales at the Chengdu Auto Show in August with 3 variants priced between 119,900 yuan and 139,900 yuan. The launch adds the entry-level 540 Pro and long-range 650 Max. The new entry-level variant and limited-time discounts bring the Ioniq V's starting price 20,000 yuan below its pre-sales starting price. The Ioniq V is the first production model since Hyundai introduced the Ioniq brand in China this year. Its performance will test the South Korean automaker's renewed electrification strategy in the country. Led by Hyundai's China design center, the sedan was developed for Chinese customers and is also intended for other markets. It is the production version of the Venus Concept unveiled at the Beijing Auto Show in April. The Ioniq V features a fastback design and frameless doors. It measures 4,900 mm in length, 1,890 mm in width and 1,470 mm in height, with a wheelbase of 2,900 mm. Built on E-GMP (Electric Global Modular Platform), the model offers single-motor versions with peak outputs of 140 kW (188 hp) and 168 kW, and supports 800-volt fast charging. CATL (HKEX: 3750) supplies the lithium iron phosphate (LFP) batteries, available in capacities of 53.48 kWh and 66.85 kWh. CLTC range options are 540 km and 650 km. The sedan's technology features reflect Hyundai's growing use of China's supply chain. The cabin has a 27-inch 4K screen and a Qualcomm Snapdragon 8295P chip, with a head-up display also available. The infotainment system integrates AI models including Baidu's Ernie Bot and ByteDance's Doubao. It supports independent voice control across 4 zones in the front and rear, continuous dialogue and multiple commands. For driver assistance, the Ioniq V offers an L2+ system developed with Momenta (HKEX: 6880), featuring highway navigation assistance, urban memory navigation assistance and parking assistance. Beijing Hyundai is also offering a lifetime vehicle warranty as part of its launch benefits, along with battery replacement for degradation and compensation for spontaneous battery fires, subject to time and mileage limits, to bolster buyer confidence. When Hyundai formally introduced the Ioniq brand in China in April, it outlined plans to launch 20 battery electric vehicle (BEV) and extended-range electric vehicle (EREV) models locally over the next 5 years. The company aims to expand its China business to 500,000 vehicles by 2030 through local development and partnerships with Chinese suppliers. The Ioniq V is among the first products in that expansion plan. Get selected breaking news from CnEVPost, straight to your device. Requires iOS or iPadOS 16.4 or later. Adding the icon alone does not subscribe you.",https://cnevpost.com/2026/09/29/hyundai-launches-china-tailored-ioniq-v/
V,BTS’ V Becomes Nothing’s New Global Brand Ambassador - Hypebeast,2026-09-29 03:12:21,"Stay ahead of the curve and never miss out on what's fresh, exciting, and essential. Scan the QR code above to download the HYPE app now, or check it out in the app stores. Scan the QR code to open the article on your device or within the Hypebeast App. Nothing names V of BTS as its new Global Brand Ambassador in a Seoul-shot campaign by Dorothea Sing Zhang. Headphone (1) Pro leads the rollout alongside four existing Nothing audio products. Nothing has named V (Kim Taehyung) from BTS as its new Global Brand Ambassador, marking the partnership with a Seoul-shot campaign that also introduces the soon-to-release Headphone (1) Pro. Photographed by Dorothea Sing Zhang, the campaign centers on creative experimentation and the relationship between artistic expression and technical design, with V pictured wearing Nothing’s latest over-ear model. Although Headphone (1) Pro serves as the centerpiece, the wider shoot also sees V model several products from Nothing’s existing audio lineup, including the Ear (3a), Headphone (1), Headphone (a) and Ear (3), positioning the partnership as a broader introduction to V as a face of the brand rather than a one-off product endorsement. V’s appointment continues Nothing’s growing connection with music and contemporary culture, following Charli xcx joining as a Global Brand Ambassador and shareholder earlier in 2026. Headphone (1) Pro, meanwhile, sits at the premium end of Nothing’s audio offering and retains the company’s recognizable transparent, industrial design language. Scan the QR code to open the article on your device or within the Hypebeast App. Zoe Leung is a Senior Editor at Hypebeast, where she has been shaping the publication’s coverage of horology, art, design, and culture since 2023. Her extensive watch reporting spans exclusive manufacture visits with …Read More",https://hypebeast.com/2026/9/bts-v-nothing-global-brand-ambassador-announcement-headphone-1-pro-preview
V,BTS’ V Becomes Brand Ambassador for Launch of New Studio-Grade Headphones: Shop Here - Billboard,2026-09-29 00:13:22,"Nothing's new headphones bring together pro-level technology with everyday comfort for $399. All products and services featured are independently chosen by editors. However, Billboard may receive a commission on orders placed through its retail links, and the retailer may receive certain auditable data for accounting purposes. BTS’ V is putting his name behind a new pair of headphones designed with serious music listening in mind. V, who opened up in August about receiving treatment for hearing loss in one ear, was made the new global brand ambassador of London-based tech company Nothing for the launch of their Headphone (1) Pro, the company’s highest-quality audio offering to date. The launch marks the first chapter of Nothing’s Pro Series, bringing studio-grade listening to everyday consumers. “I’m excited to be part of this bold new chapter with Nothing,” says V. “Headphone (1) Pro is a design grounded in creative expression, and I look forward to our journey together.” The headphones launched today (Sept. 28) and will retail for $399 at Nothing, Amazon and Best Buy. Available in black and white, the headphones also come with sleek molded cases and convenient carrying handles. Headphone (1) Pro is designed for richer, more detailed listening, with three drivers working together to deliver deeper bass, clearer vocals and more defined instruments. Despite being made from titanium and aluminum, the headphones boast a light design, complete with plush ear cushions and a wider padded headband for lasting comfort. Its battery also lasts up to 68 hours on a single charge. Nothing claims the headphones have the best real-time adaptive active noise cancellation, using 10 microphones to filter external sounds like wind and traffic, while redesigned cushions create a stronger seal around your ears. Tuned with Metropolis Studios, the headphones also offer studio-inspired sounds, spatial audio and five customizable sound profiles. Founded in 2020, Nothing is a consumer technology company focused on reimagining personal tech through design, culture and creativity. The company makes smartphones and audio products and says its mission is to make technology fun again while inspiring human creativity. “V has an instinct for fearless experimentation. He’s always pushing into different sounds and styles — he follows his creative instincts, not tried-and-tested formulas, and that’s exactly what we wanted to capture with Headphone (1) Pro,” says Nothing co-founder and CEO, Carl Pei. “We’ve built it to give people more freedom and flexibility in everyday listening. V was the perfect choice as we define technical excellence for the next generation of creatives.” The partnership with V follows Charli xcx becoming Nothing’s first global brand ambassador and shareholder in spring 2026. Nothing also launched Club Nothing, a music fund supporting emerging nightlife curators. The company has stores in London and Bengaluru, with planned locations in San Francisco, New York and Tokyo. Your email address will not be published.				
									Required fields are marked					* A daily briefing on what matters in the music industry A daily briefing on what matters in the music industry Billboard is a part of PMX Global, LLC, a subsidiary of Penske Media Corporation. © 2026 Billboard Media, LLC. All rights reserved. These cookies are necessary for the website to function and cannot be switched off in our systems. They are usually only set in response to actions made by you which amount to a request for services, such as setting your privacy preferences, logging in or filling in forms. You can set your browser to block or alert you about these cookies, but some parts of the site will not then work. These cookies do not store any personally identifiable information. Move the toggle to the left (grey color) and click “Confirm My Choices,” to indicate that you do not want us to sell or process your personal information for targeted ads as described above. You must indicate your choice on each computer/browser you use to access our services and fill out the opt out form above for non-cookie based data. If you clear your cookies or your browser is set to do so, you must opt out using the toggle again.",https://www.billboard.com/culture/product-recommendations/bts-v-headphones-brand-ambassador-pricing-shop-online-1236349521/
