ticker,title,date,content,url
XOM,Exxon Mobil (XOM) Reports $4.67B Profit from Guyana Operations i - GuruFocus,2026-06-09 21:45:00,"This website is using a security service to protect itself from online attacks. The action you just performed triggered the security solution. There are several actions that could trigger this block including submitting a certain word or phrase, a SQL command or malformed data. You can email the site owner to let them know you were blocked. Please include what you were doing when this page came up and the Cloudflare Ray ID found at the bottom of this page. Cloudflare Ray ID: a09507c4482fd631
•

        Your IP:
        Click to reveal
20.119.103.2
•

Performance & security by Cloudflare",https://www.gurufocus.com/news/8908565/exxon-mobil-xom-reports-467b-profit-from-guyana-operations-in-2025?mobile=true
XOM,ExxonMobil (NYSE:XOM) Trading Down 2% - What's Next? - MarketBeat,2026-06-09 21:25:04,"ExxonMobil Corporation (NYSE:XOM - Get Free Report)'s stock price fell 2% on Tuesday . The company traded as low as $147.78 and last traded at $148.7650. 17,110,913 shares changed hands during trading, a decline of 17% from the average session volume of 20,599,885 shares. The stock had previously closed at $151.75. Here are the key news stories impacting ExxonMobil this week: A number of research firms have recently weighed in on XOM. Bank of America increased their price objective on ExxonMobil from $135.00 to $151.00 and gave the company a ""neutral"" rating in a research note on Monday, March 2nd. Mizuho increased their price objective on ExxonMobil from $159.00 to $175.00 and gave the company a ""neutral"" rating in a research note on Wednesday, May 27th. Wolfe Research lowered ExxonMobil from an ""outperform"" rating to a ""peer perform"" rating in a research note on Tuesday, April 21st. Wells Fargo & Company increased their price objective on ExxonMobil from $183.00 to $185.00 and gave the company an ""overweight"" rating in a research note on Thursday, April 9th. Finally, Sanford C. Bernstein dropped their price target on ExxonMobil from $195.00 to $182.00 and set an ""outperform"" rating for the company in a research note on Monday, May 11th. Ten investment analysts have rated the stock with a Buy rating and eleven have assigned  a Hold rating to the company. According to data from MarketBeat, the stock presently has an average rating of ""Hold"" and a consensus target price of $165.55. The firm has a fifty day moving average of $153.70 and a 200 day moving average of $141.67. The company has a market capitalization of $616.62 billion, a P/E ratio of 25.09, a P/E/G ratio of 0.64 and a beta of 0.16. The company has a current ratio of 1.04, a quick ratio of 0.77 and a debt-to-equity ratio of 0.13. ExxonMobil (NYSE:XOM - Get Free Report) last released its quarterly earnings data on Friday, May 1st. The oil and gas company reported $1.16 EPS for the quarter, topping the consensus estimate of $0.98 by $0.18. The company had revenue of $83.16 billion during the quarter, compared to the consensus estimate of $81.13 billion. ExxonMobil had a return on equity of 10.24% and a net margin of 7.57%.ExxonMobil's revenue for the quarter was up 2.4% on a year-over-year basis. During the same period last year, the company earned $1.76 EPS.  On average, equities research analysts anticipate that  ExxonMobil Corporation will post 11.66 EPS for the current year. The business also recently disclosed a quarterly dividend, which will be paid on Wednesday, June 10th. Investors of record on Friday, May 15th will be paid a dividend of $1.03 per share. The ex-dividend date is Friday, May 15th. This represents a $4.12 dividend on an annualized basis and a dividend yield of 2.8%. ExxonMobil's payout ratio is 69.48%. In related news, VP Darrin L. Talley sold 1,080 shares of the business's stock in a transaction that occurred on Monday, March 16th. The stock was sold at an average price of $155.50, for a total transaction of $167,940.00. Following the completion of the transaction, the vice president directly owned 17,124 shares in the company, valued at approximately $2,662,782. The trade was a 5.93% decrease in their position. The sale was disclosed in a legal filing with the SEC, which can be accessed through this link. Company insiders own  0.03% of the company's stock. A number of large investors have recently added to or reduced their stakes in the business. Bank of America Corp DE lifted its holdings in  ExxonMobil by 2.0% in the 4th quarter. Bank of America Corp DE now owns 75,152,366 shares of the oil and gas company's stock worth $9,043,836,000 after purchasing an additional 1,457,560 shares in the last quarter.  Norges Bank purchased a new position in  ExxonMobil in the 4th quarter worth approximately $7,625,063,000.  Bank of New York Mellon Corp lifted its holdings in  ExxonMobil by 1.2% in the 4th quarter. Bank of New York Mellon Corp now owns 46,605,353 shares of the oil and gas company's stock worth $5,608,488,000 after purchasing an additional 531,362 shares in the last quarter.  Northern Trust Corp lifted its holdings in  ExxonMobil by 1.0% in the 3rd quarter. Northern Trust Corp now owns 44,026,019 shares of the oil and gas company's stock worth $4,963,934,000 after purchasing an additional 445,283 shares in the last quarter.  Finally, Franklin Resources Inc. lifted its holdings in  ExxonMobil by 7.4% in the 3rd quarter. Franklin Resources Inc. now owns 38,728,643 shares of the oil and gas company's stock worth $4,366,655,000 after purchasing an additional 2,660,910 shares in the last quarter. 61.80% of the stock is owned by hedge funds and other institutional investors. ExxonMobil Corporation NYSE: XOM is an integrated oil and gas company engaged in the exploration, production, refining, distribution and marketing of petroleum products and the manufacture and sale of petrochemicals. Its operations span the full energy value chain, including upstream exploration and development of crude oil and natural gas; midstream transportation and storage; and downstream refining, product distribution and retail. The company also produces a broad range of chemical products for industrial and consumer applications. ExxonMobil markets fuels and lubricants under well-known brands such as Exxon, Mobil and Esso, and its Mobil 1 motor oil is a prominent consumer product. This instant news alert was generated by narrative science technology and financial data from MarketBeat in order to provide readers with the fastest reporting and unbiased coverage. Please send any questions or comments about this story to contact@marketbeat.com. Before you consider ExxonMobil, you'll want to hear this. MarketBeat keeps track of Wall Street's top-rated and best performing research analysts and the stocks they recommend to their clients on a daily basis. MarketBeat has identified the five stocks that top analysts are quietly whispering to their clients to buy now before the broader market catches on... and ExxonMobil wasn't on the list. While ExxonMobil currently has a Hold rating among analysts, top-rated analysts believe these five stocks are better buys. Click the link to see MarketBeat's list of seven best retirement stocks and why they should be in your portfolio. Sign up for MarketBeat All Access to gain access to MarketBeat's full suite of research tools. 345 N Reid Place, Suite 620, Sioux Falls, SD 57103
                                        
                                        contact@marketbeat.com
                                        
                                        (844) 978-6257 © MarketBeat Media, LLC 2010-2026. All rights reserved. © 2026   Fair market value prices are updated every minute and are provided by Massive. Other market data provided is at least 10-minutes delayed and hosted by Barchart Solutions.  Information is provided 'as-is' and solely for informational purposes, not for trading purposes or advice, and is delayed. To see all exchange delays and terms of use please see Barchart's disclaimer.",https://www.marketbeat.com/instant-alerts/exxonmobil-nysexom-trading-down-2-whats-next-2026-06-09/
XOM,Helmerich & Payne vs. Noble: Which Energy Services Stock Is a Better Buy in 2026? - The Globe and Mail,2026-06-09 19:01:49,"Helmerich & Payne maintains a dominant position in the high-specification land drilling market with its advanced FlexRig fleet. Noble provides specialized offshore services with robust cash generation and a conservative balance sheet relative to its peers. Which energy driller is the better addition to your portfolio for 2026? As the energy sector evolves, investors often choose between land-based and offshore drilling experts. Choosing between Helmerich & Payne(NYSE:HP) and Noble(NYSE:NE) requires understanding their niches and financial stability. Helmerich & Payne focuses primarily on high-performance land rigs in the United States and select international markets. Noble operates as an offshore specialist, providing deepwater rigs for complex underwater projects globally. Both companies serve as vital links in the global energy supply chain, but they face different operational hurdles and market cycles. While some investors are pivoting toward renewable energy stocks, Helmerich & Payne remains focused on providing drilling solutions for oil and natural gas exploration. The company operates a large fleet of high-specification land rigs, primarily serving customers in the U.S., Saudi Arabia, and Argentina. In fiscal year 2025, its largest drilling customer accounted for roughly 12% of consolidated operating revenues. Customer concentration like this adds a layer of risk to the business, as the loss of a major contract could significantly impact the bottom line. In FY 2025, revenue reached $3.75 billion, representing a significant 35.9% increase from the prior year. Despite this growth, the company reported a lower net income of $93.97 million, a decline from $353.1 million net income seen in fiscal 2024. As of June 2026, its debt-to-equity ratio is roughly 0.76x. This ratio measures total debt against shareholder equity to show how a company finances its operations. Operating cash flow for the year was nearly $548 million. Noble is an offshore drilling contractor that provides services through a specialized fleet of 29 drilling units. The company focuses on ultra-deepwater and ultra-harsh environments, which are often less susceptible to the immediate fluctuations seen in land drilling. Revenue was concentrated among three major customers in FY 2025, including Exxon Mobil (NYSE:XOM)at 19.7%, BP Amoco (NYSE:BP)at 13.2%, and Petrobras (NYSE:PBR) at 12.5%. Customer concentration like this adds a layer of risk to the business, as it depends on the capital spending plans of a few large entities. During FY 2025, revenue grew to nearly $3.3 billion, a 7.4% increase compared to the previous fiscal year. The company generated net income of approximately $107.48 million, yielding a net margin of nearly 6.6%. While revenue is trending upward, the profit margin decreased by roughy two-thirds, reflecting the broader weakness seen in the industry. Looking at the June 2026 balance sheet, the debt-to-equity ratio is approximately 0.4x. This low level of debt relative to equity indicates a conservative capital structure and provides more financial flexibility. The current ratio is roughly 1.7x, while operating cash flow is a very strong $953.91 million for the past twelve months. This high level of cash generation supports the company's ability to maintain its sophisticated fleet and weather market downturns. Helmerich & Payne is highly sensitive to commodity price volatility, as declines in oil prices often lead to reduced U.S. land drilling activity. The company also faces intense competition from peers like Patterson-UTI Energy (NASDAQ:PTEN), which can lead to lower day rates for its rigs and reduced profitability. Furthermore, the risk of technology obsolescence is constant, as customers increasingly demand more automated and technologically advanced drilling equipment to improve their own efficiency. Noble faces significant operational hazards, including potential equipment failure or environmental damage inherent in deepwater drilling. The offshore industry is also highly competitive, with Transocean (NYSE:RIG) and other players vying for the same high-specification contracts. Because offshore projects require massive upfront investment, a general reduction in drilling programs at major energy companies could lead to rigs remaining idle for extended periods, incurring high maintenance costs without generating revenue. Noble appears to be the more expensive option based on its higher valuation multiples, while Helmerich & Payne trades at a lower price-to-sales ratio. Sector benchmark uses the SPDR XLE sector ETF.Valuation metrics sourced from Financial Modeling Prep (FMP) and may differ from other data providers. U.S. oil and gas industry service providers are benefiting from a strong market. While both Helmerich & Payne and Noble Corp. have some exposure to more volatile foreign markets, such as the Middle East, most of their revenue comes from stable, developed markets. Helmerich & Payne gets 67% of sales in the U.S., while London-based Noble counts the North Sea as its single biggest region. The simple fact that Helmerich gets the bulk of its sales in the U.S. market makes it the better bet for 2026. While the global energy market is in turmoil due to the Iran war, the domestic U.S. energy market is business as usual, except at a higher price, sparked by the worldwide oil crunch. Since oil is priced in U.S. dollars, the price has risen far faster than U.S. producers’ costs. The higher price incentivizes Helmerich & Payne’s customers to drill for more oil, allowing HP to find more business and charge more money for its services. Since the oil business is ultimately a commodity-based one, a good strategy is to seek better-value stocks when possible. Compared to Noble Corp with its forward price-to-sales ratio of 40.5, Helmerich & Payne’s 23.3 P/E ratio is a bargain. Before you buy stock in Helmerich & Payne, consider this: The Motley Fool Stock Advisor analyst team just identified what they believe are the 10 best stocks for investors to buy now… and Helmerich & Payne wasn’t one of them. The 10 stocks that made the cut could produce monster returns in the coming years. Consider when Netflix made this list on December 17, 2004... if you invested $1,000 at the time of our recommendation, you’d have $445,672!* Or when Nvidia made this list on April 15, 2005... if you invested $1,000 at the time of our recommendation, you’d have $1,280,566!* Now, it’s worth noting Stock Advisor’s total average return is 948% — a market-crushing outperformance compared to 206% for the S&P 500. Don't miss the latest top 10 list, available with Stock Advisor, and join an investing community built by individual investors for individual investors. Brendan Coffey has no position in any of the stocks mentioned. The Motley Fool recommends BP, Helmerich & Payne, Noble Plc, and Transocean. The Motley Fool has a disclosure policy. All market data (will open in new tab) is provided by Barchart Solutions. Copyright © 2026. Information is provided 'as is' and solely for informational purposes, not for trading purposes or advice. For exchange delays and terms of use, please read disclaimer (will open in new tab). © Copyright 2026 The Globe and Mail Inc. All rights reserved.",https://www.theglobeandmail.com/investing/markets/stocks/XOM-N/pressreleases/2385355/helmerich-payne-vs-noble-which-energy-services-stock-is-a-better-buy-in-2026/
XOM,Will Exxon’s Shift to Texas Governance and Rejected Reforms Change Exxon Mobil's (XOM) Narrative - simplywall.st,2026-06-09 18:25:07,"Find 47 companies with promising cash flow potential yet trading below their fair value. To own Exxon Mobil, you need to be comfortable with a large, integrated oil and gas business whose investment case is built around cash generation from hydrocarbons, disciplined capital returns, and measured progress in lower carbon solutions. The Texas redomiciling tilts the near term focus toward governance and shareholder rights, but does not clearly alter the main short term catalysts of oil prices and capital return, or the key risk around long term demand and regulatory pressure on fossil fuels. The governance shift sits alongside Exxon Mobil’s ongoing US$20,000,000,000 share repurchase plan for 2026, which, together with a long dividend record, has been central to the near term story. Seeing these capital returns in the context of a legal move to a state viewed as offering fewer shareholder protections may matter for how you weigh the appeal of those buybacks against the evolving risk profile of being a minority shareholder in the company. Yet beneath the strong capital returns, investors should also be aware of growing pressure around long term demand for hydrocarbons and... Read the full narrative on Exxon Mobil (it's free!) Exxon Mobil's narrative projects $369.2 billion revenue and $46.2 billion earnings by 2029. Uncover how Exxon Mobil's forecasts yield a $169.91 fair value, a 12% upside to its current price. Some analysts were far more optimistic, penciling in revenue near US$400 billion and earnings around US$50 billion by 2029, but the Texas move and governance questions could prompt you to rethink how realistic that bullish growth path looks now. Explore 10 other fair value estimates on Exxon Mobil - why the stock might be worth 13% less than the current price! Don't just follow the ticker - dig into the data and build a conviction that's truly your own. These stocks are moving-our analysis flagged them today. Act fast before the price catches up: This article by Simply Wall St is general in nature. We provide commentary based on historical data
    and analyst forecasts only using an unbiased methodology and our articles are not intended to be financial advice. It does not constitute a recommendation to buy or sell any stock, and does not take account of your objectives, or your
    financial situation. We aim to bring you long-term focused analysis driven by fundamental data.
    Note that our analysis may not factor in the latest price-sensitive company announcements or qualitative material.
    Simply Wall St has no position in any stocks mentioned. Discover if Exxon Mobil might be undervalued or overvalued with our detailed analysis, featuring fair value estimates, potential risks, dividends, insider trades, and its financial condition. Have feedback on this article? Concerned about the content? Get in touch with us directly. Alternatively, email editorial-team@simplywallst.com Engages in the exploration and production of crude oil and natural gas in the United States, Canada, and internationally. Financial Data provided by S&P Global Market Intelligence LLC, analysis provided by Simply Wall Street Pty Ltd. Copyright © 2026, S&P Global Market Intelligence LLC. All rights reserved. Simply Wall Street Pty Ltd (ACN 600 056 611), is a Corporate Authorised Representative (Authorised Representative Number: 467183) of Sanlam Private Wealth Pty Ltd (AFSL No. 337927). Any advice contained in this website is general advice only and has been prepared without considering your objectives, financial situation or needs. You should not rely on any advice and/or information contained in this website and before making any investment decision we recommend that you consider whether it is appropriate for your situation and seek appropriate financial, taxation and legal advice. Please read our Financial Services Guide before deciding whether to obtain financial services from us. © 2026 Simply Wall Street Pty Ltd, US Design Patent #29/544/281, Community and European Design Registration #2845206",https://simplywall.st/stocks/us/energy/nyse-xom/exxon-mobil/news/will-exxons-shift-to-texas-governance-and-rejected-reforms-c/amp
XOM,"Unusual Options Activity: HL, XOM and Others Attract Market Bets, HL V/OI Ratio Reaches 209.5 - 富途牛牛",2026-06-09 17:36:01,"EST Jun 9th Afternoon Delivery - In the last two hours of trading, 10 options with a high V/OI ratio were detected. With the market volatile, it's crucial to stay informed on the latest options trends. Of the 10 options trades detected with a high V/OI ratio, a trade on $Hecla Mining (HL.US)$ put contracts stood out with a volume of 2,724, far exceeding its open interest of 13 with a V/OI ratio of 209.54. The premium, or cost, of the trade was $78,996. The strike price of this contract is $12.000 and the expiration date is July 2nd, 2026, 23 days later. Another option trade worth noting is a trade on $Exxon Mobil (XOM.US)$ call contracts with a volume of 5,700, far exceeding its open interest of 28 with a V/OI ratio of 203.57. The premium, or cost, of the trade was $1.63 million. The strike price of this contract is $152.500 and the expiration date is June 26th, 2026, 17 days later. There is also a notable transaction on $Centene (CNC.US)$ call contracts with a volume of 1,966, far exceeding its open interest of 11 with a V/OI ratio of 178.73. The premium, or cost, of the trade was $296.87K. The strike price of this contract is $80.000 and the expiration date is August 21st, 2026, 73 days later. Unusual options activity identifies a single option trade with a volume-to-open-interest ratio (V/OI) equal to or above 10, which means the volume of the trade is much higher than the existing positions. High V/OI often implies that a trader is opening a new position with an unusual amount. Options activities are filtered based on the following criteria: Options trade with V/OI≥10, while OI of the contract must be ≥10. The underlying asset of selected options must be individual stock with a market cap≥$5 billion. If there are at least 3 or more trades that meet all the criteria in the corresponding time period, an article will be generated at 11:30, 13:30, and 16:30 ET each trading day. Options trading entails significant risk and is not appropriate for all customers. It is important that investors read Characteristics and Risks of Standardized Options before engaging in any options trading strategies. Options transactions are often complex and may involve the potential of losing the entire investment in a relatively short period of time. Certain complex options strategies carry additional risk, including the potential for losses that may exceed the original investment amount. Supporting documentation for any claims, if applicable, will be furnished upon request. The past performance of a security or financial product does not guarantee future results or returns. Customers should consider their investment objectives and risks carefully before investing in options. Because of the importance of tax considerations to all options transactions, the customer considering options should consult their tax advisor as to how taxes affect the outcome of each options strategy. The translation is provided by third-party software. Use the share button in your browser  to share the page with your friends",https://news.futunn.com/en/post/74349236/unusual-options-activity-hl-xom-and-others-attract-market-bets?level=1&data_ticket=1781058172453144
XOM,ExxonMobil (XOM) Has a Volume-and-Advantaged-Projects Story That Matters More Than Any Single Oil Quarter - AlphaStreet,2026-06-09 16:27:31,"Exxon Mobil Corporation (XOM) is still often judged as if the whole thesis turns on the next move in oil prices. That is too narrow. Commodity prices still drive reported results, but the better long-term lens is whether ExxonMobil keeps building a portfolio with enough advantaged volume growth, cost discipline, and project quality to produce cash through the cycle. The company’s first quarter of 2026 offered a good example. ExxonMobil reported earnings of $4.2 billion, or $1.00 per share, but said earnings were $8.8 billion, or $2.09 per share, excluding identified items and unfavorable estimated timing effects that should unwind in later periods (ExxonMobil Q1 2026 earnings release, 2026). Investors can debate which number matters most in a given quarter. The more important takeaway is that the underlying business still produced strong cash and operational milestones even in a period shaped by disruption in the Middle East. Upstream remains the core of that case. First-quarter net production reached 4.6 million oil-equivalent barrels per day, while Guyana set a new quarterly production record of more than 900 thousand gross barrels of oil per day (ExxonMobil Q1 2026 earnings release, 2026). Upstream earnings excluding identified items and timing effects were $6.3 billion. That was slightly below the prior year, but the release made clear that higher depreciation and operational disruptions were partly offset by advantaged volume growth in Guyana and the Permian, along with structural cost savings. That combination matters more than a one-quarter price swing because it speaks to earning power. ExxonMobil also said Golden Pass LNG achieved first production from Train 1, a milestone that should increase U.S. LNG exports by 5% relative to 2025 (ExxonMobil Q1 2026 earnings release, 2026). In other words, this is not just a company waiting on a better tape. It is still adding long-duration projects that can widen the earnings base over time. Downstream and chemicals are part of the story too, even if they are more cyclical. Energy Products delivered earnings excluding identified items and timing effects of $2.8 billion, up sharply from the year-ago quarter, while Specialty Products posted $651 million of earnings, roughly in line with the prior year (ExxonMobil Q1 2026 earnings release, 2026). Those businesses are not always smooth, but they help explain why ExxonMobil can monetize scale across more than one part of the hydrocarbon value chain. Cash generation remains the cleanest proof point. ExxonMobil generated $8.7 billion of cash flow from operating activities in Q1 2026, or $13.8 billion excluding margin postings, and $2.7 billion of free cash flow (ExxonMobil Q1 2026 earnings release, 2026). It returned $9.2 billion to shareholders in the quarter, including $4.3 billion of dividends and $4.9 billion of share repurchases, while keeping cash capital expenditures at $6.2 billion, in line with full-year guidance of $27 billion to $29 billion (ExxonMobil Q1 2026 earnings release, 2026). That capital discipline is what separates the thesis from a simple oil-price bet. ExxonMobil said it has delivered $15.6 billion of cumulative structural cost savings since 2019 and expects that figure to reach $20 billion by 2030 (ExxonMobil Q1 2026 earnings release, 2026). If the company can keep pairing advantaged barrels with lower structural costs and disciplined capital returns, then investors do not need every quarter to look clean on a reported basis for the story to work. The risk, of course, is that execution slips or that lower commodity prices overwhelm the benefits of project quality. Integrated energy companies never fully escape the cycle. But the quarter still showed why ExxonMobil’s current setup deserves a deeper reading. Record Guyana production, a new LNG milestone, sizable shareholder returns, and continued cost savings all point to a business that is trying to improve what it earns on the same commodity base rather than simply ride market volatility. For investors, that is the central distinction. If ExxonMobil were only a macro trade on oil, the investment case would be fragile and quarter-to-quarter. If it is instead a company expanding its advantaged production base while protecting capital efficiency and payout capacity, then the story has more staying power than the headline earnings number alone suggests. Get the latest market analysis delivered to your inbox. Your trusted source for earnings transcripts, market analysis, and financial news. AI-powered insights, human-curated quality. The information provided on this website is for informational purposes only and should not be construed as investment advice. Past performance does not guarantee future results. Always consult with a qualified financial advisor before making investment decisions.",https://news.alphastreet.com/exxonmobil-xom-has-a-volume-and-advantaged-projects-story-that-matters-more-than-any-single-oil-quarter/
XOM,Investors Heavily Search Exxon Mobil Corporation (XOM): Here is What You Need to Know - Yahoo Finance Singapore,2026-06-09 13:00:05,"Tip: Try a valid symbol or a specific company name for relevant results Exxon Mobil (XOM) has been one of the most searched-for stocks on Zacks.com lately. So, you might want to look at some of the facts that could shape the stock's performance in the near term. Shares of this oil and natural gas company have returned +1.4% over the past month versus the Zacks S&P 500 composite's +0.2% change. The Zacks Oil and Gas - Integrated - International industry, to which Exxon belongs, has gained 3% over this period. Now the key question is: Where could the stock be headed in the near term? While media releases or rumors about a substantial change in a company's business prospects usually make its stock 'trending' and lead to an immediate price change, there are always some fundamental facts that eventually dominate the buy-and-hold decision-making. Rather than focusing on anything else, we at Zacks prioritize evaluating the change in a company's earnings projection. This is because we believe the fair value for its stock is determined by the present value of its future stream of earnings. We essentially look at how sell-side analysts covering the stock are revising their earnings estimates to reflect the impact of the latest business trends. And if earnings estimates go up for a company, the fair value for its stock goes up. A higher fair value than the current market price drives investors' interest in buying the stock, leading to its price moving higher. This is why empirical research shows a strong correlation between trends in earnings estimate revisions and near-term stock price movements. Exxon is expected to post earnings of $3.89 per share for the current quarter, representing a year-over-year change of +137.2%. Over the last 30 days, the Zacks Consensus Estimate has changed +1%. The consensus earnings estimate of $11.66 for the current fiscal year indicates a year-over-year change of +66.8%. This estimate has changed +1.9% over the last 30 days. For the next fiscal year, the consensus earnings estimate of $10.58 indicates a change of -9.3% from what Exxon is expected to report a year ago. Over the past month, the estimate has changed -0.5%. Having a strong externally audited track record, our proprietary stock rating tool, the Zacks Rank, offers a more conclusive picture of a stock's price direction in the near term, since it effectively harnesses the power of earnings estimate revisions. Due to the size of the recent change in the consensus estimate, along with three other factors related to earnings estimates, Exxon is rated Zacks Rank #3 (Hold). The chart below shows the evolution of the company's forward 12-month consensus EPS estimate: While earnings growth is arguably the most superior indicator of a company's financial health, nothing happens as such if a business isn't able to grow its revenues. After all, it's nearly impossible for a company to increase its earnings for an extended period without increasing its revenues. So, it's important to know a company's potential revenue growth. In the case of Exxon, the consensus sales estimate of $97.91 billion for the current quarter points to a year-over-year change of +20.1%. The $389.47 billion and $380.97 billion estimates for the current and next fiscal years indicate changes of +17.2% and -2.2%, respectively. Exxon reported revenues of $85.14 billion in the last reported quarter, representing a year-over-year change of +2.4%. EPS of $1.16 for the same period compares with $1.76 a year ago. Compared to the Zacks Consensus Estimate of $81.49 billion, the reported revenues represent a surprise of +4.47%. The EPS surprise was +8.41%. The company beat consensus EPS estimates in each of the trailing four quarters. The company topped consensus revenue estimates just once over this period. No investment decision can be efficient without considering a stock's valuation. Whether a stock's current price rightly reflects the intrinsic value of the underlying business and the company's growth prospects is an essential determinant of its future price performance. While comparing the current values of a company's valuation multiples, such as price-to-earnings (P/E), price-to-sales (P/S), and price-to-cash flow (P/CF), with its own historical values helps determine whether its stock is fairly valued, overvalued, or undervalued, comparing the company relative to its peers on these parameters gives a good sense of the reasonability of the stock's price. The Zacks Value Style Score (part of the Zacks Style Scores system), which pays close attention to both traditional and unconventional valuation metrics to grade stocks from A to F (an A is better than a B; a B is better than a C; and so on), is pretty helpful in identifying whether a stock is overvalued, rightly valued, or temporarily undervalued. Exxon is graded B on this front, indicating that it is trading at a discount to its peers. Click here to see the values of some of the valuation metrics that have driven this grade. The facts discussed here and much other information on Zacks.com might help determine whether or not it's worthwhile paying attention to the market buzz about Exxon. However, its Zacks Rank #3 does suggest that it may perform in line with the broader market in the near term. Want the latest recommendations from Zacks Investment Research? Today, you can download 7 Best Stocks for the Next 30 Days. Click to get this free report Exxon Mobil Corporation (XOM) : Free Stock Analysis Report This article originally published on Zacks Investment Research (zacks.com). Tip: Try a valid symbol or a specific company name for relevant results",https://sg.finance.yahoo.com/news/investors-heavily-search-exxon-mobil-130005312.html
XOM,Winnow Wealth LLC Cuts Stock Position in ExxonMobil Corporation $XOM - MarketBeat,2026-06-09 11:16:32,"Winnow Wealth LLC lessened its stake in  ExxonMobil Corporation (NYSE:XOM - Free Report) by 50.9% in the 4th quarter, according to the company in its most recent filing with the SEC. The institutional investor  owned 12,256 shares of the oil and gas company's stock after selling 12,687 shares during the quarter. ExxonMobil makes up  about  1.1% of Winnow Wealth LLC's portfolio, making the stock its 11th biggest holding. Winnow Wealth LLC's holdings in ExxonMobil were worth $1,483,000 as of its most recent filing with the SEC. Several other institutional investors and hedge funds also recently added to or reduced their stakes in the stock. ICW Investment Advisors LLC increased its holdings in  ExxonMobil by 0.3% in the 4th quarter. ICW Investment Advisors LLC now owns 25,286 shares of the oil and gas company's stock worth $3,043,000 after acquiring an additional 69 shares in the last quarter.  Peoples Bank OH grew its holdings in shares of  ExxonMobil by 0.5% during the fourth quarter. Peoples Bank OH now owns 14,993 shares of the oil and gas company's stock worth $1,804,000 after buying an additional 71 shares in the last quarter.  Paulson Wealth Management Inc. grew its holdings in shares of  ExxonMobil by 1.0% during the fourth quarter. Paulson Wealth Management Inc. now owns 7,368 shares of the oil and gas company's stock worth $887,000 after buying an additional 72 shares in the last quarter.  Peirce Capital Management LLC grew its holdings in shares of  ExxonMobil by 1.7% during the fourth quarter. Peirce Capital Management LLC now owns 4,292 shares of the oil and gas company's stock worth $516,000 after buying an additional 72 shares in the last quarter.  Finally, Studio Investment Management LLC grew its holdings in shares of  ExxonMobil by 0.8% during the fourth quarter. Studio Investment Management LLC now owns 8,698 shares of the oil and gas company's stock worth $1,047,000 after buying an additional 72 shares in the last quarter. Hedge funds and other institutional investors own  61.80% of the company's stock. A number of equities research analysts have recently issued reports on the stock. TD Cowen dropped their target price on shares of ExxonMobil from $175.00 to $172.00 and set a ""buy"" rating for the company in a report on Friday, April 10th. BNP Paribas Exane  set a $165.00 target price on shares of ExxonMobil and gave the stock a ""neutral"" rating in a report on Friday, April 17th. Citigroup upped their target price on shares of ExxonMobil from $150.00 to $175.00 and gave the stock a ""neutral"" rating in a report on Thursday, April 2nd. Barclays upped their target price on shares of ExxonMobil from $163.00 to $182.00 and gave the stock an ""overweight"" rating in a report on Tuesday, May 26th. Finally, Royal Bank Of Canada  reaffirmed a ""sector perform"" rating and set a $180.00 target price on shares of ExxonMobil in a report on Tuesday, May 5th. Ten equities research analysts have rated the stock with a Buy rating and eleven have issued  a Hold rating to the company. According to data from MarketBeat.com, the stock presently has an average rating of ""Hold"" and an average price target of $165.55. In other ExxonMobil news, VP Darrin L. Talley sold 1,080 shares of ExxonMobil stock in a transaction dated Monday, March 16th. The shares were sold at an average price of $155.50, for a total transaction of $167,940.00. Following the completion of the sale, the vice president directly owned 17,124 shares in the company, valued at $2,662,782. This trade represents a 5.93% decrease in their ownership of the stock. The sale was disclosed in a legal filing with the Securities & Exchange Commission, which is available at the SEC website. 0.03% of the stock is currently owned by corporate insiders. NYSE XOM opened at $151.95 on Tuesday. The company has a debt-to-equity ratio of 0.13, a current ratio of 1.04 and a quick ratio of 0.77. The stock has a market capitalization of $629.80 billion, a P/E ratio of 25.62, a PEG ratio of 0.64 and a beta of 0.16. The firm's 50-day moving average is $153.70 and its two-hundred day moving average is $141.67. ExxonMobil Corporation has a 12 month low of $103.83 and a 12 month high of $176.41. ExxonMobil (NYSE:XOM - Get Free Report) last announced its quarterly earnings results on Friday, May 1st. The oil and gas company reported $1.16 earnings per share for the quarter, beating analysts' consensus estimates of $0.98 by $0.18. ExxonMobil had a net margin of 7.57% and a return on equity of 10.24%. The business had revenue of $83.16 billion during the quarter, compared to analysts' expectations of $81.13 billion. During the same period last year, the business earned $1.76 earnings per share. The business's revenue for the quarter was up 2.4% on a year-over-year basis.  On average, sell-side analysts anticipate that  ExxonMobil Corporation will post 11.66 earnings per share for the current year. The business also recently declared a quarterly dividend, which will be paid on Wednesday, June 10th. Shareholders of record on Friday, May 15th will be given a dividend of $1.03 per share. The ex-dividend date is Friday, May 15th. This represents a $4.12 dividend on an annualized basis and a dividend yield of 2.7%. ExxonMobil's dividend payout ratio (DPR) is currently 69.48%. Here are the key news stories impacting ExxonMobil this week: ExxonMobil Corporation NYSE: XOM is an integrated oil and gas company engaged in the exploration, production, refining, distribution and marketing of petroleum products and the manufacture and sale of petrochemicals. Its operations span the full energy value chain, including upstream exploration and development of crude oil and natural gas; midstream transportation and storage; and downstream refining, product distribution and retail. The company also produces a broad range of chemical products for industrial and consumer applications. ExxonMobil markets fuels and lubricants under well-known brands such as Exxon, Mobil and Esso, and its Mobil 1 motor oil is a prominent consumer product. Want to see what other hedge funds are holding XOM? Visit HoldingsChannel.com to get the latest 13F filings and insider trades for ExxonMobil Corporation (NYSE:XOM - Free Report). This instant news alert was generated by narrative science technology and financial data from MarketBeat in order to provide readers with the fastest reporting and unbiased coverage. Please send any questions or comments about this story to contact@marketbeat.com. Before you consider ExxonMobil, you'll want to hear this. MarketBeat keeps track of Wall Street's top-rated and best performing research analysts and the stocks they recommend to their clients on a daily basis. MarketBeat has identified the five stocks that top analysts are quietly whispering to their clients to buy now before the broader market catches on... and ExxonMobil wasn't on the list. While ExxonMobil currently has a Hold rating among analysts, top-rated analysts believe these five stocks are better buys. The AI wave will soon hit public markets with Anthropic and OpenAI set to go public later this year. However, you don't have to wait to invest. This report shows seven AI stocks that you can buy today  while the big model providers get ready to go public. Sign up for MarketBeat All Access to gain access to MarketBeat's full suite of research tools. 345 N Reid Place, Suite 620, Sioux Falls, SD 57103
                                        
                                        contact@marketbeat.com
                                        
                                        (844) 978-6257 © MarketBeat Media, LLC 2010-2026. All rights reserved. © 2026   Fair market value prices are updated every minute and are provided by Massive. Other market data provided is at least 10-minutes delayed and hosted by Barchart Solutions.  Information is provided 'as-is' and solely for informational purposes, not for trading purposes or advice, and is delayed. To see all exchange delays and terms of use please see Barchart's disclaimer.",https://www.marketbeat.com/instant-alerts/filing-winnow-wealth-llc-cuts-stock-position-in-exxonmobil-corporation-xom-2026-06-09/
XOM,"Teachers Insurance & Annuity Association of America Sells 110,272 Shares of ExxonMobil Corporation $XOM - MarketBeat",2026-06-09 10:30:26,"Teachers Insurance & Annuity Association of America lessened its position in shares of  ExxonMobil Corporation (NYSE:XOM - Free Report) by 95.0% during the fourth quarter, according to its most recent filing with the Securities and Exchange Commission. The firm owned 5,765 shares of the oil and gas company's stock after selling 110,272 shares during the period. ExxonMobil makes up  about  0.8% of Teachers Insurance & Annuity Association of America's holdings, making the stock its 20th biggest position. Teachers Insurance & Annuity Association of America's holdings in ExxonMobil were worth $694,000 at the end of the most recent reporting period. A number of other hedge funds and other institutional investors have also bought and sold shares of the company. ICW Investment Advisors LLC increased its holdings in  ExxonMobil by 0.3% during the 4th quarter. ICW Investment Advisors LLC now owns 25,286 shares of the oil and gas company's stock worth $3,043,000 after acquiring an additional 69 shares during the period.  Peoples Bank OH increased its holdings in  ExxonMobil by 0.5% during the 4th quarter. Peoples Bank OH now owns 14,993 shares of the oil and gas company's stock worth $1,804,000 after acquiring an additional 71 shares during the period.  Paulson Wealth Management Inc. increased its holdings in  ExxonMobil by 1.0% during the 4th quarter. Paulson Wealth Management Inc. now owns 7,368 shares of the oil and gas company's stock worth $887,000 after acquiring an additional 72 shares during the period.  Peirce Capital Management LLC increased its holdings in  ExxonMobil by 1.7% during the 4th quarter. Peirce Capital Management LLC now owns 4,292 shares of the oil and gas company's stock worth $516,000 after acquiring an additional 72 shares during the period.  Finally, Studio Investment Management LLC increased its holdings in  ExxonMobil by 0.8% during the 4th quarter. Studio Investment Management LLC now owns 8,698 shares of the oil and gas company's stock worth $1,047,000 after acquiring an additional 72 shares during the period. Institutional investors own  61.80% of the company's stock. In other news, VP Darrin L. Talley sold 1,080 shares of the company's stock in a transaction on Monday, March 16th. The shares were sold at an average price of $155.50, for a total value of $167,940.00. Following the completion of the sale, the vice president owned 17,124 shares of the company's stock, valued at approximately $2,662,782. This represents a 5.93% decrease in their position. The sale was disclosed in a document filed with the Securities & Exchange Commission, which is accessible through this link. Company insiders own  0.03% of the company's stock. XOM has been the topic of a number of analyst reports. Royal Bank Of Canada  reaffirmed a ""sector perform"" rating and set a $180.00 target price on shares of ExxonMobil in a report on Tuesday, May 5th. Zacks Research lowered shares of ExxonMobil from a ""strong-buy"" rating to a ""hold"" rating in a report on Tuesday, May 26th. Sanford C. Bernstein decreased their target price on shares of ExxonMobil from $195.00 to $182.00 and set an ""outperform"" rating on the stock in a report on Monday, May 11th. Barclays upped their target price on shares of ExxonMobil from $163.00 to $182.00 and gave the stock an ""overweight"" rating in a report on Tuesday, May 26th. Finally, Piper Sandler cut their price target on shares of ExxonMobil from $186.00 to $182.00 and set an ""overweight"" rating for the company in a research note on Thursday, April 9th. Ten investment analysts have rated the stock with a Buy rating and eleven have assigned  a Hold rating to the company's stock. According to data from MarketBeat.com, ExxonMobil currently has a consensus rating of ""Hold"" and a consensus price target of $165.55. Here are the key news stories impacting ExxonMobil this week: Shares of ExxonMobil stock opened at $151.95 on Tuesday. ExxonMobil Corporation has a 52-week low of $103.83 and a 52-week high of $176.41. The stock has a market capitalization of $629.80 billion, a price-to-earnings ratio of 25.62, a price-to-earnings-growth ratio of 0.64 and a beta of 0.16. The company has a fifty day moving average of $153.70 and a 200-day moving average of $141.67. The company has a debt-to-equity ratio of 0.13, a quick ratio of 0.77 and a current ratio of 1.04. ExxonMobil (NYSE:XOM - Get Free Report) last announced its quarterly earnings data on Friday, May 1st. The oil and gas company reported $1.16 earnings per share (EPS) for the quarter, beating analysts' consensus estimates of $0.98 by $0.18. ExxonMobil had a net margin of 7.57% and a return on equity of 10.24%. The company had revenue of $83.16 billion during the quarter, compared to analysts' expectations of $81.13 billion. During the same quarter in the prior year, the company earned $1.76 EPS. The firm's revenue was up 2.4% on a year-over-year basis.  Equities research analysts expect that  ExxonMobil Corporation will post 11.66 EPS for the current year. The firm also recently disclosed a quarterly dividend, which will be paid on Wednesday, June 10th. Stockholders of record on Friday, May 15th will be paid a $1.03 dividend. The ex-dividend date of this dividend is Friday, May 15th. This represents a $4.12 dividend on an annualized basis and a dividend yield of 2.7%. ExxonMobil's dividend payout ratio  is 69.48%. ExxonMobil Corporation NYSE: XOM is an integrated oil and gas company engaged in the exploration, production, refining, distribution and marketing of petroleum products and the manufacture and sale of petrochemicals. Its operations span the full energy value chain, including upstream exploration and development of crude oil and natural gas; midstream transportation and storage; and downstream refining, product distribution and retail. The company also produces a broad range of chemical products for industrial and consumer applications. ExxonMobil markets fuels and lubricants under well-known brands such as Exxon, Mobil and Esso, and its Mobil 1 motor oil is a prominent consumer product. Want to see what other hedge funds are holding XOM? Visit HoldingsChannel.com to get the latest 13F filings and insider trades for ExxonMobil Corporation (NYSE:XOM - Free Report). This instant news alert was generated by narrative science technology and financial data from MarketBeat in order to provide readers with the fastest reporting and unbiased coverage. Please send any questions or comments about this story to contact@marketbeat.com. Before you consider ExxonMobil, you'll want to hear this. MarketBeat keeps track of Wall Street's top-rated and best performing research analysts and the stocks they recommend to their clients on a daily basis. MarketBeat has identified the five stocks that top analysts are quietly whispering to their clients to buy now before the broader market catches on... and ExxonMobil wasn't on the list. While ExxonMobil currently has a Hold rating among analysts, top-rated analysts believe these five stocks are better buys. With the proliferation of data centers and electric vehicles, the electric grid will only get more strained. Download this report to learn how energy stocks can play a role in your portfolio as the global demand for energy continues to grow. Sign up for MarketBeat All Access to gain access to MarketBeat's full suite of research tools. 345 N Reid Place, Suite 620, Sioux Falls, SD 57103
                                        
                                        contact@marketbeat.com
                                        
                                        (844) 978-6257 © MarketBeat Media, LLC 2010-2026. All rights reserved. © 2026   Fair market value prices are updated every minute and are provided by Massive. Other market data provided is at least 10-minutes delayed and hosted by Barchart Solutions.  Information is provided 'as-is' and solely for informational purposes, not for trading purposes or advice, and is delayed. To see all exchange delays and terms of use please see Barchart's disclaimer.",https://www.marketbeat.com/instant-alerts/filing-teachers-insurance-annuity-association-of-america-sells-110272-shares-of-exxonmobil-corporation-xom-2026-06-09/
XOM,Gaddis Premier Wealth Advisors LLC Takes Position in ExxonMobil Corporation $XOM - MarketBeat,2026-06-09 10:28:13,"Gaddis Premier Wealth Advisors LLC purchased a new stake in  ExxonMobil Corporation (NYSE:XOM - Free Report) during the fourth quarter, according to the company in its most recent Form 13F filing with the Securities and Exchange Commission. The institutional investor  purchased 8,522 shares of the oil and gas company's stock, valued at approximately $1,026,000. ExxonMobil accounts for  0.8% of Gaddis Premier Wealth Advisors LLC's investment portfolio, making the stock its 24th biggest position. Other large investors also recently made changes to their positions in the company. Berbice Capital Management LLC acquired a new position in shares of  ExxonMobil in the 4th quarter valued at $26,000.  Midwest Capital Advisors LLC acquired a new position in shares of  ExxonMobil in the 4th quarter valued at $27,000.  E Fund Management Hong Kong Co. Ltd. raised its stake in  ExxonMobil by 456.1% during the 4th quarter. E Fund Management Hong Kong Co. Ltd. now owns 228 shares of the oil and gas company's stock worth $27,000 after buying an additional 187 shares during the period.  Key Capital Management INC acquired a new stake in  ExxonMobil during the 4th quarter worth $28,000.  Finally, Nvest Wealth Strategies Inc. acquired a new stake in  ExxonMobil during the 4th quarter worth $32,000. Institutional investors and hedge funds own  61.80% of the company's stock. In related news, VP Darrin L. Talley sold 1,080 shares of the firm's stock in a transaction dated Monday, March 16th. The shares were sold at an average price of $155.50, for a total value of $167,940.00. Following the completion of the sale, the vice president directly owned 17,124 shares in the company, valued at approximately $2,662,782. This trade represents a 5.93% decrease in their position. The sale was disclosed in a document filed with the SEC, which is accessible through the SEC website. Company insiders own  0.03% of the company's stock. Several analysts recently commented on the company. Scotiabank raised their price objective on ExxonMobil from $128.00 to $163.00 and gave the stock a ""sector outperform"" rating in a research note on Wednesday, April 22nd. JPMorgan Chase & Co. raised their price objective on ExxonMobil from $140.00 to $170.00 and gave the stock an ""overweight"" rating in a research note on Thursday, April 9th. TD Cowen dropped their price objective on ExxonMobil from $175.00 to $172.00 and set a ""buy"" rating on the stock in a research note on Friday, April 10th. Bank of America raised their price objective on ExxonMobil from $135.00 to $151.00 and gave the stock a ""neutral"" rating in a research note on Monday, March 2nd. Finally, Mizuho raised their price objective on ExxonMobil from $159.00 to $175.00 and gave the stock a ""neutral"" rating in a research note on Wednesday, May 27th. Ten research analysts have rated the stock with a Buy rating and eleven have given a Hold rating to the company. Based on data from MarketBeat, the company presently has a consensus rating of ""Hold"" and an average target price of $165.55. Here are the key news stories impacting ExxonMobil this week: Shares of NYSE XOM opened at $151.95 on Tuesday. The stock has a market capitalization of $629.80 billion, a price-to-earnings ratio of 25.62, a PEG ratio of 0.64 and a beta of 0.16. The business has a 50-day moving average of $153.70 and a 200-day moving average of $141.67. The company has a debt-to-equity ratio of 0.13, a current ratio of 1.04 and a quick ratio of 0.77. ExxonMobil Corporation has a fifty-two week low of $103.83 and a fifty-two week high of $176.41. ExxonMobil (NYSE:XOM - Get Free Report) last announced its quarterly earnings data on Friday, May 1st. The oil and gas company reported $1.16 earnings per share for the quarter, beating the consensus estimate of $0.98 by $0.18. The company had revenue of $83.16 billion during the quarter, compared to analysts' expectations of $81.13 billion. ExxonMobil had a return on equity of 10.24% and a net margin of 7.57%.ExxonMobil's revenue for the quarter was up 2.4% compared to the same quarter last year. During the same quarter last year, the company earned $1.76 EPS.  As a group, sell-side analysts predict that  ExxonMobil Corporation will post 11.66 earnings per share for the current fiscal year. The business also recently disclosed a quarterly dividend, which will be paid on Wednesday, June 10th. Stockholders of record on Friday, May 15th will be issued a $1.03 dividend. The ex-dividend date is Friday, May 15th. This represents a $4.12 annualized dividend and a dividend yield of 2.7%. ExxonMobil's dividend payout ratio (DPR) is presently 69.48%. ExxonMobil Corporation NYSE: XOM is an integrated oil and gas company engaged in the exploration, production, refining, distribution and marketing of petroleum products and the manufacture and sale of petrochemicals. Its operations span the full energy value chain, including upstream exploration and development of crude oil and natural gas; midstream transportation and storage; and downstream refining, product distribution and retail. The company also produces a broad range of chemical products for industrial and consumer applications. ExxonMobil markets fuels and lubricants under well-known brands such as Exxon, Mobil and Esso, and its Mobil 1 motor oil is a prominent consumer product. Want to see what other hedge funds are holding XOM? Visit HoldingsChannel.com to get the latest 13F filings and insider trades for ExxonMobil Corporation (NYSE:XOM - Free Report). This instant news alert was generated by narrative science technology and financial data from MarketBeat in order to provide readers with the fastest reporting and unbiased coverage. Please send any questions or comments about this story to contact@marketbeat.com. Before you consider ExxonMobil, you'll want to hear this. MarketBeat keeps track of Wall Street's top-rated and best performing research analysts and the stocks they recommend to their clients on a daily basis. MarketBeat has identified the five stocks that top analysts are quietly whispering to their clients to buy now before the broader market catches on... and ExxonMobil wasn't on the list. While ExxonMobil currently has a Hold rating among analysts, top-rated analysts believe these five stocks are better buys. MarketBeat just released its list of the 7 hottest IPOs expected to hit Wall Street in 2026. See which companies are preparing to go public and why investors are watching closely. Sign up for MarketBeat All Access to gain access to MarketBeat's full suite of research tools. 345 N Reid Place, Suite 620, Sioux Falls, SD 57103
                                        
                                        contact@marketbeat.com
                                        
                                        (844) 978-6257 © MarketBeat Media, LLC 2010-2026. All rights reserved. © 2026   Fair market value prices are updated every minute and are provided by Massive. Other market data provided is at least 10-minutes delayed and hosted by Barchart Solutions.  Information is provided 'as-is' and solely for informational purposes, not for trading purposes or advice, and is delayed. To see all exchange delays and terms of use please see Barchart's disclaimer.",https://www.marketbeat.com/instant-alerts/filing-gaddis-premier-wealth-advisors-llc-takes-position-in-exxonmobil-corporation-xom-2026-06-09/
XOM,Focus Partners Advisor Solutions LLC Has $19.65 Million Stake in ExxonMobil Corporation $XOM - MarketBeat,2026-06-09 08:32:28,"Focus Partners Advisor Solutions LLC grew its holdings in shares of  ExxonMobil Corporation (NYSE:XOM - Free Report) by 14.0% in the fourth quarter, according to the company in its most recent 13F filing with the Securities and Exchange Commission. The firm owned 163,245 shares of the oil and gas company's stock after acquiring an additional 20,102 shares during the period. Focus Partners Advisor Solutions LLC's holdings in ExxonMobil were worth $19,645,000 as of its most recent SEC filing. Other large investors have also recently bought and sold shares of the company. Berbice Capital Management LLC acquired a new stake in  ExxonMobil during the 4th quarter worth about $26,000.  Midwest Capital Advisors LLC bought a new position in shares of  ExxonMobil during the 4th quarter worth about $27,000.  E Fund Management Hong Kong Co. Ltd. boosted its position in shares of  ExxonMobil by 456.1% during the 4th quarter. E Fund Management Hong Kong Co. Ltd. now owns 228 shares of the oil and gas company's stock worth $27,000 after purchasing an additional 187 shares in the last quarter.  Key Capital Management INC bought a new position in shares of  ExxonMobil during the 4th quarter worth about $28,000.  Finally, Nvest Wealth Strategies Inc. bought a new position in shares of  ExxonMobil during the 4th quarter worth about $32,000. 61.80% of the stock is currently owned by institutional investors and hedge funds. In related news, VP Darrin L. Talley sold 1,080 shares of the firm's stock in a transaction dated Monday, March 16th. The shares were sold at an average price of $155.50, for a total value of $167,940.00. Following the transaction, the vice president owned 17,124 shares of the company's stock, valued at approximately $2,662,782. This trade represents a 5.93% decrease in their position. The sale was disclosed in a legal filing with the Securities & Exchange Commission, which can be accessed through the SEC website. Insiders own  0.03% of the company's stock. Here are the key news stories impacting ExxonMobil this week: Shares of NYSE XOM opened at $151.95 on Tuesday. ExxonMobil Corporation has a fifty-two week low of $103.83 and a fifty-two week high of $176.41. The stock has a market cap of $629.80 billion, a price-to-earnings ratio of 25.62, a PEG ratio of 0.64 and a beta of 0.16. The company has a debt-to-equity ratio of 0.13, a quick ratio of 0.77 and a current ratio of 1.04. The firm's 50-day simple moving average is $153.70 and its 200 day simple moving average is $141.67. ExxonMobil (NYSE:XOM - Get Free Report) last announced its quarterly earnings results on Friday, May 1st. The oil and gas company reported $1.16 earnings per share for the quarter, beating the consensus estimate of $0.98 by $0.18. ExxonMobil had a net margin of 7.57% and a return on equity of 10.24%. The business had revenue of $83.16 billion for the quarter, compared to analysts' expectations of $81.13 billion. During the same quarter last year, the firm earned $1.76 EPS. The firm's revenue for the quarter was up 2.4% compared to the same quarter last year.  As a group, research analysts anticipate that  ExxonMobil Corporation will post 11.66 earnings per share for the current fiscal year. The firm also recently declared a quarterly dividend, which will be paid on Wednesday, June 10th. Investors of record on Friday, May 15th will be given a $1.03 dividend. The ex-dividend date of this dividend is Friday, May 15th. This represents a $4.12 annualized dividend and a yield of 2.7%. ExxonMobil's dividend payout ratio (DPR) is presently 69.48%. A number of research firms have recently issued reports on XOM. Scotiabank increased their price objective on shares of ExxonMobil from $128.00 to $163.00 and gave the stock a ""sector outperform"" rating in a research report on Wednesday, April 22nd. Mizuho increased their price objective on shares of ExxonMobil from $159.00 to $175.00 and gave the stock a ""neutral"" rating in a research report on Wednesday, May 27th. Barclays increased their price objective on shares of ExxonMobil from $163.00 to $182.00 and gave the stock an ""overweight"" rating in a research report on Tuesday, May 26th. Citigroup increased their price objective on shares of ExxonMobil from $150.00 to $175.00 and gave the stock a ""neutral"" rating in a research report on Thursday, April 2nd. Finally, Piper Sandler cut their price objective on shares of ExxonMobil from $186.00 to $182.00 and set an ""overweight"" rating on the stock in a research report on Thursday, April 9th. Ten equities research analysts have rated the stock with a Buy rating and eleven have given a Hold rating to the stock. According to data from MarketBeat, the stock currently has a consensus rating of ""Hold"" and a consensus price target of $165.55. ExxonMobil Corporation NYSE: XOM is an integrated oil and gas company engaged in the exploration, production, refining, distribution and marketing of petroleum products and the manufacture and sale of petrochemicals. Its operations span the full energy value chain, including upstream exploration and development of crude oil and natural gas; midstream transportation and storage; and downstream refining, product distribution and retail. The company also produces a broad range of chemical products for industrial and consumer applications. ExxonMobil markets fuels and lubricants under well-known brands such as Exxon, Mobil and Esso, and its Mobil 1 motor oil is a prominent consumer product. This instant news alert was generated by narrative science technology and financial data from MarketBeat in order to provide readers with the fastest reporting and unbiased coverage. Please send any questions or comments about this story to contact@marketbeat.com. Before you consider ExxonMobil, you'll want to hear this. MarketBeat keeps track of Wall Street's top-rated and best performing research analysts and the stocks they recommend to their clients on a daily basis. MarketBeat has identified the five stocks that top analysts are quietly whispering to their clients to buy now before the broader market catches on... and ExxonMobil wasn't on the list. While ExxonMobil currently has a Hold rating among analysts, top-rated analysts believe these five stocks are better buys. Just getting into the stock market? These 10 simple stocks can help beginning investors build long-term wealth without knowing options, technicals, or other advanced strategies. Sign up for MarketBeat All Access to gain access to MarketBeat's full suite of research tools. 345 N Reid Place, Suite 620, Sioux Falls, SD 57103
                                        
                                        contact@marketbeat.com
                                        
                                        (844) 978-6257 © MarketBeat Media, LLC 2010-2026. All rights reserved. © 2026   Fair market value prices are updated every minute and are provided by Massive. Other market data provided is at least 10-minutes delayed and hosted by Barchart Solutions.  Information is provided 'as-is' and solely for informational purposes, not for trading purposes or advice, and is delayed. To see all exchange delays and terms of use please see Barchart's disclaimer. Enter your email below to receive daily updates and analyst ratings for ExxonMobil and related companies from The Early Bird.",https://www.marketbeat.com/instant-alerts/filing-focus-partners-advisor-solutions-llc-has-1965-million-stake-in-exxonmobil-corporation-xom-2026-06-09/
XOM,Cerity Partners LLC Boosts Holdings in ExxonMobil Corporation $XOM - MarketBeat,2026-06-09 08:14:27,"Cerity Partners LLC raised its holdings in shares of  ExxonMobil Corporation (NYSE:XOM - Free Report) by 4.7% in the 4th quarter, according to its most recent 13F filing with the Securities and Exchange Commission. The institutional investor  owned 2,094,143 shares of the oil and gas company's stock after acquiring an additional 94,283 shares during the quarter. Cerity Partners LLC's holdings in ExxonMobil were worth $252,042,000 as of its most recent filing with the Securities and Exchange Commission. Several other hedge funds have also recently added to or reduced their stakes in XOM. Berbice Capital Management LLC purchased a new position in  ExxonMobil during the 4th quarter valued at about $26,000.  Midwest Capital Advisors LLC purchased a new position in  ExxonMobil during the 4th quarter valued at about $27,000.  E Fund Management Hong Kong Co. Ltd. boosted its stake in shares of  ExxonMobil by 456.1% during the 4th quarter. E Fund Management Hong Kong Co. Ltd. now owns 228 shares of the oil and gas company's stock worth $27,000 after purchasing an additional 187 shares during the last quarter.  Key Capital Management INC acquired a new stake in shares of  ExxonMobil during the 4th quarter worth about $28,000.  Finally, Nvest Wealth Strategies Inc. acquired a new stake in shares of  ExxonMobil during the 4th quarter worth about $32,000. 61.80% of the stock is currently owned by hedge funds and other institutional investors. Here are the key news stories impacting ExxonMobil this week: XOM opened at $151.95 on Tuesday. The company's 50 day simple moving average is $153.70 and its 200 day simple moving average is $141.67. The company has a debt-to-equity ratio of 0.13, a quick ratio of 0.77 and a current ratio of 1.04. ExxonMobil Corporation has a 1 year low of $103.83 and a 1 year high of $176.41. The stock has a market capitalization of $629.80 billion, a PE ratio of 25.62, a P/E/G ratio of 0.64 and a beta of 0.16. ExxonMobil (NYSE:XOM - Get Free Report) last released its earnings results on Friday, May 1st. The oil and gas company reported $1.16 earnings per share (EPS) for the quarter, topping the consensus estimate of $0.98 by $0.18. ExxonMobil had a net margin of 7.57% and a return on equity of 10.24%. The business had revenue of $83.16 billion for the quarter, compared to analysts' expectations of $81.13 billion. During the same period last year, the company earned $1.76 earnings per share. The company's quarterly revenue was up 2.4% on a year-over-year basis.  As a group, sell-side analysts expect that  ExxonMobil Corporation will post 11.66 EPS for the current year. The business also recently announced a quarterly dividend, which will be paid on Wednesday, June 10th. Investors of record on Friday, May 15th will be given a $1.03 dividend. The ex-dividend date of this dividend is Friday, May 15th. This represents a $4.12 annualized dividend and a dividend yield of 2.7%. ExxonMobil's dividend payout ratio (DPR) is currently 69.48%. In related news, VP Darrin L. Talley sold 1,080 shares of the firm's stock in a transaction that occurred on Monday, March 16th. The shares were sold at an average price of $155.50, for a total value of $167,940.00. Following the sale, the vice president directly owned 17,124 shares of the company's stock, valued at approximately $2,662,782. This trade represents a 5.93% decrease in their ownership of the stock. The transaction was disclosed in a legal filing with the Securities & Exchange Commission, which is available at the SEC website. Corporate insiders own  0.03% of the company's stock. Several research firms have issued reports on XOM. Sanford C. Bernstein decreased their price target on shares of ExxonMobil from $195.00 to $182.00 and set an ""outperform"" rating on the stock in a research note on Monday, May 11th. Weiss Ratings cut shares of ExxonMobil from a ""hold (c+)"" rating to a ""hold (c)"" rating in a research note on Thursday, May 21st. Zacks Research cut shares of ExxonMobil from a ""strong-buy"" rating to a ""hold"" rating in a research note on Tuesday, May 26th. HSBC raised their price target on shares of ExxonMobil from $135.00 to $158.00 and gave the stock a ""hold"" rating in a research note on Friday, March 20th. Finally, Jefferies Financial Group raised their price target on shares of ExxonMobil from $178.00 to $184.00 and gave the stock a ""buy"" rating in a research note on Thursday, April 9th. Ten investment analysts have rated the stock with a Buy rating and eleven have given a Hold rating to the stock. According to MarketBeat.com, the company currently has a consensus rating of ""Hold"" and an average price target of $165.55. ExxonMobil Corporation NYSE: XOM is an integrated oil and gas company engaged in the exploration, production, refining, distribution and marketing of petroleum products and the manufacture and sale of petrochemicals. Its operations span the full energy value chain, including upstream exploration and development of crude oil and natural gas; midstream transportation and storage; and downstream refining, product distribution and retail. The company also produces a broad range of chemical products for industrial and consumer applications. ExxonMobil markets fuels and lubricants under well-known brands such as Exxon, Mobil and Esso, and its Mobil 1 motor oil is a prominent consumer product. This instant news alert was generated by narrative science technology and financial data from MarketBeat in order to provide readers with the fastest reporting and unbiased coverage. Please send any questions or comments about this story to contact@marketbeat.com. Before you consider ExxonMobil, you'll want to hear this. MarketBeat keeps track of Wall Street's top-rated and best performing research analysts and the stocks they recommend to their clients on a daily basis. MarketBeat has identified the five stocks that top analysts are quietly whispering to their clients to buy now before the broader market catches on... and ExxonMobil wasn't on the list. While ExxonMobil currently has a Hold rating among analysts, top-rated analysts believe these five stocks are better buys. Click the link to see MarketBeat's list of seven best retirement stocks and why they should be in your portfolio. Sign up for MarketBeat All Access to gain access to MarketBeat's full suite of research tools. 345 N Reid Place, Suite 620, Sioux Falls, SD 57103
                                        
                                        contact@marketbeat.com
                                        
                                        (844) 978-6257 © MarketBeat Media, LLC 2010-2026. All rights reserved. © 2026   Fair market value prices are updated every minute and are provided by Massive. Other market data provided is at least 10-minutes delayed and hosted by Barchart Solutions.  Information is provided 'as-is' and solely for informational purposes, not for trading purposes or advice, and is delayed. To see all exchange delays and terms of use please see Barchart's disclaimer.",https://www.marketbeat.com/instant-alerts/filing-cerity-partners-llc-boosts-holdings-in-exxonmobil-corporation-xom-2026-06-09/
XOM,XOM Or CVX? Wall Street Sees More Upside In One Oil Major - Stocktwits,2026-06-08 23:38:04,"As oil prices edge higher amid intense global uncertainty stemming from the war between the U.S. and Iran, energy stocks are back in focus. Exxon Mobil Corp. (XOM) and Chevron Corp. (CVX) are two of the largest and most prominent American oil majors that stand to gain from the rally in energy markets, as crude oil prices remain above $100 a barrel. While both companies offer exposure to the oil trade, Wall Street consensus estimates suggest that one of these stocks may be the better bet, even as retail interest in both continues to grow. The Spring, Texas-based oil giant has a strong upward trajectory this year in light of the global oil supply disruptions due to the blockage of the Strait of Hormuz. XOM stock has risen more than 30% in 2026 alone, hitting an all-time high of $176.41 at the height of the crisis in late March. In its latest earnings report, Exxon posted revenues of $85.14 billion, surging past Wall Street expectations of $81.13 billion, and reported adjusted earnings of $1.16 per share despite a $700 million hit on closed hedges due to the war in the Middle East. Profit was driven by higher crude prices and record production in Guyana, where the company said net production in the first quarter set a new quarterly record of over 900,000 gross barrels per day. The company said that since 2019, it has removed more than $15 billion in structural costs, and expects this to reach $20 billion by 2030. Exxon also posted strong cash flow from operations of $8.7 billion for the quarter. Chevron, which is headquartered in Houston, has also climbed significantly in 2026, rising nearly 26% so far this year. In its first-quarter (Q1), the company’s adjusted earnings per share of $1.41 beat analyst expectations, although revenues of $48.61 billion missed estimates. The softer top-line performance comes amid ongoing headwinds for operations, including war-related production disruptions and specific asset legal charges. The company’s shares also touched an all-time high around March. However, last week, Berkshire Hathaway Inc. said that it had sold about $8 billion worth of Chevron shares in the first quarter, reducing its position by about a third. Analysts on Wall Street have a 12-month average price target of $168.32 on XOM shares, indicating an upside potential of about 5% compared to its last close, as per Koyfin data. Of the 25 analysts covering the stock, 11 have a ‘Buy’ or higher rating on the shares, while 13 have a ‘Hold’ rating and one analyst has a ‘Sell’ rating. Meanwhile, the platform’s data shows that the 12-month average price target of $214.87 on Chevron shares indicates an upside potential of about 9.5%, signaling that Wall Street sees CVX shares having more room to grow. Of the 25 analysts covering the stock, 18 have a rating of ‘Buy’ or higher. The forward price-to-earnings (P/E) ratio of CVX is also more attractive than XOM’s. According to data from Koyfin, CVX has a forward P/E ratio of 12.6x, while XOM has a forward P/E ratio of 13.3x, suggesting that investors are paying slightly less for Chevron’s expected future earnings. On Stocktwits, retail sentiment around XOM stock was in the ‘bearish’ territory amid ‘high’ message volumes at the time of writing. Platform data also shows that retail chatter jumped by more than 230% over 24 hours. Meanwhile, retail sentiment around CVX stock improved from the ‘bearish’ to ‘neutral’ territory, even as retail chatter jumped 300% in a day. On Light, Sweet Crude Oil Futures (CL_F), retail sentiment was in the ‘bearish’ territory amid ‘high’ message volumes. For updates and corrections, email newsroom[at]stocktwits[dot]com. Comments posted here will also appear on symbol pages. Shares of Charter Communications Inc. (CHTR) climbed nearly 1% in Monday’s overnight trade and garnered significant retail attention after a company director reported a purchase worth nearly $1.4 million in its common stock. On Stocktwits, retail chatter around the broadband and cable operator jumped 238.5% over the past 24 hours, as per platform data, amid ‘bullish’ sentiment. Mauricio Ramos, a director at the company, purchased 9,929 Class A common stock on May 15, as per a filing with the U.S. Securities and Exchange Commission. Ramos purchased the shares at a weighted average price of $140.9314 per share, for a total value of about $1,399 million. After the transaction, Ramos directly owns 19,309 shares of the company. On Monday, Charter Communications announced that its Spectrum internet service launched ultra-low latency connectivity powered by L4S (Low Latency, Low Loss, Scalable Throughput) technology. The L4S technology is designed to reduce delays in real-time applications such as gaming, AI tools, and video calls, the company said. The feature is already available in Dallas–Fort Worth, Reno, Rochester, and St. Louis, with a broader rollout planned across the country. Retail traders on Stocktwits actively discussed the insider buy. One user noted Ramos’ purchase, adding, “Insiders are voting with their pocket books.  This will start to catch people's eyes soon.” Another bullish user said, “could see a big short squeeze soon here.” CHTR stock has declined more than 32% so far this year. Meanwhile, the Communication Services Select Sector SPDR Fund (XLC), which invests in telecommunications and media companies, has gained 0.07% in the same time. For updates and corrections, email newsroom[at]stocktwits[dot]com. Comments posted here will also appear on symbol pages. Rocket Lab USA (RKLB) outlined a series of upcoming events this week, including a fresh Electron launch for Japanese satellite operator Synspective, a NASA-backed fuel storage mission, and a shareholder voting reminder tied to the company’s annual meeting. The stock is on track for a third week of gains after notching a fresh all-time high on Monday’s trading session. Rocket Lab on Monday confirmed its next Electron mission for Japanese Earth-imaging company Synspective Inc. will launch no earlier than May 22 from Launch Complex 1 in New Zealand. In a post on the X platform, the company said the mission, nicknamed “Viva La StriX,” will deploy another synthetic-aperture radar satellite to Synspective’s growing constellation. The upcoming launch will represent the ninth Electron mission supporting Synspective’s StriX satellite network. The radar satellites are designed to capture Earth observation data regardless of weather or lighting conditions. On Sunday, the California-based launch provider said its upcoming LOXSAT mission will carry technology developed by Eta Space aboard an Electron rocket later this year. The mission aims to study cryogenic propellant storage and handling capabilities in low Earth orbit, technology viewed as critical for long-duration space travel and orbital refueling systems. Rocket Lab stated that it will provide both the launch vehicle and spacecraft platform for the LOXSAT mission in partnership with NASA and Eta Space. Rocket Lab stock traded over 1% lower Overnight, heading into Tuesday. RKLB’s revenue growth and development on its Neutron rocket programs has made it a growing challenger to Elon Musk-led SpaceX in commercial launches and defense-related space services. Separately, Rocket Lab urged investors to submit votes on the Board’s various recommendations ahead of its May 20, shareholder deadline linked to the company’s annual meeting. For its fiscal first-quarter (Q1), the company reported a revenue of $200.3 million, marking a 63.5% year-on-year increase, while its contract backlog expanded to a record $2.2 billion. The company also said that launch activity during Q1 exceeded the total number of missions completed throughout all of 2025. On Stocktwits, retail sentiment around the stock changed to ‘bearish’ from ‘neutral’ territory the previous day. A user said, “my target was 120…..   And now I wouldn’t be surprised to see 200 :) Just got that feeling”. Another user said, “I sold last week but bought back just want to see which direction this is heading to and i didn't want to miss the boat.” Also See: HD Stock: Stifel Turns More Cautious Ahead Of Earnings Report, Warns Of Cooling Demand For updates and corrections, email newsroom[at]stocktwits[dot]com. Comments posted here will also appear on symbol pages. Shares of Hims & Hers Health, Inc. (HIMS) slipped 0.4% in overnight trading heading into Tuesday after the telehealth firm increased its convertible debt offering to $350 million as it ramps up funding for its proposed Eucalyptus acquisition and broader AI healthcare expansion plans. HIMS stock slumped 11% on Monday to record its lowest levels in over a month. Hims & Hers said it priced $350 million of 0.00% convertible senior notes due 2032, increasing the size of the offering from the previously announced $300 million. The company also granted purchasers an option to buy an additional $52.5 million in notes. The company estimates net proceeds of $338.5 million, or about $389.5 million if the additional option is fully exercised. Hims said the proceeds will help preserve financial flexibility while supporting its international expansion strategy, including the proposed Eucalyptus acquisition expected to close in mid-2026. The company also plans to invest heavily in tech, fulfillment operations, and AI to improve customer experience and better leverage its closed-loop healthcare data ecosystem. The notes carry an initial conversion price of $29.53 per share, representing a 32.5% premium to Hims & Hers’ last close. The financing comes months after Hims & Hers announced plans to acquire Eucalyptus in a deal valued at up to $1.15 billion. The deal is expected to expand the company’s footprint across Australia, Japan, Canada, Germany and the UK. Eucalyptus operates several telehealth brands including Juniper and Pilot and has served over 775,000 customers globally. CEO Andrew Dudum previously said that the acquisition would boost the company’s ability to deliver localized healthcare services globally, while expanding access to personalized digital care. The acquisition structure also gives Hims & Hers flexibility to fund portions of future deferred and earnout payments using either stock or cash. Hims & Hers has also been rapidly scaling its AI healthcare initiatives. Earlier this month, the company launched Labs AI, an AI healthcare assistant integrated into its platform that helps users interpret lab tests, biomarker trends and long-term health risks. According to the company, Labs AI can analyze up to 130 biomarkers alongside medical history, lifestyle data and longitudinal health to generate personalized insights. Investor interest around Hims’ diagnostics also increased after Dudum hinted at interest in a blood-test company that claims it could predict heart attacks within 12 months with 86% accuracy. The company’s broader healthcare strategy has moved beyond telehealth prescriptions into more integrated and recurring-care models. Recently, Hims launched Testosterone Rx+, a daily hormone-support pill combining Enclomiphene with zinc, vitamins and L-arginine. The product builds on earlier hormone-health offerings launched last year that focused on fertility-friendly testosterone support and combination therapies. The company’s hormone-health programs also include at-home lab testing, symptom screening and virtual care services as Hims pushes toward more data-driven treatment ecosystems. Investor focus has additionally shifted toward peptides as a future growth category, with potential upsides from the upcoming FDA discussions around peptide compounds eligible for compounding. Additionally, Hims has shifted towards branded therapies through partnerships with Novo Nordisk and Eli Lilly, offering drugs including Wegovy, Ozempic, Zepbound and Mounjaro through its platform. Dudum previously compared the company’s broader healthcare strategy to Netflix’s early growth model, saying Hims aims to expand healthcare choice and accessibility rather than rely on a single treatment category. On Stocktwits, retail sentiment for HIMS was ‘bearish’ amid ‘low’ message volume. One user said, “This allows us to close that Eucalyptus deal without using much dilution because of the Capped call attached to this convertible note..” Another user said, “this stock is cooked. Back to mid teens. Will have green week in late July on fda peptide news  then sell off again until earnings.” For updates and corrections, email newsroom[at]stocktwits[dot]com. Read Next: NIO Stock Extends 3-Day Rout: CEO Leans On Firefly’s iPhone-Like Appeal To Stand Out In China EV War Comments posted here will also appear on symbol pages. The sharp selloff in U.S. government bonds may be far from over, according to market experts, as Treasury yields near levels last seen in 2007. The 30-year Treasury yield closed at 5.12% last week, near its highest level since 2007. The 20-year Treasury yield also climbed to roughly 5.145%, underscoring mounting pressure across the long end of the bond market. ""The question going forward is: will guys really buy here because I believe this (selloff) will continue to persist,"" said Padhraic Garvey, head of global rates and debt strategy at ING, as per a Reuters report. “We’re probably headed to 4.75% in the next round,” Garvey added, warning that even a modest rise in long-term inflation expectations could drive yields another 10 to 30 basis points higher “very easily.” The benchmark 10-year Treasury yield rose to around 4.62% late Monday. Wall Street analysts have cited recent hotter-than-expected inflation readings amid the Iran war, rising oil prices, and massive fiscal deficits for the ongoing pressure in the bond market. Economist Steve Hanke noted these factors for higher yields across the world in a post on X, adding that “bond vigilantes are riding again.” Other market veterans are also warning that traditional buyers of U.S. debt are no longer providing the same stabilizing force. Guneet Dhingra, head of U.S. rates strategy at BNP Paribas, reportedly said that once 30-year yields broke above 5%, the market effectively lost a clear ceiling, while in the past, certain levels tended to act as barriers. ""Now that we have no anchor, what stops bond yields from going up in a world of high inflation, ever-rising deficits, and global bond yield pressure?"" Dhingra said, as per Reuters. Meanwhile, Gregory Peters, co-chief investment officer at PGIM Fixed Income, reportedly said that although elevated Treasury yields appear attractive, he remains wary of long-dated government bonds. As per a Bloomberg report, Peters noted, “The global bond market is in disarray as investors are losing confidence.” Veteran investor Peter Schiff has also warned that traders may still be underestimating how high both oil prices and bond yields could climb. Amid rising bond yields and growing inflationary pressures, some market participants are expecting the Federal Reserve to move toward a rate hike rather than a rate cut. Ed Yardeni, President of Yardeni Research, reportedly said he believes the Fed is “likely” to raise key borrowing rates by a quarter of a percentage point as soon as July. Market commentary service The Kobeissi Letter also said that interest rate futures are increasingly signaling that the Fed’s next policy move could be a rate increase rather than a cut. The firm added that markets see the odds of the Fed lowering interest rates before July 2027 to be minimal. Meanwhile, U.S. equities were down in Monday’s overnight trading. The SPDR S&P 500 ETF (SPY), which tracks the benchmark S&P 500 index, was down 0.34% at the time of writing, while the Invesco QQQ Trust (QQQ), which mirrors the Nasdaq 100, fell 0.54%, and the SPDR Dow Jones Industrial Average ETF (DIA) declined 0.21%. The iShares 20+ Year Treasury Bond ETF (TLT) was also down 0.14% at the time of writing, while the Rbb Fund Inc. US Treasury 30 Year Bond ETF (UTHY) was up 0.13%. Retail sentiment around SPY on Stocktwits was in the ‘extremely bullish’ territory and for TLT, it was in the ‘bearish’ territory. For updates and corrections, email newsroom[at]stocktwits[dot]com. Comments posted here will also appear on symbol pages. Home Depot (HD) has drawn attention after Stifel reduced its price target on the home improvement retailer to $320 from a previous $375, while reiterating a ‘Hold’ rating, ahead of its fiscal first-quarter (Q1) earnings on Tuesday. The adjustment reflects a more cautious stance on near-term demand trends across the home improvement industry, as investors seek clearer signals on consumer spending and housing-related activity. In its latest note, Stifel indicated that Home Depot’s recent performance data points to weaker-than-expected momentum in comparale sales, according to TheFly. The firm also adjusted expectations for the second through fourth quarters, now modeling relatively flat sales growth as broader economic conditions continue to weigh on discretionary renovation activity. The updated projections signal a shift in expectations for the home improvement sector, which has benefited in prior years from elevated remodeling activity and pandemic-era housing demand. Home Depot stock inched 0.7% higher overnight, heading into Tuesday. On Friday, Piper Sandler also trimmed its price target slightly to $421 from $422 while maintaining an ‘Overweight’ rating. Piper Sandler said tax refund activity during Q1 stood out but did not clearly translate into a measurable lift in retail spending, suggesting that many middle- and upper-income households may have opted to save rather than spend those funds. Home Depot is expected to report its Q1 earnings on Tuesday, with analysts seeing a revenue of $41.5 billion and earnings per share of $3.41, according to Fiscal AI data. The company heads into earnings after a recent sharp downturn in its share price, with its stock falling over 14% in the past month. A central theme heading into results is the company’s accelerating shift toward professional contractors, a segment management has prioritized amid constrained housing turnover. With homeowners less likely to relocate due to higher mortgage rates, renovation activity has increasingly concentrated around essential upgrades and large-scale contractor-led projects. This structural shift is expected to play a major role in determining whether Home Depot can stabilize comparable sales despite weaker discretionary demand from casual shoppers. Also See: MELI Stock In Spotlight: Michael Burry Says The Latin American Tech Giant 'Comes Cheap’ Despite Strong Growth For updates and corrections, email newsroom[at]stocktwits[dot]com. Comments posted here will also appear on symbol pages. These cookies are necessary for the website to function and cannot be switched off in our systems. They are usually only set in response to actions made by you which amount to a request for services, such as setting your privacy preferences, logging in or filling in forms. You can set your browser to block or alert you about these cookies, but some parts of the site will not then work. These cookies do not store any personally identifiable information. As a California consumer, you have the right to opt-out from the sale or sharing of your personal information at any time across business platform, services, businesses and devices. You can opt-out of the sale and sharing of your personal information by using this toggle switch. As a Virginia, Utah, Colorado and Connecticut consumer, you have the right to opt-out from the sale of your personal data and the processing of your personal data for targeted advertising. You can opt-out of the sale of your personal data and targeted advertising by using this toggle switch. For more information on your rights as a United States consumer see our privacy notice. These cookies allow us to count visits and traffic sources so we can measure and improve the performance of our site. They help us to know which pages are the most and least popular and see how visitors move around the site. All information these cookies collect is aggregated and therefore anonymous. If you do not allow these cookies we will not know when you have visited our site, and will not be able to monitor its performance. These cookies may be set through our site by our advertising partners. They may be used by those companies to build a profile of your interests and show you relevant adverts on other sites. They do not store directly personal information, but are based on uniquely identifying your browser and internet device. If you do not allow these cookies, you will experience less targeted advertising.",https://stocktwits.com/news-articles/markets/equity/xom-or-cvx-wall-street-sees-more-upside-in-one-oil-major/cZXuk4bReZS
XOM,Exxon (XOM) Natural Gas Project to Drive Mozambique's Economic G - GuruFocus,2026-06-08 22:06:17,"This website is using a security service to protect itself from online attacks. The action you just performed triggered the security solution. There are several actions that could trigger this block including submitting a certain word or phrase, a SQL command or malformed data. You can email the site owner to let them know you were blocked. Please include what you were doing when this page came up and the Cloudflare Ray ID found at the bottom of this page. Cloudflare Ray ID: a095093e8dd7584e
•

        Your IP:
        Click to reveal
20.119.103.2
•

Performance & security by Cloudflare",https://www.gurufocus.com/news/8905809/exxon-xom-natural-gas-project-to-drive-mozambiques-economic-growth?mobile=true
XOM,ExxonMobil (NYSE:XOM) Shares Up 1.4% - Still a Buy? - MarketBeat,2026-06-08 21:36:19,"Shares of ExxonMobil Corporation (NYSE:XOM - Get Free Report) shot up 1.4% during trading on Monday . The stock traded as high as $153.81 and last traded at $151.9450. 13,654,492 shares traded hands during trading, a decline of 34% from the average session volume of 20,640,191 shares. The stock had previously closed at $149.92. Here are the key news stories impacting ExxonMobil this week: Several research firms recently commented on XOM. JPMorgan Chase & Co. raised their price target on shares of ExxonMobil from $140.00 to $170.00 and gave the company an ""overweight"" rating in a research report on Thursday, April 9th. Mizuho raised their price target on shares of ExxonMobil from $159.00 to $175.00 and gave the company a ""neutral"" rating in a research report on Wednesday, May 27th. Royal Bank Of Canada  restated a ""sector perform"" rating and set a $180.00 price target on shares of ExxonMobil in a research report on Tuesday, May 5th. Jefferies Financial Group increased their price objective on shares of ExxonMobil from $178.00 to $184.00 and gave the company a ""buy"" rating in a report on Thursday, April 9th. Finally, Morgan Stanley decreased their price objective on shares of ExxonMobil from $172.00 to $171.00 and set an ""overweight"" rating on the stock in a report on Friday, April 17th. Ten research analysts have rated the stock with a Buy rating and eleven have issued  a Hold rating to the company's stock. Based on data from MarketBeat, the company currently has an average rating of ""Hold"" and a consensus price target of $165.55. The company has a debt-to-equity ratio of 0.13, a current ratio of 1.04 and a quick ratio of 0.77. The firm has a market capitalization of $629.80 billion, a PE ratio of 25.62, a P/E/G ratio of 0.64 and a beta of 0.16. The company's fifty day simple moving average is $153.96 and its 200-day simple moving average is $141.43. ExxonMobil (NYSE:XOM - Get Free Report) last posted its quarterly earnings data on Friday, May 1st. The oil and gas company reported $1.16 earnings per share (EPS) for the quarter, beating the consensus estimate of $0.98 by $0.18. The business had revenue of $83.16 billion for the quarter, compared to the consensus estimate of $81.13 billion. ExxonMobil had a net margin of 7.57% and a return on equity of 10.24%. The company's revenue was up 2.4% compared to the same quarter last year. During the same period last year, the firm posted $1.76 earnings per share.  As a group, sell-side analysts expect that  ExxonMobil Corporation will post 11.66 earnings per share for the current fiscal year. The business also recently disclosed a quarterly dividend, which will be paid on Wednesday, June 10th. Shareholders of record on Friday, May 15th will be issued a dividend of $1.03 per share. This represents a $4.12 annualized dividend and a yield of 2.7%. The ex-dividend date of this dividend is Friday, May 15th. ExxonMobil's dividend payout ratio (DPR) is presently 69.48%. In other news, VP Darrin L. Talley sold 1,080 shares of the firm's stock in a transaction dated Monday, March 16th. The shares were sold at an average price of $155.50, for a total value of $167,940.00. Following the transaction, the vice president directly owned 17,124 shares of the company's stock, valued at approximately $2,662,782. This trade represents a 5.93% decrease in their ownership of the stock. The transaction was disclosed in a filing with the SEC, which is available at this link. Corporate insiders own  0.03% of the company's stock. Several hedge funds and other institutional investors have recently modified their holdings of the business. Farmers National Bank lifted its stake in shares of  ExxonMobil by 4.5% in the first quarter. Farmers National Bank now owns 45,365 shares of the oil and gas company's stock worth $7,697,000 after buying an additional 1,946 shares in the last quarter.  Parallel Advisors LLC lifted its stake in shares of  ExxonMobil by 9.5% in the first quarter. Parallel Advisors LLC now owns 84,848 shares of the oil and gas company's stock worth $14,395,000 after buying an additional 7,392 shares in the last quarter.  Blue Edge Capital LLC raised its stake in  ExxonMobil by 10.8% during the first quarter. Blue Edge Capital LLC now owns 46,079 shares of the oil and gas company's stock worth $7,818,000 after purchasing an additional 4,475 shares during the period.  First Nebraska Trust Co purchased a new position in  ExxonMobil during the first quarter worth about $8,896,000.  Finally, Foguth Wealth Management LLC. raised its stake in  ExxonMobil by 4.1% during the first quarter. Foguth Wealth Management LLC. now owns 2,185 shares of the oil and gas company's stock worth $371,000 after purchasing an additional 87 shares during the period. 61.80% of the stock is owned by hedge funds and other institutional investors. ExxonMobil Corporation NYSE: XOM is an integrated oil and gas company engaged in the exploration, production, refining, distribution and marketing of petroleum products and the manufacture and sale of petrochemicals. Its operations span the full energy value chain, including upstream exploration and development of crude oil and natural gas; midstream transportation and storage; and downstream refining, product distribution and retail. The company also produces a broad range of chemical products for industrial and consumer applications. ExxonMobil markets fuels and lubricants under well-known brands such as Exxon, Mobil and Esso, and its Mobil 1 motor oil is a prominent consumer product. This instant news alert was generated by narrative science technology and financial data from MarketBeat in order to provide readers with the fastest reporting and unbiased coverage. Please send any questions or comments about this story to contact@marketbeat.com. Before you consider ExxonMobil, you'll want to hear this. MarketBeat keeps track of Wall Street's top-rated and best performing research analysts and the stocks they recommend to their clients on a daily basis. MarketBeat has identified the five stocks that top analysts are quietly whispering to their clients to buy now before the broader market catches on... and ExxonMobil wasn't on the list. While ExxonMobil currently has a Hold rating among analysts, top-rated analysts believe these five stocks are better buys. MarketBeat's analysts have just released their top five short plays for June 2026. Learn which stocks have the most short interest and how to trade them. Click the link to see which companies made the list. Sign up for MarketBeat All Access to gain access to MarketBeat's full suite of research tools. 345 N Reid Place, Suite 620, Sioux Falls, SD 57103
                                        
                                        contact@marketbeat.com
                                        
                                        (844) 978-6257 © MarketBeat Media, LLC 2010-2026. All rights reserved. © 2026   Fair market value prices are updated every minute and are provided by Massive. Other market data provided is at least 10-minutes delayed and hosted by Barchart Solutions.  Information is provided 'as-is' and solely for informational purposes, not for trading purposes or advice, and is delayed. To see all exchange delays and terms of use please see Barchart's disclaimer.",https://www.marketbeat.com/instant-alerts/exxonmobil-nysexom-shares-up-14-still-a-buy-2026-06-08/
XOM,"Dow, S&P 500, Nasdaq Futures Slide As US-Iran War Shock Sends Oil Soaring: Why INDO, DJT, USO, XOM, CVX Kept Traders On Edge Today - Stocktwits",2026-06-08 18:20:06,"U.S. stock futures were sharply lower late Sunday as escalating military conflict in the Middle East drove oil prices higher, sparked a rush into safe-haven assets, and forced investors to reassess inflation and geopolitical risk just as markets were already grappling with AI-driven uncertainty. As of 7.40 p.m. ET, Nasdaq 100 futures and S&P 500 futures were down by 1.1%, while Dow futures were down 1.2%. On Stocktwits, retail sentiment toward the SPDR S&P 500 ETF Trust (SPY) was ‘bullish,’ while sentiment toward the Invesco QQQ Trust (QQQ) was ‘neutral,’ and sentiment toward the SPDR Dow Jones Industrial Average ETF Trust (DIA) was ‘extremely bearish,’ with all ETFs under ‘normal’ message volumes. Markets reacted after joint U.S.-Israeli strikes on Iran killed Supreme Leader Ayatollah Ali Khamenei, marking one of the Islamic Republic’s most consequential turning points since 1979 and raising fears of a prolonged regional conflict. In a video posted Sunday on Truth Social, U.S. President Donald Trump said the U.S. military would continue bombing Iran until its objectives are achieved, warning operations remain ongoing and acknowledging additional American casualties are likely. Trump confirmed that U.S. and Israeli forces had struck hundreds of targets across Iran, including Revolutionary Guard facilities and air defences, while calling on Iranian military and police to surrender “for full immunity or face certain death.” The U.S. military also confirmed its first combat losses in the conflict, with three servicemembers killed and five seriously wounded in an Iranian counterattack. Iran has vowed retaliation, increasing concerns that hostilities could spread across the Middle East and destabilize global shipping routes and energy flows. Ryan Detrick of Carson Group highlighted on X the tightening market conditions, saying, “Bollinger Bands are about as tight as they've been in years. The spring is coiling.” Bollinger Bands typically measure volatility and identify potential overbought or oversold conditions. Oil surged as much as 13% in early trading amid fears that disruptions around the Strait of Hormuz could tighten supplies. The passage handles more than 20% of global oil demand, making it the world’s most critical chokepoint for energy flows. Economist Peter Schiff noted on X that the commodity response was already underway, warning that the rise in oil prices ""will soon show up big time at the pump and in the CPI."" The geopolitical shock comes on top of an already fragile equity backdrop. The S&P 500 ended February lower after turmoil in AI-linked and software shares prompted concerns about whether rapid automation could undermine traditional business models and employment stability. The Kobeissi Letter cautioned on X against emotional trading decisions, urging investors to ""let the dust settle” as markets attempt to absorb vast uncertainty. They said that the Strait of Hormuz “is the biggest risk to financial markets right now, which will drive broader price action,” noting that prolonged disruption could send oil above $100 per barrel and potentially push U.S. inflation toward 5%. Energy Stocks (INDO, XOM, BATL, CVX, USO, XLE): Stocks are trending higher as escalating Middle East tensions push oil prices higher and draw investor attention to energy producers and oil-linked ETFs amid supply disruption risks. DJT: Trump Media shares are trending after Trump posted the Truth Social video confirming ongoing U.S. military operations in Iran and warning the campaign would continue until objectives are met. LMT: The stock is under retail radar as rising Middle East tensions lifted focus on defence contractors, driving discussion around defence spending and potential contract momentum for major contractors. In broader markets, gold rallied toward $5,350 an ounce as investors moved into traditional safe-haven assets following the geopolitical escalation. Bond markets showed defensive positioning, with 10-year Treasury futures firming by 3 ticks as yields held below 4% for the first time since late November. The U.S. Dollar Index strengthened modestly amid increased liquidity demand. Brent crude traded near $79 and U.S. crude near $72 as traders assessed supply risks amid tanker disruptions and uncertainty over Hormuz traffic. Asian markets opened lower as traders shifted away from risk, with shares declining in Australia and Japan. Among the catalysts for the day are the S&P final U.S. manufacturing PMI, ISM manufacturing, and Auto sales. For updates and corrections, email newsroom[at]stocktwits[dot]com. Comments posted here will also appear on symbol pages. Veteran macro investor Jordi Visser said that the fiat financial system wasn't made to handle the speed and scale of artificial intelligence. He said that as AI agents become more independent, crypto infrastructure will be needed. Visser spoke on the Pomp Podcast with Anthony Pompliano on Saturday, saying that AI systems would need financial infrastructure that could handle high-speed execution, autonomous agents, and real-time verification. He added that existing fiat guardrails were not meant to support these functions, which only Bitcoin (BTC) can. “Coming out of a crisis, you want to invest in the fastest horse in the race. Well, the fastest horse in the race coming out of this cycle is crypto, and this time I don't think it's going to stop,” he added. According to Visser, many investors in venture capital, commodities, and macro had come to the same conclusion: AI couldn't grow without crypto-based rails. He also said that verification is a problem. According to Visser, cryptography has become increasingly crucial for verifying identity and authenticity as the volume of AI-generated content and spoofed communications rises. He described verification as a structural requirement in an AI-heavy environment, citing crypto-linked identity approaches. Visser sees the conflict between Anthropic and the Defense Department as a sign of a bigger change that is coming, in which crypto infrastructure will be needed for AI to grow safely, securely, and on its own. Visser points to a growing conflict between AI developers and government agencies, using Anthropic's problems with the U.S. Department of Defense as an example. Anthropic has refused to take away some safety features from its models, even though defense officials want to use them in more ways without restrictions. Visser thinks this standoff shows a bigger problem: AI is moving so quickly that current institutional controls, whether regulatory, financial, or moral, are struggling to keep up. Separately, OpenAI moved forward with partnerships with the government, including those related to defense, while also laying out its own rules for using its products. OpenAI co-founder Sam Altman said the Pentagon’s reported move to phase out Anthropic set an “extremely scary precedent,” as OpenAI finalized its own Defense Department agreement. Read also: Minnesota Launches First State Fraud Fund After Crypto Scams Target Senior Citizens For updates and corrections, email newsroom[at]stocktwits[dot]com. Comments posted here will also appear on symbol pages. Minnesota has set up the first state-run fraud restitution fund in the country to help people who have been victims of scams, while lawmakers are trying to ban crypto kiosks in the state. According to a non-profit organization geared towards older Americans, the fund is meant to help people get back on their feet financially and stabilize their finances, even though it won't fully reimburse most victims. Minnesota has passed separate consumer protection laws to stop scams involving cryptocurrencies, in addition to the restitution fund. The bill, HF3642, sponsored by Rep. Erin Koegel, co-chair of the House Commerce Finance and Policy Committee, aims to prohibit the virtual currency kiosks across the state. The state currently has about 350 licensed kiosks operated by eight to 10 companies, according to the Department of Commerce. The bill was introduced on Monday and discussed on Thursday to prevent the rising scams against the elderly of the state. Police told lawmakers on Thursday that scammers tell victims to put cash into these machines. The money is turned into cryptocurrency and sent to accounts controlled by the scammers. Once sent, it is very hard to track or get back. They added that the scams were mostly hurting senior citizens. Woodbury Detective Lynn Lawrence told the House that officers once found an older woman confused at a gas station crypto kiosk. She had already made “at least 10 Bitcoin transactions in six months.” Lawrence added that the woman “had been giving 50% of her income per month to the scammers” and was scared she might have to live in her car. The Department of Commerce reported 70 complaints last year totaling $540,000 in losses. Refunds averaged only 16% of total losses. While the discussions are ongoing, the House Commerce Committee has not yet voted on the bill. On Thursday, lawmakers said they may add it to a larger commerce bill later in the session. Blockchain security firm PeckShield Alert reported that 15 crypto-related hacks were recorded in February alone, totaling about $26.5 million, with funds moving quickly across wallets, making recovery difficult. The top five hacks pointed out were YieldBlox at $10 million, IoTeX Bridge at $8.8 million, CrossCurveFi at $3 million, FOOMCASH at $2.26 million, and Moonwell at $1.8 million. On Sunday, Georgia hosted an event to help users identify crypto scams. Crypto industry representatives, however, resisted the ban in Minnesota. For instance, CoinFlip general counsel Larry Lipka told lawmakers, “It is inappropriate to ban a legal product because fraud is happening. Not our fault.” He added that machines should not be illegal, since scammers are responsible for the crimes, not the kiosk operators. He said he supports stricter rules and better enforcement instead of a full statewide ban. Read also: HYPE Rallies While Traders Flood Oil, Gold And Bitcoin Perps Amid Iran Tensions For updates and corrections, email newsroom[at]stocktwits[dot]com. Comments posted here will also appear on symbol pages. Global central banks now hold the largest share of gold reserves this century, as gold prices traded higher alongside rising activity in commodity-linked crypto derivatives. Hyperliquid’s HYPE token rallied on Saturday as traders rushed to the decentralized exchange to trade perpetual contracts on oil and precious metals. Hyperliquid (HYPE) was trading at $30.77, up roughly 12.5% on the day and with high 24-hour volume. On Stockwits, the retail sentiment around HYPE moved from ‘extremely bearish’ to ‘bearish’ as chatter levels around it improved from ‘extremely low’ to ‘low’ over the past day. Oil-linked perpetual futures on Hyperliquid rose after the U.S. and Israel launched coordinated missile strikes on Iran. Oil-USDH climbed more than 5% to $71.26, while USOIL-USDH traded above $86.00. The two contracts recorded nearly $4 million in volume and over $5 million in notional open interest, according to Hyperliquid data. Silver-linked perpetuals led commodity derivatives activity on the platform with more than $227 million in 24-hour volume, followed by gold contracts at roughly $173 million. At press time, Bitcoin perpetual futures trading also picked up speed at the same time. There was a rise in trading activity for Bitcoin perpetual futures, with open interest of $1.39 billion and volume of $3.38 billion in 24 hours. BTC perps also saw about $41 million in long liquidations and $25 million in short liquidations. The gains in oil-linked contracts followed coordinated U.S. and Israeli missile strikes on Iran that triggered explosions across Tehran and multiple other cities. Iran retaliated shortly after, targeting multiple U.S. airbases in the region. Iran is a major oil producer and controls access to the Strait of Hormuz, a maritime chokepoint roughly 33 kilometers wide at its narrowest point. Nearly 20% of the global oil supply, about 17 million barrels per day, passes through the strait. Read also: War Rhetoric Isn’t Moving Bitcoin Long Term, Says Analyst George Tung For updates and corrections, email newsroom[at]stocktwits[dot]com. Comments posted here will also appear on symbol pages. As tensions between the U.S. and Iran grew, panic spread to the crypto derivatives markets, where about $1.8 billion in aggressive sell orders came in within an hour. But analyst George Tung pointed out that Bitcoin's sell-offs during wartime appear to be temporary. In the X post on Saturday, the market analyst George Tung argued that while military escalations create immediate volatility within crypto markets, “capital is not structurally leaving” Bitcoin. Tung, who goes by the handle CryptoRUs, further stated that long-term trends are more influenced by the overall state of liquidity and the market structure, since Bitcoin “isn’t tied to any single country’s economy.” The market watcher attached a chart from CryptoQuant exchange netflow data across major geopolitical conflicts seen historically impacting Bitcoin’s price and noted that “the on-chain pattern is consistent.” Meanwhile, Tung noted that the rise of exchange-traded funds (ETFs) and institutional participation meant much of the stress has now been absorbed in derivatives markets rather than sustained spot selling. Spot Bitcoin ETFs saw net inflows of $787 million during the week of February 23–27, with BlackRock's IBIT leading the way with $503 million, as per SoSoValue data. Exchange inflows had risen sharply after Russia’s invasion of Ukraine in February 2022, when Bitcoin fell from around the high range of $30,000 to about $34,000 in a sharp intraday move, according to historical data. Data also showed that during the Israel-Hamas war in October 2023, Bitcoin was trading near $28,000 and briefly dipped toward $27,000 before stabilizing. In June 2025, during the Iran-Israel escalation, Bitcoin traded in the mid-$60,000 range and fell to $63,000 amid high volatility. On Sunday, after a US strike on Iran led to the assassination of Ayatollah Ali Khamenei, the Supreme Leader of Iran, Bitcoin (BTC) traded at $66,313.65, up by 4.5% in the last 24 hours, after hitting an intraday low of $63,857.20. On Stocktwits, the retail sentiment moved up from ‘neutral’ to ‘bullish’ territory; however, chatter around the asset remained at ‘low’ levels over the past day. The Key Opinion Leader also asked market watchers to closely monitor global liquidity, stablecoin supply, interest rate expectations, and regulatory clarity. Michaël van de Poppe, a well-known Bitcoin analyst, doesn't agree with this view. He said that Bitcoin went up at first because of the news, but now it's going down because people aren't sure when the U.S. market will open, and there's a CME gap. It could go up again if it breaks above the 21-day moving average and makes a higher low. Read also: Senator Calls For Ban On Insider Trading After US Strike On Iran Generated $1.2 Million For updates and corrections, email newsroom[at]stocktwits[dot]com. Comments posted here will also appear on symbol pages. Democrat Senator Chris Murphy said on Saturday that he would introduce legislation to ban betting on military actions after traders made significant profits on Polymarket ahead of a U.S. strike on Iran. Murphy, who represents Connecticut, said on X that people were “profiting off war and death” and that he would be drafting a bill “ASAP” to prevent markets from allowing wagers tied to armed conflict. His comments came after Bubblemaps, a blockchain analytics firm, highlighted concentrated betting activity placed shortly before the strike. Bubblemaps identified six wallets that collectively generated roughly $1.2 million betting on the Polymarket contract titled “US strikes Iran by February 28, 2026?” According to the firm, most of the wallets were funded within 24 hours and accumulated “Yes” positions hours before the strike occurred. Public Polymarket profiles show detailed transaction histories. The account labeled “Anon” bought approximately $10,000 worth of “Yes” shares at around 18¢ and later redeemed about 55,555 shares for more than $55,000. Another profile, ""dicedicedice,"" showed nearly $150,000 redeemed from the same contract. Adding to this, a separate account displayed more than $119,000 in profit over the past month, with activity concentrated around the Iran strike market. Adding to the scrutiny, US Congress representative Mike Levin pointed to another Polymarket account called “Magamyman,” which made more than $515,000 in a single day betting on the strike. Levin wrote that the account’s first trade was placed 71 minutes before the news became public and that roughly $87,000 was turned into more than half a million dollars overnight. Levin also noted that President Trump was on Polymarket’s advisory board and that his firm invested double-digit millions into the platform last year. He further referenced prior DOJ and CFTC investigations into Polymarket that were later dropped. Murphy’s proposed legislation came amid increasing political attention on prediction markets, particularly those tied to sensitive geopolitical events. Last month, several Democratic lawmakers co-sponsored the Public Integrity in Financial Prediction Markets Act of 2026, which would prohibit elected officials from trading contracts tied to policies under their control. The Polymarket contract centered on escalating tensions between the United States and Iran. The strike followed heightened rhetoric from former President Donald Trump, who had warned of potential military action if Iran did not curb its nuclear ambitions. Reports of coordinated U.S. and Israeli military activity intensified speculation in global markets, with crypto assets reacting sharply during the escalation. Mike Selig of the CFTC said that the agency filed an amicus curiae brief in support of prediction markets to protect its unique regulatory power in the face of a rise in state-level lawsuits. Selig said that event contracts are not gambling laws, but rather federally regulated derivatives laws. He said that making federal oversight weaker could hurt the integrity of the market, make it harder to protect investors, and damage the United States' reputation as a global financial leader. Read also: OpenAI’s Sam Altman Says Department Of War Blacklisting Anthropic Sets ‘Extremely Scary Precedent’ Amid Pentagon Deal For updates and corrections, email newsroom[at]stocktwits[dot]com. Comments posted here will also appear on symbol pages. These cookies are necessary for the website to function and cannot be switched off in our systems. They are usually only set in response to actions made by you which amount to a request for services, such as setting your privacy preferences, logging in or filling in forms. You can set your browser to block or alert you about these cookies, but some parts of the site will not then work. These cookies do not store any personally identifiable information. As a California consumer, you have the right to opt-out from the sale or sharing of your personal information at any time across business platform, services, businesses and devices. You can opt-out of the sale and sharing of your personal information by using this toggle switch. As a Virginia, Utah, Colorado and Connecticut consumer, you have the right to opt-out from the sale of your personal data and the processing of your personal data for targeted advertising. You can opt-out of the sale of your personal data and targeted advertising by using this toggle switch. For more information on your rights as a United States consumer see our privacy notice. These cookies allow us to count visits and traffic sources so we can measure and improve the performance of our site. They help us to know which pages are the most and least popular and see how visitors move around the site. All information these cookies collect is aggregated and therefore anonymous. If you do not allow these cookies we will not know when you have visited our site, and will not be able to monitor its performance. These cookies may be set through our site by our advertising partners. They may be used by those companies to build a profile of your interests and show you relevant adverts on other sites. They do not store directly personal information, but are based on uniquely identifying your browser and internet device. If you do not allow these cookies, you will experience less targeted advertising.",https://stocktwits.com/news-articles/markets/equity/dow-sp500-nasdaq-futures-slide-us-iran-war-oil-surge-indo-djt-uso-xom-cvx/cZddpWLRIcf
XOM,"USO, XOM, COP, CVX, VG Rise: Oil Prices Spike Amid Renewed Iran Tensions, China Commitment - Stocktwits",2026-06-08 17:14:21,"Shares of major oil stocks and index funds jumped in the overnight trading session headed into Monday after oil prices spiked on U.S. President Donald Trump’s comment that time was running out for Iran. American oil companies also got a sentiment boost after Trump said last week that China had agreed to buy crude oil from the U.S. following the recently-concluded bilateral summit in Beijing. Shares of the United States Oil Fund (USO) rose 2%, while Exxon Mobil Corp. (XOM) climbed 0.7%, Conoco Phillips (COP) gained 0.9%, Chevron Corp. (CVX) was up 0.45%, and Venture Global Inc. (VG) was up more than 1% at the time of writing. Oil prices surged after Trump said in a post on Truth Social on Sunday, ""For Iran, the Clock is Ticking, and they better get moving, FAST, or there won't be anything left of them. TIME IS OF THE ESSENCE!"" The comments come shortly after the president’s visit to China, a country with close ties to Tehran. Investors were hoping for a significant breakthrough after the visit. Brent crude futures expiring in July were up about 1.81%, trading at around $111.30 a barrel, while WTI crude futures expiring in June were 2.18% higher, at $107.72 a barrel at the time of writing. The conflict between the U.S. and Iran has stayed high despite a ceasefire announced in early April. The U.S. has continued to blockade Iranian ports, even as the critical Strait of Hormuz has stayed shut since the conflict began. Meanwhile, reports have said that Iran has called the U.S. blockade an “act of war,” threatening further damage to countries around the world if the blockade continued. Mohsen Rezaei, a member of Tehran’s Expediency Council and former IRGC commander, has reportedly said that the Iranian military is ready for further confrontation. “We advise the US military to end the siege before the Sea of Oman becomes your graveyard,” Rezaei reportedly said. “It is America that must prove itself now,” he said. “Our armed forces have their finger on the trigger, and, at the same time, diplomacy continues.” Meanwhile, China agreed to buy crude oil from the U.S. last week. “They have an insatiable appetite for energy, and we have unlimited energy,” Trump said in an interview with Fox News, adding that “we’re doing twice as much oil and gas, as they are,” referring to the U.S. producing more oil and gas than Saudi Arabia and Russia combined. On Stocktwits, retail sentiment on USO was in the ‘neutral’ territory amid ‘low’ message volumes. Meanwhile, sentiment for XOM and CVX was in the ‘bearish’ territory. Sentiment on COP and VG was in the green at the time of writing amid ‘high’ and ‘extremely high’ message volumes, respectively. So far this year, USO has led with gains of nearly 115%, followed by VG, which rose about 102%. COP, XOM, and CVX have advanced 26.6%, 28.8%, and 22.6% respectively. For updates and corrections, email newsroom[at]stocktwits[dot]com. Comments posted here will also appear on symbol pages. Bill Ackman’s Pershing Square has built a $2.1 billion stake in Microsoft Corp., and trimmed all or most of the fund’s stake in Alphabet, Inc., although Ackman later clarified that the transaction in no way signals a bearish view on the search giant. ""To be clear, our sale ‌of ⁠Google was not a bet against the company. We are very bullish long term ​on ​Alphabet. ⁠But at current valuations and in light ​of our finite capital ​base, ⁠we used as a source of funds for Microsoft,"" ⁠Ackman ​wrote on X ​on Saturday. On Friday, a regulatory filing showed that Pershing Square had acquired 5.7 million shares of Microsoft in a fresh position last quarter, signaling that Ackman — the noted investor known for his high-stakes activist campaigns — was taking advantage of the recent pullback in Microsoft’s share price. The fund, meanwhile, trimmed its position in Meta Platforms. “We sold Google and bought Microsoft. Interesting. I have enormous respect for Chris,” he said in an a separate X post that day, referring to Sir Christopher Hohn, whose TCI Fund Management￼ sold most of its Microsoft stake last quarter. In a third post, explaining his move, Ackman said the recent pullback in MSFT created a rare opportunity to buy one of the world’s strongest long-term businesses at an attractive valuation. Ackman believes investors are underestimating the resilience and growth potential of Microsoft’s core franchises — Microsoft 365 and Azure — despite concerns around AI competition and cloud growth. He argued that Microsoft’s software ecosystem is deeply embedded across enterprises and difficult to replace because of its integrated security, compliance, and workflow infrastructure. Ackman is also optimistic about Microsoft’s AI strategy, particularly the expansion of Copilot, Azure’s multi-model AI platform, and the revised agreement with OpenAI, which he believes positions the company to benefit from the long-term AI boom. Despite a sharp climb last month, MSFT shares are still down 12.6% year to date and down 24% from their 52-week high last October. In contrast, GOOGL stock has risen 27% year to date and currently trades near an all-time high. Both GOOGL and MSFT stocks were down under 1% in the overnight trading ahead of Monday, amid a broad slide in stocks as investors viewed the lack of firm agreements from the recently concluded U.S.-China summit as a negative. On Stocktwits, the retail sentiment was ‘bearish’ for GOOGL and ‘neutral’ for MSFT. Amid stock momentum, GOOGL investors are now turning focus to Google I/O, its annual developer event which kicks off on Tuesday and would likely feature a board slate of AI announcements. Expectations are elevated, Bank of America said in an investor note on Friday. “In our view, so N.T. risk is that lack of a “wow” announcement could pressure the stock. We think longer-term investors will appreciate Gemini improvements, benefits from AI integration across Google’s product stack, and Google’s strong position for agentic assistant leadership. Reiterate Buy,” the research firm said. For updates and corrections, email newsroom[at]stocktwits[dot]com. Read Next: NOW Stock Rises Overnight: Trump’s ServiceNow Stake Fuels Retail Buzz Around SAAS Comeback Comments posted here will also appear on symbol pages. Apple (AAPL), Enphase Energy (ENPH), and FuelCell Energy (FCEL) all reached fresh 52-week highs on Friday as strong earnings, AI-driven data center power demand, and normalized solar inventories fueled a broad risk-on rotation across tech and clean energy sectors. While Apple and Enphase ended Friday’s trading session 0.7% and 10% higher, FuelCell Energy finished 1% lower. Apple reached a defining market moment on Friday, as shares crossed the $300 mark for the first time ever, cementing a new all-time high and reinforcing its status as Wall Street’s core defensive growth asset. The tech giant reported a strong fiscal second-quarter (Q2), with revenue up 17% to $111.2 billion and earnings per share of $2.01. The company also generated more than $28 billion in operating cash flow, reinforcing its financial scale. Worries about weak demand in Asia eased after Apple reported a 28% rise in Greater China sales. The strong rebound gained market confidence and showed continued demand for high-end smartphone upgrades in the region. Even though Apple is rolling out AI more slowly than Microsoft and Alphabet, investors are still paying attention to its upcoming Worldwide Developers Conference on June 8. Additionally, Berkshire Hathaway’s filing on Friday showed that Apple still remains its largest holding at 22% of the portfolio, at about 228 million shares. On Stocktwits, retail sentiment around the stock turned to ‘bullish’ from ‘neutral’ territory the previous day. FuelCell Energy hit a yearly high as its stock kept rising on strong demand for AI-related power needs. Investors expect more electricity use from AI data centers and are turning to companies that can provide steady power as grids struggle to keep up. A major reason for the rise is FuelCell’s new 12.5-megawatt modular power systems built for data centers. These systems can work without the main power grid and can use fuels like natural gas, hydrogen, and biofuels. Retail sentiment around the stock remained in ‘extremely bullish’ territory. Enphase Energy stock jumped to a 52-week high, capping a 45% weekly surge, supported by growing evidence that the prolonged solar inventory glut across the U.S. and Europe has largely cleared. The company also reported better-than-expected fiscal first-quarter (Q1) results in late April, posting $282.9 million in revenue and earnings per share of $0.47, surpassing the Street estimates of $282.4 million and $0.45, respectively, according to Fiscal AI data. A key driver of growth is Enphase’s new IQ9S-3P commercial microinverters. They are made for large solar setups, work with bigger panels, and aim to meet rising demand from business and industrial solar projects. Retail sentiment around the stock remained in ‘extremely bullish’ territory. So far this year, while FCEL and ENPH stocks have surged 192% and 65%, respectively, AAPL has gained over 10%. Also See: SPCE Stock In Focus After Jefferies Sees Massive Upside On Virgin Galactic's Delta Program Progress Ahead Of SpaceX IPO For updates and corrections, email newsroom[at]stocktwits[dot]com. Comments posted here will also appear on symbol pages. Retail investors piled into SpaceX proxy plays including Destiny Tech100 (DXYZ), Fundrise Innovation Fund (VCX), and Tema Space Innovators ETF (NASA) as anticipation around the Elon Musk-owned company’s long-awaited IPO hit fever pitch, with investor Larry Goldberg saying that demand is potentially 20x oversubscribed. DXYZ jumped 9% in overnight trading but remained on track to recover from its worst weekly decline of the year. Meanwhile, VCX notched its fourth straight weekly gain, while NASA posted a second consecutive week of gains. Excitement around SpaceX’s public debut intensified after reports said that Elon Musk’s rocket, satellite and AI company could publicly file for its IPO as soon as this week ahead of a potential June 12 Nasdaq listing under the ticker “SPCX.” The offering could raise as much as $75 billion at a valuation exceeding $2 trillion, potentially making it the largest IPO in history. SpaceX has also reportedly notified shareholders about a 5-for-1 stock split ahead of the IPO, reducing the estimated fair market value per share from about $526 to $105. Amid growing IPO speculation, Musk said over the weekend that he has no plans to sell any SpaceX shares. Meanwhile, BlackRock supposedly discussed investing between $5 billion and $10 billion in the IPO, likely making the asset-management giant one of the offering’s anchor investors. The investment would rank among the largest institutional IPO commitments in recent times and could attract additional large investors into the deal. SpaceX also recently hosted major institutional investors at Starbase and xAI facilities in Texas and Memphis, including representatives from BlackRock, Fidelity, T. Rowe Price and Capital Group. Goldberg, managing partner at venture capital firm Lumasenti, said in a Sunday interview with Tesla influencer Herbert Ong that investor appetite for the IPO already appeared extraordinary. “Early indications say that it’s 4X oversubscribed,” Goldberg said before adding that subsequent pricing rounds could push demand dramatically higher. “They’re thinking it’s going to be 12 to 20X oversubscribed.” He also expects SpaceX’s valuation to surpass a $2 trillion market value. “It’s going to be one of the most anticipated IPOs in years. And it’s now just four weeks away,” Goldberg added, saying that expectations around rapid inclusion into major index funds were further fueling Wall Street excitement. Goldberg said that SpaceX’s IPO momentum was being driven by multiple developments happening simultaneously across launch systems, AI infrastructure and satellite connectivity. “These aren’t four separate headlines. They’re one story,” Goldberg said. He called the company’s upcoming Starship launch as one of the most important events ahead of the IPO. Goldberg also said that the mission carried technical complexities. “So it’s classic SpaceX, ultra high risk,” Goldberg said. “It leaves me with butterflies in my stomach because there are about 30,000 things, literally 30,000 things that could go wrong. Everything has to go right.” Goldberg also noted SpaceX’s rapidly expanding Starlink mobile ambitions after the FCC approved nationwide EchoStar spectrum access for Starlink services. He said that Verizon, AT&T and T-Mobile appeared to be responding aggressively to SpaceX’s growing satellite-to-phone push. “Verizon, AT&T and T-Mobile just rushed out a joint venture to plug their dead zones,” Goldberg said. Among publicly traded names, DXYZ has become one of the market’s most closely watched retail vehicles for indirect SpaceX exposure. SpaceX currently represents the largest holding in Destiny Tech100’s portfolio at 16.2% of assets. The portfolio also includes exposure to xAI, OpenAI, Anthropic, Databricks and Shield AI. VCX has also emerged as a closely-watched retail gateway into private AI and venture-backed technology companies. Anthropic accounts for 21% of the portfolio, while other major holdings include OpenAI, Databricks, Anduril, Ramp and SpaceX. Since inception in July 2022, VCX has generated cumulative returns of about 84%, according to Fundrise data. Meanwhile, the NASA ETF has gained attention for its direct SpaceX exposure through a special-purpose vehicle structure. The ETF also includes positions in satellite connectivity, launch infrastructure and commercial space technology, including AST SpaceMobile, Rocket Lab, Planet Labs and Intuitive Machines. On Stocktwits, retail sentiment for DXYZ, TEMA, and VCX was ‘extremely bullish’ amid ‘extremely high’ message volumes. One user said, “$DXYZ I think $150 is obtainable the day SpaceX IPO goes live. We'll see how this plays out. Looking for that 500% gain for me. LFG bulls” Another user said, “$VCX  we could retest $500 when spacex ipos.  With fomo maybe 600 to 700” Over the past year, VCX surged 1,510%, while DXYZ gained 17% and NASA jumped 37%. For updates and corrections, email newsroom[at]stocktwits[dot]com. Read Next: IBRX Stock Rises Overnight: Investors Eye FDA Workshop On Anktiva After Exclusive Japan BCG Deal Comments posted here will also appear on symbol pages. Sable Offshore Corp. (SOC) garnered significant retail attention over the weekend after a federal court dismissed a lawsuit challenging the restart of the company's oil and gas operations at the Santa Ynez Unit in the Santa Barbara Channel. The company’s shares gained 10% on Friday after the dismissal. Retail chatter around the stock jumped from ‘normal’ to ‘high’ levels over 24 hours, and message volume surged by 200% over the past week, with investors actively discussing further upside in the stock. The U.S. District Court for the Central District of California said on Friday that it had dismissed the complaint in Center for Biological Diversity v. Burgum, one of several cases challenging Sable Offshore’s oil and gas operations. The ruling said that the Bureau of Ocean Energy Management’s (BOEM) decision concluded that Sable was not required to revise its development and production plan under the Outer Continental Shelf Lands Act, and could restart its offshore drilling production. “This decision is a clear-eyed interpretation of federal law in keeping with the Supreme Court’s instruction in Loper Bright to follow the best interpretation of statutes,” said Principal Deputy Assistant Attorney General Adam Gustafson of the Justice Department’s Environment and Natural Resources Division. “Our defense of BOEM’s decision supports domestic energy production in furtherance of President Donald J. Trump’s directive to unleash American energy.” Earlier this year, the Trump administration had granted emergency permission to the company to restart production of its Santa Barbara County oil pipeline under the Defense Production Act. The pipeline had been shut since 2015 due to a massive oil spill. Since operations began, the pipeline has reportedly been transporting about 30,000 barrels of oil per day to California and is expected to reach 60,000 barrels per day. American oil companies also got a sentiment boost after Trump said that China had agreed to buy crude oil from the U.S. after the recently-concluded U.S.-China bilateral summit in Beijing. “They have an insatiable appetite for energy, and we have unlimited energy,” Trump said in an interview with Fox News last week, adding that “we’re doing twice as much oil and gas, as they are,” referring to the U.S. producing more oil and gas than Saudi Arabia and Russia combined. On Stocktwits, retail sentiment around SOC improved from ‘bullish’ to ‘extremely bullish’ over the past 24 hours as users eyed a potential jump in the stock. One bullish user said that the company’s stock was “going up.” The user also noted in a separate comment that, “Now that we’re selling oil to China, there’s absolutely no way the federal government is gonna let any oil project stop or stall, especially on the west coast.” Another bullish user said, “If the agency continues to hold, $50 is not impossible,” referring to the fact that the project could come under federal control. Shares of the company were trading around $15.10 at the time of writing. For updates and corrections, email newsroom[at]stocktwits[dot]com. Also Read: S&P 500, Dow, Nasdaq Futures Slip After Trump Says ‘Clock Is Ticking’ For Iran: NOW, IBRX, ONDS, BMNR Stocks In Focus Comments posted here will also appear on symbol pages. ServiceNow (NOW) stock jumped 4% in overnight trading ahead of Monday’s session as retail traders cheered President Donald Trump’s disclosed stake in the company amid growing optimism around a rebound in beaten-down software stocks. The NOW ticker saw fresh bullish commentary on Stocktwits as of Sunday evening, with many traders arguing that ServiceNow remains among the most undervalued stocks in the software space and is poised for a rebound. “$PATH SAAS apocalypse is cancelled and was dumb in the first place. If you haven’t noticed the sector rotation starting, it is. And it’s still early to get in. $NOW $CRM $WDAY $MSFT all have plenty of room to run up from this dip but my favorite is PATH for outsized returns from here,” a trader said. Another wrote: “$NOW green in a sea of red…tells you all you need to know.” Others said investors appeared to be trimming positions in semiconductor stocks, which had surged sharply in recent weeks, and rotating into beaten-down software-as-a-service (SAAS) names. “True  - there has been some rotation out of chips into other sectors like Software (with $NOW and other beneffiting),” said a trader. Year to date, the iShares Semiconductor ETF (SOXX), which tracks chip stocks, has surged 68%, with companies such as Intel roughly tripling and SanDisk soaring nearly sixfold over the same period. In comparison, the iShares Expanded Tech-Software Sector ETF (IGV) has declined 15%. Retail sentiment for NOW shifted to ‘extremely bullish,’ up from ‘neutral’ on Friday, amid ‘high’ message volume. Traders were eyeing a reclaim of the key $100 level after the stock rallied more than 9% over the last two sessions to close Friday at $95.07. Last week, a disclosure released by the U.S. Office of Government Ethics said President Doanld Trump invested in a plethora of software and technology stocks in the first quarter. On Feb. 10, Trump purchased between $1 million and $5 million worth of shares of ServiceNow, Adobe, and Workday. Meanwhile, ServiceNow said on Friday it completed a $4 billion bond sale, enhancing the company's funding flexibility for investment and buybacks. ServiceNow posted 22% revenue growth in the first quarter but projected the integration of Armis weighing on its margins this year. The growth, as well the subscription revenue forecasts for the second quarter and the full year, was ahead of analysts’ expectations. In Februrary, CEO Bill McDermott acquired $3 million worth of ServiceNow shares, while key executives, including the President and CFO Gina Mastantuono, cancelled their automatic 10b5-1 stock sale plans. The previous month, ServiceNow authorized an additional $5 billion share repurchase authorization, with an immediate $2 billion Accelerated Share Repurchase (ASR). ServiceNow shares are down 38% year to date, as of their last close. For updates and corrections, email newsroom[at]stocktwits[dot]com. Comments posted here will also appear on symbol pages. These cookies are necessary for the website to function and cannot be switched off in our systems. They are usually only set in response to actions made by you which amount to a request for services, such as setting your privacy preferences, logging in or filling in forms. You can set your browser to block or alert you about these cookies, but some parts of the site will not then work. These cookies do not store any personally identifiable information. As a California consumer, you have the right to opt-out from the sale or sharing of your personal information at any time across business platform, services, businesses and devices. You can opt-out of the sale and sharing of your personal information by using this toggle switch. As a Virginia, Utah, Colorado and Connecticut consumer, you have the right to opt-out from the sale of your personal data and the processing of your personal data for targeted advertising. You can opt-out of the sale of your personal data and targeted advertising by using this toggle switch. For more information on your rights as a United States consumer see our privacy notice. These cookies allow us to count visits and traffic sources so we can measure and improve the performance of our site. They help us to know which pages are the most and least popular and see how visitors move around the site. All information these cookies collect is aggregated and therefore anonymous. If you do not allow these cookies we will not know when you have visited our site, and will not be able to monitor its performance. These cookies may be set through our site by our advertising partners. They may be used by those companies to build a profile of your interests and show you relevant adverts on other sites. They do not store directly personal information, but are based on uniquely identifying your browser and internet device. If you do not allow these cookies, you will experience less targeted advertising.",https://stocktwits.com/news-articles/markets/equity/uso-xom-cop-cvx-vg-rise-oil-prices-spike-amid-renewed-iran-tensions-china-commitment/cZXr5U5Relf
XOM,Is XOM Worth Betting on at its Premium Price or Should Investors Wait? - The Globe and Mail,2026-06-08 16:54:00,"Exxon Mobil CorporationXOM is trading at a premium, meaning investors are willing to pay more for the stock. On a relative basis, the stock is trading at a 9.92x trailing 12-month Enterprise Value to Earnings Before Interest, Taxes, Depreciation and Amortization (EV/EBITDA), which is a premium compared with the broader industry average of 6.42x. BP plcBP and ChevronCVX are trading at 3.20x and 9.72x, respectively. Given that the integrated energy giant is trading at a premium, what should investors do now? Before getting into it, let’s delve into the company’s fundamentals and overall business environment. XOM's Permian Advantage: Low Breakeven, Rising Production ExxonMobil has a massive footprint in the Permian, the most prolific oil and gas play in the United States, and offshore Guyana. In the Permian, the integrated giant has been employing lightweight proppant technology and hence is capable of boosting its well recoveries by up to as much as 20%. Let’s delve a little deeper into why operating in the Permian, the most prolific basin in the United States, is going to be the game-changer for the integrated energy giant. According to the data from the Federal Reserve Bank of Dallas, the breakeven price for new wells in the Midland, a sub-basin of the Permian, is $69 per barrel. For Delaware, another sub-basin, the Federal Reserve Bank of Dallas estimated the price at $63 per barrel. With West Texas Intermediate (“WTI”) crude trading at more than $90 per barrel, XOM’s operations in the Permian are likely going to be lucrative as the breakeven costs are lower. Investors should note that on the first-quarter earnings call, XOM mentioned that it is staying aligned with its plan to grow production in its most prolific basin to 1.8 million oil-equivalent barrels this year. Thus, high price and increased production are expected to aid XOM’s top and bottom lines. Investors should also keep in mind that XOM has a strong balance sheet, on which it could rely during an unfavorable business environment. The debt-to-capitalization of ExxonMobil is 15.4%, which is significantly lower than 29.6% of the industry’s composite stocks. Coming to the integrated energy giant’s dividend commitment story, over the past 43 years, ExxonMobil has been rewarding shareholders with annual dividend hikes at an average rate of 5.8%. The positive developments are getting reflected in the price chart. In the past year, XOM has jumped 42.8%, outpacing the industry’s 42.1% growth. BP and CVX, two other integrated players in the same space, have gained 45.9% and 33.1%, respectively. Given this backdrop, although the company’s overall business outlook remains favorable, it may not be ideal for investors to buy the stock at an overvalued price. Hence, investors should wait for a more attractive entry point. However, those who have already invested may continue to retain the stock, which carries a Zacks Rank #3 (Hold). You can see the complete list of today’s Zacks #1 Rank (Strong Buy) stocks here. The AI revolution has already minted millionaires. But the stocks everyone knows about aren't likely to keep delivering the biggest profits. AI’s second wave is moving from infrastructure to implementation and these companies are at the forefront of this transition, positioned to become what Amazon and Google were to the internet era. This article originally published on Zacks Investment Research (zacks.com). All market data (will open in new tab) is provided by Barchart Solutions. Copyright © 2026. Information is provided 'as is' and solely for informational purposes, not for trading purposes or advice. For exchange delays and terms of use, please read disclaimer (will open in new tab).",https://www.theglobeandmail.com/investing/markets/stocks/CVX/pressreleases/2361632/is-xom-worth-betting-on-at-its-premium-price-or-should-investors-wait/
XOM,Exxon Mobil (XOM) Valuation Check As Higher Oil Prices And Output Growth Lift Investor Confidence - simplywall.st,2026-06-08 13:23:38,"Exxon Mobil (XOM) is back in focus after crude prices jumped on renewed Middle East tensions and warnings about very low global oil inventories. The stock is moving alongside stronger earnings and expanding production. Beyond the latest move in crude, Exxon Mobil’s 1 month share price return of 3.70% and 22.23% share price return year to date sit alongside a very large 5 year total shareholder return of 190.28%. This points to momentum that is still firmly in place even as governance changes such as the shift to a Texas legal domicile play out in the background. If you are tracking energy stocks on the back of oil price swings, it can also be useful to scan related producers and infrastructure plays through our 34 power grid technology and infrastructure stocks With Exxon Mobil trading at US$149.92, carrying a value score of 4 and an indicated intrinsic discount of 45.32%, the key question is whether this signals a genuine opportunity or if the market is already accounting for future growth. Against Exxon Mobil’s last close of $149.92, the most followed narrative points to a fair value of $169.91, framing the current discount as meaningful rather than marginal. Industry-wide underinvestment in new hydrocarbon production is tightening supply, which, combined with Exxon's scale and execution of high-return projects, positions the company to benefit from higher sustained oil and gas prices, supporting strong earnings and cash flow. Want to see what sits behind that confidence in future cash flow? The narrative refers to steady revenue growth, rising margins, and a richer earnings multiple reflected in 2029. This shows how those moving parts combine into the fair value line analysts are watching. Have a read of the narrative in full and understand what's behind the forecasts. However, this upbeat narrative can be tested quickly if decarbonization policies curb long term oil demand, or if early stage low carbon projects struggle to scale profitably. Wall Street's queuing for one rocket. While SpaceX counts down to its IPO, other companies tied to the new space race are already in orbit. → 20 Compelling Space Companies watchlist · Global Space Race Investing Ideas screener · Scan the sector by valuation on Rocket Lab's valuation page. The first view relies on future earnings and a P/E of 17.2x in 2029. The stock currently trades on a P/E of 24.5x compared with 13.8x for the US Oil and Gas industry, 35.9x for peers, and a fair ratio of 29.6x. Does that premium signal strength or valuation risk? See what the numbers say about this price — find out in our valuation breakdown. Optimistic about the upside but conscious of the risks at the same time? Take a closer look at the data, compare the signals, and weigh both sides using our 2 key rewards and 1 important warning sign. If you stop at Exxon Mobil, you risk missing other opportunities that match your goals, so take a few minutes to scan these focused stock ideas. This article by Simply Wall St is general in nature. We provide commentary based on historical data
        and analyst forecasts only using an unbiased methodology and our articles are not intended to be financial advice. It does not constitute a recommendation to buy or sell any stock, and does not take account of your objectives, or your
        financial situation. We aim to bring you long-term focused analysis driven by fundamental data.
        Note that our analysis may not factor in the latest price-sensitive company announcements or qualitative material.
        Simply Wall St has no position in any stocks mentioned. Discover if Exxon Mobil might be undervalued or overvalued with our detailed analysis, featuring fair value estimates, potential risks, dividends, insider trades, and its financial condition. Have feedback on this article? Concerned about the content? Get in touch with us directly. Alternatively, email editorial-team@simplywallst.com Engages in the exploration and production of crude oil and natural gas in the United States, Canada, and internationally. Excellent balance sheet, good value and pays a dividend. Financial Data provided by S&P Global Market Intelligence LLC, analysis provided by Simply Wall Street Pty Ltd. Copyright © 2026, S&P Global Market Intelligence LLC. All rights reserved. Simply Wall Street Pty Ltd (ACN 600 056 611), is a Corporate Authorised Representative (Authorised Representative Number: 467183) of Sanlam Private Wealth Pty Ltd (AFSL No. 337927). Any advice contained in this website is general advice only and has been prepared without considering your objectives, financial situation or needs. You should not rely on any advice and/or information contained in this website and before making any investment decision we recommend that you consider whether it is appropriate for your situation and seek appropriate financial, taxation and legal advice. Please read our Financial Services Guide before deciding whether to obtain financial services from us. © 2026 Simply Wall Street Pty Ltd, US Design Patent #29/544/281, Community and European Design Registration #2845206",https://simplywall.st/stocks/us/energy/nyse-xom/exxon-mobil/news/exxon-mobil-xom-valuation-check-as-higher-oil-prices-and-out
XOM,"XOM Price Today: Exxon Mobil Corporation Stock Price, Quote & Chart | MEXC - MEXC",2026-06-08 12:46:23,"Exxon Mobil Corporation (XOM) is currently trading at $148.86 as of 2026-06-09 23:59:13, reflecting a -1.52% move ($-2.30) from the previous close. In the short term, the stock has returned -0.55% over the past four weeks. Over the last 12 months, Exxon Mobil Corporation has recorded a +41.81% price change, indicating a Strong performance relative to the broader market. Over the past seven days, Exxon Mobil Corporation has traded within a short-term range shaped by market sentiment in the PETROLEUM REFINING sector. During this period, the stock moved from its previous closing price of $150.61 to the latest recorded price of $148.86, reflecting an intraday change of -1.52%. Daily movements highlight shifts in trading volume (11,763,835), investor positioning, and reactions to macroeconomic updates. From a momentum standpoint, XOM has delivered a -0.55% return over the past month and a +41.81% change in the last 12 months, indicating a Strong trend relative to its broader sector peers. You can buy and trade XOM on MEXC in three simple steps: ExxonMobil is an integrated oil and gas company that explores for, produces, and refines oil worldwide. In 2025, it produced 3.3 million barrels of liquids and 8.4 billion cubic feet of natural gas per day. At the end of 2025, reserves were 19.3 billion barrels of oil equivalent, 69% of which were liquids. The company is one of the world's largest refiners, with a total global refining capacity of 4.1 million barrels of oil per day, and is one of the world's largest manufacturers of commodity and specialty chemicals. See US stocks with the highest market capitalization Browse today's leading gainers in the US stock market Explore the cryptocurrencies with the highest market capitalization The stock price information displayed on this page is provided for reference purposes only and may be delayed or differ from real-time market data. Prices, charts, and related metrics do not constitute investment advice and should not be relied upon for trading or investment decisions. MEXC is not responsible for any losses incurred based on the stock price information provided on this page. Please refer to official market sources or consult licensed financial professionals before making any investment decisions.",https://www.mexc.com/stocks/xom
XOM,WINTON GROUP Ltd Reduces Stock Holdings in ExxonMobil Corporation $XOM - MarketBeat,2026-06-08 11:09:00,"WINTON GROUP Ltd lowered its position in  ExxonMobil Corporation (NYSE:XOM - Free Report) by 64.5% in the fourth quarter, according to the company in its most recent Form 13F filing with the Securities & Exchange Commission. The institutional investor  owned 21,100 shares of the oil and gas company's stock after selling 38,316 shares during the quarter. WINTON GROUP Ltd's holdings in ExxonMobil were worth $2,539,000 at the end of the most recent quarter. A number of other hedge funds have also made changes to their positions in the company. Capital Investment Advisors LLC boosted its stake in shares of  ExxonMobil by 6.6% during the fourth quarter. Capital Investment Advisors LLC now owns 231,488 shares of the oil and gas company's stock valued at $27,857,000 after acquiring an additional 14,233 shares during the last quarter.  New Age Alpha Advisors LLC boosted its stake in shares of  ExxonMobil by 5.6% during the third quarter. New Age Alpha Advisors LLC now owns 166,547 shares of the oil and gas company's stock valued at $18,778,000 after acquiring an additional 8,853 shares during the last quarter.  Krilogy Financial LLC boosted its stake in shares of  ExxonMobil by 46.6% during the third quarter. Krilogy Financial LLC now owns 35,160 shares of the oil and gas company's stock valued at $3,997,000 after acquiring an additional 11,177 shares during the last quarter.  Varma Mutual Pension Insurance Co boosted its stake in shares of  ExxonMobil by 8.6% during the third quarter. Varma Mutual Pension Insurance Co now owns 655,303 shares of the oil and gas company's stock valued at $73,885,000 after acquiring an additional 51,900 shares during the last quarter.  Finally, Roberts Capital Advisors LLC acquired a new stake in shares of  ExxonMobil during the third quarter valued at $1,240,000. Hedge funds and other institutional investors own  61.80% of the company's stock. Shares of NYSE:XOM opened at $150.18 on Monday. The stock's 50-day moving average price is $153.96 and its two-hundred day moving average price is $141.43. The company has a current ratio of 1.04, a quick ratio of 0.77 and a debt-to-equity ratio of 0.13. ExxonMobil Corporation has a 12-month low of $102.68 and a 12-month high of $176.41. The firm has a market cap of $622.50 billion, a price-to-earnings ratio of 25.33, a PEG ratio of 0.64 and a beta of 0.16. ExxonMobil (NYSE:XOM - Get Free Report) last issued its quarterly earnings results on Friday, May 1st. The oil and gas company reported $1.16 earnings per share (EPS) for the quarter, topping analysts' consensus estimates of $0.98 by $0.18. ExxonMobil had a return on equity of 10.24% and a net margin of 7.57%.The firm had revenue of $83.16 billion for the quarter, compared to analyst estimates of $81.13 billion. During the same period last year, the company earned $1.76 EPS. The firm's quarterly revenue was up 2.4% on a year-over-year basis.  On average, research analysts forecast that  ExxonMobil Corporation will post 11.66 EPS for the current year. The firm also recently declared a quarterly dividend, which will be paid on Wednesday, June 10th. Shareholders of record on Friday, May 15th will be paid a $1.03 dividend. This represents a $4.12 dividend on an annualized basis and a yield of 2.7%. The ex-dividend date of this dividend is Friday, May 15th. ExxonMobil's dividend payout ratio (DPR) is presently 69.48%. In other news, VP Darrin L. Talley sold 1,080 shares of ExxonMobil stock in a transaction dated Monday, March 16th. The stock was sold at an average price of $155.50, for a total value of $167,940.00. Following the transaction, the vice president directly owned 17,124 shares of the company's stock, valued at $2,662,782. The trade was a 5.93% decrease in their position. The transaction was disclosed in a document filed with the SEC, which is available at this link. Insiders own  0.03% of the company's stock. Here are the key news stories impacting ExxonMobil this week: A number of research firms recently commented on XOM. Zacks Research lowered ExxonMobil from a ""strong-buy"" rating to a ""hold"" rating in a research note on Tuesday, May 26th. HSBC increased their price objective on ExxonMobil from $135.00 to $158.00 and gave the company a ""hold"" rating in a research note on Friday, March 20th. JPMorgan Chase & Co. increased their price objective on ExxonMobil from $140.00 to $170.00 and gave the company an ""overweight"" rating in a research note on Thursday, April 9th. Weiss Ratings lowered ExxonMobil from a ""hold (c+)"" rating to a ""hold (c)"" rating in a research note on Thursday, May 21st. Finally, Piper Sandler decreased their price target on ExxonMobil from $186.00 to $182.00 and set an ""overweight"" rating on the stock in a research note on Thursday, April 9th. Ten research analysts have rated the stock with a Buy rating and eleven have given a Hold rating to the company's stock. According to data from MarketBeat, the stock currently has a consensus rating of ""Hold"" and a consensus price target of $165.55. ExxonMobil Corporation NYSE: XOM is an integrated oil and gas company engaged in the exploration, production, refining, distribution and marketing of petroleum products and the manufacture and sale of petrochemicals. Its operations span the full energy value chain, including upstream exploration and development of crude oil and natural gas; midstream transportation and storage; and downstream refining, product distribution and retail. The company also produces a broad range of chemical products for industrial and consumer applications. ExxonMobil markets fuels and lubricants under well-known brands such as Exxon, Mobil and Esso, and its Mobil 1 motor oil is a prominent consumer product. This instant news alert was generated by narrative science technology and financial data from MarketBeat in order to provide readers with the fastest reporting and unbiased coverage. Please send any questions or comments about this story to contact@marketbeat.com. Before you consider ExxonMobil, you'll want to hear this. MarketBeat keeps track of Wall Street's top-rated and best performing research analysts and the stocks they recommend to their clients on a daily basis. MarketBeat has identified the five stocks that top analysts are quietly whispering to their clients to buy now before the broader market catches on... and ExxonMobil wasn't on the list. While ExxonMobil currently has a Hold rating among analysts, top-rated analysts believe these five stocks are better buys. Looking for the next FAANG stock before everyone has heard about it? Click the link to see which stocks MarketBeat analysts think might become the next trillion dollar tech company. Sign up for MarketBeat All Access to gain access to MarketBeat's full suite of research tools. 345 N Reid Place, Suite 620, Sioux Falls, SD 57103
                                        
                                        contact@marketbeat.com
                                        
                                        (844) 978-6257 © MarketBeat Media, LLC 2010-2026. All rights reserved. © 2026   Fair market value prices are updated every minute and are provided by Massive. Other market data provided is at least 10-minutes delayed and hosted by Barchart Solutions.  Information is provided 'as-is' and solely for informational purposes, not for trading purposes or advice, and is delayed. To see all exchange delays and terms of use please see Barchart's disclaimer.",https://www.marketbeat.com/instant-alerts/filing-winton-group-ltd-reduces-stock-holdings-in-exxonmobil-corporation-xom-2026-06-08/
XOM,Should You Buy Exxon Mobil Corporation (XOM)? - Yahoo Finance,2026-06-08 10:57:29,"Tip: Try a valid symbol or a specific company name for relevant results Wall Street is bracing for another hot inflation report Wednesday. Here's why investors are paying attention. Psyched about the SpaceX IPO? Don't forget the brutal lesson from Facebook's debut. Trump says a breakdown in peace talks with Iran could shut the crucial waterway 'for months' The S&P 500 and Nasdaq fell as the market rotation out of tech stocks resumed. But the indexes recovered from steeper afternoon losses. The Nasdaq plunged as much as 3.5% as tech stocks sank and Trump said the US 'must' respond to an Iranian attack The Nasdaq fell by nearly 2% as stocks gave up gains and a tech rotation resumed The bank suggests it's time for investors to take profits, with 70% of its bear-market signals flashing red. Nasdaq leads US stocks higher as AI trade takes center stage, powers tech comeback Marvell is joining the S&P 500 — but history says the early bump comes with a big catch The S&P 500 and Nasdaq rose as chip stocks led a modest rebound from Friday's market sell-off Apple just unveiled the long-delayed AI-powered version of Siri. Here's a look at what's new. Apple just revealed iOS 27 at WWDC. Here's a look at what's new. The Nasdaq jumped at the open, leading a broad stock rebound after Friday's tech-led rout Companies are cashing in on consumers' unwillingness to bargain shop WWDC will serve as a reboot of Apple's AI strategy, which has lagged behind competing firms' efforts to date Better and Coinbase issue the first crypto-backed conventional mortgage Today's stock market leaders are hot — but not 1999 hot Stocks reel from a coming rate hike — and brace for a huge IPO The blistering rally in AI took a breather this week, and that may be exactly what Wall Street needed Mercedes G 580 'G-wagon' EV is all of the fun with none of the guilt Remote work — not AI — may be to blame for young college grads' job market woes Iran war raises shipping costs ahead of Amazon Prime Day, complicating the summer sales event Mastercard CEO says AI agents could soon do your shopping SpaceX's IPO dream runs into Wall Street's oldest test Lawmakers invest in tech, AI, and crypto as new rules for the industries are on their agenda Here's what Elon Musk told Jamie Dimon about SpaceX's future ambitions The Nasdaq plunged 4%, while the S&P 500 snapped its weekly win streak as investors repriced Fed bets Wall Street's hottest trade is cracking. Here's what today's chip stock sell-off signals for the broader market. The Nasdaq led the way lower, falling over 2.5%, fueled by a sell-off in chip stocks The Nasdaq led a stock slide at the open as May's blowout jobs report fueled bets of a coming Fed rate hike US employers added 172,000 jobs last month, smashing expectations. The unemployment rate held at 4.3%. The AI labor shock is starting to show up in layoff data Broadcom just made megacap history, but not in a good way Microsoft and OpenAI's relationship continues to crumble SpaceX is expected to go public soon. Here's how it could end up in your portfolio — even if you never buy a share. The Dow surged to a record high while the S&P 500 recovered amid a market rotation The Dow jumped by 850 points as healthcare and financial stocks gained The Dow jumped at the open, but the Nasdaq slid as Broadcom shares sank after its earnings report. Layoff announcements ticked higher last month — and AI is 'now the leading reason' for the cuts. SpaceX plans to raise $75 billion at $135 a share in the biggest IPO ever, new filing shows The Dow fell over 600 points as stocks retreated from records amid fading hopes for a quick US-Iran deal Trump is looking to slap tariffs of at least 10% on dozens of countries, as he seeks new avenues to impose wide-ranging duties. The Dow, S&P 500, and Nasdaq moved lower amid a fragile US-Iran ceasefire Can AI be trusted to make credit card purchases? Robinhood thinks so. Judge orders Trump officials to explain tariff refund holdup The above button links to Coinbase. Yahoo Finance is not a broker-dealer or investment adviser and does not offer securities or cryptocurrencies for sale or facilitate trading. Coinbase pays us for certain activity generated through this link. Prices displayed are informational. Exxon Mobil Corporation (NYSE:XOM) is one of Billionaire Ken Fisher’s Latest Portfolio: 10 Best Stocks to Buy. Oil giant Exxon Mobil Corporation (NYSE:XOM)’s shares are up by 49% over the past year and by 24% year-to-date. Like several other firms, it is also currently in the process of moving its headquarters to Texas. On May 27th, Exxon Mobil Corporation (NYSE:XOM)’s shareholders approved the decision with a 71% vote in favor of the process. The oil giant currently trades at a forward P/E ratio of 22.27, which is roughly in line with the integrated oil and gas sector’s 21.90 forward P/E ratio. Exxon Mobil Corporation (NYSE:XOM) also has a dividend yield of 2.70%. As has been the case with other stocks, Exxon Mobil Corporation (NYSE:XOM)’s shares have also reacted to developments in the Iran war. For instance, the stock closed 2.8% higher on June 1st as news of a breakdown in negotiations over strikes in Lebanon made waves. The share price movement was accompanied by a rise in oil prices. Clearbridge Dividend Strategy discussed Exxon Mobil Corporation (NYSE:XOM) in its Q1 2026 investor letter: “We have focused our energy investments in our highest conviction ideas: Williams and Exxon Mobil Corporation (NYSE:XOM). ExxonMobil, however, as the largest private oil producer in the world, directly benefits from the events in the Persian Gulf. Higher oil prices will drive bumper earnings and cash flows, but that is not the only thing Exxon has going for it. Exxon’s robust production growth from low-cost basins will propel volume increases and margin expansion through the end of the decade. We have modestly trimmed our position as the stock has soared, but we maintain a significant investment in the company.” While we acknowledge the potential of XOM as an investment, we believe certain AI stocks offer greater upside potential and carry less downside risk. If you're looking for an extremely undervalued AI stock that also stands to benefit significantly from Trump-era tariffs and the onshoring trend, see our free report on the best short-term AI stock. READ NEXT: 33 Stocks That Should Double in 3 Years and Cathie Wood 2026 Portfolio: 10 Best Stocks to Buy. Disclosure: None. Follow Insider Monkey on Google News. Tip: Try a valid symbol or a specific company name for relevant results",https://finance.yahoo.com/sectors/energy/articles/buy-exxon-mobil-corporation-xom-105729204.html
XOM,"O Shaughnessy Asset Management LLC Acquires 198,772 Shares of ExxonMobil Corporation $XOM - MarketBeat",2026-06-08 10:28:48,"O Shaughnessy Asset Management LLC boosted its holdings in shares of  ExxonMobil Corporation (NYSE:XOM - Free Report) by 28.1% during the 4th quarter, according to the company in its most recent 13F filing with the Securities and Exchange Commission (SEC). The institutional investor  owned 907,277 shares of the oil and gas company's stock after acquiring an additional 198,772 shares during the period. ExxonMobil comprises about  0.6% of O Shaughnessy Asset Management LLC's portfolio, making the stock its 25th largest position. O Shaughnessy Asset Management LLC's holdings in ExxonMobil were worth $109,182,000 at the end of the most recent quarter. Other hedge funds and other institutional investors also recently added to or reduced their stakes in the company. Berbice Capital Management LLC bought a new position in  ExxonMobil during the 4th quarter worth about $26,000.  Midwest Capital Advisors LLC bought a new position in  ExxonMobil during the 4th quarter worth about $27,000.  E Fund Management Hong Kong Co. Ltd. grew its holdings in  ExxonMobil by 456.1% during the 4th quarter. E Fund Management Hong Kong Co. Ltd. now owns 228 shares of the oil and gas company's stock worth $27,000 after acquiring an additional 187 shares in the last quarter.  Key Capital Management INC bought a new position in  ExxonMobil during the 4th quarter worth about $28,000.  Finally, Nvest Wealth Strategies Inc. bought a new position in  ExxonMobil during the 4th quarter worth about $32,000. 61.80% of the stock is currently owned by institutional investors. Several brokerages have issued reports on XOM. Citigroup increased their target price on shares of ExxonMobil from $150.00 to $175.00 and gave the stock a ""neutral"" rating in a report on Thursday, April 2nd. TD Cowen lowered their price target on shares of ExxonMobil from $175.00 to $172.00 and set a ""buy"" rating on the stock in a report on Friday, April 10th. JPMorgan Chase & Co. raised their price target on shares of ExxonMobil from $140.00 to $170.00 and gave the company an ""overweight"" rating in a report on Thursday, April 9th. Jefferies Financial Group raised their price target on shares of ExxonMobil from $178.00 to $184.00 and gave the company a ""buy"" rating in a report on Thursday, April 9th. Finally, Mizuho raised their price target on shares of ExxonMobil from $159.00 to $175.00 and gave the company a ""neutral"" rating in a report on Wednesday, May 27th. Ten investment analysts have rated the stock with a Buy rating and eleven have assigned  a Hold rating to the company's stock. According to MarketBeat, the stock currently has an average rating of ""Hold"" and an average target price of $165.55. NYSE:XOM opened at $150.18 on Monday. The stock has a market capitalization of $622.50 billion, a P/E ratio of 25.33, a P/E/G ratio of 0.64 and a beta of 0.16. The company has a debt-to-equity ratio of 0.13, a quick ratio of 0.77 and a current ratio of 1.04. The company's 50-day simple moving average is $153.96 and its 200-day simple moving average is $141.43. ExxonMobil Corporation has a fifty-two week low of $102.68 and a fifty-two week high of $176.41. ExxonMobil (NYSE:XOM - Get Free Report) last announced its quarterly earnings data on Friday, May 1st. The oil and gas company reported $1.16 EPS for the quarter, beating the consensus estimate of $0.98 by $0.18. The firm had revenue of $83.16 billion during the quarter, compared to analyst estimates of $81.13 billion. ExxonMobil had a net margin of 7.57% and a return on equity of 10.24%. ExxonMobil's revenue was up 2.4% on a year-over-year basis. During the same period last year, the firm posted $1.76 EPS.  On average, equities analysts anticipate that  ExxonMobil Corporation will post 11.66 earnings per share for the current fiscal year. The business also recently disclosed a quarterly dividend, which will be paid on Wednesday, June 10th. Investors of record on Friday, May 15th will be given a $1.03 dividend. This represents a $4.12 annualized dividend and a dividend yield of 2.7%. The ex-dividend date of this dividend is Friday, May 15th. ExxonMobil's dividend payout ratio (DPR) is presently 69.48%. Here are the key news stories impacting ExxonMobil this week: In related news, VP Darrin L. Talley sold 1,080 shares of the stock in a transaction that occurred on Monday, March 16th. The shares were sold at an average price of $155.50, for a total value of $167,940.00. Following the completion of the transaction, the vice president directly owned 17,124 shares of the company's stock, valued at $2,662,782. This trade represents a 5.93% decrease in their position. The sale was disclosed in a document filed with the SEC, which is available through this hyperlink. 0.03% of the stock is owned by insiders. ExxonMobil Corporation NYSE: XOM is an integrated oil and gas company engaged in the exploration, production, refining, distribution and marketing of petroleum products and the manufacture and sale of petrochemicals. Its operations span the full energy value chain, including upstream exploration and development of crude oil and natural gas; midstream transportation and storage; and downstream refining, product distribution and retail. The company also produces a broad range of chemical products for industrial and consumer applications. ExxonMobil markets fuels and lubricants under well-known brands such as Exxon, Mobil and Esso, and its Mobil 1 motor oil is a prominent consumer product. This instant news alert was generated by narrative science technology and financial data from MarketBeat in order to provide readers with the fastest reporting and unbiased coverage. Please send any questions or comments about this story to contact@marketbeat.com. Before you consider ExxonMobil, you'll want to hear this. MarketBeat keeps track of Wall Street's top-rated and best performing research analysts and the stocks they recommend to their clients on a daily basis. MarketBeat has identified the five stocks that top analysts are quietly whispering to their clients to buy now before the broader market catches on... and ExxonMobil wasn't on the list. While ExxonMobil currently has a Hold rating among analysts, top-rated analysts believe these five stocks are better buys. MarketBeat's analysts have just released their top five short plays for June 2026. Learn which stocks have the most short interest and how to trade them. Click the link to see which companies made the list. Sign up for MarketBeat All Access to gain access to MarketBeat's full suite of research tools. 345 N Reid Place, Suite 620, Sioux Falls, SD 57103
                                        
                                        contact@marketbeat.com
                                        
                                        (844) 978-6257 © MarketBeat Media, LLC 2010-2026. All rights reserved. © 2026   Fair market value prices are updated every minute and are provided by Massive. Other market data provided is at least 10-minutes delayed and hosted by Barchart Solutions.  Information is provided 'as-is' and solely for informational purposes, not for trading purposes or advice, and is delayed. To see all exchange delays and terms of use please see Barchart's disclaimer. Enter your email address below to receive a concise daily summary of the latest news and analysts’ ratings for ExxonMobil and related companies with MarketBeat.com’s FREE daily ratings newsletter.",https://www.marketbeat.com/instant-alerts/filing-o-shaughnessy-asset-management-llc-acquires-198772-shares-of-exxonmobil-corporation-xom-2026-06-08/
XOM,"Holowesko Partners Ltd. Buys 127,400 Shares of ExxonMobil Corporation $XOM - MarketBeat",2026-06-08 10:21:02,"Holowesko Partners Ltd. lifted its stake in  ExxonMobil Corporation (NYSE:XOM - Free Report) by 155.7% during the fourth quarter, according to its most recent disclosure with the Securities and Exchange Commission. The fund owned 209,200 shares of the oil and gas company's stock after acquiring an additional 127,400 shares during the quarter. ExxonMobil makes up   8.8% of Holowesko Partners Ltd.'s portfolio, making the stock its 5th biggest holding. Holowesko Partners Ltd.'s holdings in ExxonMobil were worth $25,175,000 as of its most recent filing with the Securities and Exchange Commission. Several other hedge funds have also recently bought and sold shares of the business. ICW Investment Advisors LLC increased its position in  ExxonMobil by 0.3% during the fourth quarter. ICW Investment Advisors LLC now owns 25,286 shares of the oil and gas company's stock worth $3,043,000 after buying an additional 69 shares during the last quarter.  Peoples Bank OH boosted its holdings in  ExxonMobil by 0.5% during the fourth quarter. Peoples Bank OH now owns 14,993 shares of the oil and gas company's stock valued at $1,804,000 after acquiring an additional 71 shares during the period.  Paulson Wealth Management Inc. boosted its holdings in  ExxonMobil by 1.0% during the fourth quarter. Paulson Wealth Management Inc. now owns 7,368 shares of the oil and gas company's stock valued at $887,000 after acquiring an additional 72 shares during the period.  Peirce Capital Management LLC boosted its holdings in  ExxonMobil by 1.7% during the fourth quarter. Peirce Capital Management LLC now owns 4,292 shares of the oil and gas company's stock valued at $516,000 after acquiring an additional 72 shares during the period.  Finally, Studio Investment Management LLC boosted its holdings in  ExxonMobil by 0.8% during the fourth quarter. Studio Investment Management LLC now owns 8,698 shares of the oil and gas company's stock valued at $1,047,000 after acquiring an additional 72 shares during the period. 61.80% of the stock is owned by institutional investors and hedge funds. Here are the key news stories impacting ExxonMobil this week: A number of equities research analysts have issued reports on the stock. TD Cowen decreased their price target on shares of ExxonMobil from $175.00 to $172.00 and set a ""buy"" rating for the company in a report on Friday, April 10th. Weiss Ratings cut shares of ExxonMobil from a ""hold (c+)"" rating to a ""hold (c)"" rating in a research note on Thursday, May 21st. UBS Group increased their target price on shares of ExxonMobil from $171.00 to $174.00 and gave the company a ""buy"" rating in a research note on Monday, May 4th. Barclays increased their target price on shares of ExxonMobil from $163.00 to $182.00 and gave the company an ""overweight"" rating in a research note on Tuesday, May 26th. Finally, Zacks Research cut shares of ExxonMobil from a ""strong-buy"" rating to a ""hold"" rating in a research note on Tuesday, May 26th. Ten research analysts have rated the stock with a Buy rating and eleven have issued  a Hold rating to the company's stock. According to MarketBeat.com, ExxonMobil  has a consensus rating of ""Hold"" and an average price target of $165.55. NYSE:XOM opened at $150.18 on Monday. ExxonMobil Corporation has a 12-month low of $102.68 and a 12-month high of $176.41. The company has a quick ratio of 0.77, a current ratio of 1.04 and a debt-to-equity ratio of 0.13. The firm has a market capitalization of $622.50 billion, a PE ratio of 25.33, a price-to-earnings-growth ratio of 0.64 and a beta of 0.16. The firm has a 50-day moving average price of $153.96 and a 200 day moving average price of $141.43. ExxonMobil (NYSE:XOM - Get Free Report) last posted its quarterly earnings data on Friday, May 1st. The oil and gas company reported $1.16 earnings per share for the quarter, topping the consensus estimate of $0.98 by $0.18. The company had revenue of $83.16 billion during the quarter, compared to analyst estimates of $81.13 billion. ExxonMobil had a net margin of 7.57% and a return on equity of 10.24%. The company's revenue was up 2.4% on a year-over-year basis. During the same quarter last year, the business posted $1.76 earnings per share.  Research analysts anticipate that  ExxonMobil Corporation will post 11.66 earnings per share for the current fiscal year. The company also recently disclosed a quarterly dividend, which will be paid on Wednesday, June 10th. Stockholders of record on Friday, May 15th will be issued a dividend of $1.03 per share. The ex-dividend date of this dividend is Friday, May 15th. This represents a $4.12 annualized dividend and a dividend yield of 2.7%. ExxonMobil's dividend payout ratio (DPR) is presently 69.48%. In other news, VP Darrin L. Talley sold 1,080 shares of the firm's stock in a transaction that occurred on Monday, March 16th. The shares were sold at an average price of $155.50, for a total transaction of $167,940.00. Following the completion of the sale, the vice president owned 17,124 shares of the company's stock, valued at approximately $2,662,782. This trade represents a 5.93% decrease in their ownership of the stock. The transaction was disclosed in a filing with the SEC, which is accessible through this link. Insiders own  0.03% of the company's stock. ExxonMobil Corporation NYSE: XOM is an integrated oil and gas company engaged in the exploration, production, refining, distribution and marketing of petroleum products and the manufacture and sale of petrochemicals. Its operations span the full energy value chain, including upstream exploration and development of crude oil and natural gas; midstream transportation and storage; and downstream refining, product distribution and retail. The company also produces a broad range of chemical products for industrial and consumer applications. ExxonMobil markets fuels and lubricants under well-known brands such as Exxon, Mobil and Esso, and its Mobil 1 motor oil is a prominent consumer product. This instant news alert was generated by narrative science technology and financial data from MarketBeat in order to provide readers with the fastest reporting and unbiased coverage. Please send any questions or comments about this story to contact@marketbeat.com. Before you consider ExxonMobil, you'll want to hear this. MarketBeat keeps track of Wall Street's top-rated and best performing research analysts and the stocks they recommend to their clients on a daily basis. MarketBeat has identified the five stocks that top analysts are quietly whispering to their clients to buy now before the broader market catches on... and ExxonMobil wasn't on the list. While ExxonMobil currently has a Hold rating among analysts, top-rated analysts believe these five stocks are better buys. Robotics and automation are rapidly becoming essential infrastructure across healthcare, manufacturing, logistics, and many other industries.

""Physical AI"" is coming to the United States, and  there are four ways that investors can gain exposure to this new robotics revolution. Plus, learn which seven companies are most positioned to benefit as intelligent robots enter the workforce. Sign up for MarketBeat All Access to gain access to MarketBeat's full suite of research tools. 345 N Reid Place, Suite 620, Sioux Falls, SD 57103
                                        
                                        contact@marketbeat.com
                                        
                                        (844) 978-6257 © MarketBeat Media, LLC 2010-2026. All rights reserved. © 2026   Fair market value prices are updated every minute and are provided by Massive. Other market data provided is at least 10-minutes delayed and hosted by Barchart Solutions.  Information is provided 'as-is' and solely for informational purposes, not for trading purposes or advice, and is delayed. To see all exchange delays and terms of use please see Barchart's disclaimer.",https://www.marketbeat.com/instant-alerts/filing-holowesko-partners-ltd-buys-127400-shares-of-exxonmobil-corporation-xom-2026-06-08/
XOM,"Hilton Head Capital Partners LLC Acquires Shares of 9,443 ExxonMobil Corporation $XOM - MarketBeat",2026-06-08 10:12:43,"Hilton Head Capital Partners LLC acquired a new stake in shares of  ExxonMobil Corporation (NYSE:XOM - Free Report) in the fourth quarter, according to the company in its most recent filing with the SEC. The firm acquired 9,443 shares of the oil and gas company's stock, valued at approximately $1,136,000. A number of other institutional investors have also modified their holdings of the stock. Berbice Capital Management LLC acquired a new position in shares of  ExxonMobil during the fourth quarter valued at approximately $26,000.  Midwest Capital Advisors LLC acquired a new position in shares of  ExxonMobil during the 4th quarter worth approximately $27,000.  E Fund Management Hong Kong Co. Ltd. boosted its holdings in shares of  ExxonMobil by 456.1% during the 4th quarter. E Fund Management Hong Kong Co. Ltd. now owns 228 shares of the oil and gas company's stock worth $27,000 after purchasing an additional 187 shares during the last quarter.  Key Capital Management INC acquired a new position in shares of  ExxonMobil during the 4th quarter worth approximately $28,000.  Finally, Nvest Wealth Strategies Inc. acquired a new position in shares of  ExxonMobil during the 4th quarter worth approximately $32,000. Hedge funds and other institutional investors own  61.80% of the company's stock. XOM opened at $150.18 on Monday. ExxonMobil Corporation has a one year low of $102.68 and a one year high of $176.41. The stock has a market capitalization of $622.50 billion, a PE ratio of 25.33, a P/E/G ratio of 0.64 and a beta of 0.16. The business's 50 day moving average price is $153.96 and its 200 day moving average price is $141.43. The company has a debt-to-equity ratio of 0.13, a quick ratio of 0.77 and a current ratio of 1.04. ExxonMobil (NYSE:XOM - Get Free Report) last released its quarterly earnings data on Friday, May 1st. The oil and gas company reported $1.16 EPS for the quarter, beating analysts' consensus estimates of $0.98 by $0.18. ExxonMobil had a return on equity of 10.24% and a net margin of 7.57%.The firm had revenue of $83.16 billion for the quarter, compared to analysts' expectations of $81.13 billion. During the same period in the prior year, the firm posted $1.76 earnings per share. The firm's quarterly revenue was up 2.4% on a year-over-year basis.  As a group, equities research analysts expect that  ExxonMobil Corporation will post 11.66 EPS for the current year. The company also recently declared a quarterly dividend, which will be paid on Wednesday, June 10th. Shareholders of record on Friday, May 15th will be paid a dividend of $1.03 per share. This represents a $4.12 dividend on an annualized basis and a yield of 2.7%. The ex-dividend date is Friday, May 15th. ExxonMobil's dividend payout ratio  is 69.48%. Here are the key news stories impacting ExxonMobil this week: In other ExxonMobil news, VP Darrin L. Talley sold 1,080 shares of the company's stock in a transaction on Monday, March 16th. The stock was sold at an average price of $155.50, for a total transaction of $167,940.00. Following the transaction, the vice president directly owned 17,124 shares in the company, valued at $2,662,782. This represents a 5.93% decrease in their ownership of the stock. The transaction was disclosed in a document filed with the Securities & Exchange Commission, which is available at the SEC website. 0.03% of the stock is owned by company insiders. Several research analysts have recently weighed in on XOM shares. Bank of America boosted their target price on ExxonMobil from $135.00 to $151.00 and gave the stock a ""neutral"" rating in a report on Monday, March 2nd. Barclays boosted their target price on ExxonMobil from $163.00 to $182.00 and gave the stock an ""overweight"" rating in a report on Tuesday, May 26th. Wolfe Research cut ExxonMobil from an ""outperform"" rating to a ""peer perform"" rating in a report on Tuesday, April 21st. Citigroup boosted their target price on ExxonMobil from $150.00 to $175.00 and gave the stock a ""neutral"" rating in a report on Thursday, April 2nd. Finally, Scotiabank boosted their target price on ExxonMobil from $128.00 to $163.00 and gave the stock a ""sector outperform"" rating in a report on Wednesday, April 22nd. Ten investment analysts have rated the stock with a Buy rating and eleven have issued  a Hold rating to the stock. According to data from MarketBeat, the stock presently has an average rating of ""Hold"" and an average price target of $165.55. ExxonMobil Corporation NYSE: XOM is an integrated oil and gas company engaged in the exploration, production, refining, distribution and marketing of petroleum products and the manufacture and sale of petrochemicals. Its operations span the full energy value chain, including upstream exploration and development of crude oil and natural gas; midstream transportation and storage; and downstream refining, product distribution and retail. The company also produces a broad range of chemical products for industrial and consumer applications. ExxonMobil markets fuels and lubricants under well-known brands such as Exxon, Mobil and Esso, and its Mobil 1 motor oil is a prominent consumer product. Want to see what other hedge funds are holding XOM? Visit HoldingsChannel.com to get the latest 13F filings and insider trades for ExxonMobil Corporation (NYSE:XOM - Free Report). This instant news alert was generated by narrative science technology and financial data from MarketBeat in order to provide readers with the fastest reporting and unbiased coverage. Please send any questions or comments about this story to contact@marketbeat.com. Before you consider ExxonMobil, you'll want to hear this. MarketBeat keeps track of Wall Street's top-rated and best performing research analysts and the stocks they recommend to their clients on a daily basis. MarketBeat has identified the five stocks that top analysts are quietly whispering to their clients to buy now before the broader market catches on... and ExxonMobil wasn't on the list. While ExxonMobil currently has a Hold rating among analysts, top-rated analysts believe these five stocks are better buys. Market downturns give many investors pause, and for good reason. Wondering how to offset this risk? Click the link to learn more about using beta to protect your portfolio. Sign up for MarketBeat All Access to gain access to MarketBeat's full suite of research tools. 345 N Reid Place, Suite 620, Sioux Falls, SD 57103
                                        
                                        contact@marketbeat.com
                                        
                                        (844) 978-6257 © MarketBeat Media, LLC 2010-2026. All rights reserved. © 2026   Fair market value prices are updated every minute and are provided by Massive. Other market data provided is at least 10-minutes delayed and hosted by Barchart Solutions.  Information is provided 'as-is' and solely for informational purposes, not for trading purposes or advice, and is delayed. To see all exchange delays and terms of use please see Barchart's disclaimer.",https://www.marketbeat.com/instant-alerts/filing-hilton-head-capital-partners-llc-acquires-shares-of-9443-exxonmobil-corporation-xom-2026-06-08/
XOM,ExxonMobil Corporation $XOM Shares Sold by Los Angeles Capital Management LLC - MarketBeat,2026-06-08 09:48:29,"Los Angeles Capital Management LLC reduced its holdings in  ExxonMobil Corporation (NYSE:XOM - Free Report) by 19.7% during the 4th quarter, according to the company in its most recent filing with the Securities and Exchange Commission (SEC). The firm owned 209,081 shares of the oil and gas company's stock after selling 51,447 shares during the quarter. Los Angeles Capital Management LLC's holdings in ExxonMobil were worth $23,980,000 at the end of the most recent quarter. Other large investors have also recently added to or reduced their stakes in the company. Berbice Capital Management LLC acquired a new stake in  ExxonMobil in the 4th quarter valued at approximately $26,000.  Midwest Capital Advisors LLC acquired a new stake in  ExxonMobil in the 4th quarter valued at approximately $27,000.  E Fund Management Hong Kong Co. Ltd. increased its position in  ExxonMobil by 456.1% in the 4th quarter. E Fund Management Hong Kong Co. Ltd. now owns 228 shares of the oil and gas company's stock valued at $27,000 after acquiring an additional 187 shares during the period.  Key Capital Management INC acquired a new stake in  ExxonMobil in the 4th quarter valued at approximately $28,000.  Finally, Nvest Wealth Strategies Inc. acquired a new stake in  ExxonMobil in the 4th quarter valued at approximately $32,000. 61.80% of the stock is currently owned by institutional investors and hedge funds. Several analysts recently commented on the company. TD Cowen lowered their target price on ExxonMobil from $175.00 to $172.00 and set a ""buy"" rating on the stock in a research report on Friday, April 10th. Zacks Research cut ExxonMobil from a ""strong-buy"" rating to a ""hold"" rating in a research report on Tuesday, May 26th. Wells Fargo & Company lifted their price target on ExxonMobil from $183.00 to $185.00 and gave the company an ""overweight"" rating in a research report on Thursday, April 9th. Wolfe Research cut ExxonMobil from an ""outperform"" rating to a ""peer perform"" rating in a research report on Tuesday, April 21st. Finally, JPMorgan Chase & Co. lifted their price target on ExxonMobil from $140.00 to $170.00 and gave the company an ""overweight"" rating in a research report on Thursday, April 9th. Ten equities research analysts have rated the stock with a Buy rating and eleven have assigned  a Hold rating to the company's stock. Based on data from MarketBeat.com, the company presently has an average rating of ""Hold"" and an average target price of $165.55. Shares of XOM stock opened at $150.18 on Monday. ExxonMobil Corporation has a 1 year low of $102.68 and a 1 year high of $176.41. The stock has a market cap of $622.50 billion, a PE ratio of 25.33, a price-to-earnings-growth ratio of 0.64 and a beta of 0.16. The business's fifty day moving average is $153.96 and its 200-day moving average is $141.43. The company has a debt-to-equity ratio of 0.13, a quick ratio of 0.77 and a current ratio of 1.04. ExxonMobil (NYSE:XOM - Get Free Report) last issued its quarterly earnings results on Friday, May 1st. The oil and gas company reported $1.16 earnings per share (EPS) for the quarter, beating the consensus estimate of $0.98 by $0.18. The company had revenue of $83.16 billion for the quarter, compared to analysts' expectations of $81.13 billion. ExxonMobil had a return on equity of 10.24% and a net margin of 7.57%.The firm's revenue for the quarter was up 2.4% on a year-over-year basis. During the same period last year, the firm earned $1.76 EPS.  Equities analysts expect that  ExxonMobil Corporation will post 11.66 earnings per share for the current fiscal year. The business also recently disclosed a quarterly dividend, which will be paid on Wednesday, June 10th. Stockholders of record on Friday, May 15th will be paid a dividend of $1.03 per share. The ex-dividend date of this dividend is Friday, May 15th. This represents a $4.12 annualized dividend and a dividend yield of 2.7%. ExxonMobil's dividend payout ratio (DPR) is currently 69.48%. Here are the key news stories impacting ExxonMobil this week: In other news, VP Darrin L. Talley sold 1,080 shares of the firm's stock in a transaction on Monday, March 16th. The stock was sold at an average price of $155.50, for a total transaction of $167,940.00. Following the completion of the sale, the vice president directly owned 17,124 shares of the company's stock, valued at $2,662,782. This trade represents a 5.93% decrease in their position. The transaction was disclosed in a legal filing with the SEC, which is available through this link. 0.03% of the stock is currently owned by corporate insiders. ExxonMobil Corporation NYSE: XOM is an integrated oil and gas company engaged in the exploration, production, refining, distribution and marketing of petroleum products and the manufacture and sale of petrochemicals. Its operations span the full energy value chain, including upstream exploration and development of crude oil and natural gas; midstream transportation and storage; and downstream refining, product distribution and retail. The company also produces a broad range of chemical products for industrial and consumer applications. ExxonMobil markets fuels and lubricants under well-known brands such as Exxon, Mobil and Esso, and its Mobil 1 motor oil is a prominent consumer product. This instant news alert was generated by narrative science technology and financial data from MarketBeat in order to provide readers with the fastest reporting and unbiased coverage. Please send any questions or comments about this story to contact@marketbeat.com. Before you consider ExxonMobil, you'll want to hear this. MarketBeat keeps track of Wall Street's top-rated and best performing research analysts and the stocks they recommend to their clients on a daily basis. MarketBeat has identified the five stocks that top analysts are quietly whispering to their clients to buy now before the broader market catches on... and ExxonMobil wasn't on the list. While ExxonMobil currently has a Hold rating among analysts, top-rated analysts believe these five stocks are better buys. Unlock the timeless value of gold with our exclusive 2026 Gold Forecasting Report. Explore why gold remains the ultimate investment for safeguarding wealth against inflation, economic shifts, and global uncertainties. Whether you're planning for future generations or seeking a reliable asset in turbulent times, this report is your essential guide to making informed decisions. Sign up for MarketBeat All Access to gain access to MarketBeat's full suite of research tools. 345 N Reid Place, Suite 620, Sioux Falls, SD 57103
                                        
                                        contact@marketbeat.com
                                        
                                        (844) 978-6257 © MarketBeat Media, LLC 2010-2026. All rights reserved. © 2026   Fair market value prices are updated every minute and are provided by Massive. Other market data provided is at least 10-minutes delayed and hosted by Barchart Solutions.  Information is provided 'as-is' and solely for informational purposes, not for trading purposes or advice, and is delayed. To see all exchange delays and terms of use please see Barchart's disclaimer.",https://www.marketbeat.com/instant-alerts/filing-exxonmobil-corporation-xom-shares-sold-by-los-angeles-capital-management-llc-2026-06-08/
XOM,"Capital World Investors Purchases 16,680 Shares of ExxonMobil Corporation $XOM - MarketBeat",2026-06-08 08:12:19,"Capital World Investors raised its position in shares of  ExxonMobil Corporation (NYSE:XOM - Free Report) by 0.3% in the 4th quarter, according to the company in its most recent Form 13F filing with the Securities and Exchange Commission. The firm owned 4,793,125 shares of the oil and gas company's stock after purchasing an additional 16,680 shares during the period. Capital World Investors owned 0.11% of ExxonMobil worth $576,860,000 as of its most recent filing with the Securities and Exchange Commission. Other institutional investors and hedge funds have also bought and sold shares of the company. ICW Investment Advisors LLC lifted its position in shares of  ExxonMobil by 0.3% during the fourth quarter. ICW Investment Advisors LLC now owns 25,286 shares of the oil and gas company's stock worth $3,043,000 after acquiring an additional 69 shares in the last quarter.  Peoples Bank OH lifted its position in shares of  ExxonMobil by 0.5% during the fourth quarter. Peoples Bank OH now owns 14,993 shares of the oil and gas company's stock worth $1,804,000 after acquiring an additional 71 shares in the last quarter.  Paulson Wealth Management Inc. lifted its position in shares of  ExxonMobil by 1.0% during the fourth quarter. Paulson Wealth Management Inc. now owns 7,368 shares of the oil and gas company's stock worth $887,000 after acquiring an additional 72 shares in the last quarter.  Peirce Capital Management LLC lifted its position in shares of  ExxonMobil by 1.7% during the fourth quarter. Peirce Capital Management LLC now owns 4,292 shares of the oil and gas company's stock worth $516,000 after acquiring an additional 72 shares in the last quarter.  Finally, Studio Investment Management LLC lifted its position in shares of  ExxonMobil by 0.8% during the fourth quarter. Studio Investment Management LLC now owns 8,698 shares of the oil and gas company's stock worth $1,047,000 after acquiring an additional 72 shares in the last quarter. 61.80% of the stock is owned by institutional investors. Here are the key news stories impacting ExxonMobil this week: XOM opened at $150.18 on Monday. The company has a market cap of $622.50 billion, a P/E ratio of 25.33, a P/E/G ratio of 0.64 and a beta of 0.16. The business's 50-day moving average price is $153.96 and its 200-day moving average price is $141.43. The company has a current ratio of 1.04, a quick ratio of 0.77 and a debt-to-equity ratio of 0.13. ExxonMobil Corporation has a 12 month low of $102.68 and a 12 month high of $176.41. ExxonMobil (NYSE:XOM - Get Free Report) last released its quarterly earnings data on Friday, May 1st. The oil and gas company reported $1.16 EPS for the quarter, topping the consensus estimate of $0.98 by $0.18. The firm had revenue of $83.16 billion for the quarter, compared to the consensus estimate of $81.13 billion. ExxonMobil had a return on equity of 10.24% and a net margin of 7.57%.The company's quarterly revenue was up 2.4% on a year-over-year basis. During the same quarter in the previous year, the business earned $1.76 earnings per share.  On average, equities analysts expect that  ExxonMobil Corporation will post 11.66 EPS for the current year. The firm also recently announced a quarterly dividend, which will be paid on Wednesday, June 10th. Investors of record on Friday, May 15th will be paid a $1.03 dividend. The ex-dividend date of this dividend is Friday, May 15th. This represents a $4.12 annualized dividend and a dividend yield of 2.7%. ExxonMobil's dividend payout ratio (DPR) is presently 69.48%. XOM has been the topic of several recent research reports. Jefferies Financial Group increased their target price on ExxonMobil from $178.00 to $184.00 and gave the stock a ""buy"" rating in a research report on Thursday, April 9th. HSBC increased their target price on ExxonMobil from $135.00 to $158.00 and gave the stock a ""hold"" rating in a research report on Friday, March 20th. Morgan Stanley dropped their target price on ExxonMobil from $172.00 to $171.00 and set an ""overweight"" rating on the stock in a research report on Friday, April 17th. Sanford C. Bernstein dropped their target price on ExxonMobil from $195.00 to $182.00 and set an ""outperform"" rating on the stock in a research report on Monday, May 11th. Finally, Piper Sandler lowered their price objective on ExxonMobil from $186.00 to $182.00 and set an ""overweight"" rating on the stock in a research report on Thursday, April 9th. Ten analysts have rated the stock with a Buy rating and eleven have assigned  a Hold rating to the stock. According to data from MarketBeat, the company  has an average rating of ""Hold"" and a consensus price target of $165.55. In related news, VP Darrin L. Talley sold 1,080 shares of the firm's stock in a transaction dated Monday, March 16th. The stock was sold at an average price of $155.50, for a total value of $167,940.00. Following the sale, the vice president directly owned 17,124 shares of the company's stock, valued at $2,662,782. This trade represents a 5.93% decrease in their ownership of the stock. The transaction was disclosed in a document filed with the Securities & Exchange Commission, which is available through this link. 0.03% of the stock is owned by insiders. ExxonMobil Corporation NYSE: XOM is an integrated oil and gas company engaged in the exploration, production, refining, distribution and marketing of petroleum products and the manufacture and sale of petrochemicals. Its operations span the full energy value chain, including upstream exploration and development of crude oil and natural gas; midstream transportation and storage; and downstream refining, product distribution and retail. The company also produces a broad range of chemical products for industrial and consumer applications. ExxonMobil markets fuels and lubricants under well-known brands such as Exxon, Mobil and Esso, and its Mobil 1 motor oil is a prominent consumer product. Want to see what other hedge funds are holding XOM? Visit HoldingsChannel.com to get the latest 13F filings and insider trades for ExxonMobil Corporation (NYSE:XOM - Free Report). This instant news alert was generated by narrative science technology and financial data from MarketBeat in order to provide readers with the fastest reporting and unbiased coverage. Please send any questions or comments about this story to contact@marketbeat.com. Before you consider ExxonMobil, you'll want to hear this. MarketBeat keeps track of Wall Street's top-rated and best performing research analysts and the stocks they recommend to their clients on a daily basis. MarketBeat has identified the five stocks that top analysts are quietly whispering to their clients to buy now before the broader market catches on... and ExxonMobil wasn't on the list. While ExxonMobil currently has a Hold rating among analysts, top-rated analysts believe these five stocks are better buys. Looking to profit from the electric vehicle mega-trend? Click the link to see our list of which EV stocks show the most long-term potential. Sign up for MarketBeat All Access to gain access to MarketBeat's full suite of research tools. 345 N Reid Place, Suite 620, Sioux Falls, SD 57103
                                        
                                        contact@marketbeat.com
                                        
                                        (844) 978-6257 © MarketBeat Media, LLC 2010-2026. All rights reserved. © 2026   Fair market value prices are updated every minute and are provided by Massive. Other market data provided is at least 10-minutes delayed and hosted by Barchart Solutions.  Information is provided 'as-is' and solely for informational purposes, not for trading purposes or advice, and is delayed. To see all exchange delays and terms of use please see Barchart's disclaimer.",https://www.marketbeat.com/instant-alerts/filing-capital-world-investors-purchases-16680-shares-of-exxonmobil-corporation-xom-2026-06-08/
XOM,ExxonMobil Corporation $XOM Stock Holdings Increased by Brandywine Global Investment Management LLC - MarketBeat,2026-06-08 07:28:30,"Brandywine Global Investment Management LLC grew its stake in  ExxonMobil Corporation (NYSE:XOM - Free Report) by 21.4% during the 4th quarter, according to its most recent Form 13F filing with the Securities & Exchange Commission. The institutional investor  owned 2,009,194 shares of the oil and gas company's stock after acquiring an additional 354,333 shares during the quarter. ExxonMobil comprises approximately  1.6% of Brandywine Global Investment Management LLC's portfolio, making the stock its 7th biggest holding. Brandywine Global Investment Management LLC's holdings in ExxonMobil were worth $241,786,000 as of its most recent filing with the Securities & Exchange Commission. Other institutional investors and hedge funds have also made changes to their positions in the company. Norges Bank purchased a new position in  ExxonMobil during the fourth quarter worth about $7,625,063,000.  Bank of New York Mellon Corp lifted its position in  ExxonMobil by 1.2% during the fourth quarter. Bank of New York Mellon Corp now owns 46,605,353 shares of the oil and gas company's stock worth $5,608,488,000 after buying an additional 531,362 shares during the period.  Northern Trust Corp lifted its position in  ExxonMobil by 1.0% during the third quarter. Northern Trust Corp now owns 44,026,019 shares of the oil and gas company's stock worth $4,963,934,000 after buying an additional 445,283 shares during the period.  Franklin Resources Inc. lifted its position in  ExxonMobil by 7.4% during the third quarter. Franklin Resources Inc. now owns 38,728,643 shares of the oil and gas company's stock worth $4,366,655,000 after buying an additional 2,660,910 shares during the period.  Finally, Capital Research Global Investors lifted its position in  ExxonMobil by 0.4% during the third quarter. Capital Research Global Investors now owns 33,620,927 shares of the oil and gas company's stock worth $3,790,773,000 after buying an additional 127,466 shares during the period. 61.80% of the stock is currently owned by hedge funds and other institutional investors. XOM has been the topic of several recent analyst reports. Morgan Stanley reduced their target price on ExxonMobil from $172.00 to $171.00 and set an ""overweight"" rating on the stock in a research report on Friday, April 17th. UBS Group upped their price target on ExxonMobil from $171.00 to $174.00 and gave the stock a ""buy"" rating in a research note on Monday, May 4th. Bank of America upped their price target on ExxonMobil from $135.00 to $151.00 and gave the stock a ""neutral"" rating in a research note on Monday, March 2nd. Royal Bank Of Canada  restated a ""sector perform"" rating and set a $180.00 price target on shares of ExxonMobil in a research note on Tuesday, May 5th. Finally, TD Cowen dropped their price target on ExxonMobil from $175.00 to $172.00 and set a ""buy"" rating for the company in a research note on Friday, April 10th. Ten equities research analysts have rated the stock with a Buy rating and eleven have issued  a Hold rating to the stock. According to MarketBeat.com, ExxonMobil  has a consensus rating of ""Hold"" and a consensus price target of $165.55. In related news, VP Darrin L. Talley sold 1,080 shares of the stock in a transaction dated Monday, March 16th. The stock was sold at an average price of $155.50, for a total value of $167,940.00. Following the completion of the transaction, the vice president owned 17,124 shares of the company's stock, valued at approximately $2,662,782. This represents a 5.93% decrease in their ownership of the stock. The sale was disclosed in a document filed with the SEC, which is accessible through this link. Company insiders own  0.03% of the company's stock. XOM stock opened at $150.18 on Monday. The company has a debt-to-equity ratio of 0.13, a quick ratio of 0.77 and a current ratio of 1.04. ExxonMobil Corporation has a 1 year low of $102.68 and a 1 year high of $176.41. The firm has a market cap of $622.50 billion, a P/E ratio of 25.33, a price-to-earnings-growth ratio of 0.64 and a beta of 0.16. The stock has a 50-day simple moving average of $153.96 and a 200-day simple moving average of $141.43. ExxonMobil (NYSE:XOM - Get Free Report) last posted its earnings results on Friday, May 1st. The oil and gas company reported $1.16 earnings per share (EPS) for the quarter, beating analysts' consensus estimates of $0.98 by $0.18. ExxonMobil had a return on equity of 10.24% and a net margin of 7.57%.The business had revenue of $83.16 billion during the quarter, compared to analyst estimates of $81.13 billion. During the same quarter last year, the firm earned $1.76 earnings per share. The company's revenue for the quarter was up 2.4% compared to the same quarter last year.  On average, equities analysts predict that  ExxonMobil Corporation will post 11.66 earnings per share for the current fiscal year. The business also recently announced a quarterly dividend, which will be paid on Wednesday, June 10th. Stockholders of record on Friday, May 15th will be paid a $1.03 dividend. The ex-dividend date is Friday, May 15th. This represents a $4.12 dividend on an annualized basis and a dividend yield of 2.7%. ExxonMobil's dividend payout ratio (DPR) is 69.48%. Here are the key news stories impacting ExxonMobil this week: ExxonMobil Corporation NYSE: XOM is an integrated oil and gas company engaged in the exploration, production, refining, distribution and marketing of petroleum products and the manufacture and sale of petrochemicals. Its operations span the full energy value chain, including upstream exploration and development of crude oil and natural gas; midstream transportation and storage; and downstream refining, product distribution and retail. The company also produces a broad range of chemical products for industrial and consumer applications. ExxonMobil markets fuels and lubricants under well-known brands such as Exxon, Mobil and Esso, and its Mobil 1 motor oil is a prominent consumer product. This instant news alert was generated by narrative science technology and financial data from MarketBeat in order to provide readers with the fastest reporting and unbiased coverage. Please send any questions or comments about this story to contact@marketbeat.com. Before you consider ExxonMobil, you'll want to hear this. MarketBeat keeps track of Wall Street's top-rated and best performing research analysts and the stocks they recommend to their clients on a daily basis. MarketBeat has identified the five stocks that top analysts are quietly whispering to their clients to buy now before the broader market catches on... and ExxonMobil wasn't on the list. While ExxonMobil currently has a Hold rating among analysts, top-rated analysts believe these five stocks are better buys. MarketBeat's analysts have just released their top five short plays for June 2026. Learn which stocks have the most short interest and how to trade them. Click the link to see which companies made the list. Sign up for MarketBeat All Access to gain access to MarketBeat's full suite of research tools. 345 N Reid Place, Suite 620, Sioux Falls, SD 57103
                                        
                                        contact@marketbeat.com
                                        
                                        (844) 978-6257 © MarketBeat Media, LLC 2010-2026. All rights reserved. © 2026   Fair market value prices are updated every minute and are provided by Massive. Other market data provided is at least 10-minutes delayed and hosted by Barchart Solutions.  Information is provided 'as-is' and solely for informational purposes, not for trading purposes or advice, and is delayed. To see all exchange delays and terms of use please see Barchart's disclaimer.",https://www.marketbeat.com/instant-alerts/filing-exxonmobil-corporation-xom-stock-holdings-increased-by-brandywine-global-investment-management-llc-2026-06-08/
XOM,"Why Are BATL, INDO, XOM, CVX, USO, UCO Rising Overnight? - Stocktwits",2026-06-07 19:59:22,"Shares of major energy companies and related exchange-traded funds (ETFs) soared in the overnight trading session heading into Monday amid rising oil prices after Iran attacked Israel for the first time since April. Battalion Oil Corp. (BATL) surged more than 11%, and Indonesia Energy Corp Ltd. (INDO) jumped up about 4% at the time of writing. Oil majors Exxon Mobil Corp. (XOM) and Chevron Corp. (CVX) also climbed up more than 1%. Meanwhile, the United States Oil Fund (USO), which tracks the daily price movements of West Texas Intermediate (WTI), climbed more than 3% in Sunday’s extended trading hours, while ProShares Ultra Bloomberg Crude Oil (UCO) was up more than 5%. The Light, Sweet Crude Oil Futures (CL_F) were also 4% higher. Oil prices climbed higher on reports that Iran fired missiles at Israel on Sunday in retaliation for attacks on Beirut. Israel reportedly fired back despite U.S. President Donald Trump’s warning not to retaliate. Brent crude futures expiring in August were up more than 3%, trading at around $96.26 a barrel at the time of writing, while WTI crude futures expiring in July climbed more than 3% higher, trading around $93.63 a barrel. ""A short while ago, the Israeli Air Force struck military targets belonging to the Iranian terror regime in western and central Iran,"" the Israel Defense Forces (IDF) wrote on Telegram, according to reports from the BBC. The reported attacks come shortly after Trump said he would urge Israeli Prime Minister Benjamin Netanyahu not to retaliate to Iran's attacks, while also adding that Israel would have ""no choice"" but to accept a deal with Iran. ""The Iranian strikes didn’t hurt anybody,"" Trump had told Axios. The president had also emphasized that a deal with Iran was “very close” and that he did not “want it to blow up because of what is happening now."" Economist Steve Hanke highlighted Israel's latest strikes on Iran despite President Trump's calls for restraint, suggesting that the U.S. influence may be weakening. “IT LOOKS LIKE TRUMP'S LOST CONTROL,” Hanke said in a post on X. “JUST AS I PREDICTED, OIL PRICES HAVE SPIKED AGAIN. STAY LONG OIL,” he added. Meanwhile, seven members of the Organization of the Petroleum Exporting Countries (OPEC+) have agreed to increase oil production targets, marking the fourth consecutive monthly output hike since the start of the war and subsequent closure of the critical Strait of Hormuz. Saudi Arabia, Russia, Iraq, Kuwait, Kazakhstan, Algeria, and Oman agreed to increase oil output by about 188,000 barrels per day in July, according to a statement from the organization. On Stocktwits, retail sentiment around BATL was in the ‘bullish’ territory at the time of writing, while it was ‘neutral’ for XOM. Sentiment around CVX and INDO was in the ‘bearish’ and ‘extremely bearish’ territory. Meanwhile, sentiment around USO and UCO was in the green. One bullish user said, “Oil is the new hedge against global uncertainty. Plenty of room to get in, this is better than gold.” Another user predicted that Exxon shares would surge up to $160 this week. XOM stock was trading around $152 at the time of writing. USO has nearly doubled so far in 2026, while UCO has surged 132.54% in the same period. Meanwhile, BATL, XOM and CVX have gained more than 10%, 22%, and 20%, respectively. For updates and corrections, email newsroom[at]stocktwits[dot]com. Comments posted here will also appear on symbol pages. Nvidia Corp. shares jumped 2% in overnight trading ahead of Monday after the AI chip giant announced a major partnership with South Korea’s SK Hynix for its next-generation Vera Rubin system. The move comes after a 6.2% plunge on Friday, when the broader market sold off sharply following a stronger-than-expected jobs report and a rotation out of technology stocks after Broadcom issued a softer-than-expected forecast. Nasdaq futures were up marginally as of Sunday night. As part of the deal, SK Hynix will supply memory chips and components for Nvidia’s Vera Rubins, which will begin shipping to customers in the third quarter. The company said it would enter new AI fields via the partnership, such as personal AI and physical ​AI, and that the deal would help maintain a stable supply of ​memory chips despite the advanced memory semiconductors' long development cycles. Meanwhile, SK Hynix’s sister company SK Telecom said ‌it would ⁠build a gigawatt-scale AI cloud in South Korea using Nvidia’s technology, with the first AI data center to come online in 2027. The broad tie-up gives the Korean company a boost as it prepares to expand significantly into the next-gen of high-bandwidth memory, known as HBM4. Nvidia CEO Jensen Huang confirmed for the first time last week it’s cleared Samsung, SK Hynix and Micron Technology to supply that product, indispensable for top-end systems. Incidentally, the South Korean market came under heavy pressure on Monday, seemingly reacting to Friday’s sharp selloff in U.S. equities, particularly technology stocks. The benchmark KOSPI triggered a circuit breaker shortly after the opening bell and remained sharply lower as of 10:30 am Korea time (GMT+9), while Samsung and SK Hynix had plunged 9% and 6%, respectively. The mood is sombre for Nvidia as well. The stock has significantly underperformed rivals such as Intel and Advanced Micro Devices this year, despite reporting remarkable financial performance in the last quarter. On Stocktwits, retail sentiment for NVDA remained ‘bullish’ — unchanged over the past week — amid ‘low’ message volume, although many traders cheered the SK Hynix deal and expected NVDA to gain strongly. “SKHYNX collab MEGA News!! up at least 5% tomorrow!” said a trader. Nvidia’s shares are up 10% year to date, compared to the 79% rally in the iShares Semiconductor ETF (SOXX). For updates and corrections, email newsroom[at]stocktwits[dot]com. Comments posted here will also appear on symbol pages. U.S. stock futures were mixed in the overnight session headed into Monday amid reports of an Iranian attack on Israel, the first since April, raising concerns about a ceasefire and stoking uncertainty after last week's sharp tech selloff. The Dow futures declined by 0.33% and the S&P 500 futures fell 0.02%, while the Nasdaq 100 futures traded 0.29% higher as of 9.33 p.m ET. Among ETFs tracking benchmark indexes, the SPDR S&P 500 ETF (SPY), and the Invesco QQQ Trust (QQQ) edged higher at the time of writing amid ‘bullish’ sentiment, even as the SPDR Dow Jones Industrial Average ETF Trust (DIA) traded lower. Meanwhile, the iShares 20+ Year Treasury Bond ETF (TLT) was down 0.17% amid ‘neutral’ sentiment at the time of writing. On Friday, the tech-heavy Nasdaq Composite lost more than 1,000 points to close 4.18% lower, clocking its sharpest decline in 14 months. The S&P 500 was down 2.64% at close, while the Dow ended the session 1.35% lower. For the week, all three benchmark indexes were in the red. U.S. and international stock markets are faced with another dose of geopolitical uncertainty as Iran reportedly launched its first missile attack on Israel since April's ceasefire, raising concerns that a fragile ceasefire between Tehran and Washington could come undone. Iranian officials have reportedly said that the missile launch was a warning, aimed at deterring further Israeli military actions in Lebanon. Meanwhile, the Israeli military said its air force was actively working to intercept incoming threats and conduct strikes where necessary, even as no casualties were reported. U.S. President Donald Trump moved quickly to contain the situation, saying he will urge Israeli Prime Minister Benjamin Netanyahu to not retaliate to Iran's attacks, according to a report from Axios. ""I am going to call Bibi right now and tell him not to retaliate. Each of them had their fun. Israel had its strike, and Iran had its strike. We don't need another one,"" Trump reportedly told Axios. ""We are very close to a final deal with Iran. It is going to be a good deal. I don't want it to blow up because of what is happening now.” The geopolitical uncertainty adds another layer of pressure to a market that is already grappling with a sharp selloff in technology stocks, with AI and chip companies at the forefront. On Friday, all ‘Magnificent Seven’ shares declined as a stronger-than-expected May jobs report fueled rate hike concerns that would increase borrowing costs for companies that are eyeing higher investment in AI infrastructure and data center expansion. Meanwhile, Wall Street is also preparing for Elon Musk's SpaceX IPO on Friday, which is expected to be one of the largest public offerings in history. Greg Boutle, head of U.S. equity derivative strategy at BNP Paribas, believes that the SpaceX listing could create unusually large market swings as investors sell other stocks to raise cash for what could become one of the most crowded trades in recent history. “This type of herd behavior tends to amplify moves and create fatter tails,” Boutle said, as per a report from Fortune. “This would then be amplified by passive investment demand.” On the economic front, investors will be tuned into the May Consumer Price Index expected on Wednesday and the Producer Price Index on Thursday to gain insights on the inflation outlook and the Federal Reserve's policy path going forward. The Metals Company Inc. (TMC): The deep-sea minerals exploration company jumped onto retail traders’ radar, gaining more than 1.3% in extended trading hours amid a key certification and regulatory milestone for the company’s exploration license application process. Planet Labs PBC (PL): The American Earth imaging company’s shares edged about 2% higher in the overnight session after a steep drop on Friday following a new at-the-market (ATM) equity offering program that would allow the company to raise up to $1.5 billion. Oracle Corp. (ORCL): Oracle is grabbing attention ahead of its fourth-quarter (Q4) 2026 results due on Wednesday. The technology company has also attracted a series of price target hikes ahead of its quarterly print. Solidion Technology Inc. (STI): Shares of the Dallas, Texas-based battery technology and materials company continued to gain in the overnight session after closing up more than 57% on Friday following the announcement of a patented breakthrough in lithium metal battery technology. Keel Infrastructure Corp. (KEEL): The digital and energy infrastructure company was in the spotlight after it priced a $400 million upsized offering of 1.25% convertible senior notes due 2032 on Friday. Oil futures traded higher in the overnight session headed into Monday amid heightened tensions in the Middle East. Brent crude futures expiring in August were up by 3.6%, trading at around $96.47 a barrel at the time of writing, while WTI crude futures expiring in July climbed more than 4% higher, trading around $94.20 a barrel. Meanwhile, yields on the 10-year Treasury rose to 4.568%, while gold prices fell to around $4,314.99 per ounce. Asian markets tumbled in the opening on Monday, with South Korea's KOSPI down more than 7% at the time of writing, and Japan’s Nikkei 225 declining more than 4%. The SSE Composite index and Australian stocks were also trading lower at the open. For updates and corrections, email newsroom[at]stocktwits[dot]com. Comments posted here will also appear on symbol pages. Lululemon Athletica (LULU) has found backing from legendary investor and former hedge fund manager Michael Burry, who has boosted his holdings of the athleisure brand even as the stock continued its decline after disappointing fiscal first-quarter (Q1) earnings and outlook. Lululemon Athletica stock plunged nearly 9% on Friday after the company warned that business has slowed heading into Q2, with waning customer interest and some products not performing as well as expected. The company expects Q2 revenue of $2.45 billion to $2.48 billion, about 2% to 3% lower than last year. Lululemon also cut its full-year 2026 forecast, now expecting revenue of $11.0 billion to $11.15 billion, below its previous outlook of $11.35 billion to $11.5 billion. In his Substack post on Friday, the “Big Short” investor described the latest earnings call as lacking meaningful updates, and added that the market may be overlooking the retailer’s underlying financial strengths. Lululemon's profits came under pressure during Q1 as tariffs and other trade-related costs reduced its gross margin. Burry said these costs were the main reason for the decline and noted that, without the tariff impact, the company's profitability would have looked much stronger compared with earlier periods. “Of the 32 Wall Street analysts covering LULU, only 2 have buy ratings. This is the least cheery consensus I have seen for a company in this financial condition without significant legal or regulatory liabilities pending,” wrote Burry. Despite his concerns about management, Burry praised Lululemon’s long-term execution. He credited the finance team for maintaining operational discipline during a challenging retail environment. “These days a steadily growing tangible book value per share is rare and a strong sign. In LULU’s case, its tangible book value per share has doubled from $20/share to ~$40/share over the last 3+ years. High returns on equity match high returns on capital,” said Burry. Burry said he increased his position in the stock after shares fell into the low-to-mid $110 range. “The relative value in LULU and PYPL by my estimation outweighs that of Microsoft at this time,” he said. In a post published Sunday on X, the Scion Asset Management founder said the last stock he owned that faced a level of investor negativity comparable to LULU was GameStop (GME) in 2019. GameStop later became the darling of “meme stock” mania and has gained over 614% since 2019. Burry sold his stake in the video game retailer last month after the company made a massive $56 billion offer to acquire eBay (EBAY). On Stocktwits, retail sentiment around the stock remained in ‘extremely bullish’ territory. I’m buying little by little and waiting out for the next few years.” Another user said, “This m*********** trying to convince that earnings was very bad, but they still making alot off money , if you take comparison make money per share no f****** companies you can find the same. It is like [the] athlete with [the] best world score and someone complaining that he did not beat his record every year.” Also See: Patrick Bet-David Show’s Adam Sosnick Compares His Bitcoin 'Dry Powder' To The Tesla Cash That Built SpaceX For updates and corrections, email newsroom[at]stocktwits[dot]com. Comments posted here will also appear on symbol pages. Wedbush Securities analyst Dan Ives sees Apple’s Worldwide Developers Conference (WWDC) as an important moment for the company as it continues to work on its AI strategy. Apple Inc (AAPL) is set to host its annual WWDC next week, from June 8-12. This year’s event carries added weight as it marks Tim Cook’s final major appearance before he steps down as CEO later in 2026, with John Ternus succeeding him. Attention now turns to whether Apple will finally execute on its long-promised artificial intelligence push. On Friday, AAPL shares were up 0.3% in after-hours trading, after having ended the regular session 1.25% down. Speaking on CNBC’s Closing Bell on Friday, Wedbush Securities analyst Dan Ives responded to a question about a recent note in which he said, “We expect fireworks.” He explained why expectations for Apple’s WWDC are running high, pointing to iOS 27 as a key focus, along with expected integrations involving Gemini and Anthropic. Ives said sentiment around Apple’s AI push has shifted as the company moves closer to execution after years of unmet expectations. “Two years ago, they promised everything, as we know, never came out with this. I think it’s actually the first time that they now put their hat in the ring,” he said. He added that Apple is now positioning itself to “get into the AI game from a consumer perspective,” suggesting the upcoming WWDC could mark a more concrete step in its artificial intelligence strategy. Ives emphasized Apple’s massive installed base, citing 2.5 billion iOS devices and 1.5 billion iPhones, stating that the ecosystem gives the company a unique advantage. He said that without this scale, the outlook would be “fine, but not great.” He added that Apple is entering what he views as the start of AI monetization, where the company could act as a “toll collector” on the consumer AI highway. According to Ives, service expansion and developer engagement will be central themes at WWDC. Ives also pointed to leadership under John Ternus and a renewed push into services as key signals of change. He said Apple is moving beyond past delays and positioning itself for a broader AI-driven revenue model. He further estimated that around 20% of global consumers could eventually access AI through an Apple device, reinforcing the company’s potential role in mainstream AI adoption. Stocktwits sentiment on AAPL was ‘bearish’ on Friday at the time of writing, while message volume was ‘normal.’ AAPL stock is up nearly 13% year-to-date and about 53% in the past 12 months. In the same period, the SPDR S&P 500 ETF Trust (SPY) has gained over 25%, while the Invesco QQQ Trust Series 1 (QQQ) is up over 36%. The Vanguard S&P 500 ETF (VOO) has risen nearly 26%, and the iShares Core S&P 500 ETF (IVV) has also gained over 26%. For updates and corrections, email newsroom[at]stocktwits[dot]com. Comments posted here will also appear on symbol pages. The Future Fund managing partner, Gary Black, believes the upcoming SpaceX IPO could be primed for a strong first-day rally, citing what he sees as overwhelming demand and the involvement of some of Wall Street’s biggest banks. Black said in a post on X that there is “no question” that the demand for SPCX shares will exceed supply at the proposed $135-per-share IPO price, given the participation of Goldman Sachs, Morgan Stanley, and JPMorgan in the offering. Black added that the IPO price itself could “still be increased” before the deal comes to market. According to Black, the presence of major investment banks usually helps generate significant institutional demand ahead of a high-profile IPO. He said that the underwriters are likely to “engineer a Day 1 pop,” creating conditions for a first-day surge once trading begins. “As we know from past IPOs, a strong day 1 pop doesn’t always translate to strong year 1 returns,” Black said, while adding that investors who can obtain IPO allocations may want to consider participating. In a separate post, Black raised questions about the incentives surrounding major IPOs and the role investment banks play in bringing deals to market. Black said JPMorgan’s recent move to remove long-time Tesla bear Ryan Brinkman from Tesla coverage could be viewed through the lens of “huge payday for brokers on the $SPCX IPO.” Black added that brokerages have begun publishing “fairly aggressive revenue and earnings forecasts for SpaceX.” According to him, such forecasts are common ahead of major IPOs, as firms seek larger allocations for clients and position themselves for what is often expected to be a strong first-day trading performance. Underwriters working on SpaceX's IPO have been instructed not to accept orders from investors in Hong Kong and mainland China due to U.S. restrictions related to sensitive technology, reported Bloomberg. Citing people familiar with the matter, Bloomberg stated that the lead banks managing the offering have directed members of the underwriting syndicate to block orders from customers in the two markets, including private banking clients, citing regulatory and compliance concerns. Morgan Stanley’s optimism around SpaceX has become increasingly evident ahead of the anticipated IPO. The bank recently projected that SpaceX's revenue could grow from $18.7 billion in 2025 to $3.4 trillion by 2040, according to The Wall Street Journal. It also forecasts adjusted earnings before interest, taxes, depreciation, and amortization (EBITDA) of $2.7 trillion by 2040. Those projections come despite SpaceX reporting a net loss of $4.9 billion on $18.7 billion of revenue in 2025, according to regulatory filings. The forecasts add context to Black's observation that brokerages have begun publishing increasingly bullish outlooks for SpaceX ahead of the IPO. SpaceX disclosed details of its planned IPO in a filing with the U.S. Securities and Exchange Commission, proposing to sell 555.55 million shares at $135 apiece. The proposed pricing would value the company at around $1.77 trillion, while leaving Elon Musk with an estimated 82.4% voting control after the listing. Investor appetite for space-related investments has remained strong, with the Procure Space ETF (UFO) up 125% in the past 12 months, while the Tema Space Innovators ETF (NASA) has gained 36% during the same period. On Stocktwits, retail sentiment around SPCX was in ‘extremely bullish’ territory, unchanged in the past 24 hours, while message volume was ‘extremely high.’ For updates and corrections, email newsroom[at]stocktwits[dot]com. Comments posted here will also appear on symbol pages. These cookies are necessary for the website to function and cannot be switched off in our systems. They are usually only set in response to actions made by you which amount to a request for services, such as setting your privacy preferences, logging in or filling in forms. You can set your browser to block or alert you about these cookies, but some parts of the site will not then work. These cookies do not store any personally identifiable information. As a California consumer, you have the right to opt-out from the sale or sharing of your personal information at any time across business platform, services, businesses and devices. You can opt-out of the sale and sharing of your personal information by using this toggle switch. As a Virginia, Utah, Colorado and Connecticut consumer, you have the right to opt-out from the sale of your personal data and the processing of your personal data for targeted advertising. You can opt-out of the sale of your personal data and targeted advertising by using this toggle switch. For more information on your rights as a United States consumer see our privacy notice. These cookies allow us to count visits and traffic sources so we can measure and improve the performance of our site. They help us to know which pages are the most and least popular and see how visitors move around the site. All information these cookies collect is aggregated and therefore anonymous. If you do not allow these cookies we will not know when you have visited our site, and will not be able to monitor its performance. These cookies may be set through our site by our advertising partners. They may be used by those companies to build a profile of your interests and show you relevant adverts on other sites. They do not store directly personal information, but are based on uniquely identifying your browser and internet device. If you do not allow these cookies, you will experience less targeted advertising.",https://stocktwits.com/news-articles/markets/equity/why-are-batl-indo-xom-cvx-uso-uco-rising-overnight/cZ0Hp03Re6m
XOM,Exxon Got Kicked Out of the Dow in 2020. It Has Since Beaten the S&P 500 by Nearly Double - 24/7 Wall St.,2026-06-07 18:38:12,"XOM turned $1,000 into nearly $3,000 over 5 years, tripling the S&P 500's return after Darren Woods' cost overhaul and Pioneer acquisition. Exxon's 43-year dividend growth streak softened the blow for 10-year holders who lagged the S&P 500 by nearly 100 percentage points. A 15x forward P/E, 2.73% yield, and $20 billion buyback make XOM a compelling income holding only if crude prices hold steady. Act now: the analyst who called NVIDIA in 2010 just named his top 10 AI stocks — and Exxon Mobil didn't make the cut. Grab the names FREE today. Ten years ago, Exxon Mobil (NYSE:XOM | XOM Price Prediction) was an aging supermajor coasting on legacy assets and a sleepy dividend. The decade that followed was brutal before it got good. CEO Darren Woods kicked off a transformation in 2018 built around advantaged barrels, cost cuts, and capital discipline. Then came the pandemic, which gutted crude demand and got the stock booted from the Dow Jones Industrial Average in August 2020. The comeback was loud. Russia’s invasion of Ukraine sent crude soaring, and Exxon posted record profits in 2022. The $60 billion Pioneer Natural Resources deal closed in May 2024, supercharging the Permian footprint, while Guyana’s Stabroek block ramped relentlessly. By 2025, Exxon was pumping a record 4.7 million oil-equivalent barrels per day, and advantaged assets hit 59% of production. Here is what the math looks like across three horizons, using split- and dividend-adjusted prices. Honest take: over a decade, XOM lost to the S&P 500 by a wide margin. Anyone holding from June 2016 had to white-knuckle through the 2020 collapse, when WTI briefly cratered to $16.55 in April 2020. The 1- and 5-year windows tell the opposite story, with XOM crushing the index thanks to the energy crisis, Pioneer, and Woods’ cost program. Timing was everything. Income softened the lag. Exxon has stretched 43 consecutive years of dividend growth, and the payout has climbed from roughly $0.69 a quarter in 2015 to $1.03 today. I’d put $1,000 into Exxon today if I believed Woods can keep grinding toward the $20 billion structural cost savings target by 2030 while Guyana and the Permian carry the volume story. A 15x forward P/E, a 2.73% yield, and a $20 billion buyback is a tough setup to hate. I’d avoid it if I think crude rolls over. WTI at $95.96 already sits in the 82nd percentile of its 12-month range, free cash flow fell 61.74% year over year in Q1, and the 40% effective tax rate is real money. On balance, the setup leans constructive here, but only as the income sleeve of a portfolio. Act now: the analyst who called NVIDIA in 2010 just named his top 10 AI stocks — and Exxon Mobil didn't make the cut. Grab the names FREE today. Alex Sirois is a financial writer with experience spanning both retail and institutional investing. He has written for InvestorPlace and held roles at BNY Mellon and Bernstein, giving him a perspective that bridges Main Street portfolios and Wall Street analysis. Alex holds an MBA from George Washington University and has built his career across multiple industries, including e-commerce, education, and translation — a breadth of experience that informs how he breaks down complex financial topics for everyday investors. His writing is conversational, actionable, and grounded in long-term, buy-and-hold investing principles. At 247 Wall St., Alex focuses on delivering analysis that is both accessible and useful, with a clear emphasis on helping readers make more informed decisions with their money. Our top personal finance-related articles today. Your wallet will thank you later. A Decade of Whiplash, Then a Mega-Deal Ten years ago, Chevron (NYSE:CVX | CVX Price Prediction) was clawing out of… Try, Try Again Exxon Mobil’s (NYSE:XOM | XOM Price Prediction) recent loss in arbitration to Chevron (NYSE:CVX) over the $53… In its investor day presentation Wednesday, Exxon Mobil said it plans to increase capital spending in the next two years,… Occidental Petroleum (NYSE:OXY | OXY Price Prediction) and Exxon Mobil (NYSE:XOM) just closed earnings chapters that read like opposite playbooks.… Exxon Mobil (NYSE:XOM | XOM Price Prediction) shares reached a new 52-week high yesterday, closing amid a resurgence in investor… Now that Chevron has declined to make a counter-offer to Occidental's bid for Anadarko, where else can Chevron and the… Exxon Mobil (NYSE:XOM | XOM Price Prediction) trades fairly priced at current levels. The 24/7 Wall St. price target points… Argus analyst Bill Selesky raised his price target on Exxon Mobil (NYSE:XOM | XOM Price Prediction) stock to $169 from… At $160.49, ExxonMobil (NYSE:XOM | XOM Price Prediction) is a buy and at $196.12, Chevron (NYSE:CVX) is a hold. The…",https://247wallst.com/investing/2026/06/07/exxon-got-kicked-out-of-the-dow-in-2020-it-has-since-beaten-the-sp-500-by-nearly-double/
XOM,Why Short-Term Oil Volatility Is Giving Long-Term Investors a Once-in-a-Generation Gift to Buy ExxonMobil for Good - 24/7 Wall St.,2026-06-07 15:50:35,"XOM pairs a 43-year dividend streak and near-zero leverage with $16B in structural cost savings, targeting $20B by 2030. ExxonMobil paid $15B in dividends through its 2020 collapse and has already retired 40% of Pioneer acquisition shares since May 2024. Act now: the analyst who called NVIDIA in 2010 just named his top 10 AI stocks — and Exxon Mobil didn't make the cut. Grab the names FREE today. Exxon Mobil (NYSE:XOM | XOM Price Prediction) is a stock worth owning for decades because almost no company on the planet combines its scale, balance sheet strength, and 43-year dividend record with the kind of structural cost advantages that compound through every commodity cycle. Recent WTI swings, from $114.58 on April 7 to $85.91 on April 17, are exactly the kind of short-term noise that gives long-term investors a clean entry into a permanent holding. ExxonMobil now runs leaner than it has in a generation. Cumulative structural cost savings since 2019 have reached $15.60 billion, with management targeting $20 billion by 2030. Advantaged assets in the Permian, Guyana, and LNG accounted for 59% of production last year, with Guyana alone exceeding 900,000 gross barrels per day and Golden Pass LNG Train 1 shipping its first cargo in April 2026. Q1 2026 adjusted EPS came in at $1.16 versus a $1.01 consensus, the fourth consecutive quarter of beating expectations. The balance sheet remains the industry benchmark, with debt-to-equity of 0.168 and interest coverage of 56.28x. The dividend is the spine of the forever case. ExxonMobil has raised its payout for 43 consecutive years, most recently with a 4% increase to $1.03 per share quarterly, payable June 10, 2026. The current yield sits at 2.73%, and management plans $20 billion in share repurchases for 2026 on top of $20.0 billion completed in 2025. Roughly 40% of the shares issued for the Pioneer acquisition have already been retired since May 2024, meaning every remaining share carries a steadily larger claim on cash flow. The 2020 oil collapse is the cleanest stress test on record. Operating cash flow fell to $14.67 billion and the company posted a $23.25 billion net loss, yet ExxonMobil still paid $14.87 billion in dividends. In 2025, a softer crude environment still produced $51.97 billion in operating cash flow and $26.13 billion in free cash flow. Q1 2026 absorbed $706 million in physical losses from Middle East disruption plus a $3.88 billion mark-to-market timing hit, and underlying earnings still climbed to $8.77 billion versus $7.58 billion a year earlier. A beta of 0.183 tells the rest of the story. In a sustained low-crude environment paired with weak chemical margins, near-term earnings compress. FY 2025 net income fell 14.36% year over year, and Q4 25 Chemical Products posted a $281 million loss. In a tech-led bull market, the stock will lag the index. That does not change the forever thesis. The point of owning ExxonMobil is to collect a rising dividend that survived 2020, hold a low-leverage balance sheet, and let buybacks shrink the share count regardless of where oil trades next quarter. For a retirement-focused investor who is tired of watching screens, the appeal is durability over short-term trading opportunity. Act now: the analyst who called NVIDIA in 2010 just named his top 10 AI stocks — and Exxon Mobil didn't make the cut. Grab the names FREE today. Alex Sirois is a financial writer with experience spanning both retail and institutional investing. He has written for InvestorPlace and held roles at BNY Mellon and Bernstein, giving him a perspective that bridges Main Street portfolios and Wall Street analysis. Alex holds an MBA from George Washington University and has built his career across multiple industries, including e-commerce, education, and translation — a breadth of experience that informs how he breaks down complex financial topics for everyday investors. His writing is conversational, actionable, and grounded in long-term, buy-and-hold investing principles. At 247 Wall St., Alex focuses on delivering analysis that is both accessible and useful, with a clear emphasis on helping readers make more informed decisions with their money. Our top personal finance-related articles today. Your wallet will thank you later. Chevron (NYSE:CVX | CVX Price Prediction) is a stock worth owning for decades because it generates oceans of cash through… ExxonMobil (NYSE: XOM | XOM Price Prediction) opened the energy sector’s earnings season with a sharp upside surprise on profitability,… At $160.49, ExxonMobil (NYSE:XOM | XOM Price Prediction) is a buy and at $196.12, Chevron (NYSE:CVX) is a hold. The… Oil and energy company ExxonMobil (NYSE:XOM | XOM Price Prediction) and Chevron (NYSE:CVX) closed out 2025 with results that reveal… ExxonMobil (NYSE: XOM | XOM Price Prediction) and Chevron (NYSE: CVX) both reported Q1 2026 earnings on May 1, 2026,… Argus analyst Bill Selesky raised his price target on Exxon Mobil (NYSE:XOM | XOM Price Prediction) stock to $169 from… Our Price Target: A Modest But Confident Upside ExxonMobil (NYSE:XOM | XOM Price Prediction) is trading at $152.23 as of… Energy company Chevron (NYSE:CVX | CVX Price Prediction) and ExxonMobil (NYSE:XOM) both closed out full-year 2025 with record production, rising… With WTI crude sitting at $71.13 per barrel as of early March, oil remains roughly $29 short of the $100…",https://247wallst.com/investing/2026/06/07/why-short-term-oil-volatility-is-giving-long-term-investors-a-once-in-a-generation-gift-to-buy-exxonmobil-for-good/
XOM,Havemeyer Place LP Acquires New Stake in ExxonMobil Corporation $XOM - MarketBeat,2026-06-07 10:20:41,"Havemeyer Place LP purchased a new position in shares of  ExxonMobil Corporation (NYSE:XOM - Free Report) in the 4th quarter, according to the company in its most recent disclosure with the Securities and Exchange Commission (SEC). The fund purchased 43,625 shares of the oil and gas company's stock, valued at approximately $5,250,000. ExxonMobil comprises approximately  1.0% of Havemeyer Place LP's investment portfolio, making the stock its 4th largest holding. Other hedge funds have also recently added to or reduced their stakes in the company. Capital Investment Advisors LLC lifted its stake in shares of  ExxonMobil by 6.6% in the 4th quarter. Capital Investment Advisors LLC now owns 231,488 shares of the oil and gas company's stock valued at $27,857,000 after acquiring an additional 14,233 shares during the last quarter.  New Age Alpha Advisors LLC increased its holdings in  ExxonMobil by 5.6% during the 3rd quarter. New Age Alpha Advisors LLC now owns 166,547 shares of the oil and gas company's stock valued at $18,778,000 after purchasing an additional 8,853 shares during the period.  Krilogy Financial LLC increased its holdings in  ExxonMobil by 46.6% during the 3rd quarter. Krilogy Financial LLC now owns 35,160 shares of the oil and gas company's stock valued at $3,997,000 after purchasing an additional 11,177 shares during the period.  Varma Mutual Pension Insurance Co increased its holdings in  ExxonMobil by 8.6% during the 3rd quarter. Varma Mutual Pension Insurance Co now owns 655,303 shares of the oil and gas company's stock valued at $73,885,000 after purchasing an additional 51,900 shares during the period.  Finally, Roberts Capital Advisors LLC purchased a new position in  ExxonMobil during the 3rd quarter valued at about $1,240,000. Institutional investors own  61.80% of the company's stock. In other ExxonMobil news, VP Darrin L. Talley sold 1,080 shares of the company's stock in a transaction that occurred on Monday, March 16th. The stock was sold at an average price of $155.50, for a total transaction of $167,940.00. Following the transaction, the vice president owned 17,124 shares in the company, valued at approximately $2,662,782. This represents a 5.93% decrease in their position. The transaction was disclosed in a legal filing with the Securities & Exchange Commission, which is accessible through the SEC website. Company insiders own  0.03% of the company's stock. Here are the key news stories impacting ExxonMobil this week: XOM stock opened at $150.18 on Friday. ExxonMobil Corporation has a fifty-two week low of $102.68 and a fifty-two week high of $176.41. The business's 50 day moving average price is $153.96 and its two-hundred day moving average price is $141.27. The company has a debt-to-equity ratio of 0.13, a quick ratio of 0.77 and a current ratio of 1.04. The company has a market capitalization of $622.51 billion, a price-to-earnings ratio of 25.33, a price-to-earnings-growth ratio of 0.64 and a beta of 0.16. ExxonMobil (NYSE:XOM - Get Free Report) last posted its earnings results on Friday, May 1st. The oil and gas company reported $1.16 earnings per share for the quarter, topping analysts' consensus estimates of $0.98 by $0.18. ExxonMobil had a return on equity of 10.24% and a net margin of 7.57%.The firm had revenue of $83.16 billion for the quarter, compared to the consensus estimate of $81.13 billion. During the same quarter in the prior year, the business earned $1.76 EPS. The business's revenue for the quarter was up 2.4% on a year-over-year basis.  As a group, analysts forecast that  ExxonMobil Corporation will post 11.66 earnings per share for the current fiscal year. The company also recently announced a quarterly dividend, which will be paid on Wednesday, June 10th. Shareholders of record on Friday, May 15th will be issued a dividend of $1.03 per share. The ex-dividend date is Friday, May 15th. This represents a $4.12 dividend on an annualized basis and a dividend yield of 2.7%. ExxonMobil's dividend payout ratio  is 69.48%. A number of research analysts recently issued reports on XOM shares. UBS Group boosted their price target on ExxonMobil from $171.00 to $174.00 and gave the company a ""buy"" rating in a report on Monday, May 4th. Morgan Stanley reduced their price target on ExxonMobil from $172.00 to $171.00 and set an ""overweight"" rating on the stock in a report on Friday, April 17th. Wolfe Research downgraded ExxonMobil from an ""outperform"" rating to a ""peer perform"" rating in a report on Tuesday, April 21st. Royal Bank Of Canada  restated a ""sector perform"" rating and set a $180.00 price target on shares of ExxonMobil in a report on Tuesday, May 5th. Finally, Sanford C. Bernstein reduced their price target on ExxonMobil from $195.00 to $182.00 and set an ""outperform"" rating on the stock in a report on Monday, May 11th. Ten equities research analysts have rated the stock with a Buy rating and eleven have given a Hold rating to the company. According to MarketBeat, ExxonMobil  has a consensus rating of ""Hold"" and a consensus price target of $165.55. ExxonMobil Corporation NYSE: XOM is an integrated oil and gas company engaged in the exploration, production, refining, distribution and marketing of petroleum products and the manufacture and sale of petrochemicals. Its operations span the full energy value chain, including upstream exploration and development of crude oil and natural gas; midstream transportation and storage; and downstream refining, product distribution and retail. The company also produces a broad range of chemical products for industrial and consumer applications. ExxonMobil markets fuels and lubricants under well-known brands such as Exxon, Mobil and Esso, and its Mobil 1 motor oil is a prominent consumer product. Want to see what other hedge funds are holding XOM? Visit HoldingsChannel.com to get the latest 13F filings and insider trades for ExxonMobil Corporation (NYSE:XOM - Free Report). This instant news alert was generated by narrative science technology and financial data from MarketBeat in order to provide readers with the fastest reporting and unbiased coverage. Please send any questions or comments about this story to contact@marketbeat.com. Before you consider ExxonMobil, you'll want to hear this. MarketBeat keeps track of Wall Street's top-rated and best performing research analysts and the stocks they recommend to their clients on a daily basis. MarketBeat has identified the five stocks that top analysts are quietly whispering to their clients to buy now before the broader market catches on... and ExxonMobil wasn't on the list. While ExxonMobil currently has a Hold rating among analysts, top-rated analysts believe these five stocks are better buys. Wondering what the next stocks will be that hit it big, with solid fundamentals? Click the link to see which stocks MarketBeat analysts could become the next blockbuster growth stocks. Sign up for MarketBeat All Access to gain access to MarketBeat's full suite of research tools. 345 N Reid Place, Suite 620, Sioux Falls, SD 57103
                                        
                                        contact@marketbeat.com
                                        
                                        (844) 978-6257 © MarketBeat Media, LLC 2010-2026. All rights reserved. © 2026   Fair market value prices are updated every minute and are provided by Massive. Other market data provided is at least 10-minutes delayed and hosted by Barchart Solutions.  Information is provided 'as-is' and solely for informational purposes, not for trading purposes or advice, and is delayed. To see all exchange delays and terms of use please see Barchart's disclaimer.",https://www.marketbeat.com/instant-alerts/filing-havemeyer-place-lp-acquires-new-stake-in-exxonmobil-corporation-xom-2026-06-07/
XOM,Exxon’s Move to Texas and Shareholder Votes Might Change The Case For Investing In Exxon Mobil (XOM) - Yahoo Finance,2026-06-07 10:05:30,"Tip: Try a valid symbol or a specific company name for relevant results Wall Street is bracing for another hot inflation report Wednesday. Here's why investors are paying attention. Psyched about the SpaceX IPO? Don't forget the brutal lesson from Facebook's debut. Trump says a breakdown in peace talks with Iran could shut the crucial waterway 'for months' The S&P 500 and Nasdaq fell as the market rotation out of tech stocks resumed. But the indexes recovered from steeper afternoon losses. The Nasdaq plunged as much as 3.5% as tech stocks sank and Trump said the US 'must' respond to an Iranian attack The Nasdaq fell by nearly 2% as stocks gave up gains and a tech rotation resumed The bank suggests it's time for investors to take profits, with 70% of its bear-market signals flashing red. Nasdaq leads US stocks higher as AI trade takes center stage, powers tech comeback Marvell is joining the S&P 500 — but history says the early bump comes with a big catch The S&P 500 and Nasdaq rose as chip stocks led a modest rebound from Friday's market sell-off Apple just unveiled the long-delayed AI-powered version of Siri. Here's a look at what's new. Apple just revealed iOS 27 at WWDC. Here's a look at what's new. The Nasdaq jumped at the open, leading a broad stock rebound after Friday's tech-led rout Companies are cashing in on consumers' unwillingness to bargain shop WWDC will serve as a reboot of Apple's AI strategy, which has lagged behind competing firms' efforts to date Better and Coinbase issue the first crypto-backed conventional mortgage Today's stock market leaders are hot — but not 1999 hot Stocks reel from a coming rate hike — and brace for a huge IPO The blistering rally in AI took a breather this week, and that may be exactly what Wall Street needed Mercedes G 580 'G-wagon' EV is all of the fun with none of the guilt Remote work — not AI — may be to blame for young college grads' job market woes Iran war raises shipping costs ahead of Amazon Prime Day, complicating the summer sales event Mastercard CEO says AI agents could soon do your shopping SpaceX's IPO dream runs into Wall Street's oldest test Lawmakers invest in tech, AI, and crypto as new rules for the industries are on their agenda Here's what Elon Musk told Jamie Dimon about SpaceX's future ambitions The Nasdaq plunged 4%, while the S&P 500 snapped its weekly win streak as investors repriced Fed bets Wall Street's hottest trade is cracking. Here's what today's chip stock sell-off signals for the broader market. The Nasdaq led the way lower, falling over 2.5%, fueled by a sell-off in chip stocks The Nasdaq led a stock slide at the open as May's blowout jobs report fueled bets of a coming Fed rate hike US employers added 172,000 jobs last month, smashing expectations. The unemployment rate held at 4.3%. The AI labor shock is starting to show up in layoff data Broadcom just made megacap history, but not in a good way Microsoft and OpenAI's relationship continues to crumble SpaceX is expected to go public soon. Here's how it could end up in your portfolio — even if you never buy a share. The Dow surged to a record high while the S&P 500 recovered amid a market rotation The Dow jumped by 850 points as healthcare and financial stocks gained The Dow jumped at the open, but the Nasdaq slid as Broadcom shares sank after its earnings report. Layoff announcements ticked higher last month — and AI is 'now the leading reason' for the cuts. SpaceX plans to raise $75 billion at $135 a share in the biggest IPO ever, new filing shows The Dow fell over 600 points as stocks retreated from records amid fading hopes for a quick US-Iran deal Trump is looking to slap tariffs of at least 10% on dozens of countries, as he seeks new avenues to impose wide-ranging duties. The Dow, S&P 500, and Nasdaq moved lower amid a fragile US-Iran ceasefire Can AI be trusted to make credit card purchases? Robinhood thinks so. Judge orders Trump officials to explain tariff refund holdup The above button links to Coinbase. Yahoo Finance is not a broker-dealer or investment adviser and does not offer securities or cryptocurrencies for sale or facilitate trading. Coinbase pays us for certain activity generated through this link. Prices displayed are informational. In May 2026, Exxon Mobil Corporation held its annual shareholder meeting, where investors approved relocating the company’s legal home from New Jersey to Texas while rejecting proposals to modify its retail voting program and require an independent board chair. This move to Texas, viewed as a shift to a jurisdiction with comparatively less robust shareholder rights, raises fresh questions about how Exxon Mobil balances governance, investor influence, and operational flexibility. We’ll now examine how the redomiciling to Texas, with its implications for shareholder rights, may influence Exxon Mobil’s investment narrative. Uncover the next big thing with 24 elite penny stocks that balance risk and reward. To own Exxon Mobil today, you need to believe in its ability to turn large scale oil and gas assets into durable cash flows despite policy, price and ESG pressures. The Texas redomiciling itself does not appear to change the near term operational catalyst, which remains disciplined execution in the Permian and Guyana, but it does sharpen the spotlight on governance as a key risk for a business already facing legal, regulatory and ESG scrutiny. In that context, the most relevant recent announcement is the shareholder approval to move Exxon Mobil’s legal home from New Jersey to Texas, while rejecting an independent chair and retail voting changes. For investors focused on how governance interacts with capital allocation, this decision now sits alongside ongoing dividends, aggressive buybacks and large upstream projects as part of the short term catalyst set to watch. Yet while the move to Texas may look like a formality, investors should also be aware of how it intersects with... Read the full narrative on Exxon Mobil (it's free!) Exxon Mobil's narrative projects $369.2 billion revenue and $46.2 billion earnings by 2029. Uncover how Exxon Mobil's forecasts yield a $169.91 fair value, a 13% upside to its current price. While the consensus view is cautious about governance risk, the most optimistic analysts were assuming Exxon Mobil could lift earnings toward about US$49.6 billion, helped by advantaged assets like Guyana that now carry added geopolitical and legal uncertainty, so it is worth recognizing how far those upbeat assumptions might need to shift once this latest governance news is fully reflected. Explore 10 other fair value estimates on Exxon Mobil - why the stock might be worth as much as 83% more than the current price! Don't just follow the ticker - dig into the data and build a conviction that's truly your own. A great starting point for your Exxon Mobil research is our analysis highlighting 2 key rewards and 1 important warning sign that could impact your investment decision. Our free Exxon Mobil research report provides a comprehensive fundamental analysis summarized in a single visual - the Snowflake - making it easy to evaluate Exxon Mobil's overall financial health at a glance. Every day counts. These free picks are already gaining attention. See them before the crowd does: Invest in the nuclear renaissance through our list of 88 elite nuclear energy infrastructure plays powering the global AI revolution. Explore 30 top quantum computing companies leading the revolution in next-gen technology and shaping the future with breakthroughs in quantum algorithms, superconducting qubits, and cutting-edge research. The future of work is here. Discover the 33 top robotics and automation stocks leading the charge in AI-driven automation and industrial transformation. This article by Simply Wall St is general in nature. We provide commentary based on historical data and analyst forecasts only using an unbiased methodology and our articles are not intended to be financial advice. It does not constitute a recommendation to buy or sell any stock, and does not take account of your objectives, or your financial situation. We aim to bring you long-term focused analysis driven by fundamental data. Note that our analysis may not factor in the latest price-sensitive company announcements or qualitative material. Simply Wall St has no position in any stocks mentioned. Have feedback on this article? Concerned about the content? Get in touch with us directly. Alternatively, email editorial-team@simplywallst.com Tip: Try a valid symbol or a specific company name for relevant results",https://finance.yahoo.com/markets/stocks/articles/exxon-move-texas-shareholder-votes-100530453.html
XOM,Prudential PLC Has $5.98 Million Stock Position in ExxonMobil Corporation $XOM - MarketBeat,2026-06-07 09:50:35,"Prudential PLC reduced its holdings in  ExxonMobil Corporation (NYSE:XOM - Free Report) by 44.7% in the 4th quarter, according to the company in its most recent filing with the SEC. The firm owned 49,684 shares of the oil and gas company's stock after selling 40,154 shares during the quarter. Prudential PLC's holdings in ExxonMobil were worth $5,979,000 as of its most recent SEC filing. A number of other institutional investors also recently modified their holdings of the company. Berbice Capital Management LLC bought a new position in  ExxonMobil during the fourth quarter worth $26,000.  Midwest Capital Advisors LLC bought a new position in  ExxonMobil during the fourth quarter worth $27,000.  E Fund Management Hong Kong Co. Ltd. boosted its stake in  ExxonMobil by 456.1% during the fourth quarter. E Fund Management Hong Kong Co. Ltd. now owns 228 shares of the oil and gas company's stock worth $27,000 after acquiring an additional 187 shares in the last quarter.  Key Capital Management INC bought a new position in  ExxonMobil during the fourth quarter worth $28,000.  Finally, Nvest Wealth Strategies Inc. bought a new position in  ExxonMobil during the fourth quarter worth $32,000. 61.80% of the stock is owned by institutional investors. Here are the key news stories impacting ExxonMobil this week: Several brokerages recently issued reports on XOM. Scotiabank increased their target price on shares of ExxonMobil from $128.00 to $163.00 and gave the stock a ""sector outperform"" rating in a research note on Wednesday, April 22nd. JPMorgan Chase & Co. increased their target price on shares of ExxonMobil from $140.00 to $170.00 and gave the stock an ""overweight"" rating in a research note on Thursday, April 9th. Citigroup increased their target price on shares of ExxonMobil from $150.00 to $175.00 and gave the stock a ""neutral"" rating in a research note on Thursday, April 2nd. Wells Fargo & Company raised their price objective on shares of ExxonMobil from $183.00 to $185.00 and gave the company an ""overweight"" rating in a research note on Thursday, April 9th. Finally, Sanford C. Bernstein dropped their price objective on shares of ExxonMobil from $195.00 to $182.00 and set an ""outperform"" rating on the stock in a research note on Monday, May 11th. Ten equities research analysts have rated the stock with a Buy rating and eleven have given a Hold rating to the company's stock. Based on data from MarketBeat.com, the stock presently has a consensus rating of ""Hold"" and an average price target of $165.55. Shares of XOM stock opened at $150.18 on Friday. The firm has a 50-day moving average of $153.96 and a 200-day moving average of $141.27. The company has a market cap of $622.51 billion, a P/E ratio of 25.33, a P/E/G ratio of 0.64 and a beta of 0.16. The company has a debt-to-equity ratio of 0.13, a current ratio of 1.04 and a quick ratio of 0.77. ExxonMobil Corporation has a one year low of $102.68 and a one year high of $176.41. ExxonMobil (NYSE:XOM - Get Free Report) last announced its earnings results on Friday, May 1st. The oil and gas company reported $1.16 EPS for the quarter, beating the consensus estimate of $0.98 by $0.18. The company had revenue of $83.16 billion during the quarter, compared to the consensus estimate of $81.13 billion. ExxonMobil had a net margin of 7.57% and a return on equity of 10.24%. The firm's revenue for the quarter was up 2.4% on a year-over-year basis. During the same quarter in the prior year, the company posted $1.76 earnings per share.  Equities research analysts forecast that  ExxonMobil Corporation will post 11.66 EPS for the current fiscal year. The company also recently announced a quarterly dividend, which will be paid on Wednesday, June 10th. Stockholders of record on Friday, May 15th will be issued a $1.03 dividend. The ex-dividend date is Friday, May 15th. This represents a $4.12 annualized dividend and a dividend yield of 2.7%. ExxonMobil's dividend payout ratio  is currently 69.48%. In other news, VP Darrin L. Talley sold 1,080 shares of the stock in a transaction dated Monday, March 16th. The shares were sold at an average price of $155.50, for a total value of $167,940.00. Following the completion of the sale, the vice president owned 17,124 shares in the company, valued at $2,662,782. This represents a 5.93% decrease in their ownership of the stock. The sale was disclosed in a document filed with the SEC, which is available at this hyperlink. 0.03% of the stock is currently owned by corporate insiders. ExxonMobil Corporation NYSE: XOM is an integrated oil and gas company engaged in the exploration, production, refining, distribution and marketing of petroleum products and the manufacture and sale of petrochemicals. Its operations span the full energy value chain, including upstream exploration and development of crude oil and natural gas; midstream transportation and storage; and downstream refining, product distribution and retail. The company also produces a broad range of chemical products for industrial and consumer applications. ExxonMobil markets fuels and lubricants under well-known brands such as Exxon, Mobil and Esso, and its Mobil 1 motor oil is a prominent consumer product. This instant news alert was generated by narrative science technology and financial data from MarketBeat in order to provide readers with the fastest reporting and unbiased coverage. Please send any questions or comments about this story to contact@marketbeat.com. Before you consider ExxonMobil, you'll want to hear this. MarketBeat keeps track of Wall Street's top-rated and best performing research analysts and the stocks they recommend to their clients on a daily basis. MarketBeat has identified the five stocks that top analysts are quietly whispering to their clients to buy now before the broader market catches on... and ExxonMobil wasn't on the list. While ExxonMobil currently has a Hold rating among analysts, top-rated analysts believe these five stocks are better buys. Market downturns give many investors pause, and for good reason. Wondering how to offset this risk? Click the link to learn more about using beta to protect your portfolio. Sign up for MarketBeat All Access to gain access to MarketBeat's full suite of research tools. 345 N Reid Place, Suite 620, Sioux Falls, SD 57103
                                        
                                        contact@marketbeat.com
                                        
                                        (844) 978-6257 © MarketBeat Media, LLC 2010-2026. All rights reserved. © 2026   Fair market value prices are updated every minute and are provided by Massive. Other market data provided is at least 10-minutes delayed and hosted by Barchart Solutions.  Information is provided 'as-is' and solely for informational purposes, not for trading purposes or advice, and is delayed. To see all exchange delays and terms of use please see Barchart's disclaimer.",https://www.marketbeat.com/instant-alerts/filing-prudential-plc-has-598-million-stock-position-in-exxonmobil-corporation-xom-2026-06-07/
XOM,"Capital International Inc. CA Acquires 21,829 Shares of ExxonMobil Corporation $XOM - MarketBeat",2026-06-07 08:41:01,"Capital International Inc. CA grew its holdings in  ExxonMobil Corporation (NYSE:XOM - Free Report) by 6.8% during the 4th quarter, according to its most recent Form 13F filing with the Securities and Exchange Commission. The firm owned 341,776 shares of the oil and gas company's stock after acquiring an additional 21,829 shares during the period. Capital International Inc. CA's holdings in ExxonMobil were worth $41,129,000 as of its most recent SEC filing. Several other institutional investors have also added to or reduced their stakes in XOM. Eagle Capital Management LLC grew its stake in  ExxonMobil by 15.3% during the first quarter. Eagle Capital Management LLC now owns 2,836 shares of the oil and gas company's stock valued at $337,000 after acquiring an additional 376 shares in the last quarter.  Caxton Associates LLP purchased a new position in  ExxonMobil during the first quarter valued at $305,000.  Sivia Capital Partners LLC grew its stake in  ExxonMobil by 1.9% during the second quarter. Sivia Capital Partners LLC now owns 11,237 shares of the oil and gas company's stock valued at $1,211,000 after acquiring an additional 207 shares in the last quarter.  United Bank lifted its position in  ExxonMobil by 2.8% during the second quarter. United Bank now owns 21,821 shares of the oil and gas company's stock valued at $2,352,000 after purchasing an additional 600 shares during the last quarter.  Finally, Schnieders Capital Management LLC. lifted its position in  ExxonMobil by 17.4% during the second quarter. Schnieders Capital Management LLC. now owns 36,710 shares of the oil and gas company's stock valued at $3,957,000 after purchasing an additional 5,443 shares during the last quarter. 61.80% of the stock is currently owned by institutional investors. Here are the key news stories impacting ExxonMobil this week: Shares of XOM opened at $150.18 on Friday. ExxonMobil Corporation has a 1-year low of $102.68 and a 1-year high of $176.41. The company has a 50-day moving average of $153.96 and a 200 day moving average of $141.27. The firm has a market capitalization of $622.51 billion, a price-to-earnings ratio of 25.33, a PEG ratio of 0.64 and a beta of 0.16. The company has a debt-to-equity ratio of 0.13, a current ratio of 1.04 and a quick ratio of 0.77. ExxonMobil (NYSE:XOM - Get Free Report) last announced its quarterly earnings data on Friday, May 1st. The oil and gas company reported $1.16 earnings per share for the quarter, beating analysts' consensus estimates of $0.98 by $0.18. ExxonMobil had a net margin of 7.57% and a return on equity of 10.24%. The company had revenue of $83.16 billion during the quarter, compared to analyst estimates of $81.13 billion. During the same quarter last year, the business posted $1.76 EPS. The firm's revenue for the quarter was up 2.4% on a year-over-year basis.  On average, research analysts expect that  ExxonMobil Corporation will post 11.66 EPS for the current year. The firm also recently disclosed a quarterly dividend, which will be paid on Wednesday, June 10th. Investors of record on Friday, May 15th will be paid a $1.03 dividend. The ex-dividend date of this dividend is Friday, May 15th. This represents a $4.12 dividend on an annualized basis and a yield of 2.7%. ExxonMobil's payout ratio is 69.48%. In related news, VP Darrin L. Talley sold 1,080 shares of the business's stock in a transaction that occurred on Monday, March 16th. The shares were sold at an average price of $155.50, for a total value of $167,940.00. Following the completion of the transaction, the vice president owned 17,124 shares of the company's stock, valued at $2,662,782. The trade was a 5.93% decrease in their ownership of the stock. The sale was disclosed in a filing with the SEC, which is available at the SEC website. 0.03% of the stock is owned by company insiders. XOM has been the subject of several research reports. UBS Group increased their price objective on shares of ExxonMobil from $171.00 to $174.00 and gave the company a ""buy"" rating in a research report on Monday, May 4th. Citigroup increased their price objective on shares of ExxonMobil from $150.00 to $175.00 and gave the company a ""neutral"" rating in a research report on Thursday, April 2nd. Wolfe Research lowered shares of ExxonMobil from an ""outperform"" rating to a ""peer perform"" rating in a research report on Tuesday, April 21st. Zacks Research lowered shares of ExxonMobil from a ""strong-buy"" rating to a ""hold"" rating in a research report on Tuesday, May 26th. Finally, Weiss Ratings lowered shares of ExxonMobil from a ""hold (c+)"" rating to a ""hold (c)"" rating in a research report on Thursday, May 21st. Ten equities research analysts have rated the stock with a Buy rating and eleven have given a Hold rating to the company's stock. According to data from MarketBeat, the stock  has an average rating of ""Hold"" and an average target price of $165.55. ExxonMobil Corporation NYSE: XOM is an integrated oil and gas company engaged in the exploration, production, refining, distribution and marketing of petroleum products and the manufacture and sale of petrochemicals. Its operations span the full energy value chain, including upstream exploration and development of crude oil and natural gas; midstream transportation and storage; and downstream refining, product distribution and retail. The company also produces a broad range of chemical products for industrial and consumer applications. ExxonMobil markets fuels and lubricants under well-known brands such as Exxon, Mobil and Esso, and its Mobil 1 motor oil is a prominent consumer product. This instant news alert was generated by narrative science technology and financial data from MarketBeat in order to provide readers with the fastest reporting and unbiased coverage. Please send any questions or comments about this story to contact@marketbeat.com. Before you consider ExxonMobil, you'll want to hear this. MarketBeat keeps track of Wall Street's top-rated and best performing research analysts and the stocks they recommend to their clients on a daily basis. MarketBeat has identified the five stocks that top analysts are quietly whispering to their clients to buy now before the broader market catches on... and ExxonMobil wasn't on the list. While ExxonMobil currently has a Hold rating among analysts, top-rated analysts believe these five stocks are better buys. Unlock the timeless value of gold with our exclusive 2026 Gold Forecasting Report. Explore why gold remains the ultimate investment for safeguarding wealth against inflation, economic shifts, and global uncertainties. Whether you're planning for future generations or seeking a reliable asset in turbulent times, this report is your essential guide to making informed decisions. Sign up for MarketBeat All Access to gain access to MarketBeat's full suite of research tools. 345 N Reid Place, Suite 620, Sioux Falls, SD 57103
                                        
                                        contact@marketbeat.com
                                        
                                        (844) 978-6257 © MarketBeat Media, LLC 2010-2026. All rights reserved. © 2026   Fair market value prices are updated every minute and are provided by Massive. Other market data provided is at least 10-minutes delayed and hosted by Barchart Solutions.  Information is provided 'as-is' and solely for informational purposes, not for trading purposes or advice, and is delayed. To see all exchange delays and terms of use please see Barchart's disclaimer. Enter your email address below to receive InsiderTrades.com’s daily insider buying and selling report for ExxonMobil and related companies.",https://www.marketbeat.com/instant-alerts/filing-capital-international-inc-ca-acquires-21829-shares-of-exxonmobil-corporation-xom-2026-06-07/
XOM,ExxonMobil Corporation $XOM Shares Sold by Capital Research Global Investors - MarketBeat,2026-06-07 08:40:43,"Capital Research Global Investors decreased its position in shares of  ExxonMobil Corporation (NYSE:XOM - Free Report) by 0.5% during the 4th quarter, according to its most recent filing with the Securities and Exchange Commission (SEC). The firm owned 33,458,442 shares of the oil and gas company's stock after selling 162,485 shares during the period. ExxonMobil comprises approximately  0.7% of Capital Research Global Investors' holdings, making the stock its 27th biggest holding. Capital Research Global Investors owned about 0.79% of ExxonMobil worth $4,026,396,000 at the end of the most recent quarter. Several other hedge funds and other institutional investors have also recently added to or reduced their stakes in the company. Norges Bank purchased a new stake in  ExxonMobil during the 4th quarter worth $7,625,063,000.  Bank of New York Mellon Corp increased its stake in  ExxonMobil by 1.2% during the 4th quarter. Bank of New York Mellon Corp now owns 46,605,353 shares of the oil and gas company's stock worth $5,608,488,000 after buying an additional 531,362 shares during the period.  Northern Trust Corp increased its position in shares of  ExxonMobil by 1.0% in the 3rd quarter. Northern Trust Corp now owns 44,026,019 shares of the oil and gas company's stock worth $4,963,934,000 after purchasing an additional 445,283 shares during the last quarter.  Franklin Resources Inc. increased its position in shares of  ExxonMobil by 7.4% in the 3rd quarter. Franklin Resources Inc. now owns 38,728,643 shares of the oil and gas company's stock worth $4,366,655,000 after purchasing an additional 2,660,910 shares during the last quarter.  Finally, Fisher Asset Management LLC increased its position in shares of  ExxonMobil by 1.0% in the 4th quarter. Fisher Asset Management LLC now owns 31,497,852 shares of the oil and gas company's stock worth $3,790,452,000 after purchasing an additional 303,359 shares during the last quarter. Hedge funds and other institutional investors own  61.80% of the company's stock. In related news, VP Darrin L. Talley sold 1,080 shares of the stock in a transaction dated Monday, March 16th. The shares were sold at an average price of $155.50, for a total transaction of $167,940.00. Following the completion of the sale, the vice president owned 17,124 shares in the company, valued at $2,662,782. This trade represents a 5.93% decrease in their position. The sale was disclosed in a document filed with the SEC, which is available through the SEC website. 0.03% of the stock is owned by company insiders. Here are the key news stories impacting ExxonMobil this week: Shares of XOM stock opened at $150.18 on Friday. ExxonMobil Corporation has a 52-week low of $102.68 and a 52-week high of $176.41. The stock has a market cap of $622.51 billion, a price-to-earnings ratio of 25.33, a P/E/G ratio of 0.64 and a beta of 0.16. The company has a debt-to-equity ratio of 0.13, a quick ratio of 0.77 and a current ratio of 1.04. The firm has a fifty day moving average of $153.96 and a 200-day moving average of $141.27. ExxonMobil (NYSE:XOM - Get Free Report) last announced its quarterly earnings data on Friday, May 1st. The oil and gas company reported $1.16 earnings per share (EPS) for the quarter, beating analysts' consensus estimates of $0.98 by $0.18. The company had revenue of $83.16 billion during the quarter, compared to analysts' expectations of $81.13 billion. ExxonMobil had a net margin of 7.57% and a return on equity of 10.24%. The business's revenue was up 2.4% on a year-over-year basis. During the same quarter in the prior year, the company posted $1.76 EPS.  On average, equities research analysts forecast that  ExxonMobil Corporation will post 11.66 earnings per share for the current fiscal year. The company also recently announced a quarterly dividend, which will be paid on Wednesday, June 10th. Investors of record on Friday, May 15th will be given a dividend of $1.03 per share. The ex-dividend date is Friday, May 15th. This represents a $4.12 dividend on an annualized basis and a dividend yield of 2.7%. ExxonMobil's dividend payout ratio (DPR) is 69.48%. XOM has been the subject of several research reports. Zacks Research lowered shares of ExxonMobil from a ""strong-buy"" rating to a ""hold"" rating in a report on Tuesday, May 26th. Weiss Ratings lowered shares of ExxonMobil from a ""hold (c+)"" rating to a ""hold (c)"" rating in a research note on Thursday, May 21st. Wells Fargo & Company upped their price target on shares of ExxonMobil from $183.00 to $185.00 and gave the stock an ""overweight"" rating in a research note on Thursday, April 9th. Citigroup boosted their target price on shares of ExxonMobil from $150.00 to $175.00 and gave the stock a ""neutral"" rating in a report on Thursday, April 2nd. Finally, Morgan Stanley cut their price target on shares of ExxonMobil from $172.00 to $171.00 and set an ""overweight"" rating on the stock in a report on Friday, April 17th. Ten research analysts have rated the stock with a Buy rating and eleven have given a Hold rating to the company. According to MarketBeat, ExxonMobil currently has a consensus rating of ""Hold"" and a consensus target price of $165.55. ExxonMobil Corporation NYSE: XOM is an integrated oil and gas company engaged in the exploration, production, refining, distribution and marketing of petroleum products and the manufacture and sale of petrochemicals. Its operations span the full energy value chain, including upstream exploration and development of crude oil and natural gas; midstream transportation and storage; and downstream refining, product distribution and retail. The company also produces a broad range of chemical products for industrial and consumer applications. ExxonMobil markets fuels and lubricants under well-known brands such as Exxon, Mobil and Esso, and its Mobil 1 motor oil is a prominent consumer product. Want to see what other hedge funds are holding XOM? Visit HoldingsChannel.com to get the latest 13F filings and insider trades for ExxonMobil Corporation (NYSE:XOM - Free Report). This instant news alert was generated by narrative science technology and financial data from MarketBeat in order to provide readers with the fastest reporting and unbiased coverage. Please send any questions or comments about this story to contact@marketbeat.com. Before you consider ExxonMobil, you'll want to hear this. MarketBeat keeps track of Wall Street's top-rated and best performing research analysts and the stocks they recommend to their clients on a daily basis. MarketBeat has identified the five stocks that top analysts are quietly whispering to their clients to buy now before the broader market catches on... and ExxonMobil wasn't on the list. While ExxonMobil currently has a Hold rating among analysts, top-rated analysts believe these five stocks are better buys. The AI wave will soon hit public markets with Anthropic and OpenAI set to go public later this year. However, you don't have to wait to invest. This report shows seven AI stocks that you can buy today  while the big model providers get ready to go public. Sign up for MarketBeat All Access to gain access to MarketBeat's full suite of research tools. 345 N Reid Place, Suite 620, Sioux Falls, SD 57103
                                        
                                        contact@marketbeat.com
                                        
                                        (844) 978-6257 © MarketBeat Media, LLC 2010-2026. All rights reserved. © 2026   Fair market value prices are updated every minute and are provided by Massive. Other market data provided is at least 10-minutes delayed and hosted by Barchart Solutions.  Information is provided 'as-is' and solely for informational purposes, not for trading purposes or advice, and is delayed. To see all exchange delays and terms of use please see Barchart's disclaimer.",https://www.marketbeat.com/instant-alerts/filing-exxonmobil-corporation-xom-shares-sold-by-capital-research-global-investors-2026-06-07/
XOM,Clearbridge Investments LLC Trims Stake in ExxonMobil Corporation $XOM - MarketBeat,2026-06-07 08:40:40,"Clearbridge Investments LLC reduced its position in shares of  ExxonMobil Corporation (NYSE:XOM - Free Report) by 4.0% in the fourth quarter, according to its most recent 13F filing with the Securities and Exchange Commission (SEC). The institutional investor  owned 9,005,043 shares of the oil and gas company's stock after selling 372,513 shares during the period. ExxonMobil makes up   0.9% of Clearbridge Investments LLC's portfolio, making the stock its 17th biggest holding. Clearbridge Investments LLC owned about 0.21% of ExxonMobil worth $1,083,667,000 at the end of the most recent quarter. Other hedge funds have also recently made changes to their positions in the company. Berbice Capital Management LLC purchased a new position in shares of  ExxonMobil during the 4th quarter valued at $26,000.  Midwest Capital Advisors LLC purchased a new position in shares of  ExxonMobil during the 4th quarter valued at $27,000.  E Fund Management Hong Kong Co. Ltd. grew its position in shares of  ExxonMobil by 456.1% during the 4th quarter. E Fund Management Hong Kong Co. Ltd. now owns 228 shares of the oil and gas company's stock valued at $27,000 after purchasing an additional 187 shares in the last quarter.  Key Capital Management INC purchased a new position in  ExxonMobil in the fourth quarter worth $28,000.  Finally, Nvest Wealth Strategies Inc. purchased a new position in  ExxonMobil in the fourth quarter worth $32,000. 61.80% of the stock is currently owned by hedge funds and other institutional investors. ExxonMobil stock opened at $150.18 on Friday. The company has a quick ratio of 0.77, a current ratio of 1.04 and a debt-to-equity ratio of 0.13. The company has a market capitalization of $622.51 billion, a PE ratio of 25.33, a P/E/G ratio of 0.64 and a beta of 0.16. The firm has a fifty day simple moving average of $153.96 and a two-hundred day simple moving average of $141.27. ExxonMobil Corporation has a twelve month low of $102.68 and a twelve month high of $176.41. ExxonMobil (NYSE:XOM - Get Free Report) last posted its quarterly earnings results on Friday, May 1st. The oil and gas company reported $1.16 earnings per share for the quarter, topping the consensus estimate of $0.98 by $0.18. The business had revenue of $83.16 billion during the quarter, compared to the consensus estimate of $81.13 billion. ExxonMobil had a net margin of 7.57% and a return on equity of 10.24%. The firm's revenue for the quarter was up 2.4% on a year-over-year basis. During the same period in the previous year, the firm posted $1.76 earnings per share.  Research analysts expect that  ExxonMobil Corporation will post 11.66 EPS for the current year. The firm also recently declared a quarterly dividend, which will be paid on Wednesday, June 10th. Shareholders of record on Friday, May 15th will be paid a $1.03 dividend. The ex-dividend date of this dividend is Friday, May 15th. This represents a $4.12 annualized dividend and a yield of 2.7%. ExxonMobil's payout ratio is currently 69.48%. Several research analysts recently issued reports on XOM shares. JPMorgan Chase & Co. upped their target price on shares of ExxonMobil from $140.00 to $170.00 and gave the stock an ""overweight"" rating in a research report on Thursday, April 9th. Weiss Ratings lowered shares of ExxonMobil from a ""hold (c+)"" rating to a ""hold (c)"" rating in a research report on Thursday, May 21st. TD Cowen cut their target price on shares of ExxonMobil from $175.00 to $172.00 and set a ""buy"" rating for the company in a research report on Friday, April 10th. Sanford C. Bernstein cut their target price on shares of ExxonMobil from $195.00 to $182.00 and set an ""outperform"" rating for the company in a research report on Monday, May 11th. Finally, Wolfe Research lowered shares of ExxonMobil from an ""outperform"" rating to a ""peer perform"" rating in a research report on Tuesday, April 21st. Ten investment analysts have rated the stock with a Buy rating and eleven have assigned  a Hold rating to the company. Based on data from MarketBeat, the company  has an average rating of ""Hold"" and an average price target of $165.55. Here are the key news stories impacting ExxonMobil this week: In other ExxonMobil news, VP Darrin L. Talley sold 1,080 shares of the business's stock in a transaction on Monday, March 16th. The shares were sold at an average price of $155.50, for a total value of $167,940.00. Following the completion of the sale, the vice president directly owned 17,124 shares of the company's stock, valued at $2,662,782. The trade was a 5.93% decrease in their ownership of the stock. The transaction was disclosed in a document filed with the SEC, which is available at the SEC website. 0.03% of the stock is owned by corporate insiders. ExxonMobil Corporation NYSE: XOM is an integrated oil and gas company engaged in the exploration, production, refining, distribution and marketing of petroleum products and the manufacture and sale of petrochemicals. Its operations span the full energy value chain, including upstream exploration and development of crude oil and natural gas; midstream transportation and storage; and downstream refining, product distribution and retail. The company also produces a broad range of chemical products for industrial and consumer applications. ExxonMobil markets fuels and lubricants under well-known brands such as Exxon, Mobil and Esso, and its Mobil 1 motor oil is a prominent consumer product. Want to see what other hedge funds are holding XOM? Visit HoldingsChannel.com to get the latest 13F filings and insider trades for ExxonMobil Corporation (NYSE:XOM - Free Report). This instant news alert was generated by narrative science technology and financial data from MarketBeat in order to provide readers with the fastest reporting and unbiased coverage. Please send any questions or comments about this story to contact@marketbeat.com. Before you consider ExxonMobil, you'll want to hear this. MarketBeat keeps track of Wall Street's top-rated and best performing research analysts and the stocks they recommend to their clients on a daily basis. MarketBeat has identified the five stocks that top analysts are quietly whispering to their clients to buy now before the broader market catches on... and ExxonMobil wasn't on the list. While ExxonMobil currently has a Hold rating among analysts, top-rated analysts believe these five stocks are better buys. The space race is growing fast, and you don’t have to have gotten in early on SpaceX to profit. This report shows seven space stocks you can buy today that may grow as rockets, satellites, defense, space internet, and new space technology become more important. Sign up for MarketBeat All Access to gain access to MarketBeat's full suite of research tools. 345 N Reid Place, Suite 620, Sioux Falls, SD 57103
                                        
                                        contact@marketbeat.com
                                        
                                        (844) 978-6257 © MarketBeat Media, LLC 2010-2026. All rights reserved. © 2026   Fair market value prices are updated every minute and are provided by Massive. Other market data provided is at least 10-minutes delayed and hosted by Barchart Solutions.  Information is provided 'as-is' and solely for informational purposes, not for trading purposes or advice, and is delayed. To see all exchange delays and terms of use please see Barchart's disclaimer.",https://www.marketbeat.com/instant-alerts/filing-clearbridge-investments-llc-trims-stake-in-exxonmobil-corporation-xom-2026-06-07/
XOM,Dearborn Partners LLC Has $35.49 Million Stake in ExxonMobil Corporation $XOM - MarketBeat,2026-06-07 08:14:39,"Dearborn Partners LLC lowered its position in  ExxonMobil Corporation (NYSE:XOM - Free Report) by 10.8% in the 4th quarter, according to its most recent disclosure with the Securities and Exchange Commission (SEC). The firm owned 294,873 shares of the oil and gas company's stock after selling 35,822 shares during the quarter. ExxonMobil accounts for approximately  1.8% of Dearborn Partners LLC's investment portfolio, making the stock its 11th largest position. Dearborn Partners LLC's holdings in ExxonMobil were worth $35,485,000 at the end of the most recent quarter. A number of other institutional investors and hedge funds have also added to or reduced their stakes in the company. Berbice Capital Management LLC bought a new position in shares of  ExxonMobil during the 4th quarter worth approximately $26,000.  Midwest Capital Advisors LLC bought a new position in shares of  ExxonMobil in the 4th quarter worth $27,000.  E Fund Management Hong Kong Co. Ltd. lifted its holdings in shares of  ExxonMobil by 456.1% in the 4th quarter. E Fund Management Hong Kong Co. Ltd. now owns 228 shares of the oil and gas company's stock worth $27,000 after purchasing an additional 187 shares in the last quarter.  Key Capital Management INC bought a new position in shares of  ExxonMobil in the 4th quarter worth $28,000.  Finally, Nvest Wealth Strategies Inc. bought a new position in shares of  ExxonMobil in the 4th quarter worth $32,000. Institutional investors and hedge funds own  61.80% of the company's stock. In other ExxonMobil news, VP Darrin L. Talley sold 1,080 shares of the firm's stock in a transaction dated Monday, March 16th. The stock was sold at an average price of $155.50, for a total value of $167,940.00. Following the completion of the transaction, the vice president owned 17,124 shares in the company, valued at $2,662,782. This trade represents a 5.93% decrease in their position. The sale was disclosed in a document filed with the Securities & Exchange Commission, which is available through this hyperlink. 0.03% of the stock is currently owned by corporate insiders. Here are the key news stories impacting ExxonMobil this week: Shares of XOM opened at $150.18 on Friday. The business has a 50-day moving average of $153.96 and a 200 day moving average of $141.27. ExxonMobil Corporation has a fifty-two week low of $102.68 and a fifty-two week high of $176.41. The firm has a market cap of $622.51 billion, a P/E ratio of 25.33, a price-to-earnings-growth ratio of 0.64 and a beta of 0.16. The company has a debt-to-equity ratio of 0.13, a quick ratio of 0.77 and a current ratio of 1.04. ExxonMobil (NYSE:XOM - Get Free Report) last announced its quarterly earnings data on Friday, May 1st. The oil and gas company reported $1.16 earnings per share for the quarter, topping the consensus estimate of $0.98 by $0.18. ExxonMobil had a return on equity of 10.24% and a net margin of 7.57%.The company had revenue of $83.16 billion during the quarter, compared to analyst estimates of $81.13 billion. During the same quarter last year, the firm posted $1.76 EPS. The firm's revenue for the quarter was up 2.4% on a year-over-year basis.  As a group, research analysts forecast that  ExxonMobil Corporation will post 11.66 EPS for the current year. The business also recently announced a quarterly dividend, which will be paid on Wednesday, June 10th. Shareholders of record on Friday, May 15th will be paid a $1.03 dividend. The ex-dividend date is Friday, May 15th. This represents a $4.12 annualized dividend and a yield of 2.7%. ExxonMobil's dividend payout ratio (DPR) is currently 69.48%. A number of equities analysts recently issued reports on the company. BNP Paribas Exane  set a $165.00 target price on ExxonMobil and gave the stock a ""neutral"" rating in a report on Friday, April 17th. Mizuho increased their target price on ExxonMobil from $159.00 to $175.00 and gave the stock a ""neutral"" rating in a report on Wednesday, May 27th. Bank of America increased their price target on ExxonMobil from $135.00 to $151.00 and gave the company a ""neutral"" rating in a research report on Monday, March 2nd. Scotiabank increased their price target on ExxonMobil from $128.00 to $163.00 and gave the company a ""sector outperform"" rating in a research report on Wednesday, April 22nd. Finally, Wolfe Research lowered ExxonMobil from an ""outperform"" rating to a ""peer perform"" rating in a research report on Tuesday, April 21st. Ten analysts have rated the stock with a Buy rating and eleven have given a Hold rating to the company. According to data from MarketBeat.com, the stock  has a consensus rating of ""Hold"" and an average target price of $165.55. ExxonMobil Corporation NYSE: XOM is an integrated oil and gas company engaged in the exploration, production, refining, distribution and marketing of petroleum products and the manufacture and sale of petrochemicals. Its operations span the full energy value chain, including upstream exploration and development of crude oil and natural gas; midstream transportation and storage; and downstream refining, product distribution and retail. The company also produces a broad range of chemical products for industrial and consumer applications. ExxonMobil markets fuels and lubricants under well-known brands such as Exxon, Mobil and Esso, and its Mobil 1 motor oil is a prominent consumer product. Want to see what other hedge funds are holding XOM? Visit HoldingsChannel.com to get the latest 13F filings and insider trades for ExxonMobil Corporation (NYSE:XOM - Free Report). This instant news alert was generated by narrative science technology and financial data from MarketBeat in order to provide readers with the fastest reporting and unbiased coverage. Please send any questions or comments about this story to contact@marketbeat.com. Before you consider ExxonMobil, you'll want to hear this. MarketBeat keeps track of Wall Street's top-rated and best performing research analysts and the stocks they recommend to their clients on a daily basis. MarketBeat has identified the five stocks that top analysts are quietly whispering to their clients to buy now before the broader market catches on... and ExxonMobil wasn't on the list. While ExxonMobil currently has a Hold rating among analysts, top-rated analysts believe these five stocks are better buys. Click the link to see MarketBeat's list of seven stocks and why their long-term outlooks are very promising. Sign up for MarketBeat All Access to gain access to MarketBeat's full suite of research tools. 345 N Reid Place, Suite 620, Sioux Falls, SD 57103
                                        
                                        contact@marketbeat.com
                                        
                                        (844) 978-6257 © MarketBeat Media, LLC 2010-2026. All rights reserved. © 2026   Fair market value prices are updated every minute and are provided by Massive. Other market data provided is at least 10-minutes delayed and hosted by Barchart Solutions.  Information is provided 'as-is' and solely for informational purposes, not for trading purposes or advice, and is delayed. To see all exchange delays and terms of use please see Barchart's disclaimer.",https://www.marketbeat.com/instant-alerts/filing-dearborn-partners-llc-has-3549-million-stake-in-exxonmobil-corporation-xom-2026-06-07/
XOM,Loomis Sayles Strategic Income Fund's Exxon Mobil Corp(XOM) Holding History - GuruFocus,2026-06-07 05:02:23,"This website is using a security service to protect itself from online attacks. The action you just performed triggered the security solution. There are several actions that could trigger this block including submitting a certain word or phrase, a SQL command or malformed data. You can email the site owner to let them know you were blocked. Please include what you were doing when this page came up and the Cloudflare Ray ID found at the bottom of this page. Cloudflare Ray ID: a09509d26f0e584e
•

        Your IP:
        Click to reveal
20.119.103.2
•

Performance & security by Cloudflare",https://www.gurufocus.com/guru-portfolio/Loomis%20Sayles%20Strategic%20Income%20Fund/XOM
