ticker,title,date,content,url
XOM,What Has To Happen Before ExxonMobil Stock Is A Buy? - Trefis,2026-10-09 22:58:05,"ExxonMobil (XOM) has returned 52% over the past twelve months (as of October 8, 2026), easily outpacing the S&P 500’s 17.0% gain over the same period. A 22% rally in the last three months alone has pushed shares to just below their year-high. Current buyers may be betting that the high refining margins management described in July will last. After a 52% run, what is a late buyer paying for ExxonMobil? The stock currently trades at 1.9 times its sales. That multiple sits near the top of a ten-year range spanning from 0.7 to 2.2. Investors typically tolerate premium multiples when a business retains more of each sales dollar. Yet ExxonMobil is keeping less. The company recorded an operating margin of 10.7% over the last twelve months, down from 16.8% three years ago. Earnings and cash provide different views of the same price. ExxonMobil trades at 21.5 times earnings, in line with the S&P 500. Against operating cash flow, however, the stock costs 11.8 times, tracking below the 14.4 multiple of the broader index. This operating cash flow came in at about 1.8 times net income over the last twelve months. Top-line results are not expected to maintain their second-quarter pace. Analysts forecast revenue of $103.0 billion for the third quarter of 2026, marking a step down from the $114.5 billion ExxonMobil reported for the second quarter. The second quarter was unusual. Revenue rose 44.1% from a year earlier, and management noted on its second-quarter call that supply disruptions shaped the quarter. Management said available refining capacity is lower than it has ever seen. Refining is taking on a larger role at ExxonMobil. Energy Products, the business that makes its diesel, now generates about 23% of its business-line earnings. Five years ago, that share sat at about 9%. While analysts already expect a fall in sales, management expects a very robust refining market with very high margins to continue. The current stock price appears to assume those refining margins will stay high. How ExxonMobil Stock Has Moved After Recent Reports ExxonMobil is expected to report its third-quarter 2026 results in late October 2026. Shares have seen little volatility immediately following recent earnings releases. Across the last six reports, the biggest gain in the two trading days after publication was 1.6%, while the steepest fall was 2.2%. Four of those six post-earnings moves were falls. Deeper selloffs in ExxonMobil have instead aligned with broader market shocks. During the regional banking crisis of 2023, the stock fell about 15%. What Should ExxonMobil Buyers Watch In The Coming Report? Buyers should first monitor the operating margin, given that it has fallen in each of the last three years. If the twelve-month margin returns above its three-year average of 11.4%, it would signal ExxonMobil is once again keeping more of each sales dollar. Under that scenario, a buyer at today’s price would not be late. Sales represent the other crucial metric, and they are expected to come down from the second quarter. Revenue landing well short of the $103.0 billion analysts expect would show sales falling faster than forecast. Should that materialize, a buyer at today’s price would indeed be late. Now you know XOM better. And that’s our purpose: to make you informed before you invest your money. However, making a bet on a single stock carries its own risks. There is a smarter choice. Since its inception, the Trefis High Quality (HQ) Portfolio has beaten the benchmark that combines the three major indices – the S&P 500, S&P Mid-cap, and Russell 2000. And it did so without taking the concentrated risk that comes with do-it-yourself stock picking. ©Copyright 2026 Insight Guru Inc. All Rights Reserved. By using the Site, you agree to be bound by our Terms of Use. Financial market data powered by Quotemedia.com. Consensus EPS estimates are from QuoteMedia and are updated every weekday. All rights reserved. NYSE/AMEX data delayed 20 minutes. NASDAQ and other data delayed 15 minutes unless indicated.",https://www.trefis.com/stock/xom/articles/618193/what-has-to-happen-before-exxonmobil-stock-is-a-buy/2026-10-09
XOM,Why is ExxonMobil (NYSE:XOM) drawing energy-sector attention as crude stays soft? - Kalkine Media,2026-10-09 18:45:00,"Hey ! We have sent you a verification e-mail. Please follow the instructions on the e-mail to complete your registration. If you can't find it,
                    Please check your spam folder Fabrice Bregier Appointed to Vertical Aerospace Board, Reports No Stoc... AI OKTO Director Petros Zavakopoulos Reports Direct Ownership of 7,500... Petros Panagiotidis Submits Initial SEC Ownership Report for AI OKTO C... John Paul Syriopoulos Files Form 3 as Newly Appointed Director of AI O... Make Kalkine Media

                                       My Trusted Source ExxonMobil 
(NYSE:XOM)

Energy

            Exxon Mobil Corp (NYSE:XOM)
        


                        168.94
                                                    USD


                        +0.440
                    

↑
                        0.261%
                    

Last Updated at: 2026-10-09T20:23:00Z


 drew fresh attention on Friday as the large integrated energy group featured in market commentary tied to a soft and choppy crude tape, with traders weighing swing supply from major producing nations against steady demand from refining and petrochemical channels. The session placed the broad energy complex in focus even as large-cap technology continued to set the tone for the wider tape. The company sits among the most widely watched names whenever the price of oil moves, because its scale spans exploration, production, refining and chemicals across several continents. That breadth means the stock often trades as a barometer for how the market reads the balance between global supply and the pull of fuel and feedstock demand. The business is built around an integrated structure that captures value along the entire length of the barrel. Upstream, the group lifts crude and natural gas from fields spread across the Americas, Africa, the Middle East and offshore basins. Downstream, a network of refineries turns that raw material into gasoline, diesel, jet fuel and lubricants for customers around the globe. A third leg sits in chemicals, where the company converts hydrocarbons into plastics, performance polymers and specialty materials used across packaging, construction and manufacturing. This spread across segments tends to cushion the group when any single link in the chain softens, because weakness in one stream can be offset by firmer conditions in another. Management has long framed this integration as a defining feature of the enterprise, arguing that owning assets from the wellhead to the finished product lets the group manage swings in raw material costs more smoothly than a pure-play producer or refiner operating on its own. A large share of the upstream story now runs through the Permian Basin, the sprawling shale region straddling West Texas and southeastern New Mexico that has become the beating heart of American crude supply. The group has expanded its acreage there and leaned on efficiency gains to lift barrels per well while keeping spending disciplined. The scale of that footprint matters, because the Permian offers short cycle times: wells can be drilled and brought online quickly, letting producers dial activity up or down as crude benchmarks move. That flexibility has reshaped how the company plans its drilling program, favoring a steady cadence over boom-and-bust bursts of activity. Alongside the onshore shale engine, offshore developments in Guyana have emerged as a major source of fresh supply, with a string of deepwater projects adding barrels at competitive cost and lengthening the runway for production growth well into the coming period. Natural gas has taken on fresh prominence across the energy conversation, and the group owns a deep position in both domestic gas and liquefied natural gas slated for export. A wave of electricity demand tied to data-center construction has reframed how the market thinks about gas-fired power, since large computing campuses require firm, around-the-clock electricity. That shift has lent support to gas producers even while crude drifts, because gas increasingly underpins the power grids that feed artificial-intelligence infrastructure. The company's exposure to gas therefore ties it to one of the strongest structural demand themes running through the wider market this year. Market watchers tracking the broad energy complex often group the integrated majors alongside the wider basket of US Oil and Gas Stocks, where supply decisions, refining margins and gas demand all feed into how the sector trades day to day. A defining feature of the sector over recent years has been a turn toward capital discipline, and the group has leaned firmly into that approach. Rather than chasing volume at any cost, management has emphasized spending restraint, steady cash generation and a firm commitment to the dividend that dividend-seeking owners of the stock have come to expect. Capital outlays are concentrated on the lowest-cost, highest-value barrels, with the Permian and Guyana sitting near the top of the priority list. That selectivity reflects a broader change in how large producers allocate cash, favoring projects that pay back quickly and generate cash across a range of crude scenarios. The disciplined stance has become a core part of how the market frames the enterprise, with steady distributions and measured spending standing in contrast to the free-spending expansion phases that marked earlier commodity cycles. Downstream, the refining arm processes crude into transport fuels and remains sensitive to the spread between the cost of feedstock and the price of finished products. When that margin widens, the refining business can generate strong cash even if upstream pricing softens, reinforcing the cushioning effect of the integrated model. The chemicals segment adds another dimension, converting hydrocarbons into building-block materials for countless end markets. Demand there tracks global manufacturing activity and consumer spending on packaged goods, giving the group a window into industrial trends well beyond the energy patch. Together, refining and chemicals help smooth the swings that come with raw crude pricing, letting the enterprise lean on multiple streams of cash rather than depending on a single commodity benchmark. Few energy groups match the geographic reach on display here. Operations stretch from North American shale to offshore Guyana, from refineries in Europe and Asia to chemical plants dotted across several regions. That spread exposes the company to a wide mix of regulatory regimes, currencies and demand patterns. The global scale carries both strengths and complications. On one hand, diversification across regions reduces dependence on any single market. On the other, it leaves the group navigating a patchwork of environmental rules, permitting timelines and local market conditions that vary sharply from one jurisdiction to the next. Managing that complexity is a core part of the enterprise, and the company has built a sprawling logistics and trading apparatus to move barrels and products efficiently across its worldwide network. The group has also pushed into lower-carbon lines of business, channeling capital toward carbon capture and storage, hydrogen and lithium ventures aimed at electric-vehicle supply chains. These efforts remain small relative to the core hydrocarbon engine, yet they signal how the enterprise is positioning for an energy mix in transition. Carbon capture in particular has drawn focus, with the company pursuing large-scale projects along the American Gulf Coast that aim to gather and store emissions from industrial clusters. Lithium extraction from brine resources rounds out the push toward materials tied to electrification. These ventures reflect a measured attempt to build new lines of cash generation while the established oil and gas franchise continues to anchor the enterprise through the current cycle. The broader setting remains the dominant force on energy shares. Crude benchmarks have traded in a choppy, soft range as the market weighs the pace of global demand against swing supply from major producing nations and their output agreements. Soft pricing tends to pressure upstream earnings even as refining and gas provide offsets. Currency moves, global growth signals and shifting demand from large consuming economies all feed into the daily rhythm of the complex. For a group of this scale, those macro currents often matter as much as any single operational update, because its cash generation is tethered to commodity benchmarks set in global markets. Against that backdrop, the stock has continued to feature in energy-sector discussion as market participants parse how the integrated majors fare when crude stays subdued but gas demand firms. Among American energy names, the company stands as one of the largest by market value, a status that places it near the center of sector benchmarks and energy-focused funds. Its sheer size means moves in the stock ripple across index products that track the broader energy group. That prominence also makes the enterprise a reference point for how the market reads the health of the oil and gas space. When the integrated majors move, the tone often carries across smaller producers, service firms and refiners that populate the wider sector. For now, the combination of disciplined spending, a steady dividend, Permian and Guyana growth and a deep gas position keeps the group firmly in the frame whenever energy shares draw attention on the tape. Several threads run through the current energy conversation. The trajectory of crude benchmarks remains front and center, shaped by supply decisions among major producing nations and the pace of global demand. Natural gas demand from data centers has become a second major theme, lending structural support to the gas side of the business. Capital discipline across the sector forms a third thread, with large producers favoring steady cash generation and firm distributions over aggressive volume growth. The pace of lower-carbon spending adds a fourth, as majors balance legacy hydrocarbon strength against emerging energy-transition lines. For a group spanning upstream, downstream and chemicals, each of these themes feeds into the enterprise at a different point, underscoring why the stock remains a closely watched gauge of the energy complex as the market moves through a choppy crude stretch. Few attributes define the stock more clearly than its long, unbroken record of dividend payments, a streak that stretches back decades and has survived numerous commodity downturns. That steadiness has made the enterprise a cornerstone of many dividend-focused portfolios and a reference point for stability across the energy group. Sustaining the dividend through soft crude stretches has become a point of pride for management, which has repeatedly framed the payout as a commitment that ranks near the top of its cash priorities. The disciplined spending stance ties directly into that promise, since restrained outlays free up cash to fund distributions even when benchmarks drift. For a group of this scale, the dividend also serves as a signal to the wider market about confidence in the durability of cash generation across the cycle, reinforcing how the stock is framed whenever energy shares draw attention. The offshore developments off the coast of Guyana have emerged as one of the most consequential growth stories in the global oil patch, with a succession of deepwater projects steadily lifting output from the prolific Stabroek acreage. Each new production vessel adds barrels at competitive cost, lengthening the runway for upstream growth. What distinguishes the Guyana program is its combination of scale and low breakeven cost, a pairing that lets the barrels compete even when crude benchmarks soften. The rapid pace of development has turned a once-overlooked frontier into a central pillar of the group's upstream base. Fresh phases of the project continue to move toward startup, and the cadence of new vessels coming online underpins much of the market conversation about where the enterprise finds its next leg of production growth. Beneath the headline numbers sits a steady push to wring more barrels from each well and each dollar of spending. Advances in drilling technique, seismic imaging and data analytics have let the group lift recovery rates while trimming the cost of bringing new wells online, a quiet but meaningful driver of the disciplined model. In the Permian, longer lateral wells and tighter spacing have raised the output captured from a single pad, improving the economics of the shale program. Digital tools that monitor equipment and optimize production schedules add another layer of efficiency across the sprawling asset base. These gains rarely make headlines, yet they sit at the core of how the enterprise squeezes more cash from its operations, reinforcing the capital-discipline theme that now defines how the market frames the group. A broad debate over the pace of the energy transition hangs over the entire oil and gas space, and few names sit closer to the center of that conversation than the largest integrated majors. The enterprise has argued that oil and gas will remain essential for decades even as cleaner sources scale, a stance that shapes how it allocates capital. Critics press the group to accelerate its shift toward lower-carbon lines, while supporters point to the steady demand for fuels and petrochemicals that underpins the core franchise. That tension plays out in how the market frames the stock, balancing near-term cash strength against longer-dated questions about demand. The company's measured approach, leaning on carbon capture, hydrogen and lithium while keeping hydrocarbons at the core, reflects an attempt to navigate that debate without abandoning the engine that funds its distributions. The demand backdrop for the enterprise spans far more than crude alone. Gasoline and diesel keep road transport moving, jet fuel tracks the rebound in air travel, and petrochemical feedstock feeds the plastics and materials that run through modern manufacturing. Each of those channels moves to its own rhythm, lending the group a diversified base of end demand. Global growth signals, travel patterns and industrial activity all shape how much product the group moves in any given stretch. When one channel softens, firmer demand in another can steady the overall picture, a balance that mirrors the cushioning effect of the integrated model across the business. That breadth of demand, spanning transport fuels, power-linked gas and industrial feedstock, keeps the enterprise tied to a wide cross-section of the global economy rather than a single commodity benchmark, shaping how the market reads its cash generation through a choppy crude stretch. The content, including but not limited to any articles, news, quotes, information, data, text, reports, ratings, opinions, images, photos, graphics, graphs, charts, animations and video (Content) is a service of Kalkine Media LLC (Kalkine Media, we or us) and is available for personal and non-commercial use only. The principal purpose of the Content is to educate and inform.  The Content does not contain or imply any recommendation or opinion intended to influence your financial decisions and must not be relied upon by you as such. Some of the Content on this website may be sponsored/non-sponsored, as applicable, but is NOT a solicitation or recommendation to buy, sell or hold the stocks of the company(s) or engage in any investment activity under discussion. Kalkine Media is neither licensed nor qualified to provide investment advice through this platform. Users should make their own enquiries about any investments and Kalkine Media strongly suggests the users to seek advice from a financial adviser, stockbroker or other professional (including taxation and legal advice), as necessary. Kalkine Media hereby disclaims any and all the liabilities to any user for any direct, indirect, implied, punitive, special, incidental or other consequential damages arising from any use of the Content on this website, which is provided without warranties.
The views expressed in the Content by the guests, if any, are their own and do not necessarily represent the views or opinions of Kalkine Media. Some of the images/music that may be used on this website are copyright to their respective owner(s). Kalkine Media does not claim ownership of any of the pictures/music displayed/used on this website unless stated otherwise. The images/music that may be used on this website are taken from various sources on the internet, including paid subscriptions or are believed to be in public domain. We have used reasonable efforts to accredit the source (public domain/CC0 status) to where it was found and indicated it, as necessary. Space Exploration Technologies Corp. Class A Common Stock Welcome to Kalkine Media Pty Ltd. website. Your website access and usage is governed by the
                    applicable  Terms of Use
                    & Privacy Policy. Welcome to Kalkine Media LLC website. Your website access and usage is governed by the applicable Terms and Conditions &
                    Privacy Policy. Welcome to Kalkine Media New Zealand Limited website. Your website access and usage is governed by
                    the applicable Terms and
                        Conditions & Privacy
                        Policy. Welcome to Kalkine Media Incorporated website. Your website access and usage is governed by the
                    applicable Terms and
                        Conditions & Privacy
                        Policy. Welcome to Kalkine Media Limited website. Your website access and usage is governed by the
                    applicable Terms of Use &
                    Privacy Policy. Welcome to Kalkine Media Limited website. Your website access and usage is governed by the
                    applicable Terms of Use &
                    Privacy Policy. Welcome to Kalkine Media Limited website. Your website access and usage is governed by the
                    applicable Terms of Use &
                    Privacy Policy. Welcome to Kalkine Media Limited website. Your website access and usage is governed by the
                    applicable Terms of Use &
                    Privacy Policy. Welcome to Kalkine Media Limited website. Your website access and usage is governed by the
                    applicable Terms of Use &
                    Privacy Policy. Welcome to Kalkine Media Limited website. Your website access and usage is governed by the
                    applicable Terms of Use &
                    Privacy Policy. Welcome to Kalkine Media Limited website. Your website access and usage is governed by the
                    applicable Terms of Use &
                    Privacy Policy. Welcome to Kalkine Media Limited website. Your website access and usage is governed by the
                    applicable Terms of Use &
                    Privacy Policy. Welcome to Kalkine Media Limited website. Your website access and usage is governed by the
                    applicable Terms of Use &
                    Privacy Policy. Welcome to Kalkine Media Limited website. Your website access and usage is governed by the
                    applicable Terms of Use &
                    Privacy Policy. Welcome to Kalkine Media Limited website. Your website access and usage is governed by the
                    applicable Terms of Use
                    & Privacy Policy. Welcome to Kalkine Media Limited website. Your website access and usage is governed by the
                    applicable Terms of Use &
                    Privacy Policy. Welcome to Kalkine Media Limited website. Your website access and usage is governed by the
                    applicable Terms of Use &
                    Privacy Policy. Welcome to Kalkine Media Limited website. Your website access and usage is governed by the
                    applicable Terms of Use &
                    Privacy Policy. Welcome to Kalkine Media Limited website. Your website access and usage is governed by the
                    applicable Terms of Use &
                    Privacy Policy. Welcome to Kalkine Media Limited website. Your website access and usage is governed by the
                    applicable Terms of Use &
                    Privacy Policy. مرحبًا بكم في موقع Kalkine Media Limited. يخضع الوصول إلى موقع الويب الخاص بك واستخدامه لما هو معمول
                    بهشروط الاستخدام & سياسة الخصوصية. Bienvenue sur le site Web de Kalkine Media Limited. L'accès et l'utilisation de votre site Web sont
                    régis par les Conditions
                        d'utilisation & Politique
                        de confidentialité. Bienvenido al sitio web de Kalkine Media Limited. El acceso y el uso de su sitio web se rigen por
                    los Términos de uso y Política de privacidad. Willkommen auf der Website von Kalkine Media Limited. Der Zugriff und die Nutzung Ihrer Website
                    unterliegen den geltenden Nutzungsbedingungen & Datenschutzerklärung. Willkommen auf der Website von Kalkine Media Limited. Der Zugriff und die Nutzung Ihrer Website
                    unterliegen den geltenden Nutzungsbedingungen & Datenschutzerklärung.",https://kalkinemedia.com/us/stocks/oil-gas/why-is-exxonmobil-nysexom-drawing-energy-sector-attention-as-crude-stays-soft
XOM,What's Going On With ExxonMobil Stock Friday? - ExxonMobil Holdings (NYSE:XOM) - Benzinga,2026-10-09 16:15:55,"This website is using a security service to protect itself from online attacks. The action you just performed triggered the security solution. There are several actions that could trigger this block including submitting a certain word or phrase, a SQL command or malformed data. You can email the site owner to let them know you were blocked. Please include what you were doing when this page came up and the Cloudflare Ray ID found at the bottom of this page. Cloudflare Ray ID: a482834298acbda8
•

        Your IP:
        Click to reveal
172.212.172.243
•

Performance & security by Cloudflare",https://www.benzinga.com/trading-ideas/movers/26/10/62277483/exxon-mobil-rejects-proposed-5-2-billion-kashagan-fine-settlement-report
XOM,BP is Undervalued: Should You Bet on the Stock Right Away? - The Globe and Mail,2026-10-09 15:53:09,"BP plcBP stock is currently relatively cheap as the company is trading at a trailing 12-month EV/EBITDA multiple of 2.97x, which is lower than the broader industry average of 5.88x. ExxonMobil Holdings CorporationXOM and Chevron CorporationCVX, two other integrated energy majors, are valued higher at 9.40x and 7.96x, respectively. Should investors bet on the undervalued British energy giant right away? Let’s first analyze BP’s business fundamentals. The price of West Texas Intermediate (“WTI”) crude is hovering around $90 per barrel. The high price is being backed by ongoing tensions in the Middle East. The U.S. Energy Information Administration (“EIA”) in its latest short-term energy outlook projected WTI at $88.21 per barrel this year, higher than $65.40 in 2025. A highly favorable pricing environment for the commodity is likely to continue supporting BP's exploration and production activities, which derive a significant proportion of its earnings, similar to ExxonMobil and Chevron. Image Source: The U.S. Energy Information Administration The British energy major’s production outlook seems bright, thanks to its major projects, expected to begin operations between 2028 and 2030, are moving forward as planned. Once operational, these projects could help BP increase production and generate more cash. BP is working to improve its refining business by making better use of its refineries, trading operations and customer networks. The British energy giant benefits from its ability to buy crude oil from different markets and sell refined products where demand is stronger. Its Cherry Point refinery in the United States can access crude oil from global suppliers and export products to different markets. This operational flexibility could allow BP to respond more effectively to shifts in crude oil supplies and fuel demand, supporting higher refining margins and stronger earnings potential. BP also benefited from higher refining margins in the second quarter of 2026. The company processed approximately 1.5 million barrels of crude oil per day, despite planned maintenance at its refineries. Stronger refining margins and improved oil trading performance supported earnings. Efforts to reduce operating expenses and improve refinery performance could translate into healthier profit margins and more consistent cash generation from BP's downstream segment. All the positive developments are yet to be reflected in the stock price. Over the past year, BP has jumped 38.4%, underperforming the industry’s growth of 46.5%. Over the same time frame, XOM has surged 52.2% and CVX gained 42.1%. Thus, backed by all the strong business fundamentals and BP’s undervaluation, it is high time to bet on the British energy player, which currently sports a Zacks Rank #1 (Strong Buy). You can see the complete list of today’s Zacks #1 Rank stocks here. Quantum Computing is the next technological revolution, and it could be even more advanced than AI. While some believed the technology was years away, it is already present and moving fast. Large hyperscalers, such as Microsoft, Google, Amazon, Oracle, and even Meta and Tesla, are scrambling to integrate quantum computing into their infrastructure. Senior Stock Strategist Kevin Cook reveals 7 carefully selected stocks poised to dominate the quantum computing landscape in his report, Beyond AI: The Quantum Leap in Computing Power. Kevin was among the early experts who recognized NVIDIA's enormous potential back in 2016. Now, he has keyed in on what could be ""the next big thing"" in quantum computing supremacy. Today, you have a rare chance to position your portfolio at the forefront of this opportunity. This article originally published on Zacks Investment Research (zacks.com). © Copyright 2026 The Globe and Mail Inc. All rights reserved.",https://www.theglobeandmail.com/investing/markets/stocks/XOM/pressreleases/5401635/bp-is-undervalued-should-you-bet-on-the-stock-right-away/
XOM,ExxonMobil (XOM) Blocks $5B Environmental Fine Settlement Amid K - GuruFocus,2026-10-09 12:03:36,"This website is using a security service to protect itself from online attacks. The action you just performed triggered the security solution. There are several actions that could trigger this block including submitting a certain word or phrase, a SQL command or malformed data. You can email the site owner to let them know you were blocked. Please include what you were doing when this page came up and the Cloudflare Ray ID found at the bottom of this page. Cloudflare Ray ID: a48283874ad4f32d
•

        Your IP:
        Click to reveal
172.212.172.243
•

Performance & security by Cloudflare",https://www.gurufocus.com/news/9117124/exxonmobil-xom-blocks-5b-environmental-fine-settlement-amid-kashagan-expansion-talks
XOM,Exxon blocks proposal to settle $5B Kashagan dispute - Bloomberg - TradingView,2026-10-09 11:39:18,"ExxonMobil XOM blocked a proposal for partners in the Kashagan oil field in Kazakhstan to make a settlement with the country's government over a disputed $5B billion environmental fine, ‌Bloomberg reported Friday. The status of the penalty has become a central issue in ​Exxon's XOM negotiations with the government over a proposal to expand production at Kashagan, and the company indicated that a potential $80B new investment in the field would be contingent on settling the dispute, according to the ​report. Exxon XOM was not in favor of the most recent proposal and subsequently persuaded TotalEnergies TTE, one of the partners in the venture, to take its side, which was enough to block a settlement, the report said. The North Caspian Operating Company - which includes Exxon XOM, TotalEnergies TTE, Shell SHEL, Eni E, KazMunayGas, Inpex, and China National Petroleum Corp. - has been ​in a legal standoff with the Kazakh government, which ​accuses it of sulfur storage-related environmental violations. Alongside the long-running disagreement, Exxon XOM has been pitching a new multibillion-dollar investment to tap an undeveloped part of Kashagan, linking potential development to the resolution of disputes between the Kashagan partners and the government, including the sulfur fine.DisclaimerContent provided by Seeking Alpha is intended for information purposes only, and that Seeking Alpha does not offer any personalist investment advice and is not a licensed securities dealer, broker, US investment adviser or investment bank. Select market data provided by ICE Data Services. Select reference data provided by FactSet. Copyright © 2026 FactSet Research Systems Inc.Copyright © 2026, American Bankers Association. CUSIP Database provided by FactSet Research Systems Inc. All rights reserved. SEC filings and other documents provided by Quartr.© 2026 TradingView, Inc.",https://www.tradingview.com/news/seekingalpha:85b0beb9b094b:0-exxon-blocks-proposal-to-settle-5b-kashagan-dispute-bloomberg/
XOM,Liquidity Mapping Around (XOM) Price Events - Stock Traders Daily,2026-10-09 10:26:01,"Our AI models have generated three distinct trading strategies tailored to different risk profiles and holding periods. Each strategy incorporates sophisticated risk management parameters designed to optimize position sizing and minimize drawdown risk. Blue = Current Price
Red = Resistance
Green = Support Instant access — no password needed Get institutional-grade analysis with API integration and custom risk models. You're about to add XOM to your personalized dashboard for ongoing analysis and alerts. To access your My Stocks dashboard and receive personalized analysis, you'll need to create a free account. © 2025 Stock Traders Daily - Quantitative Research Division. All rights reserved. | 📚 Full News Archive | 🍁 Canada Edition | 🇬🇧 UK Edition | 🌐 Crypto Edition",https://news.stocktradersdaily.com/news_release/78/Liquidity_Mapping_Around_XOM_Price_Events_100926102601_1791555961.html
XOM,XOM Stock Analysis: What to Know - JournalArta,2026-10-09 08:11:56,"On October 8, 2026: price 168.50 USD, trend uptrend, RSI 64.0, support 158.30, resistance 169.32. technical analysis of xom stock. XOM Stock Analysis — full… Selected automatically from 30 NYSE (US) stocks by a technical-signal score with daily weighted randomisation — not a recommendation. Disclaimer: This technical analysis is generated automatically from exchange data (via Yahoo Finance) and indicators calculated by JournalArta, for information and education only. The verdict and the entry, target and stop-loss levels are not investment advice or a solicitation to buy or sell any security. Investment decisions and their risks rest solely with the reader. Track XOM stock price daily: live levels, support/resistance and our full XOM analysis history. The English-language global edition of JournalArta. We won't sell or share your personal information to inform the ads you see. You may still see interest-based ads if your information is sold or shared by other companies or was sold or shared previously.",https://journalarta.com/en/2026/10/09/xom-stock-analysis-gains-2-71-testing-key-resistance/
XOM,"ExxonMobil Holdings (XOM) Shares Climbed, What Is Behind The Move? - Simply Wall Street",2026-10-09 08:07:34,"A Gulf tanker attack and hurricane-related outages in the Gulf of Mexico squeezed oil supply, lifting crude prices and pushing ExxonMobil Holdings (XOM) up about 3% in the latest session. For investors watching ExxonMobil Holdings over more than a single headline, the pattern is clear. The stock has enjoyed a strong run, with a 90 day share price return of 21.33% feeding into a year to date share price gain of 37.38%. Meanwhile, the 1 year total shareholder return of 53.56% and 5 year total shareholder return of 223.84% point to momentum that has been building rather than fading. After a 3% jump and solid returns over multiple timeframes, ExxonMobil Holdings now trades at a double digit discount to one fair value estimate and at a smaller gap to analyst targets. Is that caution or opportunity? ExxonMobil Holdings closed at $168.50, sitting just below a narrative fair value of $170.91 that leans heavily on disciplined project execution and cash generation rather than a one off oil price spike. Strong production growth from high return assets in Guyana and the Permian Basin remains central, with upstream volumes outside the Middle East at the highest level in more than two decades and the Permian at over 1.8 million oil equivalent barrels per day, which supports future revenue and earnings per barrel. Guyana has already recovered about US$55b of investment and operating costs nearly two years earlier than anticipated, and the desaturation of this cost bank is expected to roughly double free cash flow between 2025 and 2030 versus 2025 levels, which feeds into future earnings and cash generation. See why 346 investors see ExxonMobil Holdings as 1% undervalued. Still, the ExxonMobil Holdings story can change quickly if long term oil demand weakens faster than expected or if low carbon projects struggle to scale into meaningful earnings. Find out about the key risks to this ExxonMobil Holdings narrative. The earlier narrative framed ExxonMobil Holdings as slightly undervalued versus a fair value estimate. The earnings multiple tells a different story. At a P/E of 21.2x, the stock trades well above the US Oil and Gas industry at 12.3x and above the peer average at 17.6x, while only modestly below a fair ratio of 23.9x. That gap suggests investors are already paying a premium for ExxonMobil Holdings, with only a small buffer if sentiment toward sector earnings cools. For anyone weighing that premium against quality and scale, it helps to see how the numbers stack up side by side in our valuation breakdown, including the fair ratio and peer comparisons, in See what the numbers say about this price — find out in our valuation breakdown. If this mix of optimism and valuation tension around ExxonMobil Holdings feels finely balanced, move quickly from headline to hard numbers and test the story against your own framework using the 4 key rewards. Do not stop with ExxonMobil Holdings. Use the Simply Wall St screener to spot fresh opportunities, compare setups, and pressure test what belongs in your watchlist next. This article by Simply Wall St is general in nature. We provide commentary based on historical data
        and analyst forecasts only using an unbiased methodology and our articles are not intended to be financial advice. It does not constitute a recommendation to buy or sell any stock, and does not take account of your objectives, or your
        financial situation. We aim to bring you long-term focused analysis driven by fundamental data.
        Note that our analysis may not factor in the latest price-sensitive company announcements or qualitative material.
        Simply Wall St has no position in any stocks mentioned. Discover if ExxonMobil Holdings might be undervalued or overvalued with our detailed analysis, featuring fair value estimates, potential risks, dividends, insider trades, and its financial condition. Have feedback on this article? Concerned about the content? Get in touch with us directly. Alternatively, email editorial-team@simplywallst.com The hope that Intel can capture a fraction of foundry share from TSMC is behind the tripling. It's more of binary bet now. Why would government acquire 10% stake and make it nearly impossible for Intel to sell its foundry business? Engages in the exploration and production of crude oil and natural gas in the United States, Canada, and internationally. Excellent balance sheet established dividend payer. Financial Data provided by S&P Global Market Intelligence LLC, analysis provided by Simply Wall Street Pty Ltd. Copyright © 2026, S&P Global Market Intelligence LLC. All rights reserved. Simply Wall Street Pty Ltd (ACN 600 056 611), is a Corporate Authorised Representative (Authorised Representative Number: 467183) of Sanlam Private Wealth Pty Ltd (AFSL No. 337927). Any advice contained in this website is general advice only and has been prepared without considering your objectives, financial situation or needs. You should not rely on any advice and/or information contained in this website and before making any investment decision we recommend that you consider whether it is appropriate for your situation and seek appropriate financial, taxation and legal advice. Please read our Financial Services Guide before deciding whether to obtain financial services from us. © 2026 Simply Wall Street Pty Ltd, US Design Patent #29/544/281, Community and European Design Registration #2845206",https://simplywall.st/challenge?redirect=https%3A%2F%2Fsimplywall.st%2Fstocks%2Fus%2Fenergy%2Fnyse-xom%2Fexxonmobil-holdings%2Fnews%2Fexxonmobil-holdings-xom-shares-climbed-what-is-behind-the-mo&counter=1
XOM,"Here's What $1,000 in These 6 Energy Dividend Stocks Could Pay You in a Year - The Globe and Mail",2026-10-09 06:39:35,"Western Midstream, Energy Transfer, Enterprise Products Partners, and MPLX LP are all high-yield midstream limited partnerships. Enbridge is a high-yield midstream company based in Canada. ExxonMobil is an integrated energy major with exposure to the entire energy value chain. Western Midstream Partners(NYSE: WES) has an 8.1% yield as of this writing. That's the highest yield among this list of six income investments: Western Midstream, Energy Transfer(TXSE: ET), Enterprise Products Partners(NYSE: EPD), MPLX LP(NYSE: MPLX), Enbridge(NYSE: ENB), and ExxonMobil(NYSE: XOM). Exxon has the lowest yield at ""just"" 2.5%, which is still vastly higher than the S&P 500 index's (SNPINDEX: ^GSPC) 1%. Here's a quick look at this list and how much income a $1,000 investment in each business would generate in a year. Missed Nvidia in 2009? This Rare Signal Is Flashing Again.In 2009, a ""Double Down"" signal flashed for a little-known chipmaker called Nvidia. For the first time in years, that same ""Total Conviction"" signal is flashing for a company 1/100th the size of Nvidia. Continue » Midstream businesses own energy infrastructure assets such as pipelines, storage, and transportation facilities. They largely charge fees for the use of their assets, so the volume flowing through their systems is more important than the price of what is being moved. In other words, oil and natural gas prices aren't the biggest determinant of success; demand for energy is. Demand tends to be strong even when oil prices are low and during economic downturns because the fuel is so important to the normal functioning of the world. Midstream businesses are fairly reliable income generators and often pass a significant portion of their earnings to unitholders or shareholders as distributions or dividends. That's the basic reason why income investors will be interested in the midstream. Western Midstream, Energy Transfer, Enterprise Products Partners, and MPLX LP are all high-yield midstream limited partnerships (MLPs). Enbridge is a high-yield Canadian company that primarily operates in the midstream segment, though it also owns regulated natural gas utilities and clean energy assets. A $1,000 investment in Western Midstream, as of this writing, would generate $81 in a year based on its 8.1% yield, as of this writing. MPLX LP's yield is 7.5%, so a $1k investment would generate $75 per year in income. Energy Transfer's yield is 6.5%, allowing investors to generate $65 per year in distributions. And Enterprise Products would generate $59 a year from a $1,000 investment, given its 5.9% yield. Enbridge's yield is 6.1%, so it would generate $61 in a year. You can multiply that dollar figure by the number of thousands you are investing, so a $10,000 investment in Western Midstream would generate $81 x 10, which is $810 per year in income. There are a couple of important takeaways. First, higher yields generally suggest higher risk. For example, Energy Transfer cut its distribution in 2020 (it has since returned to growth), while Enterprise Products has increased its distribution annually for 28 consecutive years. If income consistency is important to you, you may want to focus on lower-yielding options. Second, master limited partnerships (MLPs) come with tax complications. For example, you'll need to deal with a K-1 at tax time, and MLPs don't play well with tax-advantaged retirement accounts. So far, all but Enbridge are MLPs. Enbridge represents a different complication, because it is a Canadian company. You avoid the MLP issues, but you have to pay Canadian taxes on the dividends it pays. If your broker has completed the required paperwork (you'll have to ask), however, those taxes can be avoided by holding it in a tax-advantaged account, such as an IRA or a Roth IRA, thanks to a tax treaty between the U.S. and Canada. For reference, Enbridge has increased its dividend for more than three decades. So, despite having the lowest yield so far, it may be the best choice if you are investing within a tax-advantaged retirement account. Its regulated natural gas utility assets and clean energy investments add diversification, as well. This brings the story to the final name on the list above: ExxonMobil. It is one of the world's largest energy companies, with a globally diversified portfolio spanning the entire energy value chain, from production and midstream to chemicals and refining. It is a solid choice if you are looking for energy exposure that includes commodity exposure. This energy industry bellwether has a 2.5% yield, so a $1k investment would generate only about $25 per year in income. However, it has increased its dividend annually for 43 years, making it the most reliable income investment on this list. But you'd have to be willing to accept the commodity risk that comes along with a large energy production business. More conservative income investors will probably be better off focusing on Enterprise and Enbridge, which sit between the high and low ends of the yield spectrum. Before you buy stock in Western Midstream Partners, consider this: The Motley Fool Stock Advisor analyst team just identified what they believe are the 10 best stocks for investors to buy now… and Western Midstream Partners wasn’t one of them. The 10 stocks that made the cut could produce monster returns in the coming years. Consider when Netflix made this list on December 17, 2004... if you invested $1,000 at the time of our recommendation, you’d have $375,887!* Or when Nvidia made this list on April 15, 2005... if you invested $1,000 at the time of our recommendation, you’d have $1,459,146!* Now, it’s worth noting Stock Advisor’s total average return is 955% — a market-crushing outperformance compared to 215% for the S&P 500. Don't miss the latest top 10 list, available with Stock Advisor, and join an investing community built by individual investors for individual investors. Reuben Gregg Brewer has positions in Enbridge. The Motley Fool has positions in and recommends Enbridge. The Motley Fool recommends Enterprise Products Partners. The Motley Fool has a disclosure policy. © Copyright 2026 The Globe and Mail Inc. All rights reserved.",https://www.theglobeandmail.com/investing/markets/stocks/XOM-N/pressreleases/5241202/here-s-what-1-000-in-these-6-energy-dividend-stocks-could-pay-you-in-a-year/
XOM,Why Is Exxon Mobil (NYSE:XOM) Climbing as Crude Surges? - Kalkine Media,2026-10-09 04:01:00,"Hey ! We have sent you a verification e-mail. Please follow the instructions on the e-mail to complete your registration. If you can't find it,
                    Please check your spam folder Fabrice Bregier Appointed to Vertical Aerospace Board, Reports No Stoc... AI OKTO Director Petros Zavakopoulos Reports Direct Ownership of 7,500... Petros Panagiotidis Submits Initial SEC Ownership Report for AI OKTO C... John Paul Syriopoulos Files Form 3 as Newly Appointed Director of AI O... Make Kalkine Media

                                       My Trusted Source Energy names anchored a firmer session as crude oil surged, and few symbols capture that pull more directly than an integrated major whose fortunes track the barrel across every link of the chain. The oil and gas sector sits at the crossroads of global demand, geopolitics, and the steady march of drilling technology, and a given session of rising crude tends to ripple quickly through the largest producers. When prices move higher, the market reads it as a signal that supply remains tight relative to appetite, and the biggest names with the deepest reserves tend to draw attention initial. Exxon Mobil Corporation 
(NYSE:XOM)

Energy

            Exxon Mobil Corp (NYSE:XOM)
        


                        168.94
                                                    USD


                        +0.440
                    

↑
                        0.261%
                    

Last Updated at: 2026-10-09T20:23:00Z


 sits among the largest integrated energy firms on the planet, with operations spanning upstream exploration and production, downstream refining and marketing, and a sprawling chemicals arm. When crude climbs, the upstream arm captures the upside; when margins compress, the refining and chemical units can steady the overall picture. Alongside these, the firm operates a global web of refineries, petrochemical plants, and liquefied natural gas ventures that convert raw hydrocarbons into fuels, feedstocks, and traded cargoes shipped across oceans. The broader industry backdrop has been defined by a tug of war between supply discipline and shifting demand signals. Production decisions from the major exporting alliance continue to set the tone for crude benchmarks, and any hint that added barrels will be delayed tends to firm prices. The surge in crude during the latest session fits that pattern, lifting the entire peer group and placing renewed focus on the producers best placed to convert higher prices into stronger cash generation. The market environment on the session was a study in rotation. As mega-cap technology and chip names came under pressure for another straight day, capital sought groups with tangible cash generation and tighter links to real-world demand. Energy fit that description neatly. Readers following Oil and Gas Stocks can place this update within its wider category. Several structural trends continue to shape how the largest producers are read by the market. The initial is capital discipline, the hard-won habit of returning excess cash through dividends rather than chasing volume at any price. The further is consolidation, as scale increasingly determines who can fund the biggest projects and weather the deepest downturns. The company's positioning rests on being the lowest-cost, highest-scale operator it can be in the basins it favors most. By concentrating capital on the Permian and Guyana, the firm aims to drive down its average cost of supply so that cash keeps flowing even when crude softens. That approach is designed to make the business durable across the commodity cycle rather than merely strong when prices spike. Recent developments have centered on steady execution rather than dramatic pivots. The company has continued to advance its flagship offshore developments in Guyana, where successive production vessels have come online and lifted output from the Stabroek block. In the Permian, the integration of acquired acreage has expanded the drilling inventory and deepened the low-cost base that underpins the growth plan. Operationally, the emphasis has been on efficiency, reliability, and cost. Drilling longer laterals, standardizing well designs, and squeezing more barrels from each rig have become the daily grind of the upstream teams. In the downstream, uptime and feedstock flexibility matter enormously, because a refinery that can run a wider slate of crudes captures margin that a less flexible plant leaves on the table. No account of the sector would be complete without the headwinds. Crude prices remain inherently volatile, swinging on geopolitics, production decisions, and the ebb and flow of global demand. A session of surging oil can reverse quickly if supply signals shift or demand expectations cool. The content, including but not limited to any articles, news, quotes, information, data, text, reports, ratings, opinions, images, photos, graphics, graphs, charts, animations and video (Content) is a service of Kalkine Media LLC (Kalkine Media, we or us) and is available for personal and non-commercial use only. The principal purpose of the Content is to educate and inform.  The Content does not contain or imply any recommendation or opinion intended to influence your financial decisions and must not be relied upon by you as such. Some of the Content on this website may be sponsored/non-sponsored, as applicable, but is NOT a solicitation or recommendation to buy, sell or hold the stocks of the company(s) or engage in any investment activity under discussion. Kalkine Media is neither licensed nor qualified to provide investment advice through this platform. Users should make their own enquiries about any investments and Kalkine Media strongly suggests the users to seek advice from a financial adviser, stockbroker or other professional (including taxation and legal advice), as necessary. Kalkine Media hereby disclaims any and all the liabilities to any user for any direct, indirect, implied, punitive, special, incidental or other consequential damages arising from any use of the Content on this website, which is provided without warranties.
The views expressed in the Content by the guests, if any, are their own and do not necessarily represent the views or opinions of Kalkine Media. Some of the images/music that may be used on this website are copyright to their respective owner(s). Kalkine Media does not claim ownership of any of the pictures/music displayed/used on this website unless stated otherwise. The images/music that may be used on this website are taken from various sources on the internet, including paid subscriptions or are believed to be in public domain. We have used reasonable efforts to accredit the source (public domain/CC0 status) to where it was found and indicated it, as necessary. Space Exploration Technologies Corp. Class A Common Stock Welcome to Kalkine Media Pty Ltd. website. Your website access and usage is governed by the
                    applicable  Terms of Use
                    & Privacy Policy. Welcome to Kalkine Media LLC website. Your website access and usage is governed by the applicable Terms and Conditions &
                    Privacy Policy. Welcome to Kalkine Media New Zealand Limited website. Your website access and usage is governed by
                    the applicable Terms and
                        Conditions & Privacy
                        Policy. Welcome to Kalkine Media Incorporated website. Your website access and usage is governed by the
                    applicable Terms and
                        Conditions & Privacy
                        Policy. Welcome to Kalkine Media Limited website. Your website access and usage is governed by the
                    applicable Terms of Use &
                    Privacy Policy. Welcome to Kalkine Media Limited website. Your website access and usage is governed by the
                    applicable Terms of Use &
                    Privacy Policy. Welcome to Kalkine Media Limited website. Your website access and usage is governed by the
                    applicable Terms of Use &
                    Privacy Policy. Welcome to Kalkine Media Limited website. Your website access and usage is governed by the
                    applicable Terms of Use &
                    Privacy Policy. Welcome to Kalkine Media Limited website. Your website access and usage is governed by the
                    applicable Terms of Use &
                    Privacy Policy. Welcome to Kalkine Media Limited website. Your website access and usage is governed by the
                    applicable Terms of Use &
                    Privacy Policy. Welcome to Kalkine Media Limited website. Your website access and usage is governed by the
                    applicable Terms of Use &
                    Privacy Policy. Welcome to Kalkine Media Limited website. Your website access and usage is governed by the
                    applicable Terms of Use &
                    Privacy Policy. Welcome to Kalkine Media Limited website. Your website access and usage is governed by the
                    applicable Terms of Use &
                    Privacy Policy. Welcome to Kalkine Media Limited website. Your website access and usage is governed by the
                    applicable Terms of Use &
                    Privacy Policy. Welcome to Kalkine Media Limited website. Your website access and usage is governed by the
                    applicable Terms of Use
                    & Privacy Policy. Welcome to Kalkine Media Limited website. Your website access and usage is governed by the
                    applicable Terms of Use &
                    Privacy Policy. Welcome to Kalkine Media Limited website. Your website access and usage is governed by the
                    applicable Terms of Use &
                    Privacy Policy. Welcome to Kalkine Media Limited website. Your website access and usage is governed by the
                    applicable Terms of Use &
                    Privacy Policy. Welcome to Kalkine Media Limited website. Your website access and usage is governed by the
                    applicable Terms of Use &
                    Privacy Policy. Welcome to Kalkine Media Limited website. Your website access and usage is governed by the
                    applicable Terms of Use &
                    Privacy Policy. مرحبًا بكم في موقع Kalkine Media Limited. يخضع الوصول إلى موقع الويب الخاص بك واستخدامه لما هو معمول
                    بهشروط الاستخدام & سياسة الخصوصية. Bienvenue sur le site Web de Kalkine Media Limited. L'accès et l'utilisation de votre site Web sont
                    régis par les Conditions
                        d'utilisation & Politique
                        de confidentialité. Bienvenido al sitio web de Kalkine Media Limited. El acceso y el uso de su sitio web se rigen por
                    los Términos de uso y Política de privacidad. Willkommen auf der Website von Kalkine Media Limited. Der Zugriff und die Nutzung Ihrer Website
                    unterliegen den geltenden Nutzungsbedingungen & Datenschutzerklärung. Willkommen auf der Website von Kalkine Media Limited. Der Zugriff und die Nutzung Ihrer Website
                    unterliegen den geltenden Nutzungsbedingungen & Datenschutzerklärung.",https://kalkinemedia.com/us/stocks/oil-gas/why-is-exxon-mobil-nysexom-climbing-as-crude-surges
XOM,"Why Are BATL, TPET, XOM, CVX, USO, UCO Stocks Rising Overnight? - Stocktwits",2026-10-09 02:08:59,"Shares of multiple oil companies and oil exchange-traded funds climbed overnight late Sunday after Brent crude prices rose above $90 a barrel amid escalating tensions between the U.S. and Iran. Mohamed El-Erian, Chief Economic Advisor at Allianz, noted on X late Sunday, “Responding to this weekend's US-Iran escalation, Brent crude is currently above $90 a barrel in Asian trading.” WTI crude futures expiring in August also rose more than 2% to $84.33 per barrel. As a result, oil companies Battalion Oil Corp. (BATL) and Trio Petroleum Corp. (TPET) rose more than 7% and by over 8% in the overnight session. Oil majors Exxon Mobil Corp. (XOM) and Chevron Corp. (CVX) also rose about 1% each. Meanwhile, the United States Oil Fund (USO), which tracks the daily price movements of West Texas Intermediate (WTI), climbed more than 2% at the time of writing, while ProShares Ultra Bloomberg Crude Oil (UCO) rallied more than 3%. The Light, Sweet Crude Oil Futures (CL_F) were also 2% higher. Oil prices soared back up as tensions between the U.S. and Iran escalated over the weekend after the American military launched a ninth consecutive night of attacks on the Middle Eastern country. “CENTCOM began conducting a new wave of strikes against Iran at 7 p.m. ET today for the ninth consecutive night. The strikes will continue degrading Iranian military capabilities used to attack commercial vessels and civilian mariners transiting the Strait of Hormuz,” the U.S. Central Command said in a post on X. Over the weekend, CENTCOM confirmed that a third U.S. service member had died following recent fighting in the Middle East. The military had initially reported two fatalities and one service member missing after an Iranian attack in Jordan on July 17 before later confirming the third death. Meanwhile, Iran Deputy Foreign Minister Kazem Gharibabadi condemned the U.S. strike on the under-construction Darquoin power plant, calling it a dangerous attack on Iran's civilian infrastructure. In a post on X, he said the strike made Washington fully responsible for the resulting instability and warned that Iran would take appropriate measures to safeguard its national security and interests. ""The longer the Strait remains closed and the war escalates the greater ​the risk that oil prices will have to rise to around $150/barrel to bring demand down to match the hit to supply,"" Shane Oliver, Head of Investment Strategy and Chief Economist, at AMP reportedly told Reuters, adding that ""This is not our base case but it's a high risk again."" Meanwhile, Garfield Reynolds, MLIV Asia team leader at Bloomberg, reportedly said the widening spread between Brent crude and WTI reflects growing concerns that an escalation in the U.S.-Iran conflict could disrupt global energy supplies, though the gap remains narrow enough that equity markets have largely shrugged off the risk compared with the early stages of the war. Analyst Patrick De Haan said on X that rising oil prices would likely send gas prices higher in the U.S. in the coming week. “Brent crude oil up ~3% reaching $90/bbl, while WTI crude up ~2% to nearly $85/bbl. RBOB up 5c/gal, national average gas price will hit $4/gal either tomorrow or Tuesday, likely to see increases ahead for most states!” he said. On Stocktwits, retail sentiment around BATL stock slipped from ‘extremely bullish’ to ‘bullish’ over 24 hours while it was in the ‘neutral’ territory for TPET. XOM and CVX stocks were trending in the ‘bullish’ territory at the time of writing. Sentiment for USO and UCO stocks, meanwhile, was in the ‘extremely bullish’ and ‘bearish’ territories, respectively. One bullish user on Stocktwits said, “$USO $BATL I'm not selling, no matter what."" BATL stock is up more than 46% this year, while TPET has declined nearly 60% in the same time. XOM and CVX have gained more than 20% each in 2026. USO and UCO have surged nearly 80% and 113% year-to-date. For updates and corrections, email newsroom[at]stocktwits[dot]com. Comments posted here will also appear on symbol pages. Advanced Micro Devices appears to have secured, or is close to securing, Claude developer Anthropic as a chip customer, with speculation swirling online after a senior executive referenced the AI startup in code published on GitHub. AMD shares rose 1.3% in the overnight session late Sunday. A YAML code file from an unnamed AMD senior director listed Anthropic as a “customer,” chip news site SemiAnalysis reported on Sunday. SemiAnalysis said Anthropic was assigned the maximum 30 “priority boost points,” placing it alongside existing hyperscale customers such as Meta – fueling speculation that AMD could formally announce a partnership with the AI startup at its flagship Advancing AI conference next week. “Note that Anthropic is still in the evaluation phase, and if AMD doesn’t announce Anthropic at its upcoming Advancing AI conference, that means @AnushElangovan’s FDE team has yet to address all of Anthropic’s concerns regarding software quality, and further improvement will be needed,” SemiAnalysis wrote. Meanwhile, Anthropic has reportedly been hiring engineers with ROCm experience (AMD’s AI software stack), suggesting it is preparing to further diversify its computing infrastructure, Jefferies analyst Blayne Curtis said in a recent note. Anthropic is not a publicly confirmed AMD customer. The AI startup has publicly said it trains and serves Claude using a mix of Nvidia GPUs, Amazon’s Trainium chips, and Google’s TPUs, with Amazon remaining its primary cloud and training partner. The AMD Advancing AI 2026 conference will run over Wednesday and Thursday at the Moscone Center in San Francisco. The company is expected to focus its announcements around AI infrastructure, new silicon-to-software pipelines, and enterprise-tier development. On Stocktwits, retail sentiment for AMD remained ‘bullish,’ unchanged from the previous day, with traders noting speculation that Anthropic is becoming an AMD customer. “The recent market bloodbath just flushed $AMD from its 584 peak to the 490s. Daily RSI is screaming deep oversold in the 29-34 range. This is exactly what an extreme discount looks like,” a trader wrote. “The massive ‘Advancing AI’ event drops July 22-23 with the 2nm Zen 6 and Helios platform. This killer catalyst will likely torch the shorts, triggering a violent rebound off the $478 hard support next week,” they said. AMD stock has declined for three days straight, losing 16%, but remains 132% higher year to date. The chipmaker will report its second-quarter results on Aug. 4. For updates and corrections, email newsroom[at]stocktwits[dot]com. Editor's note: An earlier version of this story misattributed a GitHub file listing Anthropic as a customer. SemiAnalysis said an unnamed AMD senior director posted it, not Vice President Anush Elangovan. Read Next: MU, SNDK, CRWV, IREN Stocks Climb After Brutal Week: Retail Bets On Memory, Neocloud Rebound Comments posted here will also appear on symbol pages. AtaiBeckley (ATAI), Palo Alto Networks (PANW) and Travelers Companies (TRV), all reached 52-week highs on Friday as investors moved away from vulnerable areas of the technology sector and toward companies backed by stronger fundamentals, with capital flowing into businesses with clearer growth catalysts, essential services and proven earnings power. Atai Life Sciences and Palo Alto Networks stocks ended the session 0.9% and 1% higher, while Travelers Companies stock climbed 9%. AtaiBeckley stock reached a four-year high of $7.22 on Friday, as its psychedelic medicine business gained momentum after a multibillion-dollar acquisition agreement reshaped investor expectations for the sector. The rally followed Eli Lilly and Co. (LLY )'s July 16 announcement of a deal to acquire AtaiBeckley for $6.75 per share in upfront cash, valued at up to $3.8 billion, including milestone-based payments. The transaction pushed psychedelic treatments closer to mainstream pharmaceutical acceptance as investors viewed the acquisition as a sign of confidence from a major drugmaker. The deal centers on AtaiBeckley’s experimental therapies, including BPL-003 and VLS-01. BPL-003, an intranasal formulation based on 5-MeO-DMT, is being developed for treatment-resistant depression and has received FDA Breakthrough Therapy Designation. On Stocktwits, retail sentiment around the stock remained in ‘extremely bullish’ territory. Palo Alto Networks stock touched a record high of $368.80 as investors showed confidence in its cybersecurity business. Demand increased for Palo Alto’s security platforms, including Cortex and XSIAM, as companies prioritized protecting their digital systems from growing AI threats. Capital One upgraded the stock to “Overweight” from “Equalweight” and increased its price target to $421 from $307. The firm expects the cybersecurity company to benefit from growing demand for AI infrastructure, rising cyber threats, a spike in security spending and the need to protect new AI systems. Retail sentiment around the stock remained in ‘bearish’ territory. The Travelers Companies stock also reached a record high of $370.43 after reporting stronger-than-expected fiscal second-quarter results. The insurer posted earnings of $10.04 per share, while revenue reached $12.15 billion, both exceeding the analysts’ consensus estimates of $5.39 and $10.98 billion, respectively, according to Fiscal AI data. Travelers improved its combined ratio to 83.6% from 90.3% last year, showing stronger underwriting performance. Investor sentiment toward the stock remained positive. So far this year, TRV, ATAI, and PANW stocks have gained between 26% and 94%. Also See: Why Retail Traders Couldn’t Take Their Eyes Off These Stocks Last Week: IBM, PYPL, TSM, NOK, SPCX For updates and corrections, email newsroom[at]stocktwits[dot]com. Comments posted here will also appear on symbol pages. Shares of Netflix Inc. (NFLX), Oracle Corp. (ORCL) and SpaceX (SPCX) fell to annual lows last week amid concerns around future growth, mounting debt, and a post-IPO profit-taking scenario. NFLX stock fell more than 7% at close on Friday as investors continued to react negatively to the company’s latest earnings outlook. ORCL declined to a 52-week low before reversing to close up 1.77%. SPCX stock extended two consecutive weeks of losses to close down more than 5%. NFLX stock fell to a yearly low of $65.08, about 45% down from its 12-month high, as the streaming giant’s weaker-than-expected outlook for the third quarter deepened investor concerns about its future growth. The company forecast third-quarter earnings of $0.82 per share on $12.86 billion in revenue, slightly below analysts' expectations. However, during the earnings call, CFO Spencer Neumann said quarterly growth may appear uneven due to tougher comparisons with last year, stressing that Netflix remains focused on full-year performance. He expects third-quarter revenue to rise about 12%, driven by subscriber growth, selective price hikes and expanding advertising revenue. Netflix also narrowed its 2026 revenue guidance to $51 billion to $51.4 billion. Meanwhile, veteran investor Michael Burry said last week that he is on the fence about whether Netflix produces content “that is long-lasting, watchable on repeat, across generations.” Drawing comparisons with peers Disney and Pixar, he said the rivals “produce evergreen content,” raising questions about whether Netflix’s content can generate similar long-term value. NFLX stock is down more than 24% this year even as retail sentiment remains ‘extremely bullish’ on Stocktwits. ORCL stock fell to a 52-week low of $121.50 on Friday, although the company’s shares recovered to close in the green. Oracle has been on the receiving end of criticism for its aggressive spending on cloud infrastructure and rapidly growing debt. The company recently said that it plans to spend up to $95 billion in capital expenditures in fiscal 2027 and raise $40 billion through debt and equity. This has fueled worries about rising leverage and negative free cash flow. Those concerns intensified after S&P Global downgraded Oracle's credit rating to BBB-, citing its reliance on a handful of large customers, including OpenAI. The company has also been weighed down by growing uncertainty around OpenAI's business prospects, raising questions about Oracle's AI-driven growth strategy. ORCL stock is down more than 35% this year. Despite the worries, retail sentiment on Stocktwits was ‘extremely bullish’ at the time of writing as users see the dip as an opportunity. SPCX stock fell to an all-time low of $122.12, dipping further below its IPO price of $135. Elon Musk’s aerospace company, which made its historic debut on Wall Street last month, declined for a sixth-straight session. SpaceX has seen heavy selling following its aggressive capital-raising plans. Meanwhile, last week the company scrubbed the latest launch of its Starship mega rocket due to technical glitches. Musk said in a post on X that the launch was automatically aborted after some of the engines failed to ignite. In a separate post, he said SpaceX plans to replace two Raptor engines before making another launch attempt, which is most likely to take place early next week. The test flight was intended to mark the debut of an upgraded version of Starship designed to support future Starlink deployments and NASA's lunar missions. According to a Reuters report, SpaceX is now targeting July 23 for its next launch attempt. SPCX stock is down nearly 23% since its debut, with retail sentiment on Stocktwits ‘bearish’ at the time of writing. For updates and corrections, email newsroom[at]stocktwits[dot]com. Comments posted here will also appear on symbol pages. Shares of Sellas Life Sciences (SLS) jumped 3% overnight late Monday as retail traders bet that the final acute myeloid leukemia (AML) readout could turn this week’s Fox appearance into a launchpad for Big Pharma interest. SLS stock surged 12% on Friday to close at $13.19, capping a 3% weekly gain. The speculation is related to Sellas’ Phase 3 Regal trial of galinpepimut-S (GPS) in AML. The study is nearing the 80th event required to trigger its final analysis. Retail sentiment on Stocktwits sllipped to ‘neutral’ from ‘bullish’ levels a week ago amid a 12% rise in 24-hour message volumes. However, watchers for the stock have risen nearly 5% in a month. One trader called CEO Angelos Stergiou’s media strategy a “masterclass in forcing a Big Pharma decision,” saying that the period between the 80th event and topline data could trap short sellers. “We aren't waiting for a buyout—we’re manufacturing the conditions that make a bidding war inevitable,” the user said. Another investor expects Sellas to announce the topline results around Stergiou’s Fox appearance, while projecting a surge in the stock and a bidding war.  A third user said Stergiou had spent more than five years protecting Regal and would not risk the program for “30 minutes of television fame,” adding: “The timeline is compressed because the destination is set.” Other traders predicted that Stergiou would discuss the company’s two flagship drugs and the path to topline data. Several named Johnson & Johnson, Merck, Pfizer, AbbVie, Eli Lilly, and Bristol Myers as possible bidders. “One thing is for sure, JnJ will be watching Fox News,” another user said, citing LinkedIn activity. Stergiou said on LinkedIn last week that he would return to Fox & Friends after a recent discussion with host Brian Kilmeade about the future of AI-powered cancer vaccines. He said that the segment’s date and time were still being finalized, adding that the discussion would cover Sellas’ clinical programs and efforts to advance more personalized cancer care through GPS and SLS009 (the company’s second clinical-stage drug candidate). Meanwhile, retail takeover speculation has intensified as the market value swelled from about $73 million at the start of 2024 to more than $1.5 billion by mid-2026, with Regal nearing completion. Investors have pointed to Stergiou’s previous references to “strategic partners,” changes to executive change-of-control benefits and the potential commercial value of GPS and SLS009 (the second drug). Regal is a Phase 3 study evaluating GPS in AML patients who have entered a second complete remission. The trial had reached 78 of the 80 events required to trigger its final analysis. Sellas has said that the study would be considered successful if GPS extends median overall survival to 12.6 months, compared with eight months for best available therapy. Stergiou previously said the company would announce the 80th event and then enter a formal quiet period until topline results are available. He has also pushed back against claims that the slower event rate necessarily means patients in the control arm are surviving longer. Since Sellas remains blinded, neither the company nor investors know which arm is responsible for the slower accumulation of events. The CEO has also rejected calls to stop the trial at 78 events, saying, “Events are our statistical currency,” and warning that an early halt could create regulatory concerns and timing bias. For updates and corrections, email newsroom[at]stocktwits[dot]com. Read Next: TSLA Stock Rises Overnight On Germany Ramp Ahead Of Q2: Analyst Sees 10% Delivery Jump This Year, Improving Margins Comments posted here will also appear on symbol pages. Shares of Trump Media & Technology Group Corp. (DJT) are on track to clock their best month since April 2025 amid a series of fresh catalysts for the media company. DJT stock is up nearly 25% in July so far, posting four consecutive days in the green last week. The surge comes largely amid the July 4 launch of the Trump Accounts mobile app, which gives millions of Americans easy access to manage their children's investments. The app, which has been built by Bank of New York Mellon (BNY) and Robinhood Markets Inc. (HOOD), is available on Apple and Google app stores. As per the latest data, over 6.5 million families have signed up, including more than 1.5 million children eligible for the $1,000 pilot contribution from the government. The president’s media company also made a series of other announcements that boosted sentiment. Earlier this month, the company said it is on track to complete its planned merger with TAE Technologies by the fourth quarter of 2026 or earlier, while abandoning plans to spin off TMTG's media assets. The combined company's board said that it will evaluate future strategic options after the deal closes. Last week, the company unveiled plans to launch a paid service to provide customers real-time access to Truth Social posts from major accounts, including U.S. President Donald Trump’s, although it did not explicitly mention the president. In a statement last Thursday, DJT said that it will launch Truth API, a new business-to-business data feed, expected to become available to institutional customers from Aug. 1. Over the weekend, Trump Media also said it had settled all legal claims with former CEO Patrick Orlando, and ARC Global Investments II LLC in a confidential settlement agreement. The dispute primarily revolved around control of the merger, share allocation and allegations that Trump Media improperly accessed ARC Global's confidential files during the de-SPAC merger. On Stocktwits, retail sentiment around DJT stock was ‘neutral’ at the time of writing amid ‘high’ message volumes. One user said, “$DJT double digits tomorrow. Mark my post.” Shares of the company were trading around $9.61 at the time of writing. For updates and corrections, email newsroom[at]stocktwits[dot]com. Comments posted here will also appear on symbol pages. These cookies are necessary for the website to function and cannot be switched off in our systems. They are usually only set in response to actions made by you which amount to a request for services, such as setting your privacy preferences, logging in or filling in forms. You can set your browser to block or alert you about these cookies, but some parts of the site will not then work. These cookies do not store any personally identifiable information. As a California consumer, you have the right to opt-out from the sale or sharing of your personal information at any time across business platform, services, businesses and devices. You can opt-out of the sale and sharing of your personal information by using this toggle switch. As a Virginia, Utah, Colorado and Connecticut consumer, you have the right to opt-out from the sale of your personal data and the processing of your personal data for targeted advertising. You can opt-out of the sale of your personal data and targeted advertising by using this toggle switch. For more information on your rights as a United States consumer see our privacy notice. These cookies allow us to count visits and traffic sources so we can measure and improve the performance of our site. They help us to know which pages are the most and least popular and see how visitors move around the site. All information these cookies collect is aggregated and therefore anonymous. If you do not allow these cookies we will not know when you have visited our site, and will not be able to monitor its performance. These cookies may be set through our site by our advertising partners. They may be used by those companies to build a profile of your interests and show you relevant adverts on other sites. They do not store directly personal information, but are based on uniquely identifying your browser and internet device. If you do not allow these cookies, you will experience less targeted advertising.",https://stocktwits.com/news-articles/markets/equity/why-are-batl-tpet-xom-cvx-uso-uco-stocks-rising-overnight/cZZLqW1R7Mp
XOM,"ExxonMobil Holdings Corporation (XOM) stock price, news, quote and history - Yahoo Finance Australia",2026-10-09 01:48:39,"Tip: Try a valid symbol or a specific company name for relevant results ExxonMobil Holdings Corporation engages in the exploration and production of crude oil and natural gas in the United States, Canada, and internationally. The company operates through Upstream, Energy Products, Chemical Products, and Specialty Products segments. Its Upstream segment explores for and produces crude oil and natural gas. The Energy Products segment offers fuels, aromatics, and catalysts, as well as licensing services. Its Chemical Products segment manufactures and sells olefins, polyolefins, and intermediates. The Specialty Products segment offers finished lubricants, basestocks, waxes, synthetics, elastomers, and resins. It is also involved in the manufacture, trade, transport, and sale of crude oil, natural gas, petroleum products, petrochemicals, and other specialty products; and pursuit of lower-emission and business opportunities, including carbon capture and storage, hydrogen, lower-emission fuels, Proxxima resin systems, carbon materials, low-carbon data center, and lithium. In addition, the company offers aviation fuel. It sells its products under the Exxon, Esso, and Mobil brands. The company was formerly known as Exxon Mobil Corporation and changed its name to ExxonMobil Holdings Corporation in July 2026. ExxonMobil Holdings Corporation was founded in 1870 and is headquartered in Spring, Texas. Residents in West Texas describe noise, odors and health concerns from a gas flare operating near their homes as oil producers face scrutiny over pollution and their commitments to curb emissions. Oil giants including ExxonMobil, Occidental Petroleum and others have pledged to reduce or eliminate the flaring practice, but a new investigation by Bloomberg News and The Examination found persistent flames at sites tied to companies participating in the World Bank's Zero Routine Flaring initiative. For more, we speak with Ben Elgin, Bloomberg News ESG Reporter & Will Evans, Senior Reporter for The Examination. Trailing total returns as of 09/10/2026, which may include dividends or other distributions. Benchmark is S&P 500 (^GSPC)  . Select to analyse similar companies using key performance metrics; select up to four stocks. Tip: Try a valid symbol or a specific company name for relevant results",https://au.finance.yahoo.com/quote/XOM/
XOM,ExxonMobil (NYSE:XOM) Shares Up 2.7% - What's Next? - MarketBeat,2026-10-08 21:52:33,"ExxonMobil Corporation (NYSE:XOM - Get Free Report) rose 2.7% during mid-day trading on Thursday. The company traded as high as $169.19 and last traded at $168.4810. 13,282,133 shares traded hands during mid-day trading, a decline of 27% from the average daily volume of 18,174,777 shares. The stock had previously closed at $164.05. Here are the key news stories impacting ExxonMobil this week: A number of equities analysts recently weighed in on XOM shares. Jefferies Financial Group lifted their target price on shares of ExxonMobil from $184.00 to $200.00 and gave the stock a ""buy"" rating in a research note on Monday, August 17th. Piper Sandler lifted their price objective on ExxonMobil from $158.00 to $185.00 and gave the stock a ""neutral"" rating in a research report on Thursday, September 3rd. UBS Group set a $172.00 target price on ExxonMobil in a research report on Friday, September 25th. HSBC reiterated a ""hold"" rating and issued a $90.00 target price on shares of ExxonMobil in a report on Friday, September 25th. Finally, Barclays reduced their price objective on shares of ExxonMobil from $182.00 to $177.00 and set an ""overweight"" rating for the company in a research report on Monday, August 17th. Eleven analysts have rated the stock with a Buy rating and fourteen have assigned  a Hold rating to the stock. Based on data from MarketBeat.com, the stock currently has a consensus rating of ""Hold"" and a consensus target price of $164.78. The company has a market cap of $698.35 billion, a P/E ratio of 21.68, a price-to-earnings-growth ratio of 0.97 and a beta of 0.21. The company has a debt-to-equity ratio of 0.12, a current ratio of 1.13 and a quick ratio of 0.85. The stock has a fifty day moving average price of $161.17 and a two-hundred day moving average price of $154.06. ExxonMobil (NYSE:XOM - Get Free Report) last announced its quarterly earnings results on Friday, July 31st. The oil and gas company reported $3.52 earnings per share (EPS) for the quarter, missing the consensus estimate of $3.56 by ($0.04). ExxonMobil had a return on equity of 13.14% and a net margin of 8.88%.The company had revenue of $114.53 billion for the quarter, compared to the consensus estimate of $109.94 billion. During the same quarter last year, the company posted $1.64 EPS.  On average, research analysts expect that  ExxonMobil Corporation will post 12.4 EPS for the current year. The company also recently announced a quarterly dividend, which was paid on Thursday, September 10th. Stockholders of record on Monday, August 17th were issued a $1.03 dividend. The ex-dividend date was Monday, August 17th. This represents a $4.12 annualized dividend and a dividend yield of 2.4%. ExxonMobil's dividend payout ratio  is currently 53.02%. A number of institutional investors have recently added to or reduced their stakes in the company. Avant Capital LLC raised its holdings in ExxonMobil by 0.6% in the 2nd quarter. Avant Capital LLC now owns 11,182 shares of the oil and gas company's stock valued at $1,529,000 after acquiring an additional 65 shares during the last quarter.  Impact Partnership Wealth LLC boosted its holdings in shares of ExxonMobil by 0.6% during the first quarter. Impact Partnership Wealth LLC now owns 12,017 shares of the oil and gas company's stock worth $2,039,000 after purchasing an additional 67 shares during the last quarter.  Cardinal Strategic Wealth Guidance grew its position in shares of ExxonMobil by 1.9% in the first quarter. Cardinal Strategic Wealth Guidance now owns 3,720 shares of the oil and gas company's stock valued at $631,000 after purchasing an additional 68 shares during the period.  Core Wealth Advisors Inc. increased its stake in ExxonMobil by 1.0% in the first quarter. Core Wealth Advisors Inc. now owns 6,805 shares of the oil and gas company's stock valued at $1,155,000 after purchasing an additional 68 shares during the last quarter.  Finally, Swisher Financial Concepts Inc. lifted its position in ExxonMobil by 0.3% during the first quarter. Swisher Financial Concepts Inc. now owns 27,402 shares of the oil and gas company's stock worth $4,649,000 after buying an additional 69 shares during the period. 61.80% of the stock is owned by institutional investors. Exxon Mobil Corporation, commonly known as ExxonMobil, is an integrated energy company engaged in the exploration, development, production and sale of crude oil and natural gas. The company also manufactures and markets fuels, lubricants, petrochemicals and specialty products used in transportation, industrial and consumer applications. ExxonMobil operates across the energy value chain through businesses that include upstream oil and natural gas production, refining and fuels marketing, chemical manufacturing, and lower-carbon solutions. This instant news alert was generated by narrative science technology and financial data from MarketBeat in order to provide readers with the fastest reporting and unbiased coverage. Please send any questions or comments about this story to contact@marketbeat.com. Before you consider ExxonMobil, you'll want to hear this. MarketBeat keeps track of Wall Street's top-rated and best performing research analysts and the stocks they recommend to their clients on a daily basis. MarketBeat has identified the five stocks that top analysts are quietly whispering to their clients to buy now before the broader market catches on... and ExxonMobil wasn't on the list. While ExxonMobil currently has a Hold rating among analysts, top-rated analysts believe these five stocks are better buys. With the proliferation of data centers and electric vehicles, the electric grid will only get more strained. Download this report to learn how energy stocks can play a role in your portfolio as the global demand for energy continues to grow. Sign up for MarketBeat All Access to gain access to MarketBeat's full suite of research tools and reports. 345 N Reid Place, Suite 620, Sioux Falls, SD 57103
                                        
                                        contact@marketbeat.com
                                        
                                        (844) 978-6257 © MarketBeat Media, LLC 2010-2026. All rights reserved. © 2026   Fair market value prices are updated every minute and are provided by Massive. Other market data provided is at least 10-minutes delayed and hosted by Barchart Solutions.  Information is provided 'as-is' and solely for informational purposes, not for trading purposes or advice, and is delayed. To see all exchange delays and terms of use please see Barchart's disclaimer.",https://www.marketbeat.com/instant-alerts/price-exxonmobil-nyse-xom-shares-up-27-whats-next-2026-10-08/
XOM,"ExxonMobil Holdings Corp (XOM) Stock Price, Trades & News - GuruFocus",2026-10-08 21:49:40,"This website is using a security service to protect itself from online attacks. The action you just performed triggered the security solution. There are several actions that could trigger this block including submitting a certain word or phrase, a SQL command or malformed data. You can email the site owner to let them know you were blocked. Please include what you were doing when this page came up and the Cloudflare Ray ID found at the bottom of this page. Cloudflare Ray ID: a4828547d900f13a
•

        Your IP:
        Click to reveal
172.212.172.243
•

Performance & security by Cloudflare",https://www.gurufocus.com/stock/XOM/summary?ref=etf-sectors&mobile
XOM,"BATL, CVX, XOM Stocks Rise As Brent Crude Tops $100 – Trump Threatens Iran With 'Major Military Punishment' After Houthi Attack On Saudi Ships - Stocktwits",2026-10-08 21:33:13,"Shares of oil producers, including Battalion Oil (BATL), Exxon Mobil (XOM), and Chevron (CVX), along with major energy exchange-traded funds, climbed in early trading on Thursday as crude prices rallied to their highest levels in more than a month. Brent crude extended gains for a fifth straight session after Yemen-based Houthi militants said they had struck two Saudi oil tankers in the Red Sea using missiles and drones, according to a Bloomberg report on Thursday. The attack heightened concerns that disruptions to global energy supplies could spread beyond the strategically important Strait of Hormuz. At the time of writing, Brent futures for September 2026 deliveries surged more than 6% to $100.46 per barrel while West Texas Intermediate (WTI) contracts expiring in September traded 5.4% higher at $91.48 a barrel. Brent futures crossed the triple-digit mark for the first time since May 26, 2026. “The immediate ​outlook for crude oil remains supportive as markets price a worrying probability of supply interruptions in ⁠a second chokepoint,” Pepperstone research strategist Ahmad Assiri told Reuters on Thursday. In response to the Houthi strikes, U.S. President Donald Trump warned that Iran would face significant military consequences. “Please let this TRUTH serve to represent that if they do this again, the U.S. will hold Iran responsible, in that the Houthis are a Surrogate and/or Proxy of Iran, and major military punishment will be inflicted upon Iran and, of course, the Houthis, themselves, who I am very disappointed with in that they have, until now, acted very professionally and smart,” Trump said in a Truth Social post on Thursday. Shares of oil majors Chevron (CVX) and Exxon (XOM) climbed over 2% each, Occidental Petroleum Corp (OXY) gained 1.9%, while Battalion Oil (BATL) surged over 9%. Meanwhile, retail sentiment for major ETFs tracking oil, including ProShares Ultra Bloomberg Crude Oil (UCO) and United States Oil Fund (USO), trended in the ‘bullish’ territory over the past 24 hours. Also read: Eli Lilly Moves Closer To Another Weight-Loss Drug: Retatrutide Clears Two More Phase 3 Trials Ahead Of FDA Filing For updates and corrections, email newsroom[at]stocktwits[dot]com. Comments posted here will also appear on symbol pages. Crypto-linked equities moved lower in early morning trade on Thursday, tracking the broader sell-off in the stock market and weakness in Bitcoin (BTC). Bitcoin's price dipped around 1% in the last 24 hours, attempting to keep above the $65,000 mark. On Stockwits, retail sentiment around the apex cryptocurrency remained in 'bullish' territory over the past day. Among large-cap crypto equities, BitMine Immersion Technologies (BMNR) led losses, falling more than 2.4% in pre-market trade. Michael Saylor-backed Strategy (MSTR) slipped over 2%, followed by Circle Internet Group (CRCL), Robinhood (HOOD), Block (XYZ), Coinbase (COIN), and Riot Platforms (RIOT). Hut 8 (HUT) bucked the broader trend, rising more than 2% after receiving fresh bullish coverage from Morgan Stanley. COIN’s stock fell over 2% in pre-market trading after Citi lowered its price target to $235 from $400, while maintaining a 'Buy' rating. Retail sentiment on Stocktwits around the Brian Armstrong-led enterprise remained in ‘bullish’ territory over the past day. Citi reduced its earnings estimates ahead of Coinbase's second-quarter (Q2) results, saying the quarter is likely to represent a cyclical low for trading activity, with spot volumes expected to reach a two-year low. The bank also hedged to state that Coinbase currently trades near ""trough-cycle multiples"" and said the company's subscription and services business continues to provide ""durable earnings support."" Meanwhile, Jack Dorsey-led XYZ stock also slipped roughly 1%, despite receiving a higher price target from KeyBanc. The brokerage raised its target to $105 from $100 while reiterating an 'Overweight' rating. It stated the company continues to emerge as ""a leader in the shift to an AI-native organization."" KeyBanc expects Block to beat consensus estimates for gross profit and adjusted operating income in the second quarter (Q2), supported by continued momentum in its Square business and healthy Cash App engagement. Morgan Stanley initiated coverage of Riot Platforms and Hut 8 with 'Overweight' ratings and price targets of $36 and $263, respectively. While HUT’s stock gained, RIOT’s stock fell nearly 1% in pre-market trade. Retail sentiment on Stockwits around HUT improved to ‘extremely bullish’ from ‘bullish’ territory over the past day. Meanwhile, sentiment around RIOT flipped to ‘bullish’ from the ‘bearish’ zone. The firm also launched coverage on additional Bitcoin miners turned high-performance computing companies, referring to the group as ""powered shell providers"" (PSPs). Despite the recent sell-off across the sector, Morgan Stanley said it remains optimistic, stating that recent agreements with hyperscale cloud providers demonstrate ""highly attractive terms."" The firm added that ""now is the time to buy these stocks,"" saying the recent correction is ""at odds with the lucrative transactions into which these companies sign."" Read also: GEV Stock Drops On Q2 Earnings Miss – CEO Raises Guidance, Says Data Center Orders Have Already Doubled 2025 Total For updates and corrections, email newsroom[at]stocktwits[dot]com Comments posted here will also appear on symbol pages. American Airlines (AAL) shares fell in early morning trade on Thursday after the carrier warned that a surge in fuel costs tied to the conflict in Iran would weigh heavily on profits for the rest of the year, overshadowing a second-quarter earnings beat and record quarterly revenue. AAL stock declined over 4% in pre-market trade after the airline said fuel expense surged by more than $2.2 billion, marking an increase of 83% year over year, during the second quarter (Q2). The company said it recovered only about half of those higher costs through increased fares. The sharp increase in fuel expenses has been driven by higher oil and jet fuel prices following the ongoing conflict involving Iran. Looking ahead, the company expects the pressure to continue. Based on the forward fuel curve as of July 21, American forecasts that third-quarter (Q3) fuel expenses will increase by another $1.7 billion from a year earlier. The outlook prompted the airline to significantly lower its third-quarter (Q3) and full-year guidance. The company now expects 2026 adjusted earnings to range between a loss of $0.65 per share and a profit of $0.65 per share for the full year, compared with previous guidance for a range of an adjusted loss of $0.40 to adjusted earnings of $1.10 per share. For the third quarter (Q3), it said it expects revenue to grow between 16% and 19%, but projected an adjusted loss of $0.10 to $0.70 per share, well below analysts' expectations for a profit of roughly $0.26 per share, as per Koyfin. Despite the weaker outlook, American delivered a stronger-than-expected second quarter. The airline reported record quarterly revenue of $16.7 billion, up 16.3% from a year ago and slightly ahead of Wall Street expectations of $16.69 billion, according to Koyfin. Adjusted earnings came in at $0.15 per share, topping analysts' consensus estimate of $0.05. CEO Robert Isom credited the results to the company's strategy of improving customer experience, expanding its network, growing premium offerings, and strengthening its loyalty business. ""Revenue growth was strong across all entities and cabins, with premium, Main Cabin, domestic, and international all up meaningfully year over year,"" Isom said, adding that he remains optimistic about demand through the rest of 2026 and into 2027. AAL stock was among the top trending tickers on Stockwits at the time of writing. Retail sentiment around the company improved from 'bearish' to 'bullish' over the past day, while message volume climbed about 73%. Some traders on the platform questioned the company's ability to navigate higher fuel prices. One user argued that AAL’s decision not to hedge fuel leaves it more exposed than competitors such as Delta, suggesting the stock could revisit last October's lows if elevated crack spreads continue to pressure jet fuel prices. Another trader stated that rising oil prices could push the shares below $10 if fuel costs remain elevated. AAL’s stock has fallen nearly 4% this year, but clocked a gain of nearly 20% in the last 12 months. Read also: Cathie Wood Adds More SPCX Stock With Elon Musk’s SpaceX Hitting Fresh Record Lows For updates and corrections, email newsroom[at]stocktwits[dot]com Comments posted here will also appear on symbol pages. An exchange that helped define modern crypto derivatives is closing its doors soon. BitMEX, the crypto derivatives exchange co-founded by Arthur Hayes in 2014 that introduced perpetual swaps and 100x leverage trading, will cease operations in September, following a strategic review by its owner, HDR Global Trading Limited. The news sent BitMEX's native token, BMEX, plunging over 90% on Thursday. This move comes at a time when decentralized perpetual exchanges led by Hyperliquid (HYPE) continue to chip away at centralized rivals’ market share. The exchange announced that it will shut down on September 23¯. The company framed the closure as an end of a chapter rather than a distressed exit, saying in its statement that“It may not look the same today, but we are proud of our 11+ year legacy and the role we played in shaping the crypto industry. Registration for new users is no longer being accepted. Starting August 26, users will only be able to reduce existing positions, not take new trades. Any positions not closed by the September 23 deadline will be forcibly liquidated. BitMEX said user assets remained fully secure and under customer control during the wind-down, but know-your-customer (KYC)- verified users who do not withdraw in time will be charged an account management fee. BMEX’s price crashed by over 90% when news of its closure broke. Its market cap stands at roughly $4.9 thousand. On Stocktwits, the retail sentiment around BMEX remained in the ‘extremely bullish’ zone, while chatter around it stayed at ‘extremely high’ levels over the past day. BitMEX created the 100x-leverage perpetual swap in 2014, which became the most-traded product in crypto and was later adopted by the industry. The exchange claimed that it has not lost a single customer dollar to hacks in its 11 years of service, a security record that runs counter to its legal past. In 2022, BitMEX and its three co-founders, Hayes, Ben Delo, and Samuel Reed, pleaded guilty to violations of the Bank Secrecy Act for failing to maintain an anti-money laundering (AML) program, paying a combined $30 million in Commodity Futures Trading Commission (CFTC) penalties. President Trump pardoned all three founders in March 2025, wiping away their convictions just about a year before the exchange’s own shutdown announcement. BitMEX’s shutdown also comes amidst a broader market-structure shift. Perpetuals on centralized exchanges (CEX) dropped 10% to $12.7 trillion in volume in the second quarter of 2026, according to CoinGecko’s Crypto Industry Report, but decentralized exchanges (DEX) kept gaining ground, led by Hyperliquid, with perp DEXs’ share of total open interest climbing to 13.5%. Hayes himself has had a volatile relationship with HYPE. In May, he called HYPE, Zcash (ZEC), and Near Protocol (NEAR) crypto's ""holy trinity,"" only to dump his entire HYPE and NEAR positions a month later. HYPE’s price was trading flat in the past 24 hours. On Stocktwits, the retail sentiment around HYPE remained in the ‘bearish’ zone, while chatter around it stayed at ‘normal’ levels over the past day. Read also: Cathie Wood’s ARK Sells HOOD Stock Again – Even As Robinhood Hits 1M Gold Cards, Launches Platinum Card For updates and corrections, email newsroom[at]stocktwits[dot]com Comments posted here will also appear on symbol pages. Space Exploration Technologies Corp. (SPCX) and Tesla Inc. (TSLA) CEO Elon Musk on Thursday warned that rapidly advancing AI models pose imminent risks, saying the industry's leading developers should work together to identify potential dangers before releasing new systems. During an interview with The Economist, Musk proposed that rival AI labs, including those in China, should be given time to inspect each other’s latest models before release and report potential risks to governments. SpaceX shares were up 0.3% in Thursday’s pre-market trade. Musk warned during the interview that the capabilities of frontier AI models are improving at a rapid pace, increasing the need for safeguards before new systems are released. He pointed to a recent proposal by Google DeepMind co-founder Demis Hassabis for an industry-led body to evaluate advanced AI models for potential dangers. Musk said the effort should extend beyond U.S. companies to include Chinese AI developers, arguing that rival labs should be given one or two weeks to inspect each other's latest models before release and flag potential risks to governments in Washington and Beijing. ""The competitors can keep each other honest,"" he said. Musk said ensuring the safety of increasingly capable AI models may require cooperation even among fierce competitors. That could include working with OpenAI CEO Sam Altman, despite their years-long legal dispute and public feud stemming from the early days of the company they co-founded. “At the end of the day, if we have to talk, we’ll talk,” Musk said. He also said that they may have to set aside their personal differences “for the good of the world.” Musk has repeatedly accused Altman and OpenAI of abandoning the organization's founding nonprofit mission in favor of commercial interests, leading to lawsuits and an unsuccessful $97.4 billion takeover bid in February 2025 for the nonprofit controlling OpenAI. Musk pushed back against efforts to bar American companies from using Chinese AI models, arguing such restrictions would do little to slow China's progress in artificial intelligence. His remarks closely mirror Nvidia Corp. (NVDA) CEO Jensen Huang's comments earlier on Wednesday that U.S. companies should “absolutely” use Chinese AI models. Instead, he said Chinese developers would likely continue advancing despite U.S. attempts to curb their access to cutting-edge technology. Musk also expressed confidence that China will eventually overcome its shortage of advanced AI chips by developing its own lithography machines. Retail sentiment on Stocktwits around SpaceX trended in the ‘neutral’ territory at the time of writing. SPCX stock is down 23% year-to-date. The S&P 500 ETF (SPY) is up 19% over the past 12 months, while the Invesco QQQ Trust (QQQ) is up 26%. Also See: Dan Ives Says AI Capex Boom Continues 'Full Steam Ahead' After TSLA, GOOGL Earnings — Gene Munster Notes Tech Industry Still In '3rd Inning' For updates and corrections, email newsroom[at]stocktwits[dot]com. Comments posted here will also appear on symbol pages. Eli Lilly (LLY) was in the limelight in pre-market trading on Thursday, after the pharmaceutical giant reported positive topline results from two late-stage clinical trials of its investigational obesity drug Retatrutide, strengthening its position in the rapidly growing weight-loss market as competition with Novo Nordisk (NVO) intensifies. Lilly said it plans to submit a Biologics License Application (BLA) to the U.S. Food and Drug Administration (FDA) in the first quarter of 2027. LLY stock has been under some pressure lately, tracking its third consecutive weekly decline. It was down 0.5% in Thursday’s premarket session at the time of writing. Retatrutide, a once-weekly triple hormone receptor agonist targeting GIP, GLP-1, and glucagon receptors, met the primary endpoint in both the Triumph-2 and Triumph-3 Phase 3 studies. In Triumph-2, which enrolled 1,152 participants, patients receiving the highest 12 mg dose lost an average of 49.6 pounds, or 20.8% of their body weight, over 80 weeks. The treatment also reduced A1C (blood sugar) levels by up to 1.6%. In Triumph-3, adults with severe obesity and established cardiovascular disease, with or without type 2 diabetes, lost up to 55.8 pounds, or 22.6% of their body weight, over the same period. The study also showed improvements in several cardiovascular risk factors, including lower triglycerides, non-HDL cholesterol, systolic blood pressure, waist circumference, and inflammation markers. Lilly said it is completing the manufacturing data required for its regulatory submission, with a U.S. filing expected in early 2027. “With the positive results from Triumph-2 and Triumph-3, we now have the clinical data package to support global submissions for Retatrutide as a potential treatment for obesity, knee osteoarthritis pain, and obstructive sleep apnea. We look forward to working with regulators as they evaluate this first-of-its-kind medicine,” said Kenneth Custer, executive vice president and president, Lilly Cardiometabolic Health. The latest results come as competition in the obesity drug market continues to intensify. Earlier this week, Novo Nordisk sued Lilly, alleging the company ran misleading advertising campaigns for its blockbuster diabetes and weight-loss drugs, Zepbound and Mounjaro. The legal dispute underscores the high stakes in a market that Bloomberg Intelligence estimates could reach $120 billion annually by 2030. Retail sentiment for LLY on Stocktwits turned ‘bearish’ from ‘neutral’ a day earlier. LLY shares have gained around 7% so far this year, outperforming NVO’s 8% decline and the broader Roundhill GLP-1 and Weight Loss ETF (OZEM), which is down 6.3%. Also read: AST SpaceMobile's 50% Pullback Is A Buying Opportunity, Says Clear Street Ahead Of Q2 Earnings For updates and corrections, email newsroom[at]stocktwits[dot]com. Comments posted here will also appear on symbol pages. These cookies are necessary for the website to function and cannot be switched off in our systems. They are usually only set in response to actions made by you which amount to a request for services, such as setting your privacy preferences, logging in or filling in forms. You can set your browser to block or alert you about these cookies, but some parts of the site will not then work. These cookies do not store any personally identifiable information. As a California consumer, you have the right to opt-out from the sale or sharing of your personal information at any time across business platform, services, businesses and devices. You can opt-out of the sale and sharing of your personal information by using this toggle switch. As a Virginia, Utah, Colorado and Connecticut consumer, you have the right to opt-out from the sale of your personal data and the processing of your personal data for targeted advertising. You can opt-out of the sale of your personal data and targeted advertising by using this toggle switch. For more information on your rights as a United States consumer see our privacy notice. These cookies allow us to count visits and traffic sources so we can measure and improve the performance of our site. They help us to know which pages are the most and least popular and see how visitors move around the site. All information these cookies collect is aggregated and therefore anonymous. If you do not allow these cookies we will not know when you have visited our site, and will not be able to monitor its performance. These cookies may be set through our site by our advertising partners. They may be used by those companies to build a profile of your interests and show you relevant adverts on other sites. They do not store directly personal information, but are based on uniquely identifying your browser and internet device. If you do not allow these cookies, you will experience less targeted advertising.",https://stocktwits.com/news-articles/markets/equity/batl-cvx-xom-stocks-rise-as-brent-crude-tops-100-trump-threatens-iran-with-major-military-punishment-after-houthi-attack-on-saudi-ships/cZZnqfdR7UG
XOM,Exxon Mobil Holdings (XOM) Gains As Market Dips: What You Should Know - Yahoo Finance,2026-10-08 20:45:06,"Tip: Try a valid symbol or a specific company name for relevant results The above button links to Coinbase. Yahoo Finance is not a broker-dealer or investment adviser and does not offer securities or cryptocurrencies for sale or facilitate trading. Coinbase pays us for certain activity generated through this link. Prices displayed are informational. In the latest trading session, Exxon Mobil Holdings (XOM) closed at $168.56, marking a +2.75% move from the previous day. The stock's change was more than the S&P 500's daily loss of 0.47%. On the other hand, the Dow registered a gain of 0.1%, and the technology-centric Nasdaq decreased by 1.25%. Heading into today, shares of the oil and natural gas company had lost 0.11% over the past month, lagging the Oils-Energy sector's gain of 1.58% and the S&P 500's gain of 1.15%. The investment community will be paying close attention to the earnings performance of Exxon Mobil Holdings in its upcoming release. The company's upcoming EPS is projected at $3.93, signifying a 109.04% increase compared to the same quarter of the previous year. At the same time, our most recent consensus estimate is projecting a revenue of $104.61 billion, reflecting a 22.65% rise from the equivalent quarter last year. Regarding the entire year, the Zacks Consensus Estimates forecast earnings of $12.4 per share and revenue of $410.03 billion, indicating changes of +77.4% and +23.42%, respectively, compared to the previous year. Investors should also take note of any recent adjustments to analyst estimates for Exxon Mobil Holdings. Recent revisions tend to reflect the latest near-term business trends. As a result, upbeat changes in estimates indicate analysts' favorable outlook on the business health and profitability. Empirical research indicates that these revisions in estimates have a direct correlation with impending stock price performance. Investors can capitalize on this by using the Zacks Rank. This model considers these estimate changes and provides a simple, actionable rating system. The Zacks Rank system, running from #1 (Strong Buy) to #5 (Strong Sell), holds an admirable track record of superior performance, independently audited, with #1 stocks contributing an average annual return of +25% since 1988. Over the past month, the Zacks Consensus EPS estimate has moved 3.51% higher. As of now, Exxon Mobil Holdings holds a Zacks Rank of #3 (Hold). With respect to valuation, Exxon Mobil Holdings is currently being traded at a Forward P/E ratio of 13.23. This signifies a premium in comparison to the average Forward P/E of 8.01 for its industry. Also, we should mention that XOM has a PEG ratio of 0.97. This metric is used similarly to the famous P/E ratio, but the PEG ratio also takes into account the stock's expected earnings growth rate. The Oil and Gas - Integrated - International industry had an average PEG ratio of 0.6 as trading concluded yesterday. The Oil and Gas - Integrated - International industry is part of the Oils-Energy sector. This group has a Zacks Industry Rank of 37, putting it in the top 16% of all 250+ industries. The Zacks Industry Rank is ordered from best to worst in terms of the average Zacks Rank of the individual companies within each of these sectors. Our research shows that the top 50% rated industries outperform the bottom half by a factor of 2 to 1. Make sure to utilize Zacks.com to follow all of these stock-moving metrics, and more, in the coming trading sessions. Want the latest recommendations from Zacks Investment Research? Today, you can download 7 Best Stocks for the Next 30 Days. Click to get this free report ExxonMobil Holdings Corporation (XOM) : Free Stock Analysis Report This article originally published on Zacks Investment Research (zacks.com). Tip: Try a valid symbol or a specific company name for relevant results",https://finance.yahoo.com/markets/stocks/articles/exxon-mobil-holdings-xom-gains-204506413.html
XOM,"Fund Update: New $43.6M $XOM stock position opened by Farther Finance Advisors, LLC - Quiver Quantitative",2026-10-08 20:20:00,"Backtested trading strategies built on Quiver's datasets Be the first to see our newest insights and key updates across all datasets Track the top-performing stock portfolios held by U.S. politicians in Congress Find stocks with ease across diverse datasets and filters Build and test your own strategies, using Quiver's Congressional trading datasets Build and test your own strategies, using Quiver's Institutional holdings datasets Our video reports and analysis, with early access to exclusive, subscriber-only videos By: Quiver FundTracker Farther Finance Advisors, LLC has opened a new $43.6M position in $XOM, per a new SEC 13F filing. This disclosure reflects the funds' holdings for the 09-30-2026 report period.  You can see the fund's full portfolio on Quiver Quantitative, and also track the largest institutional owners of $XOM. We have seen 964 institutional investors add shares of $XOM stock to their portfolio, and 1,265 decrease their positions in their most recent quarter. To track hedge funds' stock portfolios, check out Quiver Quantitative's institutional holdings dashboard. You can access data on hedge funds moves and 13F filings through the Quiver Quantitative API 13F endpoint. Members of Congress have traded $XOM stock 3 times in the past 6 months. Of those trades, 0 have been purchases and 3 have been sales. Here’s a breakdown of recent trading of $XOM stock by members of Congress over the last 6 months: To track congressional stock trading, check out Quiver Quantitative's congressional trading dashboard. You can access data on congressional stock trades through the Quiver Quantitative API Congress trades endpoint. Multiple analysts have issued price targets for $XOM recently. We have seen 10 analysts offer price targets for $XOM in the last 6 months, with a median target of $169.0. Note that there may be inaccuracies in these estimates due to filing errors by the funds, parsing errors by us, or other anomalies. Check out Quiver Quantitative's $XOM ticker page for more data. Add Quiver Quantitative to your preferred sources on Google Be the first to react to congressional trades, insider buys, and government
        contracts — within moments of being filed.",https://www.quiverquant.com/news/Fund+Update%3A+New+%2443.6M+%24XOM+stock+position+opened+by+Farther+Finance+Advisors%2C+LLC
XOM,XOM climbs as accelerated exploration progress in Trinidad and Tobago boosts sentiment - Traders Union,2026-10-08 19:28:32,"This website is using a security service to protect itself from online attacks. The action you just performed triggered the security solution. There are several actions that could trigger this block including submitting a certain word or phrase, a SQL command or malformed data. You can email the site owner to let them know you were blocked. Please include what you were doing when this page came up and the Cloudflare Ray ID found at the bottom of this page. Cloudflare Ray ID: a4828754580a0558
•

        Your IP:
        Click to reveal
172.212.172.243
•

Performance & security by Cloudflare",https://tradersunion.com/news/stocks/show/3731018-exxon-mobil-jumps-3-07percent-to/
XOM,Exxon Mobil Corp Stock (XOM) Moved Up by 3.07% on Oct 8: What Investors Need To Know - TradingKey,2026-10-08 19:15:29,"Before proceeding to your request, you need to solve a puzzle, and the puzzle requires Google Translate to be disabled. Please disable Google Translate and retry. Complete the security check before continuing. This step verifies that you are not a bot, which helps to protect your account and prevent spam.",https://www.tradingkey.com/news/market-movers/262206915-market-movers-xom-20261008
XOM,"Frank, Rimerman Advisors LLC's ExxonMobil Holdings Corp(XOM) Holding History - GuruFocus",2026-10-08 19:13:55,"This website is using a security service to protect itself from online attacks. The action you just performed triggered the security solution. There are several actions that could trigger this block including submitting a certain word or phrase, a SQL command or malformed data. You can email the site owner to let them know you were blocked. Please include what you were doing when this page came up and the Cloudflare Ray ID found at the bottom of this page. Cloudflare Ray ID: a48286147eeaf13a
•

        Your IP:
        Click to reveal
172.212.172.243
•

Performance & security by Cloudflare","https://www.gurufocus.com/guru-portfolio/Frank,%20Rimerman%20Advisors%20LLC/XOM"
XOM,Can ExxonMobil (NYSE:XOM) Keep Riding Crude Toward the Hundred-Dollar Mark? - Kalkine Media,2026-10-08 18:56:00,"Hey ! We have sent you a verification e-mail. Please follow the instructions on the e-mail to complete your registration. If you can't find it,
                    Please check your spam folder Fabrice Bregier Appointed to Vertical Aerospace Board, Reports No Stoc... AI OKTO Director Petros Zavakopoulos Reports Direct Ownership of 7,500... Petros Panagiotidis Submits Initial SEC Ownership Report for AI OKTO C... John Paul Syriopoulos Files Form 3 as Newly Appointed Director of AI O... Make Kalkine Media

                                       My Trusted Source Exxon Mobil Corporation 
(NYSE:XOM)

Energy

            Exxon Mobil Corp (NYSE:XOM)
        


                        168.94
                                                    USD


                        +0.440
                    

↑
                        0.261%
                    

Last Updated at: 2026-10-09T20:23:00Z


 came into focus this week as crude oil pushed back toward the hundred-dollar mark, a move that lifted energy names across the board and put the largest U.S. oil company squarely in the spotlight. The advance in benchmark prices arrived as bond yields climbed and broader equities eased from record territory, and the contrast made the energy complex stand out on trading screens. For a company of this size, a firmer crude tape matters in a way that is easy to underestimate. Exxon Mobil sits at the center of the global oil and gas chain, pulling hydrocarbons out of the ground, turning them into fuels and chemicals, and shipping the finished products to customers on every inhabited continent. When the price of the raw input rises, the effect ripples through almost every part of the enterprise at once. Oil prices rarely move for a single reason, and this week was no exception. Market participants pointed to a mix of supply discipline among large producers, steady demand from refiners restocking ahead of the colder months, and a general sense that inventories have been drawn down faster than many had expected. Each of those threads reinforces the others, and together they have nudged the benchmark back toward a level that producers have not seen for some time. Exxon Mobil tends to be viewed as a barometer for the whole sector because its operations are so broad. A rally in crude does not simply lift one line of the business. It changes the tone of conversations about drilling schedules, project sequencing, and the pace at which capital is committed. That is why the shares of the supermajor often react quickly when the commodity moves, even before any formal update from management. The company is organized around several major segments. Upstream operations explore for and produce crude oil and natural gas. Energy products covers refining and the marketing of fuels. Chemical products turns feedstocks into the plastics, resins, and specialty materials found in packaging, automotive parts, and consumer goods. A newer low carbon unit is working on capture, hydrogen, and other emerging lines. Each of these segments responds differently to the price of crude. That mix is central to how the market reads the stock. When crude firms, upstream results tend to benefit most directly, because every barrel sold fetches more. Refining and chemicals can move the other way if input costs rise faster than finished product prices, which is why integrated companies are often described as having a natural cushion. The balance among the segments helps smooth the experience across different parts of the commodity cycle. Few assets have shaped the story of Exxon Mobil in recent years as much as its position in the Permian Basin, the sprawling shale region that straddles West Texas and New Mexico. The company expanded its footprint there through a major acquisition, adding a large inventory of drilling locations to what was already a significant presence. The deal brought more acreage, more infrastructure, and more operational flexibility under a single banner. Scale in the Permian matters because shale is a game of repetition and efficiency. Longer horizontal wells, improved completion techniques, and the use of data to place wells more precisely have all raised the amount of oil recovered per dollar spent. A larger contiguous position allows a producer to design development on a bigger canvas, sharing facilities and pipelines across many wells. When crude strengthens, those efficiencies translate into a wider gap between what it costs to produce a barrel and what that barrel divests for. Offshore Guyana has become one of the most closely watched oil provinces in the world, and Exxon Mobil operates the main producing area there on behalf of a consortium of partners. Floating production vessels have been installed in sequence, each adding to output from the Stabroek block, and further projects are lined up to follow. The resource has been described by industry observers as low cost and high quality, a combination that tends to stand up well even when prices wobble. The wider group has been in demand as crude firmed. Producers, refiners, drillers, and service companies have all drawn attention, with names across the sector gaining ground even as other parts of the market, particularly rate-sensitive areas, struggled with higher bond yields. For readers following oil and gas stocks, the divergence between energy and the rest of the tape has been one of the more notable features of the week. The S&P 500 touched record highs earlier in the week before easing, driven largely by artificial intelligence and semiconductor enthusiasm. Energy has not been part of that winning group in recent months, which makes the sudden strength in the sector more conspicuous. Rotation between themes is a regular feature of equity markets, and a move in oil is often one of the triggers that pulls attention away from technology and toward cyclical, commodity-linked areas. It is worth remembering that energy shares have a long history of sharp, sometimes short-lived swings. A week of strength does not define a trend, and the sector has seen enthusiastic rallies fade as quickly as they arrived. The better frame is that Exxon Mobil is a large, diversified producer whose results track a number of moving parts, with crude oil being the most visible among them. What stands out this week is the combination of a rising commodity, a diversified supermajor, and a stock market that is searching for new drivers outside technology. Whether that combination persists will depend on forces well beyond any single company. For now, Exxon Mobil remains a central character in the story of how the energy complex responds when crude pushes back toward the hundred-dollar mark, and the market will keep watching how the supermajor and its peers navigate the period ahead. This article is for general information only and is not financial advice. It does not recommend any action in any security, and readers should consult a licensed professional before making decisions based on market information. The content, including but not limited to any articles, news, quotes, information, data, text, reports, ratings, opinions, images, photos, graphics, graphs, charts, animations and video (Content) is a service of Kalkine Media LLC (Kalkine Media, we or us) and is available for personal and non-commercial use only. The principal purpose of the Content is to educate and inform.  The Content does not contain or imply any recommendation or opinion intended to influence your financial decisions and must not be relied upon by you as such. Some of the Content on this website may be sponsored/non-sponsored, as applicable, but is NOT a solicitation or recommendation to buy, sell or hold the stocks of the company(s) or engage in any investment activity under discussion. Kalkine Media is neither licensed nor qualified to provide investment advice through this platform. Users should make their own enquiries about any investments and Kalkine Media strongly suggests the users to seek advice from a financial adviser, stockbroker or other professional (including taxation and legal advice), as necessary. Kalkine Media hereby disclaims any and all the liabilities to any user for any direct, indirect, implied, punitive, special, incidental or other consequential damages arising from any use of the Content on this website, which is provided without warranties.
The views expressed in the Content by the guests, if any, are their own and do not necessarily represent the views or opinions of Kalkine Media. Some of the images/music that may be used on this website are copyright to their respective owner(s). Kalkine Media does not claim ownership of any of the pictures/music displayed/used on this website unless stated otherwise. The images/music that may be used on this website are taken from various sources on the internet, including paid subscriptions or are believed to be in public domain. We have used reasonable efforts to accredit the source (public domain/CC0 status) to where it was found and indicated it, as necessary. Space Exploration Technologies Corp. Class A Common Stock Welcome to Kalkine Media Pty Ltd. website. Your website access and usage is governed by the
                    applicable  Terms of Use
                    & Privacy Policy. Welcome to Kalkine Media LLC website. Your website access and usage is governed by the applicable Terms and Conditions &
                    Privacy Policy. Welcome to Kalkine Media New Zealand Limited website. Your website access and usage is governed by
                    the applicable Terms and
                        Conditions & Privacy
                        Policy. Welcome to Kalkine Media Incorporated website. Your website access and usage is governed by the
                    applicable Terms and
                        Conditions & Privacy
                        Policy. Welcome to Kalkine Media Limited website. Your website access and usage is governed by the
                    applicable Terms of Use &
                    Privacy Policy. Welcome to Kalkine Media Limited website. Your website access and usage is governed by the
                    applicable Terms of Use &
                    Privacy Policy. Welcome to Kalkine Media Limited website. Your website access and usage is governed by the
                    applicable Terms of Use &
                    Privacy Policy. Welcome to Kalkine Media Limited website. Your website access and usage is governed by the
                    applicable Terms of Use &
                    Privacy Policy. Welcome to Kalkine Media Limited website. Your website access and usage is governed by the
                    applicable Terms of Use &
                    Privacy Policy. Welcome to Kalkine Media Limited website. Your website access and usage is governed by the
                    applicable Terms of Use &
                    Privacy Policy. Welcome to Kalkine Media Limited website. Your website access and usage is governed by the
                    applicable Terms of Use &
                    Privacy Policy. Welcome to Kalkine Media Limited website. Your website access and usage is governed by the
                    applicable Terms of Use &
                    Privacy Policy. Welcome to Kalkine Media Limited website. Your website access and usage is governed by the
                    applicable Terms of Use &
                    Privacy Policy. Welcome to Kalkine Media Limited website. Your website access and usage is governed by the
                    applicable Terms of Use &
                    Privacy Policy. Welcome to Kalkine Media Limited website. Your website access and usage is governed by the
                    applicable Terms of Use
                    & Privacy Policy. Welcome to Kalkine Media Limited website. Your website access and usage is governed by the
                    applicable Terms of Use &
                    Privacy Policy. Welcome to Kalkine Media Limited website. Your website access and usage is governed by the
                    applicable Terms of Use &
                    Privacy Policy. Welcome to Kalkine Media Limited website. Your website access and usage is governed by the
                    applicable Terms of Use &
                    Privacy Policy. Welcome to Kalkine Media Limited website. Your website access and usage is governed by the
                    applicable Terms of Use &
                    Privacy Policy. Welcome to Kalkine Media Limited website. Your website access and usage is governed by the
                    applicable Terms of Use &
                    Privacy Policy. مرحبًا بكم في موقع Kalkine Media Limited. يخضع الوصول إلى موقع الويب الخاص بك واستخدامه لما هو معمول
                    بهشروط الاستخدام & سياسة الخصوصية. Bienvenue sur le site Web de Kalkine Media Limited. L'accès et l'utilisation de votre site Web sont
                    régis par les Conditions
                        d'utilisation & Politique
                        de confidentialité. Bienvenido al sitio web de Kalkine Media Limited. El acceso y el uso de su sitio web se rigen por
                    los Términos de uso y Política de privacidad. Willkommen auf der Website von Kalkine Media Limited. Der Zugriff und die Nutzung Ihrer Website
                    unterliegen den geltenden Nutzungsbedingungen & Datenschutzerklärung. Willkommen auf der Website von Kalkine Media Limited. Der Zugriff und die Nutzung Ihrer Website
                    unterliegen den geltenden Nutzungsbedingungen & Datenschutzerklärung.",https://kalkinemedia.com/us/stocks/oil-gas/can-exxonmobil-nysexom-keep-riding-crude-toward-the-hundred-dollar-mark
XOM,YieldMax XOM Option Income Strategy ETF announces weekly distribution of $0.0641 - TradingView,2026-10-08 18:22:55,"YieldMax XOM Option Income Strategy ETF XOMO announces weekly distribution of $0.0641, 18.92% higher than the prior week's distribution of $0.0539. The annual distribution rate is 30.42%, with an SEC yield of 2.85%. Payable October 9; for shareholders of record October 8; ex-div October 8. DisclaimerContent provided by Seeking Alpha is intended for information purposes only, and that Seeking Alpha does not offer any personalist investment advice and is not a licensed securities dealer, broker, US investment adviser or investment bank. Select market data provided by ICE Data Services. Select reference data provided by FactSet. Copyright © 2026 FactSet Research Systems Inc.Copyright © 2026, American Bankers Association. CUSIP Database provided by FactSet Research Systems Inc. All rights reserved. SEC filings and other documents provided by Quartr.© 2026 TradingView, Inc.",https://www.tradingview.com/news/seekingalpha:e7269b7e4094b:0-yieldmax-xom-option-income-strategy-etf-announces-weekly-distribution-of-0-0641/
XOM,"Trump Says US Will Not Attack Iran Before Midterm Election - ExxonMobil Holdings (NYSE:XOM), Chevron (NYS - Benzinga",2026-10-08 17:13:49,"This website is using a security service to protect itself from online attacks. The action you just performed triggered the security solution. There are several actions that could trigger this block including submitting a certain word or phrase, a SQL command or malformed data. You can email the site owner to let them know you were blocked. Please include what you were doing when this page came up and the Cloudflare Ray ID found at the bottom of this page. Cloudflare Ray ID: a48286d6eee5ae77
•

        Your IP:
        Click to reveal
172.212.172.243
•

Performance & security by Cloudflare",https://www.benzinga.com/trading-ideas/movers/26/10/62254835/quick-spark-trump-says-us-will-not-attack-iran-before-midterm-election
XOM,What's Going On With ExxonMobil Stock On Thursday? - Benzinga,2026-10-08 16:44:24,"This website is using a security service to protect itself from online attacks. The action you just performed triggered the security solution. There are several actions that could trigger this block including submitting a certain word or phrase, a SQL command or malformed data. You can email the site owner to let them know you were blocked. Please include what you were doing when this page came up and the Cloudflare Ray ID found at the bottom of this page. Cloudflare Ray ID: a48284fbcdf8348b
•

        Your IP:
        Click to reveal
172.212.172.243
•

Performance & security by Cloudflare",https://www.benzinga.com/markets/large-cap/26/10/62253597/whats-going-on-with-exxonmobil-stock-on-thursday
XOM,How XOM's Strong Balance Sheet Helps Weather Oil Price Volatility - The Globe and Mail,2026-10-08 15:52:00,"ExxonMobil Holdings Corporation XOM, an integrated energy giant, generates the bulk of its earnings from its upstream operations. With a strong presence in the prolific Permian Basin and offshore Guyana resources, its top and bottom lines are highly susceptible to fluctuations in oil and natural gas prices. But investors should not worry much about this vulnerability. With a debt-to-capitalization of 13.73%, the energy giant has significantly lower exposure to debt capital. Thus, the company can rely on its strong balance sheet when oil and natural gas prices fall and the business scenario becomes unfavorable. Also, with lower exposure to debt capital, XOM can secure additional debt on favorable terms during uncertain situations, allowing it to operate smoothly, pursue lucrative acquisitions and continue rewarding shareholders. Chevron CorporationCVX and EOG Resources Inc.EOG, with robust balance sheets, can also sail through an unfavorable business environment on their strong financials. While CVX has a debt-to-capitalization of 15.94%, EOG’s debt-to-capitalization is 19.92%. Shares of XOM have gained 43.9% over the past year compared with the industry’s 41.9% growth. From a valuation standpoint, XOM trades at a trailing 12-month enterprise value to EBITDA (EV/EBITDA) of 9.16X. This is above the broader industry average of 5.88X. The Zacks Consensus Estimate for XOM’s 2026 earnings has seen upward revisions over the past 30 days. ExxonMobil currently carries a Zacks Rank #3 (Hold). You can see the complete list of today’s Zacks #1 Rank (Strong Buy) stocks here. The AI revolution has already minted millionaires. But the stocks everyone knows about aren't likely to keep delivering the biggest profits. AI’s second wave is moving from infrastructure to implementation and these companies are at the forefront of this transition, positioned to become what Amazon and Google were to the internet era. This article originally published on Zacks Investment Research (zacks.com). © Copyright 2026 The Globe and Mail Inc. All rights reserved.",https://www.theglobeandmail.com/investing/markets/stocks/XOM-N/pressreleases/5093046/how-xom-s-strong-balance-sheet-helps-weather-oil-price-volatility/
XOM,XOM Or CVX? Wall Street Sees More Upside In One Oil Major - Stocktwits,2026-10-08 15:01:13,"As oil prices edge higher amid intense global uncertainty stemming from the war between the U.S. and Iran, energy stocks are back in focus. Exxon Mobil Corp. (XOM) and Chevron Corp. (CVX) are two of the largest and most prominent American oil majors that stand to gain from the rally in energy markets, as crude oil prices remain above $100 a barrel. While both companies offer exposure to the oil trade, Wall Street consensus estimates suggest that one of these stocks may be the better bet, even as retail interest in both continues to grow. The Spring, Texas-based oil giant has a strong upward trajectory this year in light of the global oil supply disruptions due to the blockage of the Strait of Hormuz. XOM stock has risen more than 30% in 2026 alone, hitting an all-time high of $176.41 at the height of the crisis in late March. In its latest earnings report, Exxon posted revenues of $85.14 billion, surging past Wall Street expectations of $81.13 billion, and reported adjusted earnings of $1.16 per share despite a $700 million hit on closed hedges due to the war in the Middle East. Profit was driven by higher crude prices and record production in Guyana, where the company said net production in the first quarter set a new quarterly record of over 900,000 gross barrels per day. The company said that since 2019, it has removed more than $15 billion in structural costs, and expects this to reach $20 billion by 2030. Exxon also posted strong cash flow from operations of $8.7 billion for the quarter. Chevron, which is headquartered in Houston, has also climbed significantly in 2026, rising nearly 26% so far this year. In its first-quarter (Q1), the company’s adjusted earnings per share of $1.41 beat analyst expectations, although revenues of $48.61 billion missed estimates. The softer top-line performance comes amid ongoing headwinds for operations, including war-related production disruptions and specific asset legal charges. The company’s shares also touched an all-time high around March. However, last week, Berkshire Hathaway Inc. said that it had sold about $8 billion worth of Chevron shares in the first quarter, reducing its position by about a third. Analysts on Wall Street have a 12-month average price target of $168.32 on XOM shares, indicating an upside potential of about 5% compared to its last close, as per Koyfin data. Of the 25 analysts covering the stock, 11 have a ‘Buy’ or higher rating on the shares, while 13 have a ‘Hold’ rating and one analyst has a ‘Sell’ rating. Meanwhile, the platform’s data shows that the 12-month average price target of $214.87 on Chevron shares indicates an upside potential of about 9.5%, signaling that Wall Street sees CVX shares having more room to grow. Of the 25 analysts covering the stock, 18 have a rating of ‘Buy’ or higher. The forward price-to-earnings (P/E) ratio of CVX is also more attractive than XOM’s. According to data from Koyfin, CVX has a forward P/E ratio of 12.6x, while XOM has a forward P/E ratio of 13.3x, suggesting that investors are paying slightly less for Chevron’s expected future earnings. On Stocktwits, retail sentiment around XOM stock was in the ‘bearish’ territory amid ‘high’ message volumes at the time of writing. Platform data also shows that retail chatter jumped by more than 230% over 24 hours. Meanwhile, retail sentiment around CVX stock improved from the ‘bearish’ to ‘neutral’ territory, even as retail chatter jumped 300% in a day. On Light, Sweet Crude Oil Futures (CL_F), retail sentiment was in the ‘bearish’ territory amid ‘high’ message volumes. For updates and corrections, email newsroom[at]stocktwits[dot]com. Comments posted here will also appear on symbol pages. Shares of Charter Communications Inc. (CHTR) climbed nearly 1% in Monday’s overnight trade and garnered significant retail attention after a company director reported a purchase worth nearly $1.4 million in its common stock. On Stocktwits, retail chatter around the broadband and cable operator jumped 238.5% over the past 24 hours, as per platform data, amid ‘bullish’ sentiment. Mauricio Ramos, a director at the company, purchased 9,929 Class A common stock on May 15, as per a filing with the U.S. Securities and Exchange Commission. Ramos purchased the shares at a weighted average price of $140.9314 per share, for a total value of about $1,399 million. After the transaction, Ramos directly owns 19,309 shares of the company. On Monday, Charter Communications announced that its Spectrum internet service launched ultra-low latency connectivity powered by L4S (Low Latency, Low Loss, Scalable Throughput) technology. The L4S technology is designed to reduce delays in real-time applications such as gaming, AI tools, and video calls, the company said. The feature is already available in Dallas–Fort Worth, Reno, Rochester, and St. Louis, with a broader rollout planned across the country. Retail traders on Stocktwits actively discussed the insider buy. One user noted Ramos’ purchase, adding, “Insiders are voting with their pocket books.  This will start to catch people's eyes soon.” Another bullish user said, “could see a big short squeeze soon here.” CHTR stock has declined more than 32% so far this year. Meanwhile, the Communication Services Select Sector SPDR Fund (XLC), which invests in telecommunications and media companies, has gained 0.07% in the same time. For updates and corrections, email newsroom[at]stocktwits[dot]com. Comments posted here will also appear on symbol pages. Rocket Lab USA (RKLB) outlined a series of upcoming events this week, including a fresh Electron launch for Japanese satellite operator Synspective, a NASA-backed fuel storage mission, and a shareholder voting reminder tied to the company’s annual meeting. The stock is on track for a third week of gains after notching a fresh all-time high on Monday’s trading session. Rocket Lab on Monday confirmed its next Electron mission for Japanese Earth-imaging company Synspective Inc. will launch no earlier than May 22 from Launch Complex 1 in New Zealand. In a post on the X platform, the company said the mission, nicknamed “Viva La StriX,” will deploy another synthetic-aperture radar satellite to Synspective’s growing constellation. The upcoming launch will represent the ninth Electron mission supporting Synspective’s StriX satellite network. The radar satellites are designed to capture Earth observation data regardless of weather or lighting conditions. On Sunday, the California-based launch provider said its upcoming LOXSAT mission will carry technology developed by Eta Space aboard an Electron rocket later this year. The mission aims to study cryogenic propellant storage and handling capabilities in low Earth orbit, technology viewed as critical for long-duration space travel and orbital refueling systems. Rocket Lab stated that it will provide both the launch vehicle and spacecraft platform for the LOXSAT mission in partnership with NASA and Eta Space. Rocket Lab stock traded over 1% lower Overnight, heading into Tuesday. RKLB’s revenue growth and development on its Neutron rocket programs has made it a growing challenger to Elon Musk-led SpaceX in commercial launches and defense-related space services. Separately, Rocket Lab urged investors to submit votes on the Board’s various recommendations ahead of its May 20, shareholder deadline linked to the company’s annual meeting. For its fiscal first-quarter (Q1), the company reported a revenue of $200.3 million, marking a 63.5% year-on-year increase, while its contract backlog expanded to a record $2.2 billion. The company also said that launch activity during Q1 exceeded the total number of missions completed throughout all of 2025. On Stocktwits, retail sentiment around the stock changed to ‘bearish’ from ‘neutral’ territory the previous day. A user said, “my target was 120…..   And now I wouldn’t be surprised to see 200 :) Just got that feeling”. Another user said, “I sold last week but bought back just want to see which direction this is heading to and i didn't want to miss the boat.” Also See: HD Stock: Stifel Turns More Cautious Ahead Of Earnings Report, Warns Of Cooling Demand For updates and corrections, email newsroom[at]stocktwits[dot]com. Comments posted here will also appear on symbol pages. Shares of Hims & Hers Health, Inc. (HIMS) slipped 0.4% in overnight trading heading into Tuesday after the telehealth firm increased its convertible debt offering to $350 million as it ramps up funding for its proposed Eucalyptus acquisition and broader AI healthcare expansion plans. HIMS stock slumped 11% on Monday to record its lowest levels in over a month. Hims & Hers said it priced $350 million of 0.00% convertible senior notes due 2032, increasing the size of the offering from the previously announced $300 million. The company also granted purchasers an option to buy an additional $52.5 million in notes. The company estimates net proceeds of $338.5 million, or about $389.5 million if the additional option is fully exercised. Hims said the proceeds will help preserve financial flexibility while supporting its international expansion strategy, including the proposed Eucalyptus acquisition expected to close in mid-2026. The company also plans to invest heavily in tech, fulfillment operations, and AI to improve customer experience and better leverage its closed-loop healthcare data ecosystem. The notes carry an initial conversion price of $29.53 per share, representing a 32.5% premium to Hims & Hers’ last close. The financing comes months after Hims & Hers announced plans to acquire Eucalyptus in a deal valued at up to $1.15 billion. The deal is expected to expand the company’s footprint across Australia, Japan, Canada, Germany and the UK. Eucalyptus operates several telehealth brands including Juniper and Pilot and has served over 775,000 customers globally. CEO Andrew Dudum previously said that the acquisition would boost the company’s ability to deliver localized healthcare services globally, while expanding access to personalized digital care. The acquisition structure also gives Hims & Hers flexibility to fund portions of future deferred and earnout payments using either stock or cash. Hims & Hers has also been rapidly scaling its AI healthcare initiatives. Earlier this month, the company launched Labs AI, an AI healthcare assistant integrated into its platform that helps users interpret lab tests, biomarker trends and long-term health risks. According to the company, Labs AI can analyze up to 130 biomarkers alongside medical history, lifestyle data and longitudinal health to generate personalized insights. Investor interest around Hims’ diagnostics also increased after Dudum hinted at interest in a blood-test company that claims it could predict heart attacks within 12 months with 86% accuracy. The company’s broader healthcare strategy has moved beyond telehealth prescriptions into more integrated and recurring-care models. Recently, Hims launched Testosterone Rx+, a daily hormone-support pill combining Enclomiphene with zinc, vitamins and L-arginine. The product builds on earlier hormone-health offerings launched last year that focused on fertility-friendly testosterone support and combination therapies. The company’s hormone-health programs also include at-home lab testing, symptom screening and virtual care services as Hims pushes toward more data-driven treatment ecosystems. Investor focus has additionally shifted toward peptides as a future growth category, with potential upsides from the upcoming FDA discussions around peptide compounds eligible for compounding. Additionally, Hims has shifted towards branded therapies through partnerships with Novo Nordisk and Eli Lilly, offering drugs including Wegovy, Ozempic, Zepbound and Mounjaro through its platform. Dudum previously compared the company’s broader healthcare strategy to Netflix’s early growth model, saying Hims aims to expand healthcare choice and accessibility rather than rely on a single treatment category. On Stocktwits, retail sentiment for HIMS was ‘bearish’ amid ‘low’ message volume. One user said, “This allows us to close that Eucalyptus deal without using much dilution because of the Capped call attached to this convertible note..” Another user said, “this stock is cooked. Back to mid teens. Will have green week in late July on fda peptide news  then sell off again until earnings.” For updates and corrections, email newsroom[at]stocktwits[dot]com. Read Next: NIO Stock Extends 3-Day Rout: CEO Leans On Firefly’s iPhone-Like Appeal To Stand Out In China EV War Comments posted here will also appear on symbol pages. The sharp selloff in U.S. government bonds may be far from over, according to market experts, as Treasury yields near levels last seen in 2007. The 30-year Treasury yield closed at 5.12% last week, near its highest level since 2007. The 20-year Treasury yield also climbed to roughly 5.145%, underscoring mounting pressure across the long end of the bond market. ""The question going forward is: will guys really buy here because I believe this (selloff) will continue to persist,"" said Padhraic Garvey, head of global rates and debt strategy at ING, as per a Reuters report. “We’re probably headed to 4.75% in the next round,” Garvey added, warning that even a modest rise in long-term inflation expectations could drive yields another 10 to 30 basis points higher “very easily.” The benchmark 10-year Treasury yield rose to around 4.62% late Monday. Wall Street analysts have cited recent hotter-than-expected inflation readings amid the Iran war, rising oil prices, and massive fiscal deficits for the ongoing pressure in the bond market. Economist Steve Hanke noted these factors for higher yields across the world in a post on X, adding that “bond vigilantes are riding again.” Other market veterans are also warning that traditional buyers of U.S. debt are no longer providing the same stabilizing force. Guneet Dhingra, head of U.S. rates strategy at BNP Paribas, reportedly said that once 30-year yields broke above 5%, the market effectively lost a clear ceiling, while in the past, certain levels tended to act as barriers. ""Now that we have no anchor, what stops bond yields from going up in a world of high inflation, ever-rising deficits, and global bond yield pressure?"" Dhingra said, as per Reuters. Meanwhile, Gregory Peters, co-chief investment officer at PGIM Fixed Income, reportedly said that although elevated Treasury yields appear attractive, he remains wary of long-dated government bonds. As per a Bloomberg report, Peters noted, “The global bond market is in disarray as investors are losing confidence.” Veteran investor Peter Schiff has also warned that traders may still be underestimating how high both oil prices and bond yields could climb. Amid rising bond yields and growing inflationary pressures, some market participants are expecting the Federal Reserve to move toward a rate hike rather than a rate cut. Ed Yardeni, President of Yardeni Research, reportedly said he believes the Fed is “likely” to raise key borrowing rates by a quarter of a percentage point as soon as July. Market commentary service The Kobeissi Letter also said that interest rate futures are increasingly signaling that the Fed’s next policy move could be a rate increase rather than a cut. The firm added that markets see the odds of the Fed lowering interest rates before July 2027 to be minimal. Meanwhile, U.S. equities were down in Monday’s overnight trading. The SPDR S&P 500 ETF (SPY), which tracks the benchmark S&P 500 index, was down 0.34% at the time of writing, while the Invesco QQQ Trust (QQQ), which mirrors the Nasdaq 100, fell 0.54%, and the SPDR Dow Jones Industrial Average ETF (DIA) declined 0.21%. The iShares 20+ Year Treasury Bond ETF (TLT) was also down 0.14% at the time of writing, while the Rbb Fund Inc. US Treasury 30 Year Bond ETF (UTHY) was up 0.13%. Retail sentiment around SPY on Stocktwits was in the ‘extremely bullish’ territory and for TLT, it was in the ‘bearish’ territory. For updates and corrections, email newsroom[at]stocktwits[dot]com. Comments posted here will also appear on symbol pages. Home Depot (HD) has drawn attention after Stifel reduced its price target on the home improvement retailer to $320 from a previous $375, while reiterating a ‘Hold’ rating, ahead of its fiscal first-quarter (Q1) earnings on Tuesday. The adjustment reflects a more cautious stance on near-term demand trends across the home improvement industry, as investors seek clearer signals on consumer spending and housing-related activity. In its latest note, Stifel indicated that Home Depot’s recent performance data points to weaker-than-expected momentum in comparale sales, according to TheFly. The firm also adjusted expectations for the second through fourth quarters, now modeling relatively flat sales growth as broader economic conditions continue to weigh on discretionary renovation activity. The updated projections signal a shift in expectations for the home improvement sector, which has benefited in prior years from elevated remodeling activity and pandemic-era housing demand. Home Depot stock inched 0.7% higher overnight, heading into Tuesday. On Friday, Piper Sandler also trimmed its price target slightly to $421 from $422 while maintaining an ‘Overweight’ rating. Piper Sandler said tax refund activity during Q1 stood out but did not clearly translate into a measurable lift in retail spending, suggesting that many middle- and upper-income households may have opted to save rather than spend those funds. Home Depot is expected to report its Q1 earnings on Tuesday, with analysts seeing a revenue of $41.5 billion and earnings per share of $3.41, according to Fiscal AI data. The company heads into earnings after a recent sharp downturn in its share price, with its stock falling over 14% in the past month. A central theme heading into results is the company’s accelerating shift toward professional contractors, a segment management has prioritized amid constrained housing turnover. With homeowners less likely to relocate due to higher mortgage rates, renovation activity has increasingly concentrated around essential upgrades and large-scale contractor-led projects. This structural shift is expected to play a major role in determining whether Home Depot can stabilize comparable sales despite weaker discretionary demand from casual shoppers. Also See: MELI Stock In Spotlight: Michael Burry Says The Latin American Tech Giant 'Comes Cheap’ Despite Strong Growth For updates and corrections, email newsroom[at]stocktwits[dot]com. Comments posted here will also appear on symbol pages. These cookies are necessary for the website to function and cannot be switched off in our systems. They are usually only set in response to actions made by you which amount to a request for services, such as setting your privacy preferences, logging in or filling in forms. You can set your browser to block or alert you about these cookies, but some parts of the site will not then work. These cookies do not store any personally identifiable information. As a California consumer, you have the right to opt-out from the sale or sharing of your personal information at any time across business platform, services, businesses and devices. You can opt-out of the sale and sharing of your personal information by using this toggle switch. As a Virginia, Utah, Colorado and Connecticut consumer, you have the right to opt-out from the sale of your personal data and the processing of your personal data for targeted advertising. You can opt-out of the sale of your personal data and targeted advertising by using this toggle switch. For more information on your rights as a United States consumer see our privacy notice. These cookies allow us to count visits and traffic sources so we can measure and improve the performance of our site. They help us to know which pages are the most and least popular and see how visitors move around the site. All information these cookies collect is aggregated and therefore anonymous. If you do not allow these cookies we will not know when you have visited our site, and will not be able to monitor its performance. These cookies may be set through our site by our advertising partners. They may be used by those companies to build a profile of your interests and show you relevant adverts on other sites. They do not store directly personal information, but are based on uniquely identifying your browser and internet device. If you do not allow these cookies, you will experience less targeted advertising.",https://stocktwits.com/news-articles/markets/equity/xom-or-cvx-wall-street-sees-more-upside-in-one-oil-major/cZXuk4bReZS
XOM,"USO, XOM, COP, CVX, VG Rise: Oil Prices Spike Amid Renewed Iran Tensions, China Commitment - Stocktwits",2026-10-08 14:06:18,"Shares of major oil stocks and index funds jumped in the overnight trading session headed into Monday after oil prices spiked on U.S. President Donald Trump’s comment that time was running out for Iran. American oil companies also got a sentiment boost after Trump said last week that China had agreed to buy crude oil from the U.S. following the recently-concluded bilateral summit in Beijing. Shares of the United States Oil Fund (USO) rose 2%, while Exxon Mobil Corp. (XOM) climbed 0.7%, Conoco Phillips (COP) gained 0.9%, Chevron Corp. (CVX) was up 0.45%, and Venture Global Inc. (VG) was up more than 1% at the time of writing. Oil prices surged after Trump said in a post on Truth Social on Sunday, ""For Iran, the Clock is Ticking, and they better get moving, FAST, or there won't be anything left of them. TIME IS OF THE ESSENCE!"" The comments come shortly after the president’s visit to China, a country with close ties to Tehran. Investors were hoping for a significant breakthrough after the visit. Brent crude futures expiring in July were up about 1.81%, trading at around $111.30 a barrel, while WTI crude futures expiring in June were 2.18% higher, at $107.72 a barrel at the time of writing. The conflict between the U.S. and Iran has stayed high despite a ceasefire announced in early April. The U.S. has continued to blockade Iranian ports, even as the critical Strait of Hormuz has stayed shut since the conflict began. Meanwhile, reports have said that Iran has called the U.S. blockade an “act of war,” threatening further damage to countries around the world if the blockade continued. Mohsen Rezaei, a member of Tehran’s Expediency Council and former IRGC commander, has reportedly said that the Iranian military is ready for further confrontation. “We advise the US military to end the siege before the Sea of Oman becomes your graveyard,” Rezaei reportedly said. “It is America that must prove itself now,” he said. “Our armed forces have their finger on the trigger, and, at the same time, diplomacy continues.” Meanwhile, China agreed to buy crude oil from the U.S. last week. “They have an insatiable appetite for energy, and we have unlimited energy,” Trump said in an interview with Fox News, adding that “we’re doing twice as much oil and gas, as they are,” referring to the U.S. producing more oil and gas than Saudi Arabia and Russia combined. On Stocktwits, retail sentiment on USO was in the ‘neutral’ territory amid ‘low’ message volumes. Meanwhile, sentiment for XOM and CVX was in the ‘bearish’ territory. Sentiment on COP and VG was in the green at the time of writing amid ‘high’ and ‘extremely high’ message volumes, respectively. So far this year, USO has led with gains of nearly 115%, followed by VG, which rose about 102%. COP, XOM, and CVX have advanced 26.6%, 28.8%, and 22.6% respectively. For updates and corrections, email newsroom[at]stocktwits[dot]com. Comments posted here will also appear on symbol pages. Bill Ackman’s Pershing Square has built a $2.1 billion stake in Microsoft Corp., and trimmed all or most of the fund’s stake in Alphabet, Inc., although Ackman later clarified that the transaction in no way signals a bearish view on the search giant. ""To be clear, our sale ‌of ⁠Google was not a bet against the company. We are very bullish long term ​on ​Alphabet. ⁠But at current valuations and in light ​of our finite capital ​base, ⁠we used as a source of funds for Microsoft,"" ⁠Ackman ​wrote on X ​on Saturday. On Friday, a regulatory filing showed that Pershing Square had acquired 5.7 million shares of Microsoft in a fresh position last quarter, signaling that Ackman — the noted investor known for his high-stakes activist campaigns — was taking advantage of the recent pullback in Microsoft’s share price. The fund, meanwhile, trimmed its position in Meta Platforms. “We sold Google and bought Microsoft. Interesting. I have enormous respect for Chris,” he said in an a separate X post that day, referring to Sir Christopher Hohn, whose TCI Fund Management￼ sold most of its Microsoft stake last quarter. In a third post, explaining his move, Ackman said the recent pullback in MSFT created a rare opportunity to buy one of the world’s strongest long-term businesses at an attractive valuation. Ackman believes investors are underestimating the resilience and growth potential of Microsoft’s core franchises — Microsoft 365 and Azure — despite concerns around AI competition and cloud growth. He argued that Microsoft’s software ecosystem is deeply embedded across enterprises and difficult to replace because of its integrated security, compliance, and workflow infrastructure. Ackman is also optimistic about Microsoft’s AI strategy, particularly the expansion of Copilot, Azure’s multi-model AI platform, and the revised agreement with OpenAI, which he believes positions the company to benefit from the long-term AI boom. Despite a sharp climb last month, MSFT shares are still down 12.6% year to date and down 24% from their 52-week high last October. In contrast, GOOGL stock has risen 27% year to date and currently trades near an all-time high. Both GOOGL and MSFT stocks were down under 1% in the overnight trading ahead of Monday, amid a broad slide in stocks as investors viewed the lack of firm agreements from the recently concluded U.S.-China summit as a negative. On Stocktwits, the retail sentiment was ‘bearish’ for GOOGL and ‘neutral’ for MSFT. Amid stock momentum, GOOGL investors are now turning focus to Google I/O, its annual developer event which kicks off on Tuesday and would likely feature a board slate of AI announcements. Expectations are elevated, Bank of America said in an investor note on Friday. “In our view, so N.T. risk is that lack of a “wow” announcement could pressure the stock. We think longer-term investors will appreciate Gemini improvements, benefits from AI integration across Google’s product stack, and Google’s strong position for agentic assistant leadership. Reiterate Buy,” the research firm said. For updates and corrections, email newsroom[at]stocktwits[dot]com. Read Next: NOW Stock Rises Overnight: Trump’s ServiceNow Stake Fuels Retail Buzz Around SAAS Comeback Comments posted here will also appear on symbol pages. Apple (AAPL), Enphase Energy (ENPH), and FuelCell Energy (FCEL) all reached fresh 52-week highs on Friday as strong earnings, AI-driven data center power demand, and normalized solar inventories fueled a broad risk-on rotation across tech and clean energy sectors. While Apple and Enphase ended Friday’s trading session 0.7% and 10% higher, FuelCell Energy finished 1% lower. Apple reached a defining market moment on Friday, as shares crossed the $300 mark for the first time ever, cementing a new all-time high and reinforcing its status as Wall Street’s core defensive growth asset. The tech giant reported a strong fiscal second-quarter (Q2), with revenue up 17% to $111.2 billion and earnings per share of $2.01. The company also generated more than $28 billion in operating cash flow, reinforcing its financial scale. Worries about weak demand in Asia eased after Apple reported a 28% rise in Greater China sales. The strong rebound gained market confidence and showed continued demand for high-end smartphone upgrades in the region. Even though Apple is rolling out AI more slowly than Microsoft and Alphabet, investors are still paying attention to its upcoming Worldwide Developers Conference on June 8. Additionally, Berkshire Hathaway’s filing on Friday showed that Apple still remains its largest holding at 22% of the portfolio, at about 228 million shares. On Stocktwits, retail sentiment around the stock turned to ‘bullish’ from ‘neutral’ territory the previous day. FuelCell Energy hit a yearly high as its stock kept rising on strong demand for AI-related power needs. Investors expect more electricity use from AI data centers and are turning to companies that can provide steady power as grids struggle to keep up. A major reason for the rise is FuelCell’s new 12.5-megawatt modular power systems built for data centers. These systems can work without the main power grid and can use fuels like natural gas, hydrogen, and biofuels. Retail sentiment around the stock remained in ‘extremely bullish’ territory. Enphase Energy stock jumped to a 52-week high, capping a 45% weekly surge, supported by growing evidence that the prolonged solar inventory glut across the U.S. and Europe has largely cleared. The company also reported better-than-expected fiscal first-quarter (Q1) results in late April, posting $282.9 million in revenue and earnings per share of $0.47, surpassing the Street estimates of $282.4 million and $0.45, respectively, according to Fiscal AI data. A key driver of growth is Enphase’s new IQ9S-3P commercial microinverters. They are made for large solar setups, work with bigger panels, and aim to meet rising demand from business and industrial solar projects. Retail sentiment around the stock remained in ‘extremely bullish’ territory. So far this year, while FCEL and ENPH stocks have surged 192% and 65%, respectively, AAPL has gained over 10%. Also See: SPCE Stock In Focus After Jefferies Sees Massive Upside On Virgin Galactic's Delta Program Progress Ahead Of SpaceX IPO For updates and corrections, email newsroom[at]stocktwits[dot]com. Comments posted here will also appear on symbol pages. Retail investors piled into SpaceX proxy plays including Destiny Tech100 (DXYZ), Fundrise Innovation Fund (VCX), and Tema Space Innovators ETF (NASA) as anticipation around the Elon Musk-owned company’s long-awaited IPO hit fever pitch, with investor Larry Goldberg saying that demand is potentially 20x oversubscribed. DXYZ jumped 9% in overnight trading but remained on track to recover from its worst weekly decline of the year. Meanwhile, VCX notched its fourth straight weekly gain, while NASA posted a second consecutive week of gains. Excitement around SpaceX’s public debut intensified after reports said that Elon Musk’s rocket, satellite and AI company could publicly file for its IPO as soon as this week ahead of a potential June 12 Nasdaq listing under the ticker “SPCX.” The offering could raise as much as $75 billion at a valuation exceeding $2 trillion, potentially making it the largest IPO in history. SpaceX has also reportedly notified shareholders about a 5-for-1 stock split ahead of the IPO, reducing the estimated fair market value per share from about $526 to $105. Amid growing IPO speculation, Musk said over the weekend that he has no plans to sell any SpaceX shares. Meanwhile, BlackRock supposedly discussed investing between $5 billion and $10 billion in the IPO, likely making the asset-management giant one of the offering’s anchor investors. The investment would rank among the largest institutional IPO commitments in recent times and could attract additional large investors into the deal. SpaceX also recently hosted major institutional investors at Starbase and xAI facilities in Texas and Memphis, including representatives from BlackRock, Fidelity, T. Rowe Price and Capital Group. Goldberg, managing partner at venture capital firm Lumasenti, said in a Sunday interview with Tesla influencer Herbert Ong that investor appetite for the IPO already appeared extraordinary. “Early indications say that it’s 4X oversubscribed,” Goldberg said before adding that subsequent pricing rounds could push demand dramatically higher. “They’re thinking it’s going to be 12 to 20X oversubscribed.” He also expects SpaceX’s valuation to surpass a $2 trillion market value. “It’s going to be one of the most anticipated IPOs in years. And it’s now just four weeks away,” Goldberg added, saying that expectations around rapid inclusion into major index funds were further fueling Wall Street excitement. Goldberg said that SpaceX’s IPO momentum was being driven by multiple developments happening simultaneously across launch systems, AI infrastructure and satellite connectivity. “These aren’t four separate headlines. They’re one story,” Goldberg said. He called the company’s upcoming Starship launch as one of the most important events ahead of the IPO. Goldberg also said that the mission carried technical complexities. “So it’s classic SpaceX, ultra high risk,” Goldberg said. “It leaves me with butterflies in my stomach because there are about 30,000 things, literally 30,000 things that could go wrong. Everything has to go right.” Goldberg also noted SpaceX’s rapidly expanding Starlink mobile ambitions after the FCC approved nationwide EchoStar spectrum access for Starlink services. He said that Verizon, AT&T and T-Mobile appeared to be responding aggressively to SpaceX’s growing satellite-to-phone push. “Verizon, AT&T and T-Mobile just rushed out a joint venture to plug their dead zones,” Goldberg said. Among publicly traded names, DXYZ has become one of the market’s most closely watched retail vehicles for indirect SpaceX exposure. SpaceX currently represents the largest holding in Destiny Tech100’s portfolio at 16.2% of assets. The portfolio also includes exposure to xAI, OpenAI, Anthropic, Databricks and Shield AI. VCX has also emerged as a closely-watched retail gateway into private AI and venture-backed technology companies. Anthropic accounts for 21% of the portfolio, while other major holdings include OpenAI, Databricks, Anduril, Ramp and SpaceX. Since inception in July 2022, VCX has generated cumulative returns of about 84%, according to Fundrise data. Meanwhile, the NASA ETF has gained attention for its direct SpaceX exposure through a special-purpose vehicle structure. The ETF also includes positions in satellite connectivity, launch infrastructure and commercial space technology, including AST SpaceMobile, Rocket Lab, Planet Labs and Intuitive Machines. On Stocktwits, retail sentiment for DXYZ, TEMA, and VCX was ‘extremely bullish’ amid ‘extremely high’ message volumes. One user said, “$DXYZ I think $150 is obtainable the day SpaceX IPO goes live. We'll see how this plays out. Looking for that 500% gain for me. LFG bulls” Another user said, “$VCX  we could retest $500 when spacex ipos.  With fomo maybe 600 to 700” Over the past year, VCX surged 1,510%, while DXYZ gained 17% and NASA jumped 37%. For updates and corrections, email newsroom[at]stocktwits[dot]com. Read Next: IBRX Stock Rises Overnight: Investors Eye FDA Workshop On Anktiva After Exclusive Japan BCG Deal Comments posted here will also appear on symbol pages. Sable Offshore Corp. (SOC) garnered significant retail attention over the weekend after a federal court dismissed a lawsuit challenging the restart of the company's oil and gas operations at the Santa Ynez Unit in the Santa Barbara Channel. The company’s shares gained 10% on Friday after the dismissal. Retail chatter around the stock jumped from ‘normal’ to ‘high’ levels over 24 hours, and message volume surged by 200% over the past week, with investors actively discussing further upside in the stock. The U.S. District Court for the Central District of California said on Friday that it had dismissed the complaint in Center for Biological Diversity v. Burgum, one of several cases challenging Sable Offshore’s oil and gas operations. The ruling said that the Bureau of Ocean Energy Management’s (BOEM) decision concluded that Sable was not required to revise its development and production plan under the Outer Continental Shelf Lands Act, and could restart its offshore drilling production. “This decision is a clear-eyed interpretation of federal law in keeping with the Supreme Court’s instruction in Loper Bright to follow the best interpretation of statutes,” said Principal Deputy Assistant Attorney General Adam Gustafson of the Justice Department’s Environment and Natural Resources Division. “Our defense of BOEM’s decision supports domestic energy production in furtherance of President Donald J. Trump’s directive to unleash American energy.” Earlier this year, the Trump administration had granted emergency permission to the company to restart production of its Santa Barbara County oil pipeline under the Defense Production Act. The pipeline had been shut since 2015 due to a massive oil spill. Since operations began, the pipeline has reportedly been transporting about 30,000 barrels of oil per day to California and is expected to reach 60,000 barrels per day. American oil companies also got a sentiment boost after Trump said that China had agreed to buy crude oil from the U.S. after the recently-concluded U.S.-China bilateral summit in Beijing. “They have an insatiable appetite for energy, and we have unlimited energy,” Trump said in an interview with Fox News last week, adding that “we’re doing twice as much oil and gas, as they are,” referring to the U.S. producing more oil and gas than Saudi Arabia and Russia combined. On Stocktwits, retail sentiment around SOC improved from ‘bullish’ to ‘extremely bullish’ over the past 24 hours as users eyed a potential jump in the stock. One bullish user said that the company’s stock was “going up.” The user also noted in a separate comment that, “Now that we’re selling oil to China, there’s absolutely no way the federal government is gonna let any oil project stop or stall, especially on the west coast.” Another bullish user said, “If the agency continues to hold, $50 is not impossible,” referring to the fact that the project could come under federal control. Shares of the company were trading around $15.10 at the time of writing. For updates and corrections, email newsroom[at]stocktwits[dot]com. Also Read: S&P 500, Dow, Nasdaq Futures Slip After Trump Says ‘Clock Is Ticking’ For Iran: NOW, IBRX, ONDS, BMNR Stocks In Focus Comments posted here will also appear on symbol pages. ServiceNow (NOW) stock jumped 4% in overnight trading ahead of Monday’s session as retail traders cheered President Donald Trump’s disclosed stake in the company amid growing optimism around a rebound in beaten-down software stocks. The NOW ticker saw fresh bullish commentary on Stocktwits as of Sunday evening, with many traders arguing that ServiceNow remains among the most undervalued stocks in the software space and is poised for a rebound. “$PATH SAAS apocalypse is cancelled and was dumb in the first place. If you haven’t noticed the sector rotation starting, it is. And it’s still early to get in. $NOW $CRM $WDAY $MSFT all have plenty of room to run up from this dip but my favorite is PATH for outsized returns from here,” a trader said. Another wrote: “$NOW green in a sea of red…tells you all you need to know.” Others said investors appeared to be trimming positions in semiconductor stocks, which had surged sharply in recent weeks, and rotating into beaten-down software-as-a-service (SAAS) names. “True  - there has been some rotation out of chips into other sectors like Software (with $NOW and other beneffiting),” said a trader. Year to date, the iShares Semiconductor ETF (SOXX), which tracks chip stocks, has surged 68%, with companies such as Intel roughly tripling and SanDisk soaring nearly sixfold over the same period. In comparison, the iShares Expanded Tech-Software Sector ETF (IGV) has declined 15%. Retail sentiment for NOW shifted to ‘extremely bullish,’ up from ‘neutral’ on Friday, amid ‘high’ message volume. Traders were eyeing a reclaim of the key $100 level after the stock rallied more than 9% over the last two sessions to close Friday at $95.07. Last week, a disclosure released by the U.S. Office of Government Ethics said President Doanld Trump invested in a plethora of software and technology stocks in the first quarter. On Feb. 10, Trump purchased between $1 million and $5 million worth of shares of ServiceNow, Adobe, and Workday. Meanwhile, ServiceNow said on Friday it completed a $4 billion bond sale, enhancing the company's funding flexibility for investment and buybacks. ServiceNow posted 22% revenue growth in the first quarter but projected the integration of Armis weighing on its margins this year. The growth, as well the subscription revenue forecasts for the second quarter and the full year, was ahead of analysts’ expectations. In Februrary, CEO Bill McDermott acquired $3 million worth of ServiceNow shares, while key executives, including the President and CFO Gina Mastantuono, cancelled their automatic 10b5-1 stock sale plans. The previous month, ServiceNow authorized an additional $5 billion share repurchase authorization, with an immediate $2 billion Accelerated Share Repurchase (ASR). ServiceNow shares are down 38% year to date, as of their last close. For updates and corrections, email newsroom[at]stocktwits[dot]com. Comments posted here will also appear on symbol pages. These cookies are necessary for the website to function and cannot be switched off in our systems. They are usually only set in response to actions made by you which amount to a request for services, such as setting your privacy preferences, logging in or filling in forms. You can set your browser to block or alert you about these cookies, but some parts of the site will not then work. These cookies do not store any personally identifiable information. As a California consumer, you have the right to opt-out from the sale or sharing of your personal information at any time across business platform, services, businesses and devices. You can opt-out of the sale and sharing of your personal information by using this toggle switch. As a Virginia, Utah, Colorado and Connecticut consumer, you have the right to opt-out from the sale of your personal data and the processing of your personal data for targeted advertising. You can opt-out of the sale of your personal data and targeted advertising by using this toggle switch. For more information on your rights as a United States consumer see our privacy notice. These cookies allow us to count visits and traffic sources so we can measure and improve the performance of our site. They help us to know which pages are the most and least popular and see how visitors move around the site. All information these cookies collect is aggregated and therefore anonymous. If you do not allow these cookies we will not know when you have visited our site, and will not be able to monitor its performance. These cookies may be set through our site by our advertising partners. They may be used by those companies to build a profile of your interests and show you relevant adverts on other sites. They do not store directly personal information, but are based on uniquely identifying your browser and internet device. If you do not allow these cookies, you will experience less targeted advertising.",https://stocktwits.com/news-articles/markets/equity/uso-xom-cop-cvx-vg-rise-oil-prices-spike-amid-renewed-iran-tensions-china-commitment/cZXr5U5Relf
XOM,ExxonMobil (XOM) Expands Oil Operations in Trinidad to Boost Pro - GuruFocus,2026-10-08 11:03:44,"This website is using a security service to protect itself from online attacks. The action you just performed triggered the security solution. There are several actions that could trigger this block including submitting a certain word or phrase, a SQL command or malformed data. You can email the site owner to let them know you were blocked. Please include what you were doing when this page came up and the Cloudflare Ray ID found at the bottom of this page. Cloudflare Ray ID: a482852bcc51f13a
•

        Your IP:
        Click to reveal
172.212.172.243
•

Performance & security by Cloudflare",https://www.gurufocus.com/news/9115037/exxonmobil-xom-expands-oil-operations-in-trinidad-to-boost-production
XOM,Calamos Growth & Income Portfolio's ExxonMobil Holdings Corp(XOM) Holding History - GuruFocus,2026-10-08 10:39:45,"This website is using a security service to protect itself from online attacks. The action you just performed triggered the security solution. There are several actions that could trigger this block including submitting a certain word or phrase, a SQL command or malformed data. You can email the site owner to let them know you were blocked. Please include what you were doing when this page came up and the Cloudflare Ray ID found at the bottom of this page. Cloudflare Ray ID: a482865e4aeef13a
•

        Your IP:
        Click to reveal
172.212.172.243
•

Performance & security by Cloudflare",https://www.gurufocus.com/guru-portfolio/Calamos%20Growth%20%26%20Income%20Portfolio/XOM
XOM,Exxon Mobil (XOM) Sees $71.9 Million in Net ETF Buying on Oct. 6 - GuruFocus,2026-10-08 10:24:29,"This website is using a security service to protect itself from online attacks. The action you just performed triggered the security solution. There are several actions that could trigger this block including submitting a certain word or phrase, a SQL command or malformed data. You can email the site owner to let them know you were blocked. Please include what you were doing when this page came up and the Cloudflare Ray ID found at the bottom of this page. Cloudflare Ray ID: a4828591d9dcf13a
•

        Your IP:
        Click to reveal
172.212.172.243
•

Performance & security by Cloudflare",https://www.gurufocus.com/news/9114943/exxon-mobil-xom-sees-719-million-in-net-etf-buying-on-oct-6
XOM,"SEC Issues Reporting Warning Ahead of 2027 Proxy Season, Spotlig - GuruFocus",2026-10-08 09:07:14,"This website is using a security service to protect itself from online attacks. The action you just performed triggered the security solution. There are several actions that could trigger this block including submitting a certain word or phrase, a SQL command or malformed data. You can email the site owner to let them know you were blocked. Please include what you were doing when this page came up and the Cloudflare Ray ID found at the bottom of this page. Cloudflare Ray ID: a4828719ad29f13a
•

        Your IP:
        Click to reveal
172.212.172.243
•

Performance & security by Cloudflare",https://www.gurufocus.com/news/9114884/sec-issues-reporting-warning-ahead-of-2027-proxy-season-spotlight-on-exxonmobil-xom
XOM,SEC warns investors on reporting obligations after 2021 climate push at Exxon - TradingView,2026-10-08 08:48:38,"The Securities and Exchange Commission has warned asset managers and activist investors about their reporting obligations ahead of the 2027 proxy season, following a shareholder campaign in 2021 targeting Exxon Mobil XOM. The campaign, led by activist hedge fund Engine No. 1, successfully unseated directors from Exxon's XOM board in 2021 over the oil giant's climate strategy. Climate Action 100+, an investor initiative, had aligned with Engine No. 1 at the time. Engine No. 1's nominees to replace the directors were backed by BlackRock BLK, Vanguard and State Street STT, which owned more than 5% of Exxon XOM shares each. In a rare ""Report of Investigation"" released on Wednesday, the SEC said it decided not to pursue an enforcement action over the campaign. But it raised ""serious concerns"" about the conduct of Climate Action 100+ members and other participants, and called on passive investors to be mindful of their reporting obligations. ""Because large asset managers exercise substantial voting influence across U.S. public companies, their participation in organizations, such as CA100, dedicated to aligning their members' voting decisions raises heightened concerns under the beneficial ownership reporting framework,"" the SEC stated. It also raised concerns during the investigation related to whether such activities could change the passive shareholder status of BlackRock BLK, State Street STT or Vanguard. Michael Boudett, general counsel for sustainability nonprofit ​Ceres, said Climate Action 100+ has always operated within U.S. securities law. Ceres is one of the climate group's partners. ""It is ​up to every participating Climate Action 100+ investor to make their own decisions, including how they vote their shares,"" Boudett added.DisclaimerContent provided by Seeking Alpha is intended for information purposes only, and that Seeking Alpha does not offer any personalist investment advice and is not a licensed securities dealer, broker, US investment adviser or investment bank. Select market data provided by ICE Data Services. Select reference data provided by FactSet. Copyright © 2026 FactSet Research Systems Inc.Copyright © 2026, American Bankers Association. CUSIP Database provided by FactSet Research Systems Inc. All rights reserved. SEC filings and other documents provided by Quartr.© 2026 TradingView, Inc.",https://www.tradingview.com/news/seekingalpha:e9f59b548094b:0-sec-warns-investors-on-reporting-obligations-after-2021-climate-push-at-exxon/
XOM,Key facts: XOM Oct30 EPS $3.75; Supreme Court climate risk; robotics - TradingView,2026-10-08 07:00:00,"This is an AI-generated summary and may contain inaccuracies. Please verify any important information with the original sources. Select market data provided by ICE Data Services. Select reference data provided by FactSet. Copyright © 2026 FactSet Research Systems Inc.Copyright © 2026, American Bankers Association. CUSIP Database provided by FactSet Research Systems Inc. All rights reserved. SEC filings and other documents provided by Quartr.© 2026 TradingView, Inc.",https://www.tradingview.com/news/tradingview:2f528b869071d:0-key-facts-xom-oct30-eps-3-75-supreme-court-climate-risk-robotics/
XOM,"Ascentis Wealth Management, LLC's ExxonMobil Holdings Corp(XOM) Holding History - GuruFocus",2026-10-08 05:44:24,"This website is using a security service to protect itself from online attacks. The action you just performed triggered the security solution. There are several actions that could trigger this block including submitting a certain word or phrase, a SQL command or malformed data. You can email the site owner to let them know you were blocked. Please include what you were doing when this page came up and the Cloudflare Ray ID found at the bottom of this page. Cloudflare Ray ID: a482866b0f82f13a
•

        Your IP:
        Click to reveal
172.212.172.243
•

Performance & security by Cloudflare","https://www.gurufocus.com/guru-portfolio/Ascentis%20Wealth%20Management,%20LLC/XOM"
XOM,Exxon Mobil Holdings (XOM) Q1 2026 Earnings Call Transcript - Fortune,2026-10-08 04:18:21,"Jim ChapmanGood morning, everyone. Welcome to ExxonMobil's earnings call. Today's call is being recorded. We appreciate you joining us. I'm Jim Chapman and I'm joined by Darren Woods, Chairman and Chief Executive Officer, and Neil Hansen, Senior Vice President and Chief Financial Officer. This quarter's presentation and prerecorded remarks are available on the investors section of our website. They're meant to accompany this quarter's earnings release, which is posted in the same location. During today's presentation, we'll make forward-looking remarks, including comments on our long-term plans, which are subject to risks and uncertainties. Please read our cautionary statement on slide two. You can find more information on the risks and uncertainties that apply to any forward-looking statements in our SEC filings on our website. We also provide supplemental information at the end of our earnings slides, which are also posted on our website. Now I'll turn it over to Darren for opening remarks. Darren WoodsGood morning, and thank you for joining us. Let me begin by recognizing the impact of the conflict in the Middle East on our colleagues and partners in the region. We've been in close contact with our regional partners, as well as with companies and countries we have worked with for many years. We are proud to stand beside them during these very difficult times. While the financial impact in the region is real, what is even more real is the daily threat our colleagues and partners have been living under. We remain committed to supporting them as we work to restore operations and repair assets with a clear focus on safety and disciplined risk management. The Middle East is and will continue to be an advantaged and meaningful component of our global portfolio. The disruption to the broader economy we are seeing underscores the critical role our company plays in providing the affordable, reliable energy and products the world depends on. What we produce remains essential to development and progress, sustaining and improving living standards around the world. In this environment, scale, integration, and execution excellence matters. Those advantages, combined with the deep experience and capability of our employees, give us the ability to respond quickly and manage effectively through disruptions. Our competitive advantages are on display in this quarter's results. We delivered strong operational performance in a challenging environment, maintained rigorous safety and reliability standards, and continued advancing key priorities across the portfolio, supporting long-term value creation for our shareholders. We saw those advantages in our response to supply disruptions, leveraging our global portfolio to support customers. We delivered on our plans to increase Permian production year-over-year, achieved record levels of production in Guyana, achieved first LNG at Golden Pass, optimized logistics and crude product flows, and safely maximized refinery throughput where possible. In fact, in March, refinery throughput increased by approximately 200,000bbl a day versus February, or the equivalent of a mid-sized refinery. As we brought back refineries from turnaround and deferred maintenance activities where we could without impacting safety or long-term reliability. Our global supply chain organization rapidly executed alternate routings from the U.S. Gulf Coast to Asia to sustain critical supplies for our customers. Despite the unprecedented impacts in the global energy system, we maintained deliveries to our customers globally through coordinated planning and real-time vessel visibility. Financially, excluding identified items and estimated timing effects, our first quarter earnings per share were up versus the fourth quarter of 2025, reflecting the strength and resiliency of the underlying business. Stronger portfolio mix, structural cost reductions, and execution excellence continue to drive improving performance. Those same factors leave us better positioned to manage uncertainty versus several years ago. The strength of that advantage portfolio is clear in the work we're doing today. We are expanding our LNG footprint. Our newest facility, Golden Pass LNG, a joint venture with QatarEnergy, is increasing U.S. export capacity at an important moment for global supply. Train 1 of the facility achieved first LNG in March and will deliver an increase of about 5% relative to 2025 U.S. exports. By the time the third train is online, we will increase the country's current LNG exports by roughly 15%. At the same time, we continue to progress toward final investment decisions on LNG projects in Papua New Guinea and Mozambique, both expected later this year. Elsewhere in the upstream, Guyana continues to set the standard for execution, development pace, and value creation. We delivered record production, continued strong reliability, and have Uaru, Whiptail, and Hammerhead projects under construction, with Uaru expecting first oil late this year. Consistent with our broader approach to support long-term economic development in countries where we operate, we've committed a $100 million investment over 10 years to support national STEM education in Guyana, strengthening our bond with the people of Guyana and establishing a foundation for long-term prosperity. In the Permian, we continue to show how scale and proprietary technologies improve efficiency, recovery, and long-term value creation. We remain on track to grow full-year Permian production to 1.8 million oil equivalent barrels in 2026, with that growth grounded in value, not volume. We're also progressing our Permian net zero ambition with continuous methane monitoring implemented across all key assets in New Mexico. In product solutions, performance remains strong, driven by higher value products and technology-led differentiation. The Beaumont Refinery expansion, completed in 2023, fully recovered its initial investment ahead of expectation and is contributing to stronger margins and cash flow. This underscores how disciplined investments grounded in long-term market fundamentals rigorously executed generate durable returns independent of price cycles. In parallel, we continue to progress our journey to build a reliable domestic supply of advanced synthetic graphite. We recently held a ribbon-cutting ceremony at the pilot production plant in Kentucky, which represents a critical milestone between lab-scale development and full commercial deployment. In low-carbon solutions, we began transporting and storing captured CO2 from the New Generation Gas Gathering project, our second startup in less than a year. Through this year and next, we plan to start facilities with the capacity to capture an additional 4 million tons per year of CO2. Importantly, with our advantages, these projects deliver attractive returns that compete with the investments in our base business. Technology as a core competitive advantage remains central to our strategy, is one of the ways we improve structural competitiveness, strengthen returns, and create new earnings opportunity. In Guyana, we achieved the first deep water fully autonomous well section using rig automation and automated downhole steering tools, improving both safety and efficiency. Additionally, we're on track to leverage our Proxxima technology in subsea applications with Hammerhead and future FPSOs, further demonstrating the material's performance in demanding offshore environments. Across the company, we're making further progress to simplify how we run the business through effective application of technology. Our enterprise-wide process and data platform transformation, the largest ever undertaken in the industry, reached an important milestone with the successful launch of a new modern workforce enablement system. This significantly simplifies the work processes that underpin our talent management approach and streamlines our payroll processes in more than 50 countries. It provides a single, consistent data foundation on which future system deployments will be built. We deliver this with no business disruption, demonstrating the strength of our centralized core capabilities, fully leveraging our scale advantage. This is the first step of many to make our processes more efficient and effective, ultimately enhancing the experience of our global workforce. This will allow our people to focus their efforts on high-value work, further reinforcing our competitive advantages. Without the changes we made over the last decade and the focus we've put on leveraging our core advantages, this game-changing enterprise system would not be possible. It is establishing a truly differentiating foundation for long-term competitive advantage. With recent events, the world has been reminded of the critical role and long-term need for reliable, affordable Energy Products. Today, more people recognize that demand for oil and natural gas remains substantial and will continue to play an important role in global economic growth far into the future. This fundamental and the competitive advantages we bring underpin our strategy, our capital allocation decisions, and the long-term success of our company. We are confident in our advantages, the importance of scale and integration, the critical role of technology and execution excellence, and the power of talented people. We are confident in our continuing transformation and the critical role our company will play in any future scenario. We're confident in our plan to build long-term sustainable earnings and cash flow growth, the basis for long-term growth and shareholder value. Thank you. Jim ChapmanThank you, Darren. Before we move to Q&A, I want to highlight that we plan to publish our 2026 Advancing Climate Solutions report this month, detailing all of our progress on solving the and equation, meeting demand and reducing emissions, as well as our latest sustainability report. All these documents can be found on the investors section of our website. We really encourage you to take a look. With that, let's move to Q&A. Please note that we ask each analyst to limit themselves to one question as a courtesy to others. Operator, we'll ask you to please open the line for our first question. OperatorThank you. The question-and-answer session will be conducted electronically. If you'd like to ask a question, please do so by pressing the star key followed by the digit one on your telephone. The first question comes from Devin McDermott of Morgan Stanley. Devin McDermottHey, good morning. Thanks for taking my question. Devin McDermottDarren, good morning. I wanted to try to unpack some of your views on the near and longer-term impacts from the situation in the Middle East. On the near-term side, I was hoping you could talk through your view on the timeline for operations in the region, including your own, to return to normal once the strait reopens. Shifting to the medium and longer term, would just love to hear your perspective on how lasting you expect the market impacts to be across upstream refining and chemicals, and whether you're seeing anything that structurally changes your view of normalized or mid-cycle price at the margins. Darren WoodsSure. Thank you, Devin. Thanks for the question. Maybe to start, let me just provide, excuse me, some context around how we're looking at what's been playing out here in the market, which will form the foundation for then how we see it continuing to play out. I think it's obvious to most that if you look at the unprecedented disruption in the world's supply of oil and natural gas, the market hasn't seen the full impact of that yet. You only have to look at the ranges that oil prices have moved at, which are very consistent with, you know, the last 10 years in the history there, versus this historically unprecedented disruption. There's more to come if the strait remains closed. Why haven't we seen those impacts manifest themselves fully in the market yet? I think we all know there was a lot of oil in transit on the water, a lot of inventory on the water that has been deployed in the first month of the conflict. Strategic petroleum reserves have been released. Commercial inventories have been drawn down. We've seen that play itself off and mitigate the impact as we move through March and then here through April. You get to the kind of the min working levels of inventory on the commercial side, you're gonna lose one of these sources of supply. We anticipate, as that happens and the strait remains closed, that we will continue to see increased prices in the marketplace. The strait opens back up again, it'll take some time for frankly to get back to a stable flow rate that was consistent with what we've historically seen. The ships gotta reposition themselves. We gotta work through the backlog. Then there's obviously the transit time to get the product to market. We're thinking there's gonna be a 1-2-month time lag between the strait opening up and the market seeing normal flow. Depending on how long this goes, and how far strategic petroleum reserves are drawn, how low commercial inventories go, there will be a period of time where players, markets, governments, countries try to refill and replenish those inventories. That's gonna bring an additional level of demand into the marketplace, which we think is gonna put upward pressure on prices. I would also anticipate that many countries around the world will look at, if they don't have strategic petroleum reserves, start thinking about whether they need those. That may bring some additional demand into the marketplace. Obviously, people are gonna reassess their energy security and how they ensure that going forward that they don't have the same exposure that many of them have been realized here in the short term. I think all those things, difficult to predict exactly how it plays itself out, but I do think that will have an impact on prices with basically manifesting itself as maybe higher de-demand than we anticipated at the beginning of this year. The final point I would make with respect to longer term implications is kinda depends on where Iran ends up and if the world, how comfortable the world is, what assurances they have that the flows will remain uninterrupted. Whether or not a risk premium gets put into the market, I think is a question that has yet to be answered. With respect to our own facilities there, I mean, we were obviously first and foremost, as this conflict erupted, very focused on protecting our people and making sure that we kept them safe, which I'm very pleased with how our organization responded to that. As the conflict has gone on and we've done our risk assessments, we've allowed more folks to return to help with our partners and assess the damage. I think once the strait opens back up again, a large part of the capacity that isn't in the market today will come back on in a relatively short period of time. We'll have to cool down the LNG trains to get that moving again. That'll take a few weeks. I think we'll see that demand or that supply ramp up fairly quickly. Ultimately we'll have to work with QatarEnergy on the two trains that were damaged. That'll be obviously a much longer time horizon with respect to repair. That'll be about 3% of our global production. QatarEnergy came out very early on and said, you know, the repair time will be anywhere between 3 and 5 years. Obviously, we're working to be on the low end of that range. We've got more work to do to fully assess the damage and understand what options we have for repair. Neil, anything to add to that? Neil HansenHey, Devin. Maybe another just perspective on the near term. Obviously we've been focused on the external impacts to our upstream production, certainly, you know, what we've seen in the Middle East, but we also had some other external impacts in the quarter. Some impacts in Kazakhstan from drone attacks. It seems like it's been a while, but there was also a fairly significant impact from the winter storm in the Permian back in January. If you exclude all those external impacts, it really highlights the benefit and the value of having a global diverse portfolio. If we take those impacts out, year-over-year, our upstream production was up 8%. That 8% again comes from advantaged assets in the Permian and in Guyana, organic advantaged assets. Again, it just highlights, yeah, there is a lot of disruption, but having those advantaged assets, that global diverse portfolio allows us to continue to deliver long-term shareholder value. Devin McDermottAppreciate all the thoughts. Thanks, guys. OperatorThe next question is from Bob Brackett of Bernstein Research. Bob BrackettGood morning. I'm drawn to your exhibit 5 where you show March 2026 refining margins. Obviously, it's not a full quarter, it's a single month. Can you talk to that opportunity? Maybe inform us how April turned out, and then talk about how you can sort of help balance that market, and what are the opportunities for you in the downstream this year? Darren WoodsYeah. Thank you, Bob. Good morning. I would just start by saying, you know, one of the advantages we find here in this market and with the pressure on supply and the resulting then increase in refining margins is we're very satisfied that we've never lost focus on making sure that we were building a very robust and advantaged refining network. You'll recall, we started up a very large expansion at our Beaumont refinery in 2023. I think when we first announced that investment in refining, there was a lot of, I guess, questions about whether or not that was gonna play itself out and be a profitable investment. We've now paid that investment off completely. I think that is just an example of how we never doubted that having an advantaged footprint in a refinery, one that has a diversified product slate, is gonna be critical as we move forward to meet the world demand. We feel really good about where we're at. We've had several investments in high grading the production of the refining. Today we've got a very strong circuit to meet this challenge that's in the marketplace today. If you look at our Gulf Coast refineries, which is the largest footprint we have, it ran at, in the first quarter, at record utilization rates. We've been very focused on reliably, reliability and making sure that the facilities that we have are running at peak production. We emphasized that, really as we moved into March and saw this disruption coming. We worked it through the refining circuit for units that were in turnarounds and down. The organization expedited that maintenance work to get it back online sooner. For units that we were planning to take down for additional maintenance, we did the assessments to see if we could safely defer those. Really worked hard to try to respond to the demand that was out there. From February to March, we increased refining production by 200,000bbl a day. Just an example of how we were leaning on the organization to try to meet the moment. On top of that, our supply organization has done a tremendous job at moving barrels all around the world to rebalance the supply that we have with the demand shortages that we see developing across the world. All that continues, and I think that's gonna play out very well for us as we move through April and into the second quarter. I'm extremely pleased that the work that we've historically done over the last 10 years to reshape the organization, you know, this was a real test of that, the changes that we've made. Frankly, it has proven itself to be extremely impactful with respect to our ability to bring the most critical resources, our best talent on some of the hardest problems. Thankfully, we had built our trading organization up to help facilitate these movements. All that in combination, I think has led to what was a very successful month of March, not just from an earnings standpoint, but obviously from the ability to meet the moment and meet the demand, and that's gonna play itself out going forward. Neil HansenYeah. Bob, just to give some context, I know we had some temporary transient impacts in our financial results this quarter with the timing impacts that we disclosed and the identified event. If you take those things aside and you look at that Energy Products segment, you know, we made $2.8 billion in the quarter, up $2 billion compared to last year and a few hundred million compared to the fourth quarter. Again, for all the reasons that Darren talked about, you know, leveraging those world-class assets that we brought online last year, leveraging our trading capability, we've been able to deliver to the bottom line the market environment that we saw in March. OperatorThe next question is from Arun Jayaram of JPMorgan. Arun JayaramYeah, good morning. Thanks for taking my question. I wanted to see if you could elaborate on how you view some of the resource expansion opportunities in Guyana, as well as your initial assessment of the situation in Venezuela. Darren WoodsYeah, sure. Thanks for the question. I'll start maybe with the latter. If you look at Venezuela, obviously, Venezuela is a huge resource that's now opened up more freely to the world. There are continuing work going on with the industry, with the Trump administration, with the government of Venezuela to get the context of that opportunity shaped so that it represents attractive investment opportunities for the industry and would generate the necessary returns to make the investments in Venezuela. The oil in Venezuela is very heavy and therefore requires a lot of effort to get the production up and get it onto the market. Doing that in a way that is low cost is gonna be absolutely critical for Venezuela oil to be a, you know, fully contribute to the world balances and to meet the demand that's out there. I would tell you, the work that we've been doing really anchored in our resource up in Canada, in that resource base there, in the work on heavy oil, the technology developments we've been making, I think positions us uniquely in terms of low-cost production of the Venezuela resources when that opportunity, when the context is right and the investment and the returns look promising. I feel positive about what's happening, the opportunity there. More work to do, but I think we'll be uniquely positioned and play an important role in bringing those barrels to market. More broadly, as you look at the resource opportunity, Guyana continues. We continue to demonstrate outstanding progress with Guyana. We're again at record production and well in excess of the investment basis that we had as we brought those projects online. I would just say that it's a testament to, I'd say, the innovation and ingenuity of the team working that resource and their motivation to continue to find ways to improve and get better. I think that mentality applies itself broadly across the opportunity set. The team is very engaged in working with developing the resources across the block, very focused on developing projects that generate the returns to across the entire resource base. I think we're gonna continue to see projects come online and opportunities present themselves as we continue to develop that resource. There's still a lot of acreage left to be assessed. I think the opportunity there is significant. I think as we look in the area as a whole beyond Venezuela, you've got the work that we're doing with Trinidad and Tobago, and I think we're gonna see some opportunities there as well with time. OperatorThe next question is from Neil Mehta of Goldman Sachs. Neil MehtaYeah. Thank you, Darren and team. I'd just love your perspective on the Permian. You guys have been very clear about this being a growth engine guiding to 1.8 million barrels a day and eventually getting to 2.5 million barrels a day. Just your perspective in light of the higher commodity price and the need for U.S. barrels, do you expect the Permian to have an activity response from an industry perspective? Does this change the way that you're prosecuting the basin in any way? I know you've had a lot of conversations with the administration. We're getting a lot of questions about the crude export ban and any risks around that. Do you guys feel comfortable around that policy? Thank you. Darren WoodsThank you, Neil. I think, first, just with respect to what we've been doing in the Permian, I think you all know, you know, we've had the pedal to the metal here from the very beginning. We recognize the importance of that resource in meeting world demand and in particular in establishing the U.S. as the preeminent player and supplier in this market. We've been very focused on that from the very beginning. You can see that in the growth rate that we've achieved in that resource. Obviously, very focused on doing it in a very capital efficient way and ensuring that we have a very low cost of supply. The work that we've been doing on the technology portfolio is showing a lot of promise. It's hard to see in the data today because we're early stages of deployment, but I would say we remain very, very optimistic that we're gonna continue to see capital efficiency opportunities manifest themselves and recovery opportunities manifest themselves through the deployment of technology. We're gonna continue on the pace that we've been at. I would say we are running pretty full speed, unlike many of our competitors who I think have predicted the plateauing of the resource and the opportunities out there. We have never seen that, don't see it today. Whether the views of that change in the industry, I can't really comment on. Whether they make a decision to maybe run through their inventory more quickly, I can't comment on that. I don't know how they'd be thinking about it. Ultimately, the record here or the opportunity here is to do things in a more effective way to maximize the recovery of the barrels. Obviously, that's what we're very focused on. With respect to crude export bans, I think you bring up a really good point. I've been very encouraged by the comments made by Secretary Wright and the recognition that something like that would be hugely detrimental to the industry and the supply. I think it's important for politicians to understand that, you know, countries and companies export product when they don't have the demand domestically. I mean, your most profitable barrels are the barrels that you supply to your local market because the transportation cost is the lowest. I would tell you, I think everyone that's out there looks to that tier first. It's only when you've satisfied the demand of your local markets that you start sending your product and barrels farther afield and incurring the transportation cost. That's what's driving the exports. The world is in price parity, the markets and the prices around the world all reflect a consistent price basis. It really comes down to what are your local opportunities, and when you run through those, you export. If you shut in exports, you shut in production. It's particularly impactful in the U.S. that if you shut that production in, you shut in the associated gas that comes with it. A huge benefit to the U.S. economy to date has been low cost, low priced natural gas, which feeds our industrial complex, our manufacturing complex. It leads to the economic growth that we've been enjoying in the company, leads to job creation, expansions. A lot of negative implications if we see that happen. I'm extremely pleased that the administration recognizes that and isn't looking to that as a lever to pull, unlike other countries as you move around the world that have started talking and looking at things like that. They are gonna cause a bigger problem for themselves to, in pursuing what feels like a populist action in the short term that has very negative long-term consequences. OperatorThe next question is from Betty Jiang of Barclays. Betty JiangGood morning. Thank you for taking my question. I want to ask about LNG and maybe starting with whether the today's disruptions have changed your long-term view on LNG macro. Given, the tightening supply today, is there any flexibility to lean in on Golden Pass with the first train that's currently on, whether there's ability to increase that utilization and maybe accelerate the timing of future trains? Maybe just an update on the timing of the next two LNG projects as well. Darren WoodsSure. Good. Thank you for the question, Betty, and good morning. I think, if I, if I reflect on the discussions I've had with all of you over the last year or so, there's been this prediction out there that the LNG market is going long. Of course, a lot of our LNG is tied to crude contracts. The supply demand balances and the impact on pricing in the LNG market is a little different than what we have in the crude markets. We were always constructive on LNG going forward. What we've seen now is with the offline, the impacts with what's come offline and some of the damaged facilities, that link that people were, I think, talking about over the last year has gone away, and I think we're going to see a tighter market here, certainly in the short to medium term. That, that's helpful in the short term, but as you know, we don't make investment decisions based on, you know, calling a specific supply demand balance and price environment. We tend instead to focus on making sure that the capacity we bring on is advantaged, it's low cost, and will be successful irrespective of the price environment. Golden Pass is obviously one of those assets. Mozambique, Papua New Guinea, all those are projects that we're developing with a long-term view, and frankly, have been progressing those as on an expeditious manner, you know, as quickly as we can, consistent with capital discipline and efficient project development. We will look for opportunities in the short term, and we'll look for opportunities with our production to see if there's more that we can bring on. I don't see needle moving opportunities simply because in the base case, we were pushing hard to do it in an efficient and as an expeditious manner as possible. With respect to Golden Pass, as you know, we've got Train 1 on and getting product to market. Train 2, we expect to be mechanically complete by the end of this year. Train 3 should be mechanically complete as we head into the second quarter of next year. OperatorThe next question is from Doug Leggate of Wolfe Research. Doug LeggateGood morning, everyone. Thank you for taking my question, Darren. Darren, I wonder if I could come back, or maybe it's for Neil, come back to Qatar. You've quantified the volumetric impact, the LNG impact. My question is, your participation in the repairs comes up against, I believe, limited remaining contract length in the two trains you're involved in. How does force majeure impact that decision? Does the contract get extended? Maybe you could walk us through the implications of that. Thanks. Darren WoodsYeah. thanks, Doug. I would just say, start by saying that the long history that we have in Qatar and the partnership that we have with QatarEnergy is extremely strong and is as strong as it's ever been. We are extremely committed to working with QatarEnergy and helping restore the supply to the marketplace. Having said that, what I would tell you is, we'll do that in a construct that ensures that we generate return on the capital and the money that we put back into that business. I'm not gonna get into the specifics of how that will play out. I would just say, I think QatarEnergy has always recognized that successful partnerships require win-win solutions and opportunities. I think that's actually been a real strength of QatarEnergy and the work that they've done in the industry. Certainly, it underpins the work that we do with them and the partnership we have is they understand and respect the value and the contribution that we can bring in our partnership, and they recognize the importance of being rewarded for those contributions. I know in the discussions I'll have with Saad and the rest of the leadership of QatarEnergy is that that will continue to be respected, and we'll find a way to do that in a way that's good for QatarEnergy, good for ExxonMobil, and frankly, good for the world in terms of bringing that low-cost supply back into the marketplace. Doug LeggateThat's very clear. Thanks, Darren. Appreciate it. OperatorThe next question is from Biraj Borkhataria of RBC Capital. Biraj BorkhatariaHi there. Thanks for taking my question. It's a follow-up on your LNG portfolio. You talked at the start of the call about countries thinking about their level of exposure to the region. When I look at the rest of your business, it's fairly diversified. I look at your LNG portfolio relative to peers, and it's obviously much more concentrated, with Qatar being, you know, such a big part of that. Do recent events make you think about wanting to diversify, you know, much more rapidly? I know you're doing a few things outside of that now, but how are you thinking about over the longer term? Thank you. Darren WoodsThank you, Biraj. I would just tell you that we've always believed, and I think you all will recognize that we have consistently viewed LNG as a business that is gonna be critical for meeting the long-term energy demands of the world far into the future. We've always been bullish on the natural gas and LNG markets. What really has dictated what we pursue in the investments that we're going after is the quality of the opportunities and the returns that we can generate. It hasn't been constrained by anything other than that. This disruption doesn't change the opportunity set that we've been working on or the emphasis that we've had in that particular area. If you look at the things that are in the pipeline and that we're pursuing, Mozambique and Papua New Guinea and continuing to bring on the rest of Golden Pass, those are all, you know, growing our LNG portfolio, which has been a strategic objective that we had, and it's also diversified with respect to sources of supply, which we think was important with respect to establishing a global network of supply points. That is playing itself out as we speak today. If additional opportunities develop here in the short term that we feel like we can bring advantage to and generate an advantage project with advantage returns, with low cost of supply, competitively positioned in the world supply portfolio, we'll pursue those. My going in assumption is that those opportunities were already out there, and we've been actively pursuing those. I don't think it's gonna change with respect to what we've seen, certainly in the short term. We'll see what happens in the longer term, but our emphasis remains constant here. OperatorThe next question is from Jason Gabelman of TD Cowen. Jason GabelmanYeah. I just wanted. Thanks for taking my questions. I just wanted to first clarify one point going back to Doug's question. If you're self-insured in Qatar like you are on most of your assets or if you have insurance on that. I was hoping you could talk about the opportunity that is potentially available in the UAE if they were to ramp up production towards that 5 million barrels per day once the Strait of Hormuz reopens. You obviously have a very large footprint in that country and wondering if there's spare capacity on your assets. Thanks. Darren WoodsSure. Thanks for the question. I won't get into the specifics of, you know, our insurance. What I would say is you're right that we have a position where we use a large portion of self-insurance. We also look at third-party insurance where we think it makes economic sense. We take a portfolio approach there. We feel pretty good about the coverage across that portfolio, and frankly, don't see any material impacts with respect to Qatar and what we're, you know, the insurance portfolio and the damage that we've seen there. With respect to UAE, I mean, UAE is a strategic partner for us as well. We have a very long relationship there. I think, you know, we have worked very productively with ADNOC in establishing an opportunity set to take some of our capability sets and advantages and bring them to bear in terms of unlocking additional capacity in the UAE, we are working towards that ambition. I think we've got a very good relationship with them. We've got very good commercial arrangements with them, and we're actively working to help the UAE meet its ambition of growing production. We'll be a part of that, I'm sure of it. We already are, and I'm obviously looking for opportunities to do more. OperatorThe next question is from Manav Gupta of UBS. Manav GuptaThank you for taking my question. You guys are an expert in developing heavy oil, obviously you talked about Venezuela. One area where you kind of stopped a little growing is Canada. Given everything that's going on in the world and the short supplies, is there a way you and your partner can move that proprietary technology at a faster pace and bring back Aspen or future phases of Canada? When you delayed those projects, there was an egress issue and other issues. Those issues are resolved, I'm wondering if you can restart growth in Canada also. Thank you. Darren WoodsThank you, Manav. I think you touch on a really important part of the portfolio and the advantages that we have in heavy oil. I would say the, you know, the emphasis that we've had over the last several years working with IOL is to really drive performance improvement in our Kearl assets and making sure that as you look at the global supply curve and the cost of supply and the portfolio around the world that meets that supply, that our Kearl resource is attractively positioned in that supply curve. The team, through IOL and the work in that venture, I think have driven improvement to the point where we see that as being a very competitive source of supply in the world market. That's a function of, I'd say, a lot of things we've been working on. Technology is certainly a huge piece of that, but also the practices that we bring through our operations organization and the work that we've done to bring things that we've learned through our manufacturing assets into that upstream-dominated environment. I think we've seen huge benefits, a lot lower cost. Today it is a very productive resource, and we continue to make investments, and we see that being, you know, a long-term profitable part of our portfolio. Likewise, in the in-situ Cold Lake, we've got technical opportunities there, and we're frankly progressing those. That was also recognized with the technology work that we've done, that we've lowered that cost of supply to the point that we do think it represents a very attractive opportunity and a low cost of supply. We're continuing to progress that. That's really what anchored my comments with respect to Venezuela. I think we are uniquely positioned in terms of the global footprint that we have and the ability to go into Venezuela with the right set of circumstances to apply that technology and produce those barrels at a much lower cost of supply than many of our competitors would be capable of doing. We look forward to, you know, exploring that opportunity and seeing if we can't flesh that out to a point where it develops a, becomes a win-win-win opportunity, a win for ExxonMobil with respect to the returns for the capital, the assurances that we'd have with those returns, a win for the government of Venezuela, and then a win for the Venezuelan people with the economic activity that would obviously come with that. OperatorThe next question is from Alastair Syme of Citi. Alastair SymeYeah, good morning. I wonder if we can come back to that slide five, and you obviously, you know, chemical margins squeezed in March, but wonder if there's been any recovery in April back to those 10-year averages and, you know, how you see sort of your own feedstock availability. I think you referenced, you know, potential for the Energy Products business to have the 3% lower utilization this quarter, but just wondering how specifically that shakes out for the chemical products piece. Thank you. Darren WoodsYeah, sure. Thank you. The first point I would make on that slide five is, you know, we're representing industry margins there to kind of help you understand what the macro environment is with respect to the quarter and the circumstances that we were operating in. It doesn't reflect our footprint specifically. I would say that we are advantaged versus where the general market is primarily because of all the work that we've been doing to grow performance products and to improve the efficiency, lower the cost of our manufacturing facilities. On top of that, we have a very large base here in the U.S., and as crude prices have risen, our U.S. footprint is primarily gas crackers. What you see is, the world price being set on liquid crackers, and we have a big feed advantage there. My expectation if world crude prices remain elevated is that chemical margins for a large part of our footprint will be advantaged simply because we have a feed advantage, coming out of the U.S. Neil HansenI would just, you know, highlight, Darren, that North American advantage extends to our refining footprint as well. Again, this is a view of a global footprint, but more heavily weighted to North America. Again, we benefit from those, from that low-cost energy supply that we have here in North America as well. OperatorThe next question is from Jean Ann Salisbury of Bank of America. Jean Ann SalisburyHi, good morning. For the damaged trains in Qatar, can you give any more color about what drives the three versus five-year timing to get those back online? I've read that there's a two to three-year lead time for new cold boxes. Is that right that that's the primary factor? Are there options to speed that up? Darren WoodsYeah, thank you, Jean Ann. I think, you know, the range obviously is a function of, you know, where we're at in the process of assessing, working with QatarEnergy and assessing the damage, and then working out a plan to address the damage, recognizing, you know, the conflict is ongoing, and we've been very aligned, and I'd say QatarEnergy has been a real leader in this space of making sure that we are very judicious in the steps that we're taking and the deployment of people to make sure that we maintain a level of protection and maintain the safety of our people working there. Part of the challenges in the early numbers has just been, you know, a lot of the unknown variables we're working through with QatarEnergy around what exactly are our options and what can we do there. I would tell you it's a function of where we're at and the maturity of the work that we've done to date in terms of assessing what we can do. I think in the point that you made around cold box, the cold box being, you know, a critical path in the work there, that is, I think accurate to think of it in those terms. I would just say I haven't accepted any schedule we're at today because frankly, we haven't been able to do all the work that we need to do to challenge ourselves to see what's possible here. What I would say is I have a lot of confidence that the partnership and the work that we do with QatarEnergy, that the capability we bring to this repair will be unmatched. If, you know, whatever we end up doing here and whatever timeline we set, I don't think there would be anybody else who could beat it. I feel very confident in the capability set that we're bringing to bear here, and we've gotta work through the details to see what the ultimate answer is. Whatever it is, I think it'll be the best that could be done by anybody in the industry. OperatorThe next question is from Sam Margolin of Wells Fargo. Sam MargolinHi. Good morning. Thanks so much. This question might be for Neil. It's related to the timing effects, and, you know, and I know it's sort of a short-term issue, but your long-term targets have been very consistent, so maybe that's where the focus is for right now. You know, they encompass a lot of different aspects of the business, and when they reverse, it also involves a lot of different moving parts. The question is, you know, insofar as some of the reversal of the timing effects is related to execution wins within the business and, you know, there's prospects for volatility events to continue throughout this period of uncertainty, you know, were there any learnings or any changes in kind of your operating practices that were made as an adjustment to this event and that would help you sort of reverse the timing effects faster? Or do you expect it to just kinda pass as they have done in the past? Thank you. Darren WoodsI'll start with that and then hand it over to Neil. I just wanna make sure that the basis of the timing or the underlying activity of the timing is understood because I mean, what this basically is, you all remember that we've set up this trading organization and have been growing it over the years with the primary objective to take advantage of our large footprint, the fact that we're an integrated business and involved in many parts of the value chain, and to make sure that we see trading as a channel to optimize that footprint and that we think is a real advantage versus anybody else that's out there trading. We've done that in a very methodical way, in a way that we feel like manages the exposure and the risk. I'm extremely proud of what that group has accomplished, and obviously very happy that we had established that capability and it was in place in March when all this broke out. I would also tell you, just going back before that organization continues to optimize the footprint and bring value to the underlying businesses that it's supporting in our production and our facilities. The timing impact here is primarily driven by the fact that the trading organization is taking advantage of the opportunities in the marketplace and locking in profit. We're hedging the flat price risk. This volatility that you referred to, Sam, you know, that's the why we put the hedges in, is to protect ourselves against those price movements and to really take advantage of the spread that we see, that underlies the transaction that we put in place in locking that in. That's why we're so confident that this is just timing and that it will work itself out because this is all driven by the requirements to book the paper, without booking the corresponding physical barrels that are moving. There's a disconnect between what we book. We book one half of the deal, not the other half. When the physicals get delivered and you actually bring those into your earnings, it will offset the paper, and therefore you'll get the realized margin. That's how we think about it. I would tell you that's exactly how we wanna do it. we wanna, you know, mitigate the price exposure for these opportunities and lock in these, this value. That's what's driving it. I would tell you that's not changing. In fact, we've really encouraged the organization to keep on keeping on in that space. The identified item that we mentioned is different. That is, you buy a crude, delivered in March and January, we've long had a practice of trying to match up, the pricing of the crude when we take delivery of the crude to run it. That's, in this particular case, the reason we had as an identified item, is that with the disruption, the paper that we put in place for the physicals that we bought, the physicals weren't delivered, so we ended up with a naked hedge. That's, was basically a unique circumstance, given this, the disruptions here, that's what the identified item is. Neil, anything to add to that? Neil HansenYeah. Yeah, absolutely. Maybe to build on that a little bit, Darren. Again, this mismatch that occurs is the difference between the accounting standards that require us to value the financial derivatives based on the price that we see at the end of the period. As Darren mentioned, the physical transaction, the value of that remains on the balance sheet until the transaction's complete. It creates this mismatch in earnings that unwinds over subsequent periods. If you think about it, for us, generally, we're long physical and short paper. What you see is in periods of rising prices, like we saw in the first quarter, these timing effects typically are negative. Then in times when we see decreasing prices, we see the opposite of that, and the timing effects become positive. I think importantly, as Darren mentioned, when you take aside these timing effects, the trading activity that we do, the optimization has consistently delivered positive earnings for the corporation. It's obviously something that we track and, in fact, in the first quarter, when you look at the transactions that closed out, where the paper and the physical closed out, we had a strong quarter from those optimization activities. This is truly timing, again, driven by the accounting standards and how we have to value these transactions. The most important thing is that underlying activity of optimizing our global portfolio is consistently delivering value for the company. Darren WoodsI might just add on that. That's one of the reasons why you saw a slight difference in our press release and what we revealed is to help understand what the underlying activity and the value generated in the quarter was beyond what was booked with respect to GAAP. That was the reason for that additional disclosure. OperatorWe have time for one more question. Our final question will be from Nitin Kumar from Mizuho. Nitin KumarHi. Good morning, and thanks for getting me on. Darren, you spent a lot of time on the hydrocarbon side of your business and global disruptions. Could you give us a little bit of an update on the power opportunities in the Gulf Coast? You know, there has been a lot of debate around the pace of development and capital spending by the data centers. Just wanna get an update on where things lie with that. Darren WoodsSure. Thanks for the question, Nitin. I would tell you, I wanna make sure that kind of our objective in this space is clear, and I've said this when we first started talking about the data centers in this. The recognition of the growing demand here is we're not interested in the utility business of providing power. Because we don't think, ultimately that we bring, you know, a unique set of capabilities there that would manifest itself in above average industry returns. What we're interested in is bringing the unique capability and capacity to generate power with, you know, virtually carbon-free or emissions-free by using the decarbonized natural gas that we're producing and the unconventional business and our carbon capture and storage business and the leveraging the unique and frankly, only globally end-to-end supply chain or value chain for capturing, transporting, and sequestering CO2. That, for us, is the play here. As you know, we've been growing our carbon capture and storage business with third parties, establishing contracts to capture the CO2 and to transport and store it. The power side of the data centers is an opportunity to do that. To the extent these hyperscalers and the data centers wanna have very low emissions power, we have the option to provide that. We're in discussion with a number of hyperscalers. We're working through the specifics of the opportunity and the fiscals, and I would say that those are continuing dialogues. Frankly, it's a function of, you know, what the demand there is. I think what we, what we've seen in this whole low-carbon space, above and beyond carbon capture and storage, which is manifesting itself in real deals, that it's challenged when people, you know, are forced to, you know, pay for the emissions reductions when in many cases the market's not recognizing or rewarding it. That has been the challenge in this space, and we'll see in this particular area whether we overcome that challenge with customers and their desire to have low-carbon power. Jim ChapmanAll right. Thanks, everyone, for joining this call, and thanks for your questions. We're gonna post a transcript of this call to the investors section of our website by early next week, and we look forward to connecting again later this month during our annual shareholder meeting, which is on May 27th. That concludes today's call. Have a good weekend. © 2026 Fortune Media IP Limited. All Rights Reserved. Use of this site constitutes acceptance of our Terms of Use and Privacy Policy | CA Notice at Collection and Privacy Notice | Do Not Sell/Share My Personal Information
FORTUNE is a trademark of Fortune Media IP Limited, registered in the U.S. and other countries. FORTUNE may receive compensation for some links to products and services on this website. Offers may be subject to change without notice. These cookies are necessary for the website to function and cannot be switched off in our systems. They are usually only set in response to actions made by you which amount to a request for services, such as setting your privacy preferences, logging in or filling in forms. You can set your browser to block or alert you about these cookies, but some parts of the site will not then work. You may exercise your right to opt out of the sharing of personal information for targeted or cross-context behavioral advertising purposes by using this toggle switch. These cookies are set by a range of social media services that we have added to the site to enable you to share our content with your friends and networks. They are capable of tracking your browser across other sites and building up a profile of your interests. This may impact the content and messages you see on other websites you visit. If you do not allow these cookies you may not be able to use or see these sharing tools. Cookies of this category may be set on our website and are used to display personalized content to you that is believed to be in line with your interests. They are based on uniquely identifying your browser and internet device. For example, these cookies help us to provide information to you that is especially relevant to you. These cookies allow us to count visits and traffic sources so we can measure and improve the performance of our site. They help us to know which pages are the most and least popular and see how visitors move around the site. If you do not allow these cookies, we will not know when you have visited our site and will not be able to monitor its performance.",https://fortune.com/company/exxon-mobil/earnings/q1-2026/
XOM,Can ExxonMobil (NYSE:XOM) Stay Steady as Crude Rebounds on Supply Watch? - Kalkine Media,2026-10-08 04:14:00,"Hey ! We have sent you a verification e-mail. Please follow the instructions on the e-mail to complete your registration. If you can't find it,
                    Please check your spam folder Fabrice Bregier Appointed to Vertical Aerospace Board, Reports No Stoc... AI OKTO Director Petros Zavakopoulos Reports Direct Ownership of 7,500... Petros Panagiotidis Submits Initial SEC Ownership Report for AI OKTO C... John Paul Syriopoulos Files Form 3 as Newly Appointed Director of AI O... Make Kalkine Media

                                       My Trusted Source The rebound in crude prices framed the day for energy equities. After a stretch of choppy trading, oil firmed as market participants digested signals around supply discipline and the resilience of demand heading into the cooler months. Rising barrel prices typically strengthen the revenue that upstream producers capture for each unit of output, and ExxonMobil's substantial production base means that even modest shifts in the prevailing price ripple through its reported results over time. Central to the barrel story is the conduct of OPEC+, the grouping of major producing nations whose coordinated decisions on output shape the global supply curve. The alliance has spent much of the period managing the pace at which barrels return to the market, balancing the desire to defend prices against the need to retain market share. Each signal from the group about adding or pausing supply tends to move sentiment quickly, and the latest firming in crude came as traders interpreted the group's stance as supportive of a tighter near-term balance. ExxonMobil operates across the full energy chain, a structure that distinguishes it from pure upstream producers. Its upstream segment explores for and produces crude oil and natural gas, its downstream arm refines crude into fuels and lubricants, and its chemicals business converts hydrocarbons into building blocks used across manufacturing. This breadth means the company is exposed not only to the price of crude but also to refining margins and petrochemical spreads, each of which responds to its own set of drivers. The Permian Basin remains a cornerstone of ExxonMobil's domestic production story. The company has worked to expand output from the region while driving down unit costs through scale, well design, and operational efficiency. Growth from this acreage has been a steady contributor, and the basin's short-cycle nature allows producers to adjust activity relatively quickly in response to the barrel environment. Readers following Oil and Gas Stocks can place this update within its wider category. The downstream and chemicals arms round out ExxonMobil's exposure. Refining converts crude into gasoline, diesel, jet fuel, and other products, and the margin between the cost of crude and the value of refined products, often described as the crack spread, drives the economics of this segment. When refining margins are healthy, the downstream business can contribute meaningfully even in periods when crude prices are restrained. The rebound in crude unfolded within a broader macro environment where equity benchmarks eased from recent peaks and Treasury yields hovered near elevated levels. Signals that consumption is proving steady tends to support firmer crude, while concerns about slowing activity can weigh on it. When energy steadies against a softer tape, the group can act as a counterweight, a dynamic that was visible as the barrel firmed while other corners of the market pulled back. ExxonMobil has emphasized capital discipline through the cycle, directing spending toward its most competitive barrels and projects while returning cash to the ownership base through dividends and buybacks. The company has long positioned its distribution record as a defining feature, maintaining payouts across periods of commodity weakness and strength alike. A firmer barrel environment generally supports the cash generation that underpins these distributions. Alongside its core hydrocarbon business, ExxonMobil has built out ventures aimed at lower-carbon activity, including carbon capture and storage, hydrogen, and lithium for battery applications. These efforts position the company to participate in the evolving energy landscape while leaning on its engineering and project-management capabilities. The pace and scale of these ventures remain subjects of close attention as the energy system gradually shifts. ExxonMobil sits within a cohort of integrated majors that compete for the most attractive barrels, the strongest project economics, and the confidence of the market. Its peers pursue their own strategies across upstream, downstream, and lower-carbon activity, and the group as a whole responds to the same commodity signals even as each name charts its own course. The rebound in crude lifted the cohort broadly, with ExxonMobil among the most visible given its scale. The content, including but not limited to any articles, news, quotes, information, data, text, reports, ratings, opinions, images, photos, graphics, graphs, charts, animations and video (Content) is a service of Kalkine Media LLC (Kalkine Media, we or us) and is available for personal and non-commercial use only. The principal purpose of the Content is to educate and inform.  The Content does not contain or imply any recommendation or opinion intended to influence your financial decisions and must not be relied upon by you as such. Some of the Content on this website may be sponsored/non-sponsored, as applicable, but is NOT a solicitation or recommendation to buy, sell or hold the stocks of the company(s) or engage in any investment activity under discussion. Kalkine Media is neither licensed nor qualified to provide investment advice through this platform. Users should make their own enquiries about any investments and Kalkine Media strongly suggests the users to seek advice from a financial adviser, stockbroker or other professional (including taxation and legal advice), as necessary. Kalkine Media hereby disclaims any and all the liabilities to any user for any direct, indirect, implied, punitive, special, incidental or other consequential damages arising from any use of the Content on this website, which is provided without warranties.
The views expressed in the Content by the guests, if any, are their own and do not necessarily represent the views or opinions of Kalkine Media. Some of the images/music that may be used on this website are copyright to their respective owner(s). Kalkine Media does not claim ownership of any of the pictures/music displayed/used on this website unless stated otherwise. The images/music that may be used on this website are taken from various sources on the internet, including paid subscriptions or are believed to be in public domain. We have used reasonable efforts to accredit the source (public domain/CC0 status) to where it was found and indicated it, as necessary. Space Exploration Technologies Corp. Class A Common Stock Welcome to Kalkine Media Pty Ltd. website. Your website access and usage is governed by the
                    applicable  Terms of Use
                    & Privacy Policy. Welcome to Kalkine Media LLC website. Your website access and usage is governed by the applicable Terms and Conditions &
                    Privacy Policy. Welcome to Kalkine Media New Zealand Limited website. Your website access and usage is governed by
                    the applicable Terms and
                        Conditions & Privacy
                        Policy. Welcome to Kalkine Media Incorporated website. Your website access and usage is governed by the
                    applicable Terms and
                        Conditions & Privacy
                        Policy. Welcome to Kalkine Media Limited website. Your website access and usage is governed by the
                    applicable Terms of Use &
                    Privacy Policy. Welcome to Kalkine Media Limited website. Your website access and usage is governed by the
                    applicable Terms of Use &
                    Privacy Policy. Welcome to Kalkine Media Limited website. Your website access and usage is governed by the
                    applicable Terms of Use &
                    Privacy Policy. Welcome to Kalkine Media Limited website. Your website access and usage is governed by the
                    applicable Terms of Use &
                    Privacy Policy. Welcome to Kalkine Media Limited website. Your website access and usage is governed by the
                    applicable Terms of Use &
                    Privacy Policy. Welcome to Kalkine Media Limited website. Your website access and usage is governed by the
                    applicable Terms of Use &
                    Privacy Policy. Welcome to Kalkine Media Limited website. Your website access and usage is governed by the
                    applicable Terms of Use &
                    Privacy Policy. Welcome to Kalkine Media Limited website. Your website access and usage is governed by the
                    applicable Terms of Use &
                    Privacy Policy. Welcome to Kalkine Media Limited website. Your website access and usage is governed by the
                    applicable Terms of Use &
                    Privacy Policy. Welcome to Kalkine Media Limited website. Your website access and usage is governed by the
                    applicable Terms of Use &
                    Privacy Policy. Welcome to Kalkine Media Limited website. Your website access and usage is governed by the
                    applicable Terms of Use
                    & Privacy Policy. Welcome to Kalkine Media Limited website. Your website access and usage is governed by the
                    applicable Terms of Use &
                    Privacy Policy. Welcome to Kalkine Media Limited website. Your website access and usage is governed by the
                    applicable Terms of Use &
                    Privacy Policy. Welcome to Kalkine Media Limited website. Your website access and usage is governed by the
                    applicable Terms of Use &
                    Privacy Policy. Welcome to Kalkine Media Limited website. Your website access and usage is governed by the
                    applicable Terms of Use &
                    Privacy Policy. Welcome to Kalkine Media Limited website. Your website access and usage is governed by the
                    applicable Terms of Use &
                    Privacy Policy. مرحبًا بكم في موقع Kalkine Media Limited. يخضع الوصول إلى موقع الويب الخاص بك واستخدامه لما هو معمول
                    بهشروط الاستخدام & سياسة الخصوصية. Bienvenue sur le site Web de Kalkine Media Limited. L'accès et l'utilisation de votre site Web sont
                    régis par les Conditions
                        d'utilisation & Politique
                        de confidentialité. Bienvenido al sitio web de Kalkine Media Limited. El acceso y el uso de su sitio web se rigen por
                    los Términos de uso y Política de privacidad. Willkommen auf der Website von Kalkine Media Limited. Der Zugriff und die Nutzung Ihrer Website
                    unterliegen den geltenden Nutzungsbedingungen & Datenschutzerklärung. Willkommen auf der Website von Kalkine Media Limited. Der Zugriff und die Nutzung Ihrer Website
                    unterliegen den geltenden Nutzungsbedingungen & Datenschutzerklärung.",https://kalkinemedia.com/us/stocks/oil-gas/can-exxonmobil-nysexom-stay-steady-as-crude-rebounds-on-supply-watch
XOM,ExxonMobil (XOM) Eyes Trinidad and Tobago to Boost Oil Productio - GuruFocus,2026-10-07 23:20:50,"This website is using a security service to protect itself from online attacks. The action you just performed triggered the security solution. There are several actions that could trigger this block including submitting a certain word or phrase, a SQL command or malformed data. You can email the site owner to let them know you were blocked. Please include what you were doing when this page came up and the Cloudflare Ray ID found at the bottom of this page. Cloudflare Ray ID: a48285617d40f13a
•

        Your IP:
        Click to reveal
172.212.172.243
•

Performance & security by Cloudflare",https://www.gurufocus.com/news/9114369/exxonmobil-xom-eyes-trinidad-and-tobago-to-boost-oil-production-amid-dividend-focus
XOM,Does ExxonMobil Holdings (XOM) Look Fully Priced Despite Cash Flow Upside? - Simply Wall Street,2026-10-07 22:43:38,"ExxonMobil Holdings has delivered a powerful run in recent years, and that kind of performance naturally raises a harder question for investors: whether the current share price is still in line with the cash the business can generate over time. With legal challenges, large project commitments and technology rollouts all in play, the issue is whether today’s valuation properly reflects the cash flow profile that lies behind the ticker. The issue now is whether that recent share price performance is justified by what a Discounted Cash Flow (DCF) view of ExxonMobil Holdings suggests about its intrinsic value. If you want more context around ExxonMobil Holdings and the kind of long term performance that 220.1% over 5 years represents, it can help to compare it with other 29 high quality undervalued stocks The Discounted Cash Flow, or DCF, model here starts with ExxonMobil Holdings generating last twelve month free cash flow of about $32.8b. That is a sizeable cash engine, and the forecast set assumes this pool of cash is growing over time rather than shrinking, with projected free cash flows that stay in the tens of billions of $ through the next decade. The projections imply that ExxonMobil Holdings has an intrinsic value that sits meaningfully above the current trading price of $164.05. The U.S. Supreme Court case over climate related damages helps explain why the market might be cautious even when the cash flow profile looks strong on paper, since legal outcomes can influence long term costs and investor confidence. For readers who want to see how that gap is calculated line by line, the full DCF output lays out the projected cash flows, discount rates and per share valuation step by step. Find out what ExxonMobil Holdings could be worth using our Discounted Cash Flow (DCF) estimate. Simply Wall St Narratives for ExxonMobil Holdings sit between the earlier DCF puzzle and your own judgment about what the stock should be worth. They spell out which combinations of future growth, profitability and earnings paths would need to hold for ExxonMobil Holdings' valuation to move meaningfully above or below today's price, and each narrative links its number back to a specific view on how growth, margins and key risks might evolve, giving you something clear to track as fresh information arrives. One of the top community narratives on ExxonMobil Holdings: roughly fairly valued Discover why this Narrative puts ExxonMobil Holdings at roughly fairly valued. Cash flows and share prices tell only part of the story for ExxonMobil Holdings. The people choosing projects and the way their pay is structured can tilt long term outcomes in very different directions. See who runs ExxonMobil Holdings and how they are paid. This article by Simply Wall St is general in nature. We provide commentary based on historical data
        and analyst forecasts only using an unbiased methodology and our articles are not intended to be financial advice. It does not constitute a recommendation to buy or sell any stock, and does not take account of your objectives, or your
        financial situation. We aim to bring you long-term focused analysis driven by fundamental data.
        Note that our analysis may not factor in the latest price-sensitive company announcements or qualitative material.
        Simply Wall St has no position in any stocks mentioned. Discover if ExxonMobil Holdings might be undervalued or overvalued with our detailed analysis, featuring fair value estimates, potential risks, dividends, insider trades, and its financial condition. Have feedback on this article? Concerned about the content? Get in touch with us directly. Alternatively, email editorial-team@simplywallst.com The gap between the DCF and the price is almost entirely the terminal assumption. On a 2 to 4% grower it always is. Which means the least verifiable number in the model is doing all the work, and it's also the exact thing the market is disagreeing about. Engages in the exploration and production of crude oil and natural gas in the United States, Canada, and internationally. Excellent balance sheet established dividend payer. Financial Data provided by S&P Global Market Intelligence LLC, analysis provided by Simply Wall Street Pty Ltd. Copyright © 2026, S&P Global Market Intelligence LLC. All rights reserved. Simply Wall Street Pty Ltd (ACN 600 056 611), is a Corporate Authorised Representative (Authorised Representative Number: 467183) of Sanlam Private Wealth Pty Ltd (AFSL No. 337927). Any advice contained in this website is general advice only and has been prepared without considering your objectives, financial situation or needs. You should not rely on any advice and/or information contained in this website and before making any investment decision we recommend that you consider whether it is appropriate for your situation and seek appropriate financial, taxation and legal advice. Please read our Financial Services Guide before deciding whether to obtain financial services from us. © 2026 Simply Wall Street Pty Ltd, US Design Patent #29/544/281, Community and European Design Registration #2845206",https://simplywall.st/challenge?redirect=https%3A%2F%2Fsimplywall.st%2Fstocks%2Fus%2Fenergy%2Fnyse-xom%2Fexxonmobil-holdings%2Fnews%2Fdoes-exxonmobil-holdings-xom-look-fully-priced-despite-cash&counter=2
XOM,Exxon hopes to repeat Guyana's oil boom offshore Trinidad and Tobago (XOM:NYSE) - Seeking Alpha,2026-10-07 22:23:03,"ExxonMobil (XOM) is looking to replicate Guyana's oil and gas boom off the coast of Trinidad and Tobago, the company's head of exploration told the Financial Times in an interview Tuesday. ""A lot of people ask, where's the next Guyana? In Trinidad, we",https://seekingalpha.com/news/4651196-exxon-hopes-to-repeat-guyanas-oil-boom-offshore-trinidad-and-tobago
XOM,"Dow, S&P 500, Nasdaq Futures Slide As US-Iran War Shock Sends Oil Soaring: Why INDO, DJT, USO, XOM, CVX Kept Traders On Edge Today - Stocktwits",2026-10-07 20:34:41,"U.S. stock futures were sharply lower late Sunday as escalating military conflict in the Middle East drove oil prices higher, sparked a rush into safe-haven assets, and forced investors to reassess inflation and geopolitical risk just as markets were already grappling with AI-driven uncertainty. As of 7.40 p.m. ET, Nasdaq 100 futures and S&P 500 futures were down by 1.1%, while Dow futures were down 1.2%. On Stocktwits, retail sentiment toward the SPDR S&P 500 ETF Trust (SPY) was ‘bullish,’ while sentiment toward the Invesco QQQ Trust (QQQ) was ‘neutral,’ and sentiment toward the SPDR Dow Jones Industrial Average ETF Trust (DIA) was ‘extremely bearish,’ with all ETFs under ‘normal’ message volumes. Markets reacted after joint U.S.-Israeli strikes on Iran killed Supreme Leader Ayatollah Ali Khamenei, marking one of the Islamic Republic’s most consequential turning points since 1979 and raising fears of a prolonged regional conflict. In a video posted Sunday on Truth Social, U.S. President Donald Trump said the U.S. military would continue bombing Iran until its objectives are achieved, warning operations remain ongoing and acknowledging additional American casualties are likely. Trump confirmed that U.S. and Israeli forces had struck hundreds of targets across Iran, including Revolutionary Guard facilities and air defences, while calling on Iranian military and police to surrender “for full immunity or face certain death.” The U.S. military also confirmed its first combat losses in the conflict, with three servicemembers killed and five seriously wounded in an Iranian counterattack. Iran has vowed retaliation, increasing concerns that hostilities could spread across the Middle East and destabilize global shipping routes and energy flows. Ryan Detrick of Carson Group highlighted on X the tightening market conditions, saying, “Bollinger Bands are about as tight as they've been in years. The spring is coiling.” Bollinger Bands typically measure volatility and identify potential overbought or oversold conditions. Oil surged as much as 13% in early trading amid fears that disruptions around the Strait of Hormuz could tighten supplies. The passage handles more than 20% of global oil demand, making it the world’s most critical chokepoint for energy flows. Economist Peter Schiff noted on X that the commodity response was already underway, warning that the rise in oil prices ""will soon show up big time at the pump and in the CPI."" The geopolitical shock comes on top of an already fragile equity backdrop. The S&P 500 ended February lower after turmoil in AI-linked and software shares prompted concerns about whether rapid automation could undermine traditional business models and employment stability. The Kobeissi Letter cautioned on X against emotional trading decisions, urging investors to ""let the dust settle” as markets attempt to absorb vast uncertainty. They said that the Strait of Hormuz “is the biggest risk to financial markets right now, which will drive broader price action,” noting that prolonged disruption could send oil above $100 per barrel and potentially push U.S. inflation toward 5%. Energy Stocks (INDO, XOM, BATL, CVX, USO, XLE): Stocks are trending higher as escalating Middle East tensions push oil prices higher and draw investor attention to energy producers and oil-linked ETFs amid supply disruption risks. DJT: Trump Media shares are trending after Trump posted the Truth Social video confirming ongoing U.S. military operations in Iran and warning the campaign would continue until objectives are met. LMT: The stock is under retail radar as rising Middle East tensions lifted focus on defence contractors, driving discussion around defence spending and potential contract momentum for major contractors. In broader markets, gold rallied toward $5,350 an ounce as investors moved into traditional safe-haven assets following the geopolitical escalation. Bond markets showed defensive positioning, with 10-year Treasury futures firming by 3 ticks as yields held below 4% for the first time since late November. The U.S. Dollar Index strengthened modestly amid increased liquidity demand. Brent crude traded near $79 and U.S. crude near $72 as traders assessed supply risks amid tanker disruptions and uncertainty over Hormuz traffic. Asian markets opened lower as traders shifted away from risk, with shares declining in Australia and Japan. Among the catalysts for the day are the S&P final U.S. manufacturing PMI, ISM manufacturing, and Auto sales. For updates and corrections, email newsroom[at]stocktwits[dot]com. Comments posted here will also appear on symbol pages. Veteran macro investor Jordi Visser said that the fiat financial system wasn't made to handle the speed and scale of artificial intelligence. He said that as AI agents become more independent, crypto infrastructure will be needed. Visser spoke on the Pomp Podcast with Anthony Pompliano on Saturday, saying that AI systems would need financial infrastructure that could handle high-speed execution, autonomous agents, and real-time verification. He added that existing fiat guardrails were not meant to support these functions, which only Bitcoin (BTC) can. “Coming out of a crisis, you want to invest in the fastest horse in the race. Well, the fastest horse in the race coming out of this cycle is crypto, and this time I don't think it's going to stop,” he added. According to Visser, many investors in venture capital, commodities, and macro had come to the same conclusion: AI couldn't grow without crypto-based rails. He also said that verification is a problem. According to Visser, cryptography has become increasingly crucial for verifying identity and authenticity as the volume of AI-generated content and spoofed communications rises. He described verification as a structural requirement in an AI-heavy environment, citing crypto-linked identity approaches. Visser sees the conflict between Anthropic and the Defense Department as a sign of a bigger change that is coming, in which crypto infrastructure will be needed for AI to grow safely, securely, and on its own. Visser points to a growing conflict between AI developers and government agencies, using Anthropic's problems with the U.S. Department of Defense as an example. Anthropic has refused to take away some safety features from its models, even though defense officials want to use them in more ways without restrictions. Visser thinks this standoff shows a bigger problem: AI is moving so quickly that current institutional controls, whether regulatory, financial, or moral, are struggling to keep up. Separately, OpenAI moved forward with partnerships with the government, including those related to defense, while also laying out its own rules for using its products. OpenAI co-founder Sam Altman said the Pentagon’s reported move to phase out Anthropic set an “extremely scary precedent,” as OpenAI finalized its own Defense Department agreement. Read also: Minnesota Launches First State Fraud Fund After Crypto Scams Target Senior Citizens For updates and corrections, email newsroom[at]stocktwits[dot]com. Comments posted here will also appear on symbol pages. Minnesota has set up the first state-run fraud restitution fund in the country to help people who have been victims of scams, while lawmakers are trying to ban crypto kiosks in the state. According to a non-profit organization geared towards older Americans, the fund is meant to help people get back on their feet financially and stabilize their finances, even though it won't fully reimburse most victims. Minnesota has passed separate consumer protection laws to stop scams involving cryptocurrencies, in addition to the restitution fund. The bill, HF3642, sponsored by Rep. Erin Koegel, co-chair of the House Commerce Finance and Policy Committee, aims to prohibit the virtual currency kiosks across the state. The state currently has about 350 licensed kiosks operated by eight to 10 companies, according to the Department of Commerce. The bill was introduced on Monday and discussed on Thursday to prevent the rising scams against the elderly of the state. Police told lawmakers on Thursday that scammers tell victims to put cash into these machines. The money is turned into cryptocurrency and sent to accounts controlled by the scammers. Once sent, it is very hard to track or get back. They added that the scams were mostly hurting senior citizens. Woodbury Detective Lynn Lawrence told the House that officers once found an older woman confused at a gas station crypto kiosk. She had already made “at least 10 Bitcoin transactions in six months.” Lawrence added that the woman “had been giving 50% of her income per month to the scammers” and was scared she might have to live in her car. The Department of Commerce reported 70 complaints last year totaling $540,000 in losses. Refunds averaged only 16% of total losses. While the discussions are ongoing, the House Commerce Committee has not yet voted on the bill. On Thursday, lawmakers said they may add it to a larger commerce bill later in the session. Blockchain security firm PeckShield Alert reported that 15 crypto-related hacks were recorded in February alone, totaling about $26.5 million, with funds moving quickly across wallets, making recovery difficult. The top five hacks pointed out were YieldBlox at $10 million, IoTeX Bridge at $8.8 million, CrossCurveFi at $3 million, FOOMCASH at $2.26 million, and Moonwell at $1.8 million. On Sunday, Georgia hosted an event to help users identify crypto scams. Crypto industry representatives, however, resisted the ban in Minnesota. For instance, CoinFlip general counsel Larry Lipka told lawmakers, “It is inappropriate to ban a legal product because fraud is happening. Not our fault.” He added that machines should not be illegal, since scammers are responsible for the crimes, not the kiosk operators. He said he supports stricter rules and better enforcement instead of a full statewide ban. Read also: HYPE Rallies While Traders Flood Oil, Gold And Bitcoin Perps Amid Iran Tensions For updates and corrections, email newsroom[at]stocktwits[dot]com. Comments posted here will also appear on symbol pages. Global central banks now hold the largest share of gold reserves this century, as gold prices traded higher alongside rising activity in commodity-linked crypto derivatives. Hyperliquid’s HYPE token rallied on Saturday as traders rushed to the decentralized exchange to trade perpetual contracts on oil and precious metals. Hyperliquid (HYPE) was trading at $30.77, up roughly 12.5% on the day and with high 24-hour volume. On Stockwits, the retail sentiment around HYPE moved from ‘extremely bearish’ to ‘bearish’ as chatter levels around it improved from ‘extremely low’ to ‘low’ over the past day. Oil-linked perpetual futures on Hyperliquid rose after the U.S. and Israel launched coordinated missile strikes on Iran. Oil-USDH climbed more than 5% to $71.26, while USOIL-USDH traded above $86.00. The two contracts recorded nearly $4 million in volume and over $5 million in notional open interest, according to Hyperliquid data. Silver-linked perpetuals led commodity derivatives activity on the platform with more than $227 million in 24-hour volume, followed by gold contracts at roughly $173 million. At press time, Bitcoin perpetual futures trading also picked up speed at the same time. There was a rise in trading activity for Bitcoin perpetual futures, with open interest of $1.39 billion and volume of $3.38 billion in 24 hours. BTC perps also saw about $41 million in long liquidations and $25 million in short liquidations. The gains in oil-linked contracts followed coordinated U.S. and Israeli missile strikes on Iran that triggered explosions across Tehran and multiple other cities. Iran retaliated shortly after, targeting multiple U.S. airbases in the region. Iran is a major oil producer and controls access to the Strait of Hormuz, a maritime chokepoint roughly 33 kilometers wide at its narrowest point. Nearly 20% of the global oil supply, about 17 million barrels per day, passes through the strait. Read also: War Rhetoric Isn’t Moving Bitcoin Long Term, Says Analyst George Tung For updates and corrections, email newsroom[at]stocktwits[dot]com. Comments posted here will also appear on symbol pages. As tensions between the U.S. and Iran grew, panic spread to the crypto derivatives markets, where about $1.8 billion in aggressive sell orders came in within an hour. But analyst George Tung pointed out that Bitcoin's sell-offs during wartime appear to be temporary. In the X post on Saturday, the market analyst George Tung argued that while military escalations create immediate volatility within crypto markets, “capital is not structurally leaving” Bitcoin. Tung, who goes by the handle CryptoRUs, further stated that long-term trends are more influenced by the overall state of liquidity and the market structure, since Bitcoin “isn’t tied to any single country’s economy.” The market watcher attached a chart from CryptoQuant exchange netflow data across major geopolitical conflicts seen historically impacting Bitcoin’s price and noted that “the on-chain pattern is consistent.” Meanwhile, Tung noted that the rise of exchange-traded funds (ETFs) and institutional participation meant much of the stress has now been absorbed in derivatives markets rather than sustained spot selling. Spot Bitcoin ETFs saw net inflows of $787 million during the week of February 23–27, with BlackRock's IBIT leading the way with $503 million, as per SoSoValue data. Exchange inflows had risen sharply after Russia’s invasion of Ukraine in February 2022, when Bitcoin fell from around the high range of $30,000 to about $34,000 in a sharp intraday move, according to historical data. Data also showed that during the Israel-Hamas war in October 2023, Bitcoin was trading near $28,000 and briefly dipped toward $27,000 before stabilizing. In June 2025, during the Iran-Israel escalation, Bitcoin traded in the mid-$60,000 range and fell to $63,000 amid high volatility. On Sunday, after a US strike on Iran led to the assassination of Ayatollah Ali Khamenei, the Supreme Leader of Iran, Bitcoin (BTC) traded at $66,313.65, up by 4.5% in the last 24 hours, after hitting an intraday low of $63,857.20. On Stocktwits, the retail sentiment moved up from ‘neutral’ to ‘bullish’ territory; however, chatter around the asset remained at ‘low’ levels over the past day. The Key Opinion Leader also asked market watchers to closely monitor global liquidity, stablecoin supply, interest rate expectations, and regulatory clarity. Michaël van de Poppe, a well-known Bitcoin analyst, doesn't agree with this view. He said that Bitcoin went up at first because of the news, but now it's going down because people aren't sure when the U.S. market will open, and there's a CME gap. It could go up again if it breaks above the 21-day moving average and makes a higher low. Read also: Senator Calls For Ban On Insider Trading After US Strike On Iran Generated $1.2 Million For updates and corrections, email newsroom[at]stocktwits[dot]com. Comments posted here will also appear on symbol pages. Democrat Senator Chris Murphy said on Saturday that he would introduce legislation to ban betting on military actions after traders made significant profits on Polymarket ahead of a U.S. strike on Iran. Murphy, who represents Connecticut, said on X that people were “profiting off war and death” and that he would be drafting a bill “ASAP” to prevent markets from allowing wagers tied to armed conflict. His comments came after Bubblemaps, a blockchain analytics firm, highlighted concentrated betting activity placed shortly before the strike. Bubblemaps identified six wallets that collectively generated roughly $1.2 million betting on the Polymarket contract titled “US strikes Iran by February 28, 2026?” According to the firm, most of the wallets were funded within 24 hours and accumulated “Yes” positions hours before the strike occurred. Public Polymarket profiles show detailed transaction histories. The account labeled “Anon” bought approximately $10,000 worth of “Yes” shares at around 18¢ and later redeemed about 55,555 shares for more than $55,000. Another profile, ""dicedicedice,"" showed nearly $150,000 redeemed from the same contract. Adding to this, a separate account displayed more than $119,000 in profit over the past month, with activity concentrated around the Iran strike market. Adding to the scrutiny, US Congress representative Mike Levin pointed to another Polymarket account called “Magamyman,” which made more than $515,000 in a single day betting on the strike. Levin wrote that the account’s first trade was placed 71 minutes before the news became public and that roughly $87,000 was turned into more than half a million dollars overnight. Levin also noted that President Trump was on Polymarket’s advisory board and that his firm invested double-digit millions into the platform last year. He further referenced prior DOJ and CFTC investigations into Polymarket that were later dropped. Murphy’s proposed legislation came amid increasing political attention on prediction markets, particularly those tied to sensitive geopolitical events. Last month, several Democratic lawmakers co-sponsored the Public Integrity in Financial Prediction Markets Act of 2026, which would prohibit elected officials from trading contracts tied to policies under their control. The Polymarket contract centered on escalating tensions between the United States and Iran. The strike followed heightened rhetoric from former President Donald Trump, who had warned of potential military action if Iran did not curb its nuclear ambitions. Reports of coordinated U.S. and Israeli military activity intensified speculation in global markets, with crypto assets reacting sharply during the escalation. Mike Selig of the CFTC said that the agency filed an amicus curiae brief in support of prediction markets to protect its unique regulatory power in the face of a rise in state-level lawsuits. Selig said that event contracts are not gambling laws, but rather federally regulated derivatives laws. He said that making federal oversight weaker could hurt the integrity of the market, make it harder to protect investors, and damage the United States' reputation as a global financial leader. Read also: OpenAI’s Sam Altman Says Department Of War Blacklisting Anthropic Sets ‘Extremely Scary Precedent’ Amid Pentagon Deal For updates and corrections, email newsroom[at]stocktwits[dot]com. Comments posted here will also appear on symbol pages. These cookies are necessary for the website to function and cannot be switched off in our systems. They are usually only set in response to actions made by you which amount to a request for services, such as setting your privacy preferences, logging in or filling in forms. You can set your browser to block or alert you about these cookies, but some parts of the site will not then work. These cookies do not store any personally identifiable information. As a California consumer, you have the right to opt-out from the sale or sharing of your personal information at any time across business platform, services, businesses and devices. You can opt-out of the sale and sharing of your personal information by using this toggle switch. As a Virginia, Utah, Colorado and Connecticut consumer, you have the right to opt-out from the sale of your personal data and the processing of your personal data for targeted advertising. You can opt-out of the sale of your personal data and targeted advertising by using this toggle switch. For more information on your rights as a United States consumer see our privacy notice. These cookies allow us to count visits and traffic sources so we can measure and improve the performance of our site. They help us to know which pages are the most and least popular and see how visitors move around the site. All information these cookies collect is aggregated and therefore anonymous. If you do not allow these cookies we will not know when you have visited our site, and will not be able to monitor its performance. These cookies may be set through our site by our advertising partners. They may be used by those companies to build a profile of your interests and show you relevant adverts on other sites. They do not store directly personal information, but are based on uniquely identifying your browser and internet device. If you do not allow these cookies, you will experience less targeted advertising.",https://stocktwits.com/news-articles/markets/equity/dow-sp500-nasdaq-futures-slide-us-iran-war-oil-surge-indo-djt-uso-xom-cvx/cZddpWLRIcf
XOM,Zacks Investment Research - גלובס,2026-10-07 20:07:54,"ExxonMobil Holdings Corporation XOM has jumped 44.3% over the past year, outpacing the industry’s 42.4% growth. BP plc BP and Chevron CVX, two other integrated players in the same space, have gained 30.4% and 35.1%, respectively, over the same time span. The price chart clearly reflects investors’ strong preference for XOM stock. Should investors continue to bet on the integrated energy giant? Before getting into the conclusions, let’s delve into the company’s fundamentals and overall business environment. West Texas Intermediate (“WTI”) crude is hovering around the $90-per-barrel mark. The high prices are being driven by intensifying conflicts in the Middle East. The U.S. Energy Information Administration in its latest short-term energy outlook projected WTI at $88.21 per barrel this year, higher than $65.40 last year. A highly favorable oil pricing environment is likely to continue supporting ExxonMobil’s exploration and production activities, similar to BP and Chevron. Importantly, upstream operations generate the majority of earnings for XOM. The company has a massive footprint in the Permian, the most prolific oil and gas play in the United States, and offshore Guyana. In the Permian, the integrated giant has been employing new drilling techniques and artificial intelligence to boost and optimize production volumes at lower cost structures. In Guyana, XOM has made several oil and gas discoveries, further highlighting its solid production outlook. Robust production from both assets has been aiding its top and bottom lines. In both resources, the breakeven costs are low. Investors should also keep in mind that XOM has a strong balance sheet that can support it during an unfavorable business environment. The debt-to-capitalization of ExxonMobil is 13.73%, significantly lower than 28.48% of the industry’s composite stocks. Coming to the integrated energy giant’s dividend commitment story, over the past 43 years, ExxonMobil has been rewarding shareholders with annual dividend hikes at an average rate of 5.8%. Coming to the valuation story, ExxonMobil is trading at a premium. On a relative basis, the stock is trading at a 9.18x trailing 12-month Enterprise Value to Earnings Before Interest, Taxes, Depreciation and Amortization (EV/EBITDA), which is a premium compared with the broader industry average of 5.90x. BP and Chevron are trading at 2.89x and 7.82x, respectively. Since the stock is relatively expensive now, investors should wait for the ideal time to bet on XOM. However, those who have already invested may continue to hold on to the stock, which currently carries a Zacks Rank #3 (Hold). You can see the complete list of today’s Zacks #1 Rank (Strong Buy) stocks here. From thousands of stocks, 5 Zacks experts each have chosen their favorite to skyrocket +100% or more in months to come. From those 5, Director of Research Sheraz Mian hand-picks one to have the most explosive upside of all. This company targets millennial and Gen Z audiences, generating nearly $1 billion in revenue last quarter alone. A recent pullback makes now an ideal time to jump aboard. Of course, all our elite picks aren’t winners but this one could far surpass earlier Zacks’ Stocks Set to Double like Nano-X Imaging which shot up +129.6% in little more than 9 months. This article originally published on Zacks Investment Research (zacks.com). This website uses cookies to enhance user experience, analyze browsing data, and personalize content. By continuing to browse this site, you agree to our use of cookies as detailed in our Privacy Policy. You can change your cookie settings in your browser at any time. Please note that blocking cookies may affect website functionality.",https://en.globes.co.il/en/zarticle.aspx?id=3001956
XOM,ExxonMobil Surges 44% in a Year: Should Investors Bet on the Momentum? - The Globe and Mail,2026-10-07 16:59:39,"ExxonMobil Holdings Corporation XOM has jumped 44.3% over the past year, outpacing the industry’s 42.4% growth. BP plcBP and ChevronCVX, two other integrated players in the same space, have gained 30.4% and 35.1%, respectively, over the same time span. The price chart clearly reflects investors’ strong preference for XOM stock. Should investors continue to bet on the integrated energy giant? Before getting into the conclusions, let’s delve into the company’s fundamentals and overall business environment. West Texas Intermediate (“WTI”) crude is hovering around the $90-per-barrel mark. The high prices are being driven by intensifying conflicts in the Middle East. The U.S. Energy Information Administration in its latest short-term energy outlook projected WTI at $88.21 per barrel this year, higher than $65.40 last year. A highly favorable oil pricing environment is likely to continue supporting ExxonMobil’s exploration and production activities, similar to BP and Chevron. Importantly, upstream operations generate the majority of earnings for XOM. The company has a massive footprint in the Permian, the most prolific oil and gas play in the United States, and offshore Guyana. In the Permian, the integrated giant has been employing new drilling techniques and artificial intelligence to boost and optimize production volumes at lower cost structures. In Guyana, XOM has made several oil and gas discoveries, further highlighting its solid production outlook. Robust production from both assets has been aiding its top and bottom lines. In both resources, the breakeven costs are low. Investors should also keep in mind that XOM has a strong balance sheet that can support it during an unfavorable business environment. The debt-to-capitalization of ExxonMobil is 13.73%, significantly lower than 28.48% of the industry’s composite stocks. Coming to the integrated energy giant’s dividend commitment story, over the past 43 years, ExxonMobil has been rewarding shareholders with annual dividend hikes at an average rate of 5.8%. Coming to the valuation story, ExxonMobil is trading at a premium. On a relative basis, the stock is trading at a 9.18x trailing 12-month Enterprise Value to Earnings Before Interest, Taxes, Depreciation and Amortization (EV/EBITDA), which is a premium compared with the broader industry average of 5.90x. BP and Chevron are trading at 2.89x and 7.82x, respectively. Since the stock is relatively expensive now, investors should wait for the ideal time to bet on XOM. However, those who have already invested may continue to hold on to the stock, which currently carries a Zacks Rank #3 (Hold). You can see the complete list of today’s Zacks #1 Rank (Strong Buy) stocks here. Our team of experts has just released the 5 stocks with the greatest probability of gaining +100% or more in the coming months. Of those 5, Director of Research Sheraz Mian highlights the one stock set to climb highest. Of course, all our elite picks aren't winners, but this one could far surpass earlier Zacks' Stocks Set to Double like D-Wave Quantum, which shot up +680.1%. This article originally published on Zacks Investment Research (zacks.com). © Copyright 2026 The Globe and Mail Inc. All rights reserved.",https://www.theglobeandmail.com/investing/markets/stocks/XOM/pressreleases/5010824/exxonmobil-surges-44-in-a-year-should-investors-bet-on-the-momentum/
XOM,ExxonMobil Targets Nine FlexRobotics Systems to Improve Drilling Safety - Benzinga,2026-10-07 16:16:56,"This website is using a security service to protect itself from online attacks. The action you just performed triggered the security solution. There are several actions that could trigger this block including submitting a certain word or phrase, a SQL command or malformed data. You can email the site owner to let them know you were blocked. Please include what you were doing when this page came up and the Cloudflare Ray ID found at the bottom of this page. Cloudflare Ray ID: a48286ce1d71ae77
•

        Your IP:
        Click to reveal
172.212.172.243
•

Performance & security by Cloudflare",https://www.benzinga.com/markets/large-cap/26/10/62225330/exxonmobil-targets-nine-flexrobotics-systems-to-improve-drilling-safety
XOM,XOM Stock Price Today (NYSE: XOM) — Live Chart & Levels - JournalArta,2026-10-07 14:52:04,"ExxonMobil · New York Stock Exchange · Data as of 10 Oktober 2026 03:02 WIB Latest analysis: XOM Stock Analysis: Gains 2.71%, Testing Key Resistance (2026-10-09) ExxonMobil (NYSE: XOM) last traded at 168.94 USD, a change of 0.26% from the previous close. Data as of 10 Oktober 2026 03:02 WIB. Based on the 20- and 50-day moving averages, XOM is currently in an uptrend (price above SMA20 and SMA50). The 14-day RSI is 64.7 (neutral range). Over the last 20 trading days the support level is around 158.30 USD and resistance is around 169.32 USD. The 3-month range is 137.14 to 170.29 USD. Prices and indicators refresh throughout trading days from exchange data, and a new technical analysis article is published on most trading days. This page is information, not investment advice. Prices and indicators are derived from exchange data via Yahoo Finance and may be delayed. This page is technical information, not investment advice. · Versi Bahasa Indonesia The English-language global edition of JournalArta.",https://journalarta.com/en/markets/stocks/xom/
XOM,ExxonMobil (NYSE:XOM) Gains Attention as Crude Firms on Tight Supply - Kalkine Media,2026-10-07 14:34:00,"Hey ! We have sent you a verification e-mail. Please follow the instructions on the e-mail to complete your registration. If you can't find it,
                    Please check your spam folder Fabrice Bregier Appointed to Vertical Aerospace Board, Reports No Stoc... AI OKTO Director Petros Zavakopoulos Reports Direct Ownership of 7,500... Petros Panagiotidis Submits Initial SEC Ownership Report for AI OKTO C... John Paul Syriopoulos Files Form 3 as Newly Appointed Director of AI O... Make Kalkine Media

                                       My Trusted Source ExxonMobil 
(NYSE:XOM)

Energy

            Exxon Mobil Corp (NYSE:XOM)
        


                        168.94
                                                    USD


                        +0.440
                    

↑
                        0.261%
                    

Last Updated at: 2026-10-09T20:23:00Z


 moved back into focus on Wednesday as crude oil continued to firm toward higher levels, lifting sentiment across the energy complex and drawing fresh attention to the largest American integrated producer. Traders pointed to tightening supply expectations, steady refinery runs and a more constructive tone in physical markets as the main drivers behind the latest advance in benchmark prices. The move matters for a company of this scale because its earnings stream is closely tied to the realized price of crude and natural gas. When benchmark barrels firm, upstream cash generation tends to improve first, followed by a slower adjustment in refining and chemical margins. That sequence has made the shares a frequent barometer for how the market is reading the broader energy tape on any given session. Crude benchmarks have been grinding higher in recent sessions, helped by disciplined supply from major exporters, resilient fuel demand and a steady drawdown in visible inventories. The advance has not been smooth, since headlines about trade, geopolitics and central bank signals still produce sharp intraday swings, but the broader direction has favored producers. For ExxonMobil, firmer crude changes the tone of the conversation around spending and cash generation. The company has spent several years narrowing its cost base and concentrating capital on its most advantaged assets, so each incremental gain in the oil price flows through a leaner structure than it did in earlier cycles. That operating leverage is a central reason the stock tends to respond quickly when crude turns upward. Supply discipline from the Organization of the Petroleum Exporting Countries and its partners remains one of the most closely watched variables in the market. The group has repeatedly adjusted production in measured steps, balancing the desire for firm prices against the danger of losing market share to American shale and other non-member producers. Each scheduled meeting and each statement from a major member now moves futures contracts in real time. Market participants are parsing whether the alliance will keep output restrained into the colder months or allow gradual increases as demand strengthens. For large integrated companies such as ExxonMobil, a predictable supply framework is welcome, because it reduces the volatility that complicates long-cycle capital planning. Integrated energy companies occupy a distinctive place in the market because they own assets that benefit from different parts of the price cycle. Upstream operations earn more when crude and gas prices rise, while downstream refineries and chemical plants can see margins compress when feedstock costs climb faster than product prices. The blend has historically produced steadier results than a pure exploration business. ExxonMobil is the clearest example of that structure in the United States. Its upstream portfolio spans the Permian Basin, offshore Guyana, liquefied natural gas projects and a range of international positions, while its Product Solutions business operates some of the largest refining and petrochemical complexes in the world. This scale lets the company move molecules across its own system and capture value at several points. The wider Oil and Gas Stocks group has drawn renewed attention as crude firms toward higher levels, and ExxonMobil sits at the center of that conversation because of the sheer breadth of its integrated footprint. Upstream, refining, chemicals and gas marketing all respond differently to the same price signal, which gives the company a cushion that narrower producers rarely enjoy. Energy shares have been trading alongside a broad equity market that remains driven by technology. Within the S&P 500, the energy sector has been a relatively small weight, yet it has shown moments of strong relative performance whenever crude rallies or rotation away from richly priced growth names begins to gather pace. ExxonMobil, as one of the largest constituents in the group, often leads those moves. Interest rate expectations also shape the setting. A softer path for borrowing costs tends to support capital-intensive industries and lowers the discount applied to long-lived assets. At the same time, firm commodity prices feed into inflation readings, which complicates the central bank picture. Market participants are watching how those forces balance, since the result will influence flows into cyclical sectors. The energy transition continues to influence how large producers are perceived. ExxonMobil has argued that oil and gas will remain essential for decades while also building businesses designed to reduce emissions for hard-to-abate industries. That dual message has drawn both support and criticism, depending on the audience. For now, the market appears to be rewarding companies that can deliver reliable supply, disciplined spending and credible lower-emission projects together. The balance is delicate, and shifting regulatory signals in Washington and abroad can alter the economics of those projects. The company's scale and balance sheet allow it to adjust more readily than most peers when conditions change. The content, including but not limited to any articles, news, quotes, information, data, text, reports, ratings, opinions, images, photos, graphics, graphs, charts, animations and video (Content) is a service of Kalkine Media LLC (Kalkine Media, we or us) and is available for personal and non-commercial use only. The principal purpose of the Content is to educate and inform.  The Content does not contain or imply any recommendation or opinion intended to influence your financial decisions and must not be relied upon by you as such. Some of the Content on this website may be sponsored/non-sponsored, as applicable, but is NOT a solicitation or recommendation to buy, sell or hold the stocks of the company(s) or engage in any investment activity under discussion. Kalkine Media is neither licensed nor qualified to provide investment advice through this platform. Users should make their own enquiries about any investments and Kalkine Media strongly suggests the users to seek advice from a financial adviser, stockbroker or other professional (including taxation and legal advice), as necessary. Kalkine Media hereby disclaims any and all the liabilities to any user for any direct, indirect, implied, punitive, special, incidental or other consequential damages arising from any use of the Content on this website, which is provided without warranties.
The views expressed in the Content by the guests, if any, are their own and do not necessarily represent the views or opinions of Kalkine Media. Some of the images/music that may be used on this website are copyright to their respective owner(s). Kalkine Media does not claim ownership of any of the pictures/music displayed/used on this website unless stated otherwise. The images/music that may be used on this website are taken from various sources on the internet, including paid subscriptions or are believed to be in public domain. We have used reasonable efforts to accredit the source (public domain/CC0 status) to where it was found and indicated it, as necessary. Space Exploration Technologies Corp. Class A Common Stock Welcome to Kalkine Media Pty Ltd. website. Your website access and usage is governed by the
                    applicable  Terms of Use
                    & Privacy Policy. Welcome to Kalkine Media LLC website. Your website access and usage is governed by the applicable Terms and Conditions &
                    Privacy Policy. Welcome to Kalkine Media New Zealand Limited website. Your website access and usage is governed by
                    the applicable Terms and
                        Conditions & Privacy
                        Policy. Welcome to Kalkine Media Incorporated website. Your website access and usage is governed by the
                    applicable Terms and
                        Conditions & Privacy
                        Policy. Welcome to Kalkine Media Limited website. Your website access and usage is governed by the
                    applicable Terms of Use &
                    Privacy Policy. Welcome to Kalkine Media Limited website. Your website access and usage is governed by the
                    applicable Terms of Use &
                    Privacy Policy. Welcome to Kalkine Media Limited website. Your website access and usage is governed by the
                    applicable Terms of Use &
                    Privacy Policy. Welcome to Kalkine Media Limited website. Your website access and usage is governed by the
                    applicable Terms of Use &
                    Privacy Policy. Welcome to Kalkine Media Limited website. Your website access and usage is governed by the
                    applicable Terms of Use &
                    Privacy Policy. Welcome to Kalkine Media Limited website. Your website access and usage is governed by the
                    applicable Terms of Use &
                    Privacy Policy. Welcome to Kalkine Media Limited website. Your website access and usage is governed by the
                    applicable Terms of Use &
                    Privacy Policy. Welcome to Kalkine Media Limited website. Your website access and usage is governed by the
                    applicable Terms of Use &
                    Privacy Policy. Welcome to Kalkine Media Limited website. Your website access and usage is governed by the
                    applicable Terms of Use &
                    Privacy Policy. Welcome to Kalkine Media Limited website. Your website access and usage is governed by the
                    applicable Terms of Use &
                    Privacy Policy. Welcome to Kalkine Media Limited website. Your website access and usage is governed by the
                    applicable Terms of Use
                    & Privacy Policy. Welcome to Kalkine Media Limited website. Your website access and usage is governed by the
                    applicable Terms of Use &
                    Privacy Policy. Welcome to Kalkine Media Limited website. Your website access and usage is governed by the
                    applicable Terms of Use &
                    Privacy Policy. Welcome to Kalkine Media Limited website. Your website access and usage is governed by the
                    applicable Terms of Use &
                    Privacy Policy. Welcome to Kalkine Media Limited website. Your website access and usage is governed by the
                    applicable Terms of Use &
                    Privacy Policy. Welcome to Kalkine Media Limited website. Your website access and usage is governed by the
                    applicable Terms of Use &
                    Privacy Policy. مرحبًا بكم في موقع Kalkine Media Limited. يخضع الوصول إلى موقع الويب الخاص بك واستخدامه لما هو معمول
                    بهشروط الاستخدام & سياسة الخصوصية. Bienvenue sur le site Web de Kalkine Media Limited. L'accès et l'utilisation de votre site Web sont
                    régis par les Conditions
                        d'utilisation & Politique
                        de confidentialité. Bienvenido al sitio web de Kalkine Media Limited. El acceso y el uso de su sitio web se rigen por
                    los Términos de uso y Política de privacidad. Willkommen auf der Website von Kalkine Media Limited. Der Zugriff und die Nutzung Ihrer Website
                    unterliegen den geltenden Nutzungsbedingungen & Datenschutzerklärung. Willkommen auf der Website von Kalkine Media Limited. Der Zugriff und die Nutzung Ihrer Website
                    unterliegen den geltenden Nutzungsbedingungen & Datenschutzerklärung.",https://kalkinemedia.com/us/stocks/oil-gas/exxonmobil-nysexom-gains-attention-as-crude-firms-on-tight-supply
XOM,Helmerich & Payne rises on Q4 outlook; expands deployment of FlexRobotics technology - TradingView,2026-10-07 12:43:23,"Helmerich & Payne HP gained 1.3% pre-market Wednesday after providing a Q4 update and announcing an expanded deployment of its FlexRobotics technology with ExxonMobil XOM. H&P HP said it expects to report strong operational and segment financial results for Q4, with direct margins for its North America Solutions, International Solutions, and Offshore Solutions businesses all at or near the high-end of previously issued guidance ranges. In terms of activity, H&P HP said it expects the average rig count and management contracts to come in near the high end of previously issued guidance for North America Solutions, near the midpoint of the guidance range for International Solutions, and near the midpoint of guidance for Offshore Solutions. As we head into fiscal 2027, we maintain a constructive outlook, with encouraging customer discussions and contracting activity across our global portfolio leading to an expectation of stronger overall direct margins compared to 2026,"" President and CEO Trey Adams said. Separately, the company said ExxonMobil XOM is expanding its use of H&P's HP technology enhancements to further advance safety, operational performance, and drilling automation across its drilling operations. H&P HP said it expects to deploy seven additional FlexRobotics systems for Exxon XOM over the next 12 months, bringing the total number of systems operating to nine.DisclaimerContent provided by Seeking Alpha is intended for information purposes only, and that Seeking Alpha does not offer any personalist investment advice and is not a licensed securities dealer, broker, US investment adviser or investment bank. Select market data provided by ICE Data Services. Select reference data provided by FactSet. Copyright © 2026 FactSet Research Systems Inc.Copyright © 2026, American Bankers Association. CUSIP Database provided by FactSet Research Systems Inc. All rights reserved. SEC filings and other documents provided by Quartr.© 2026 TradingView, Inc.",https://www.tradingview.com/news/seekingalpha:f36d2dec1094b:0-helmerich-payne-rises-on-q4-outlook-expands-deployment-of-flexrobotics-technology/
XOM,ETFs Are Buying ExxonMobil (XOM) on Oct. 5 - GuruFocus,2026-10-07 12:08:38,"This website is using a security service to protect itself from online attacks. The action you just performed triggered the security solution. There are several actions that could trigger this block including submitting a certain word or phrase, a SQL command or malformed data. You can email the site owner to let them know you were blocked. Please include what you were doing when this page came up and the Cloudflare Ray ID found at the bottom of this page. Cloudflare Ray ID: a482867d1c01f13a
•

        Your IP:
        Click to reveal
172.212.172.243
•

Performance & security by Cloudflare",https://www.gurufocus.com/news/9112861/etfs-are-buying-exxonmobil-xom-on-oct-5
XOM,"Nasdaq Futures Lead US Premarket Rally As Iran Ceasefire Reports Ease Fears Ahead Of Big Tech Earnings: Why NVDA, ORCL, SPCX, XOM, OTLK Are In Focus - Stocktwits",2026-10-07 11:08:09,"U.S. stock futures surged early Monday after reports that the United States and Iran agreed to pause military strikes over the weekend triggered a sharp selloff in crude oil prices. Wall Street gears up for one of the busiest weeks this year, with nearly one-third of S&P 500 companies scheduled to report earnings, including four Magnificent Seven companies: Apple Inc. (AAPL), Amazon.com Inc. (AMZN), Microsoft Corp. (MSFT) and Meta Platforms Inc. (META). Investors will also be watching the Federal Reserve’s July policy decision, second-quarter GDP data and the Fed’s preferred inflation gauge, the PCE price index later this week. As of 4:00 a.m. ET, Nasdaq futures soared 1.5%, Dow and S&P 500 futures rose 0.9%, and Russell 2000 futures were up 1.2%. On Stocktwits, retail sentiment for the SPDR S&P 500 ETF (SPY), an exchange-traded fund that tracks the S&P 500 Index, remained ‘extremely bearish,’ while the Invesco QQQ Trust (QQQ), which tracks the Nasdaq-100 Index, has moved to ‘bearish’ from ‘extremely bearish’ last week. Nvidia (NVDA): Rose 1% in early premarket trade after reports revealed it is in talks to provide a $250 billion financing backstop for OpenAI’s 10-gigawatt Ohio data center project. NVDA also announced a $500 billion partnership with SK Group, a $1B investment in South Korea's Naver, and the rollout of its first U.S.-made GB300 chips from TSMC’s Arizona fab. Oracle Corp. (ORCL): Shares saw a 3% relief rally in early premarket trade on Nvidia’s reported $250B OpenAI backstop. Since OpenAI is one of Oracle's largest cloud customers, traders viewed the development as a potential boost to Oracle’s long-term AI infrastructure business. Meanwhile, China's Moonshot AI is reportedly preparing to open-source its Kimi K3 model, renewing debate over whether Chinese AI developers are closing the gap with OpenAI and Anthropic. Alphabet Inc. (GOOGL): In focus after a top executive confirmed memory chip price hikes (up sixfold) will force higher pricing for the upcoming Pixel 11 series. SpaceX (SPCX): Shares were muted early premarket trade ahead of its Aug. 4 earnings report. Morningstar warned that upcoming post-IPO lockup expirations (Aug 6) could create selling pressure while simultaneously boosting the stock's float-adjusted weight inside the QQQ ETF. Outlook Therapeutics (OTLK): Shares rose 7% in early premarket trade following FDA approval of Lytenava for wet age-related macular degeneration (wet AMD), with analysts forecasting up to 290% upside. Oil stocks (USO, BATL, TPET, XOM, CVX, OXY) remained in focus as crude oil prices fell over 6% following the U.S.-Iran military pause. Other tickers trending on Stocktwits at the time of writing included Rigetti Computing (RGTI), Venture Global (VG) and Capricor Therapeutics (CAPR). On the economic front, investors will be watching for the release of durable goods orders and the Dallas Fed manufacturing survey. On the earnings front, Dyne Therapeutics (DYNE), Applied Digital (APLD), and Navitas Semiconductor (NVTS) are among those reporting today. For updates and corrections, email newsroom[at]stocktwits[dot]com Comments posted here will also appear on symbol pages. Shares of Sellas Life Sciences (SLS) climbed 1% premarket on Monday as investors weighed new big-money stake disclosures with the company nearing a potentially key Phase 3 catalyst for its acute myeloid leukemia (AML) drug. SLS stock fell 8% on Friday to $11.32, capping a 14% weekly decline and bringing its July loss to 23%. Quiver Quantitative data covering holdings as of June 30 showed a mix of buying and selling among recently reported institutional positions. Vision Financial Markets cut its stake by 294,600 shares, or 97%, leaving it with 9,800 shares valued at about $144,650. Martin Capital Advisors, meanwhile, disclosed a new 23,082-share position worth $340,690. EverSource Wealth Advisors added 9,942 shares, taking its holding to 10,039 shares valued at about $148,180. Additionally, Tradewinds Capital Management added 1,000 shares for a $14,760 position, while SignatureFD reduced its stake by 117 shares, or 68%, to 55 shares. Financial Consulate reported 600 shares, while Bogart Wealth disclosed two shares. The main focus for SLS investors is the Phase 3 Regal trial of galinpepimut-S, or GPS, in AML. The study has reached 78 of the 80 events required to trigger final analysis, putting Sellas within two events of one of the most important clinical readouts in its history. CEO Angelos Stergiou has previously called the slower-than-expected accumulation of events encouraging, given that the trial’s primary endpoint is tied to survival. Sellas has said RegalL would be considered successful if GPS extends median overall survival to 12.6 months versus 8 months with standard treatment. Stergiou also put Sellas’ broader oncology strategy in the spotlight during a Friday appearance on “FOX & Friends,” where he discussed the role of AI in matching cancer patients with treatments more likely to work for them. “What AI does, it can basically scan the lock and then design and select the right key for you,” Stergiou said, using a lock-and-key analogy to describe precision medicine. He also said that the company has used an early form of AI in work with Memorial Sloan Kettering and added that analyzing the genetic makeup of tumors could help speed drug development and improve patient selection. When asked whether AI could ultimately help beat cancer, Stergiou said he was “100% certain.” Retail investors continue to watch Sellas for signs of a potential partnership or acquisition. Stergiou fueled fresh speculation with a LinkedIn post thanking “collaborators, strategic partners, and shareholders” and saying he was “incredibly optimistic about the future.” Investors have also focused on updated change-of-control terms for senior executives. Under qualifying circumstances, CFO John Burns and Chief Development Officer Dragan Cicic would receive 15 months of base salary, target bonuses, COBRA coverage and full equity acceleration. On Stocktwits, retail sentiment for SLS was ‘bearish’ amid ‘low’ message volume. One user said, “$SLS Another week of patients being alive 2 years beyond the original expected trial ending.  Way beyond bullish!!” Another user said, “$SLS There is only one way to cure a bear with cancer. GPS & SL009 approvals. The approvals will surely take them out of their misery.” For updates and corrections, email newsroom[at]stocktwits[dot]com. Read Next: OTLK Stock Jumps Overnight After FDA Approval Of Wet AMD Drug — Analysts See Nearly 300% Upside Comments posted here will also appear on symbol pages. Shares of Outlook Therapeutics, Inc. (OTLK) rallied 12% overnight heading into Monday after the FDA approved Lytenava, the company’s eye drug for treating wet age-related macular degeneration (wet AMD), removing a major regulatory hurdle and putting the spotlight on how much value it can capture as it prepares for a U.S. launch. OTLK stock jumped 6% on Friday to $1.41, snapping two straight sessions of losses. Outlook Therapeutics said on Friday that the FDA approved Lytenava for wet AMD, making it the first and only FDA-approved version of Bevacizumab developed specifically for use in the eye. The decision came ahead of the FDA's July 29 target date and marks a major turnaround after several regulatory setbacks. In December 2025, the FDA rejected Outlook's application and asked for more evidence that the drug was effective. Outlook appealed, and in May the FDA's Office of New Drugs ruled that the existing data were sufficient and that no additional clinical trials were needed. That decision allowed Outlook to resubmit its application in June, leading to Friday's approval. Outlook estimates the U.S. market for anti-VEGF retinal treatments at about $8.5 billion annually, with millions of eye injections given each year. Bevacizumab has been used for more than 20 years in retinal care, including for wet AMD, but largely on an off-label basis. Lytenava stands out because it was developed specifically for injection into the eye and is now FDA-approved for wet AMD. Outlook also expects Lytenava to receive 12 years of U.S. market exclusivity under biologics law. The drug is already approved in the European Union and U.K., with commercial launches underway in Germany, Austria and the U.K. Outlook expects Lytenava to become available to eligible U.S. patients before year-end. The company is expanding reimbursement and patient-support access, building a specialized retina commercial organization and supporting physicians as it prepares for rollout. Koyfin estimates show a wide range of expectations for Outlook Therapeutics as the company moves into commercialization. The 12-month average price target stands at $5.50, with targets ranging from $0.50 to $10. The average target implies a 290% upside from current levels, while the $10 high target would imply a 609% upside. The $0.50 low target, by contrast, would represent a 65% downside. Koyfin lists four covering analysts, with two rating OTLK a 'Buy' and two assigning a 'Hold'. There are no 'Sell' or 'Strong Sell' ratings and no analysts currently at 'Strong Buy'. On Stocktwits, retail sentiment for OTLK jumped to ‘extremely bullish’ from ‘bullish’ levels amid a 20% rise in 24-hour message volumes. One user said, “The next chapter is all about successful commercialization and market adoption. Let's go!” Another user said, “The biggest risk, the FDA rejection, is now behind us. The focus shifts entirely to execution: how quickly they can launch LYTENAVA in the US, how many doctors and patients adopt it, and how strong the initial uptake will be.” For updates and corrections, email newsroom[at]stocktwits[dot]com. Read Next: NIO Stock Rises Overnight: DRAM Bet On CXMT Pays Off As Chinese Chipmaker Soars Over 500% In Blockbuster IPO Comments posted here will also appear on symbol pages. Shares of large-cap crypto-linked stocks edged higher in pre-market trade on Friday, even as Bitcoin (BTC) and most major cryptocurrencies traded lower. Shares of stablecoin issuer Circle (CRCL) edged higher after Cathie Wood's ARK Invest added more shares of the company across three of its exchange-traded funds. According to the ARK Invest Tracker, Wood's firm added 92,352 CRCL shares in its flagship ARK Innovation ETF (ARKK), another 26,272 shares in the ARK Next Generation Internet ETF (ARKW), and 11,512 shares in the ARK Fintech Innovation ETF (ARKF), bringing total purchases across the three funds to roughly 130,136 shares on Thursday. However, Clear Street lowered its price target on Circle to $128 from $ 157 and maintained a ‘Buy’ rating as part of a Q2 earnings preview. CRCL stock gained more than 1% in pre-market trade despite the cut, while retail sentiment on Stocktwits around the company remained in ‘bearish’ territory over the past day. Sentiment around its USDC (USDC) stablecoin was in the ‘neutral’ zone. Coinbase (COIN) also traded higher. The two companies jointly manage USDC, splitting the reserve income the stablecoin generates. COIN stock was up 0.83% in pre-market trade, with retail sentiment trending in the ‘bullish’ zone over the past day. The Brian Armstrong-led cryptocurrency exchange also saw a price cut from Clear to $225 from $244 with a ‘Buy’ rating. ""Weak sentiment and AI trade are taking capital away from crypto,"" the analyst tells investors in a research note cited by TheFly. Retail investors of both CRCL and COIN are tracking developments around the CLARITY Act, given how it would impact both their businesses. Earlier this week, in an interview with CNBC, Armstrong stated that Coinbase may consider moving parts of its business outside the U.S. if the CLARITY Act continued to face delays. Reports suggest that lawmakers are pushing for the bill to be tabled in the Senate for a vote before the August recess. However, issues like the ethics clause and treatment of stablecoin rewards continue to be sticking points. Shares of cryptocurrency exchange Bullish (BLSH) saw a larger uptick in early-morning trade after the company received antitrust clearance in the U.S., UK, and Germany for its $4.2 billion acquisition of Equiniti, though the deal remains subject to other approvals and customary closing conditions, with completion targeted for January 2027. BLSH stock rose more than 2% in pre-market hours, with retail sentiment climbing to ‘extremely bullish’ from ‘bullish’ territory over the past day. The overall cryptocurrency market was trading lower in early morning trade on Friday, down 1.9% in the last 24 hours to around $2.3 trillion. Bitcoin’s price fell more than 1% in the last 24 hours, struggling to keep above the $65,000 mark. Retail sentiment around the apex cryptocurrency on Stockwits remained in ‘bullish’ territory over the past day. Meanwhile, Solana (SOL), Ethereum (ETH), and Ripple’s XRP (XRP) led losses in the cryptocurrency market. SOL’s price dropped over 3% to around $75.30, while ETH’s price fell 2.4% to $1,880, and XRP’s price slid 2.4% to around $1.10. Despite the broader crypto weakness, Bitcoin treasury companies traded higher. Strategy (MSTR), the largest corporate holder of Bitcoin, and Bitmine Immersion Technologies (BMNR), the largest Ethereum treasury company, both gained in early-morning trading. MSTR’s stock and BMNR’s shares both rose around 0.6%. Retail sentiment on Stockwits around MSTR remained in ‘neutral’ territory over the past day, while sentiment around BMNR slipped to ‘bullish’ from ‘extremely bullish’ territory. Read also: Meta’s Latest AI Data Center Debt Raise Could Reportedly Cost More Than Its 2025 Record Deal For updates and corrections, email newsroom[at]stocktwits[dot]com Comments posted here will also appear on symbol pages. Economist Paul Krugman warned that President Donald Trump's war against Iran has resulted in refining costs soaring, thereby magnifying the economic impact of higher crude prices. In a note published Thursday, the Nobel Prize-winning economist said crude oil prices hovering around $100 a barrel, combined with an unusually wide gasoline refining ""crack spread"" worth roughly another $40 per barrel, have left the world facing the economic equivalent of $140 per barrel for oil. “Trump’s gratuitous war on Iran has turned into a remarkable quagmire — remarkable because the only thing keeping the war going is Trump’s vanity. He effectively lost the war in the first few days,” Krugman said. The economist’s comments come amid an escalation in tensions between the U.S. and Iran. Trump said on Thursday that he will hold Iran responsible for any subsequent attacks by the Houthi rebels in the Red Sea, after an attack by the group on Saudi Arabian oil tankers in the region earlier this week. He also added that the U.S. will inflict “major military punishment” upon Iran and the Houthis if they attack ships again. Krugman argued that looking at crude oil prices alone understates the economic impact of the conflict. While benchmark crude has climbed to around $100 a barrel, he said the cost of turning crude into gasoline has also surged, with the refining ""crack spread"" widening to roughly $40 per barrel. Combined, those two components amount to the equivalent of $140 oil, according to Krugman. He said that the large refining margin means consumers are paying far more at the pump than crude prices alone would suggest, making the economic shock significantly more severe despite oil remaining well below historical peaks in nominal terms. The crack spread measures the difference between the price of crude oil and the value of refined products such as gasoline and diesel, serving as a key indicator of refinery profit margins. Crude oil prices eased on Friday after Brent soared past $100 a barrel on Thursday for the first time since May 20, 2026. U.S. West Texas Intermediate (WTI) crude futures expiring in September were down 2.97%, hovering around $89.45 a barrel. Brent crude futures expiring in September fell 3.13%, hovering around $97.54 a barrel. The United States Oil Fund ETF (USO) and the ProShares Ultra Bloomberg Crude Oil ETF (UCO) were down about 2%. Krugman warned that the current energy shock could worsen significantly if the Iran conflict worsens. While he described the present situation as manageable, he said a broader regional war could disrupt energy supplies further and deepen the economic fallout. He also cautioned that any escalation would likely drive up both crude prices and refining margins, amplifying the pressure on consumers and businesses. ""Things could get much uglier if this war escalates,"" Krugman wrote, arguing that the current equivalent of $140 oil may not represent the worst-case scenario. The economist argued that surging energy prices, combined with Trump's new tariffs, could reverse recent progress on inflation and push interest rates higher, intensifying the financial strain on households and businesses. This comes days ahead of the Federal Open Market Committee’s (FOMC) meeting later this month. According to the CME FedWatch tool, the odds of a 25 basis point rate hike during the July meeting are currently at 35.8%, compared to odds of 64.2% that the Fed keeps rates unchanged. At the time of writing, the SPDR S&P 500 ETF (SPY), which tracks the S&P 500 index, rose 0.37%, the Invesco QQQ Trust ETF (QQQ) gained 0.27%, while the SPDR Dow Jones Industrial Average ETF Trust (DIA) was up 0.46%. Retail sentiment around the S&P 500 ETF on Stocktwits was in the ‘extremely bearish’ territory. Also See: Verizon Raises Guidance For Second Straight Quarter — CEO Says Carrier Is In Its 'Strongest' Operating Position In Years For updates and corrections, email newsroom[at]stocktwits[dot]com. Comments posted here will also appear on symbol pages. Intel (INTC) shares rose in early morning trade Friday after a slew of price target hikes from Wall Street following the company's second-quarter earnings beat, though analysts remained divided on the company's longer-term outlook. According to investor notes cited by TheFly, several firms pointed out that the most important catalyst for Intel's turnaround, a signed external foundry customer, is still not on the balance sheet. INTC stock gained as much as 2.5% in pre-market trade on Friday, trimming gains following an after-hours rally of over 10%. It was the top trending ticker on Stockwits at the time of writing. Retail sentiment around the company improved to ‘bullish’ from ‘neutral’ territory over the past day, while chatter rose to ‘high’ from ‘normal’ levels. Platform data showed a more than 400% jump in message volume in the last 24 hours. Stifel called the quarter ""a large, demand-led beat,"" noting Intel topped revenue estimates by roughly 12%, beat EPS by roughly double, and exceeded operating margin expectations by about 610 basis points. Despite that strength, Stifel lowered its price target to $110 from $120 and maintained a ‘Hold’ rating, stating that the stock's 2026 re-rating ""has already priced a meaningful chunk of the early turnaround"" and that the key catalyst investors are waiting on, a signed external foundry customer, has ""not yet arrived."" Mizuho analyst Vijay Rakesh also lowered the firm's price target on Intel to $109 from $135 and kept a ‘Neutral’ rating on the shares. He stated while there may be agentic AI server tailwinds for Intel, some margin headwinds and foundry execution risk remain in the longer-term. Intel's turnaround narrative is closely tied to its foundry business, which recently landed marquee customers including Apple (AAPL) and Tesla (TSLA). The division narrowed its operating loss to $2.1 billion from $3.2 billion a year earlier, but the company didn't announce any new customer wins alongside this report, a gap several analysts flagged directly. Beyond Stifel, other firms raised price targets but kept cautious or even bearish ratings. Morgan Stanley's Joseph Moore raised his target to $84 from $75 while maintaining an ‘Equal Weight’ rating. He pointed to stronger-than-expected results tied to spending enthusiasm around long-term foundry prospects, though he described his own conviction in Intel's foundry outlook as ""low"" and called server share prospects ""mixed at best."" Wedbush analyst Matt Bryson raised the price target on INTC stock to $98 from $60 and kept a ‘Neutral’ rating on the shares. The firm stated it expects fundamentals to remain positive for the world's largest producer of compute, however, it still struggles to justify Intel's valuation. Meanwhile, Rosenblatt lifted its target to $80 from $65 while maintaining a ‘Sell’ rating, pointing to rising AI compute demand. JPMorgan's Harlan Sur raised his target to $85 from $45, one of the largest jumps among the group, while keeping an ‘Underweight’ rating, saying Q2 results and Q3 guidance ""cleared expectations by wide margins"" on the back of cycle times, wafer starts, and record server momentum. Intel reported a 25% increase in second-quarter (Q2) revenue to $16.1 billion, beating analyst estimates of $14.5 billion, as per Koyfin data. Earnings came in at $0.42 per share versus expectation of $0.22 per share. The company also stated that it plans to spend $20 billion this year, up from its previous forecast of $18 billion, and could tap the capital markets for funds. INTC’s stock has gained more than 170% so far this year, and is up nearly 330% over the past 12 months. Read also: Meta’s Latest AI Data Center Debt Raise Could Reportedly Cost More Than Its 2025 Record Deal For updates and corrections, email newsroom[at]stocktwits[dot]com Comments posted here will also appear on symbol pages. These cookies are necessary for the website to function and cannot be switched off in our systems. They are usually only set in response to actions made by you which amount to a request for services, such as setting your privacy preferences, logging in or filling in forms. You can set your browser to block or alert you about these cookies, but some parts of the site will not then work. These cookies do not store any personally identifiable information. As a California consumer, you have the right to opt-out from the sale or sharing of your personal information at any time across business platform, services, businesses and devices. You can opt-out of the sale and sharing of your personal information by using this toggle switch. As a Virginia, Utah, Colorado and Connecticut consumer, you have the right to opt-out from the sale of your personal data and the processing of your personal data for targeted advertising. You can opt-out of the sale of your personal data and targeted advertising by using this toggle switch. For more information on your rights as a United States consumer see our privacy notice. These cookies allow us to count visits and traffic sources so we can measure and improve the performance of our site. They help us to know which pages are the most and least popular and see how visitors move around the site. All information these cookies collect is aggregated and therefore anonymous. If you do not allow these cookies we will not know when you have visited our site, and will not be able to monitor its performance. These cookies may be set through our site by our advertising partners. They may be used by those companies to build a profile of your interests and show you relevant adverts on other sites. They do not store directly personal information, but are based on uniquely identifying your browser and internet device. If you do not allow these cookies, you will experience less targeted advertising.",https://stocktwits.com/news-articles/markets/equity/nasdaq-sp500-futures-soar-oil-iran-fed-big-tech-earnings-nvda-orcl-xom-otlk-stock/cZZxBZNR7CK
XOM,Can ExxonMobil (NYSE:XOM) Hold Steady as Crude Softens? - Kalkine Media,2026-10-07 07:35:00,"Hey ! We have sent you a verification e-mail. Please follow the instructions on the e-mail to complete your registration. If you can't find it,
                    Please check your spam folder Fabrice Bregier Appointed to Vertical Aerospace Board, Reports No Stoc... AI OKTO Director Petros Zavakopoulos Reports Direct Ownership of 7,500... Petros Panagiotidis Submits Initial SEC Ownership Report for AI OKTO C... John Paul Syriopoulos Files Form 3 as Newly Appointed Director of AI O... Make Kalkine Media

                                       My Trusted Source ExxonMobil Corporation 
(NYSE:XOM)

Energy

            Exxon Mobil Corp (NYSE:XOM)
        


                        168.94
                                                    USD


                        +0.440
                    

↑
                        0.261%
                    

Last Updated at: 2026-10-09T20:23:00Z


 steadied during a softer energy session as crude prices eased and the broader oil and gas complex traded with a cautious tone. The move came against a backdrop where equity benchmarks held firm on technology enthusiasm while commodity-linked names drifted, leaving integrated majors to track the slip in oil. The session underscored how sensitive energy equities remain to short-term swings in commodity pricing, even for diversified operators whose earnings streams span several links of the value chain. The day's softness in crude reflected a familiar mix of supply commentary and demand questions that have characterized recent trading across the oil and gas space. When benchmark grades slip, integrated operators tend to feel the pull on their upstream earnings even as downstream units can cushion the swing. ExxonMobil, with production spanning conventional and unconventional assets, remains exposed to the directional tone of the commodity, and the cooler pricing served as a reminder of that linkage. The upstream arm develops both conventional fields and unconventional resources, while the downstream and chemicals units transform raw output into refined products and building-block materials. This structure is meant to provide balance: when crude softens, as it did during the session, the processing and chemicals operations can help steady overall results. The company's global reach also gives it flexibility to shift barrels and products toward the markets where demand is firmest, a feature that becomes especially relevant when regional pricing diverges and the headline commodity trades unevenly. A central item on the near-term calendar is ExxonMobil's approaching quarterly operating update, which market participants have flagged as a key checkpoint for reading how the company fared through the recent stretch. Quarterly disclosures from an integrated major of this size tend to draw wide attention because they offer a window into upstream volumes, refining margins and chemicals demand all at after. With crude trading softer into the update, observers will be keen to see how the balance across segments shaped the period. Readers following Oil and Gas Stocks can place this update within its wider category. Several durable trends continue to define the oil and gas space. Capital discipline has become a hallmark, with large operators favoring measured spending over aggressive expansion. Efficiency advances across drilling and processing have helped the group extract more value from existing assets. ExxonMobil's positioning rests on breadth and scale. Few companies span as many links of the energy chain, and that reach is central to how the business weathers commodity cycles. The upstream segment provides exposure to crude and natural gas production, the downstream arm turns those resources into refined fuels, and the chemicals business converts feedstocks into materials embedded across the economy. In recent stretches, ExxonMobil has emphasized operational execution across its major producing regions while continuing to advance its chemicals and downstream operations. The company has pointed to progress at key upstream developments and to the contribution of its processing assets in steadying overall results. These efforts have unfolded against a commodity backdrop that has shifted repeatedly, testing the durability of the integrated model. The company's operational focus has centered on drawing maximum value from its most productive assets while maintaining discipline on spending. That approach favors developments with strong resource characteristics and efficient cost structures, allowing output to be sustained even when pricing softens. ExxonMobil has also emphasized reliability across its refining and chemicals facilities, where steady throughput supports consistent production of fuels and materials. Beyond crude, ExxonMobil carries meaningful exposure to natural gas and liquids, streams that behave differently from the headline barrel and add further texture to the business. Gas demand follows its own seasonal and structural patterns, tied to heating needs, power generation and industrial use, while liquids feed both fuels and chemicals feedstocks. This diversity of hydrocarbon output means the company is not wholly dependent on the direction of oil alone, a feature that can matter when crude softens as it did during the session. The content, including but not limited to any articles, news, quotes, information, data, text, reports, ratings, opinions, images, photos, graphics, graphs, charts, animations and video (Content) is a service of Kalkine Media LLC (Kalkine Media, we or us) and is available for personal and non-commercial use only. The principal purpose of the Content is to educate and inform.  The Content does not contain or imply any recommendation or opinion intended to influence your financial decisions and must not be relied upon by you as such. Some of the Content on this website may be sponsored/non-sponsored, as applicable, but is NOT a solicitation or recommendation to buy, sell or hold the stocks of the company(s) or engage in any investment activity under discussion. Kalkine Media is neither licensed nor qualified to provide investment advice through this platform. Users should make their own enquiries about any investments and Kalkine Media strongly suggests the users to seek advice from a financial adviser, stockbroker or other professional (including taxation and legal advice), as necessary. Kalkine Media hereby disclaims any and all the liabilities to any user for any direct, indirect, implied, punitive, special, incidental or other consequential damages arising from any use of the Content on this website, which is provided without warranties.
The views expressed in the Content by the guests, if any, are their own and do not necessarily represent the views or opinions of Kalkine Media. Some of the images/music that may be used on this website are copyright to their respective owner(s). Kalkine Media does not claim ownership of any of the pictures/music displayed/used on this website unless stated otherwise. The images/music that may be used on this website are taken from various sources on the internet, including paid subscriptions or are believed to be in public domain. We have used reasonable efforts to accredit the source (public domain/CC0 status) to where it was found and indicated it, as necessary. Space Exploration Technologies Corp. Class A Common Stock Welcome to Kalkine Media Pty Ltd. website. Your website access and usage is governed by the
                    applicable  Terms of Use
                    & Privacy Policy. Welcome to Kalkine Media LLC website. Your website access and usage is governed by the applicable Terms and Conditions &
                    Privacy Policy. Welcome to Kalkine Media New Zealand Limited website. Your website access and usage is governed by
                    the applicable Terms and
                        Conditions & Privacy
                        Policy. Welcome to Kalkine Media Incorporated website. Your website access and usage is governed by the
                    applicable Terms and
                        Conditions & Privacy
                        Policy. Welcome to Kalkine Media Limited website. Your website access and usage is governed by the
                    applicable Terms of Use &
                    Privacy Policy. Welcome to Kalkine Media Limited website. Your website access and usage is governed by the
                    applicable Terms of Use &
                    Privacy Policy. Welcome to Kalkine Media Limited website. Your website access and usage is governed by the
                    applicable Terms of Use &
                    Privacy Policy. Welcome to Kalkine Media Limited website. Your website access and usage is governed by the
                    applicable Terms of Use &
                    Privacy Policy. Welcome to Kalkine Media Limited website. Your website access and usage is governed by the
                    applicable Terms of Use &
                    Privacy Policy. Welcome to Kalkine Media Limited website. Your website access and usage is governed by the
                    applicable Terms of Use &
                    Privacy Policy. Welcome to Kalkine Media Limited website. Your website access and usage is governed by the
                    applicable Terms of Use &
                    Privacy Policy. Welcome to Kalkine Media Limited website. Your website access and usage is governed by the
                    applicable Terms of Use &
                    Privacy Policy. Welcome to Kalkine Media Limited website. Your website access and usage is governed by the
                    applicable Terms of Use &
                    Privacy Policy. Welcome to Kalkine Media Limited website. Your website access and usage is governed by the
                    applicable Terms of Use &
                    Privacy Policy. Welcome to Kalkine Media Limited website. Your website access and usage is governed by the
                    applicable Terms of Use
                    & Privacy Policy. Welcome to Kalkine Media Limited website. Your website access and usage is governed by the
                    applicable Terms of Use &
                    Privacy Policy. Welcome to Kalkine Media Limited website. Your website access and usage is governed by the
                    applicable Terms of Use &
                    Privacy Policy. Welcome to Kalkine Media Limited website. Your website access and usage is governed by the
                    applicable Terms of Use &
                    Privacy Policy. Welcome to Kalkine Media Limited website. Your website access and usage is governed by the
                    applicable Terms of Use &
                    Privacy Policy. Welcome to Kalkine Media Limited website. Your website access and usage is governed by the
                    applicable Terms of Use &
                    Privacy Policy. مرحبًا بكم في موقع Kalkine Media Limited. يخضع الوصول إلى موقع الويب الخاص بك واستخدامه لما هو معمول
                    بهشروط الاستخدام & سياسة الخصوصية. Bienvenue sur le site Web de Kalkine Media Limited. L'accès et l'utilisation de votre site Web sont
                    régis par les Conditions
                        d'utilisation & Politique
                        de confidentialité. Bienvenido al sitio web de Kalkine Media Limited. El acceso y el uso de su sitio web se rigen por
                    los Términos de uso y Política de privacidad. Willkommen auf der Website von Kalkine Media Limited. Der Zugriff und die Nutzung Ihrer Website
                    unterliegen den geltenden Nutzungsbedingungen & Datenschutzerklärung. Willkommen auf der Website von Kalkine Media Limited. Der Zugriff und die Nutzung Ihrer Website
                    unterliegen den geltenden Nutzungsbedingungen & Datenschutzerklärung.",https://kalkinemedia.com/us/stocks/oil-gas/can-exxonmobil-nysexom-hold-steady-as-crude-softens
XOM,VANGUARD ENERGY OPPORTUNITIES FUND's ExxonMobil Holdings Corp(XOM) Holding History - GuruFocus,2026-10-07 05:21:48,"This website is using a security service to protect itself from online attacks. The action you just performed triggered the security solution. There are several actions that could trigger this block including submitting a certain word or phrase, a SQL command or malformed data. You can email the site owner to let them know you were blocked. Please include what you were doing when this page came up and the Cloudflare Ray ID found at the bottom of this page. Cloudflare Ray ID: a48286d20fcaf13a
•

        Your IP:
        Click to reveal
172.212.172.243
•

Performance & security by Cloudflare",https://www.gurufocus.com/guru-portfolio/VANGUARD%20ENERGY%20OPPORTUNITIES%20FUND/XOM
